warning: binary `bridge_handles` should have a kebab-case name
   |
 1 | /home/ther12k/Workspace/Learning/velqu/fuzz/target/.../bridge_handles
   |                                                        ^^^^^^^^^^^^^^
   |
   = note: `cargo::non_kebab_case_bins` is set to `warn` by default
help: to change the binary name to `bridge-handles`, convert `bin.name`
  --> Cargo.toml:60:8
   |
60 - name = "bridge_handles"
60 + name = "bridge-handles"
   |
warning: binary `capabilities_policy` should have a kebab-case name
   |
 1 | /home/ther12k/Workspace/Learning/velqu/fuzz/target/.../capabilities_policy
   |                                                        ^^^^^^^^^^^^^^^^^^^
   |
help: to change the binary name to `capabilities-policy`, convert `bin.name`
  --> Cargo.toml:74:8
   |
74 - name = "capabilities_policy"
74 + name = "capabilities-policy"
   |
warning: binary `codec_encoders` should have a kebab-case name
   |
 1 | /home/ther12k/Workspace/Learning/velqu/fuzz/target/.../codec_encoders
   |                                                        ^^^^^^^^^^^^^^
   |
help: to change the binary name to `codec-encoders`, convert `bin.name`
  --> Cargo.toml:67:8
   |
67 - name = "codec_encoders"
67 + name = "codec-encoders"
   |
warning: binary `http_decode` should have a kebab-case name
   |
 1 | /home/ther12k/Workspace/Learning/velqu/fuzz/target/.../http_decode
   |                                                        ^^^^^^^^^^^
   |
help: to change the binary name to `http-decode`, convert `bin.name`
  --> Cargo.toml:46:8
   |
46 - name = "http_decode"
46 + name = "http-decode"
   |
warning: binary `pack_verify` should have a kebab-case name
   |
 1 | /home/ther12k/Workspace/Learning/velqu/fuzz/target/.../pack_verify
   |                                                        ^^^^^^^^^^^
   |
help: to change the binary name to `pack-verify`, convert `bin.name`
  --> Cargo.toml:32:8
   |
32 - name = "pack_verify"
32 + name = "pack-verify"
   |
warning: binary `router_match` should have a kebab-case name
   |
 1 | /home/ther12k/Workspace/Learning/velqu/fuzz/target/.../router_match
   |                                                        ^^^^^^^^^^^^
   |
help: to change the binary name to `router-match`, convert `bin.name`
  --> Cargo.toml:39:8
   |
39 - name = "router_match"
39 + name = "router-match"
   |
warning: binary `schema_validate` should have a kebab-case name
   |
 1 | /home/ther12k/Workspace/Learning/velqu/fuzz/target/.../schema_validate
   |                                                        ^^^^^^^^^^^^^^^
   |
help: to change the binary name to `schema-validate`, convert `bin.name`
  --> Cargo.toml:53:8
   |
53 - name = "schema_validate"
53 + name = "schema-validate"
   |
warning: `velqu-runtime-fuzz` (manifest) generated 7 warnings
warning: use of deprecated method `std::sync::atomic::Atomic::<u64>::fetch_update`: renamed to `try_update` for consistency
  --> /home/ther12k/Workspace/Learning/velqu/crates/q-capabilities/src/drain.rs:77:18
   |
77 |                 .fetch_update(Ordering::Relaxed, Ordering::Relaxed, |v| v.checked_add(1));
   |                  ^^^^^^^^^^^^
   |
   = note: `#[warn(deprecated)]` on by default
help: replace the use of the deprecated method
   |
77 -                 .fetch_update(Ordering::Relaxed, Ordering::Relaxed, |v| v.checked_add(1));
77 +                 .try_update(Ordering::Relaxed, Ordering::Relaxed, |v| v.checked_add(1));
   |

warning: use of deprecated method `std::sync::atomic::Atomic::<u64>::fetch_update`: renamed to `try_update` for consistency
   --> /home/ther12k/Workspace/Learning/velqu/crates/q-capabilities/src/load_shed.rs:199:14
    |
199 |             .fetch_update(Ordering::Relaxed, Ordering::Relaxed, |v| v.checked_add(1))
    |              ^^^^^^^^^^^^
    |
help: replace the use of the deprecated method
    |
199 -             .fetch_update(Ordering::Relaxed, Ordering::Relaxed, |v| v.checked_add(1))
199 +             .try_update(Ordering::Relaxed, Ordering::Relaxed, |v| v.checked_add(1))
    |

warning: `q-capabilities` (lib) generated 2 warnings (run `cargo fix --lib -p q-capabilities` to apply 2 suggestions)
   Compiling velqu-runtime-fuzz v0.0.0 (/home/ther12k/Workspace/Learning/velqu/fuzz)
warning: unused import: `TrustMode`
  --> fuzz_targets/capabilities_policy.rs:16:5
   |
16 |     TrustMode,
   |     ^^^^^^^^^
   |
   = note: `#[warn(unused_imports)]` (part of `#[warn(unused)]`) on by default

warning: `velqu-runtime-fuzz` (bin "capabilities_policy") generated 1 warning (run `cargo fix --bin "capabilities_policy" -p velqu-runtime-fuzz` to apply 1 suggestion)
    Finished `release` profile [optimized + debuginfo] target(s) in 1.08s
warning: binary `bridge_handles` should have a kebab-case name
   |
 1 | /home/ther12k/Workspace/Learning/velqu/fuzz/target/.../bridge_handles
   |                                                        ^^^^^^^^^^^^^^
   |
   = note: `cargo::non_kebab_case_bins` is set to `warn` by default
help: to change the binary name to `bridge-handles`, convert `bin.name`
  --> Cargo.toml:60:8
   |
60 - name = "bridge_handles"
60 + name = "bridge-handles"
   |
warning: binary `capabilities_policy` should have a kebab-case name
   |
 1 | /home/ther12k/Workspace/Learning/velqu/fuzz/target/.../capabilities_policy
   |                                                        ^^^^^^^^^^^^^^^^^^^
   |
help: to change the binary name to `capabilities-policy`, convert `bin.name`
  --> Cargo.toml:74:8
   |
74 - name = "capabilities_policy"
74 + name = "capabilities-policy"
   |
warning: binary `codec_encoders` should have a kebab-case name
   |
 1 | /home/ther12k/Workspace/Learning/velqu/fuzz/target/.../codec_encoders
   |                                                        ^^^^^^^^^^^^^^
   |
help: to change the binary name to `codec-encoders`, convert `bin.name`
  --> Cargo.toml:67:8
   |
67 - name = "codec_encoders"
67 + name = "codec-encoders"
   |
warning: binary `http_decode` should have a kebab-case name
   |
 1 | /home/ther12k/Workspace/Learning/velqu/fuzz/target/.../http_decode
   |                                                        ^^^^^^^^^^^
   |
help: to change the binary name to `http-decode`, convert `bin.name`
  --> Cargo.toml:46:8
   |
46 - name = "http_decode"
46 + name = "http-decode"
   |
warning: binary `pack_verify` should have a kebab-case name
   |
 1 | /home/ther12k/Workspace/Learning/velqu/fuzz/target/.../pack_verify
   |                                                        ^^^^^^^^^^^
   |
help: to change the binary name to `pack-verify`, convert `bin.name`
  --> Cargo.toml:32:8
   |
32 - name = "pack_verify"
32 + name = "pack-verify"
   |
warning: binary `router_match` should have a kebab-case name
   |
 1 | /home/ther12k/Workspace/Learning/velqu/fuzz/target/.../router_match
   |                                                        ^^^^^^^^^^^^
   |
help: to change the binary name to `router-match`, convert `bin.name`
  --> Cargo.toml:39:8
   |
39 - name = "router_match"
39 + name = "router-match"
   |
warning: binary `schema_validate` should have a kebab-case name
   |
 1 | /home/ther12k/Workspace/Learning/velqu/fuzz/target/.../schema_validate
   |                                                        ^^^^^^^^^^^^^^^
   |
help: to change the binary name to `schema-validate`, convert `bin.name`
  --> Cargo.toml:53:8
   |
53 - name = "schema_validate"
53 + name = "schema-validate"
   |
warning: `velqu-runtime-fuzz` (manifest) generated 7 warnings
warning: use of deprecated method `std::sync::atomic::Atomic::<u64>::fetch_update`: renamed to `try_update` for consistency
  --> /home/ther12k/Workspace/Learning/velqu/crates/q-capabilities/src/drain.rs:77:18
   |
77 |                 .fetch_update(Ordering::Relaxed, Ordering::Relaxed, |v| v.checked_add(1));
   |                  ^^^^^^^^^^^^
   |
   = note: `#[warn(deprecated)]` on by default
help: replace the use of the deprecated method
   |
77 -                 .fetch_update(Ordering::Relaxed, Ordering::Relaxed, |v| v.checked_add(1));
77 +                 .try_update(Ordering::Relaxed, Ordering::Relaxed, |v| v.checked_add(1));
   |

warning: use of deprecated method `std::sync::atomic::Atomic::<u64>::fetch_update`: renamed to `try_update` for consistency
   --> /home/ther12k/Workspace/Learning/velqu/crates/q-capabilities/src/load_shed.rs:199:14
    |
199 |             .fetch_update(Ordering::Relaxed, Ordering::Relaxed, |v| v.checked_add(1))
    |              ^^^^^^^^^^^^
    |
help: replace the use of the deprecated method
    |
199 -             .fetch_update(Ordering::Relaxed, Ordering::Relaxed, |v| v.checked_add(1))
199 +             .try_update(Ordering::Relaxed, Ordering::Relaxed, |v| v.checked_add(1))
    |

warning: `q-capabilities` (lib) generated 2 warnings (run `cargo fix --lib -p q-capabilities` to apply 2 suggestions)
warning: unused import: `TrustMode`
  --> fuzz_targets/capabilities_policy.rs:16:5
   |
16 |     TrustMode,
   |     ^^^^^^^^^
   |
   = note: `#[warn(unused_imports)]` (part of `#[warn(unused)]`) on by default

warning: `velqu-runtime-fuzz` (bin "capabilities_policy") generated 1 warning (run `cargo fix --bin "capabilities_policy" -p velqu-runtime-fuzz` to apply 1 suggestion)
    Finished `release` profile [optimized + debuginfo] target(s) in 0.07s
     Running `fuzz/target/x86_64-unknown-linux-gnu/release/capabilities_policy -artifact_prefix=/home/ther12k/Workspace/Learning/velqu/fuzz/artifacts/capabilities_policy/ -max_total_time=900 -rss_limit_mb=4096 -seed=1789214776 -print_final_stats=1 /home/ther12k/Workspace/Learning/velqu/fuzz/corpus/capabilities_policy`
INFO: Running with entropic power schedule (0xFF, 100).
INFO: Seed: 1789214776
INFO: Loaded 1 modules   (5371 inline 8-bit counters): 5371 [0x5c20def798d0, 0x5c20def7adcb), 
INFO: Loaded 1 PC tables (5371 PCs): 5371 [0x5c20def7add0,0x5c20def8fd80), 
INFO:     1355 files found in /home/ther12k/Workspace/Learning/velqu/fuzz/corpus/capabilities_policy
INFO: -max_len is not provided; libFuzzer will not generate inputs larger than 4096 bytes
INFO: seed corpus: files: 1355 min: 1b max: 2810b total: 232555b rss: 38Mb
#1356	INITED cov: 1062 ft: 2892 corp: 569/95Kb exec/s: 0 rss: 84Mb
#1922	REDUCE cov: 1062 ft: 2892 corp: 569/95Kb lim: 2821 exec/s: 0 rss: 92Mb L: 26/2810 MS: 1 EraseBytes-
#2176	REDUCE cov: 1062 ft: 2892 corp: 569/95Kb lim: 2821 exec/s: 0 rss: 94Mb L: 96/2810 MS: 4 EraseBytes-ChangeASCIIInt-ChangeASCIIInt-CopyPart-
#2212	NEW    cov: 1062 ft: 2893 corp: 570/95Kb lim: 2821 exec/s: 0 rss: 95Mb L: 74/2810 MS: 1 InsertByte-
#4390	REDUCE cov: 1062 ft: 2893 corp: 570/95Kb lim: 2832 exec/s: 4390 rss: 134Mb L: 151/2810 MS: 3 CrossOver-ChangeBit-EraseBytes-
#5583	REDUCE cov: 1062 ft: 2893 corp: 570/95Kb lim: 2843 exec/s: 5583 rss: 158Mb L: 264/2810 MS: 3 ShuffleBytes-ChangeASCIIInt-EraseBytes-
#6059	REDUCE cov: 1062 ft: 2893 corp: 570/95Kb lim: 2843 exec/s: 6059 rss: 167Mb L: 35/2810 MS: 1 EraseBytes-
#6182	REDUCE cov: 1062 ft: 2893 corp: 570/95Kb lim: 2843 exec/s: 6182 rss: 170Mb L: 1560/2810 MS: 3 ChangeBinInt-CopyPart-EraseBytes-
#7249	REDUCE cov: 1062 ft: 2893 corp: 570/95Kb lim: 2843 exec/s: 3624 rss: 188Mb L: 14/2810 MS: 2 CrossOver-EraseBytes-
#7486	REDUCE cov: 1062 ft: 2893 corp: 570/95Kb lim: 2843 exec/s: 3743 rss: 193Mb L: 434/2810 MS: 2 ChangeASCIIInt-EraseBytes-
#7863	REDUCE cov: 1062 ft: 2893 corp: 570/95Kb lim: 2843 exec/s: 3931 rss: 200Mb L: 1513/2810 MS: 2 ShuffleBytes-EraseBytes-
#8089	REDUCE cov: 1062 ft: 2893 corp: 570/95Kb lim: 2843 exec/s: 4044 rss: 204Mb L: 97/2810 MS: 1 EraseBytes-
#8192	pulse  cov: 1062 ft: 2893 corp: 570/95Kb lim: 2843 exec/s: 4096 rss: 205Mb
#9227	REDUCE cov: 1062 ft: 2893 corp: 570/94Kb lim: 2854 exec/s: 4613 rss: 230Mb L: 610/2810 MS: 3 ChangeBit-EraseBytes-CMP- DE: "\001\000\000\000"-
#12173	REDUCE cov: 1062 ft: 2893 corp: 570/94Kb lim: 2876 exec/s: 6086 rss: 290Mb L: 103/2810 MS: 1 EraseBytes-
#13342	REDUCE cov: 1062 ft: 2893 corp: 570/94Kb lim: 2887 exec/s: 4447 rss: 317Mb L: 1488/2810 MS: 4 EraseBytes-PersAutoDict-ChangeBit-CopyPart- DE: "\001\000\000\000"-
#13882	REDUCE cov: 1062 ft: 2893 corp: 570/94Kb lim: 2887 exec/s: 4627 rss: 331Mb L: 1133/2810 MS: 5 InsertByte-ChangeASCIIInt-InsertRepeatedBytes-ChangeBinInt-EraseBytes-
#14203	REDUCE cov: 1062 ft: 2893 corp: 570/94Kb lim: 2887 exec/s: 4734 rss: 337Mb L: 446/2810 MS: 1 CrossOver-
#15214	REDUCE cov: 1062 ft: 2893 corp: 570/94Kb lim: 2887 exec/s: 5071 rss: 360Mb L: 36/2810 MS: 1 EraseBytes-
#16384	pulse  cov: 1062 ft: 2893 corp: 570/94Kb lim: 2898 exec/s: 5461 rss: 380Mb
#17201	REDUCE cov: 1062 ft: 2893 corp: 570/94Kb lim: 2898 exec/s: 5733 rss: 396Mb L: 165/2810 MS: 2 InsertByte-EraseBytes-
#20818	REDUCE cov: 1062 ft: 2893 corp: 570/94Kb lim: 2931 exec/s: 5204 rss: 439Mb L: 36/2810 MS: 2 CrossOver-EraseBytes-
#24189	REDUCE cov: 1062 ft: 2893 corp: 570/94Kb lim: 2964 exec/s: 6047 rss: 451Mb L: 316/2810 MS: 1 EraseBytes-
#24416	REDUCE cov: 1062 ft: 2893 corp: 570/94Kb lim: 2964 exec/s: 6104 rss: 451Mb L: 1/2810 MS: 2 EraseBytes-EraseBytes-
#25752	REDUCE cov: 1062 ft: 2893 corp: 570/94Kb lim: 2975 exec/s: 5150 rss: 453Mb L: 45/2810 MS: 1 EraseBytes-
#28844	REDUCE cov: 1062 ft: 2893 corp: 570/94Kb lim: 2997 exec/s: 5768 rss: 454Mb L: 94/2810 MS: 2 ChangeASCIIInt-EraseBytes-
#30361	REDUCE cov: 1062 ft: 2893 corp: 570/94Kb lim: 3008 exec/s: 6072 rss: 454Mb L: 1/2810 MS: 2 ChangeByte-EraseBytes-
#31054	REDUCE cov: 1062 ft: 2893 corp: 570/94Kb lim: 3008 exec/s: 6210 rss: 454Mb L: 259/2810 MS: 3 ChangeByte-ChangeASCIIInt-EraseBytes-
#31400	REDUCE cov: 1062 ft: 2893 corp: 570/94Kb lim: 3008 exec/s: 6280 rss: 454Mb L: 10/2810 MS: 1 EraseBytes-
#32768	pulse  cov: 1062 ft: 2893 corp: 570/94Kb lim: 3019 exec/s: 5461 rss: 454Mb
#33136	REDUCE cov: 1062 ft: 2893 corp: 570/94Kb lim: 3019 exec/s: 5522 rss: 454Mb L: 453/2810 MS: 1 EraseBytes-
#33222	REDUCE cov: 1062 ft: 2893 corp: 570/94Kb lim: 3019 exec/s: 5537 rss: 454Mb L: 74/2810 MS: 1 EraseBytes-
#33299	REDUCE cov: 1062 ft: 2893 corp: 570/94Kb lim: 3019 exec/s: 5549 rss: 454Mb L: 1347/2810 MS: 2 PersAutoDict-EraseBytes- DE: "\001\000\000\000"-
#33985	REDUCE cov: 1062 ft: 2893 corp: 570/94Kb lim: 3019 exec/s: 5664 rss: 454Mb L: 23/2810 MS: 1 EraseBytes-
#38756	REDUCE cov: 1062 ft: 2893 corp: 570/94Kb lim: 3063 exec/s: 5536 rss: 454Mb L: 436/2810 MS: 1 EraseBytes-
#38842	REDUCE cov: 1062 ft: 2893 corp: 570/94Kb lim: 3063 exec/s: 5548 rss: 454Mb L: 414/2810 MS: 1 EraseBytes-
#39188	REDUCE cov: 1062 ft: 2893 corp: 570/94Kb lim: 3063 exec/s: 5598 rss: 454Mb L: 257/2810 MS: 1 EraseBytes-
#41261	REDUCE cov: 1062 ft: 2893 corp: 570/94Kb lim: 3074 exec/s: 5894 rss: 454Mb L: 666/2810 MS: 3 ChangeASCIIInt-PersAutoDict-EraseBytes- DE: "\001\000\000\000"-
#41328	REDUCE cov: 1062 ft: 2893 corp: 570/94Kb lim: 3074 exec/s: 5904 rss: 454Mb L: 59/2810 MS: 2 CopyPart-EraseBytes-
#49959	REDUCE cov: 1062 ft: 2893 corp: 570/94Kb lim: 3151 exec/s: 6244 rss: 463Mb L: 902/2810 MS: 5 ChangeBit-ShuffleBytes-ChangeASCIIInt-ShuffleBytes-EraseBytes-
#51710	REDUCE cov: 1062 ft: 2893 corp: 570/94Kb lim: 3162 exec/s: 6463 rss: 463Mb L: 11/2810 MS: 1 EraseBytes-
#52286	REDUCE cov: 1062 ft: 2893 corp: 570/94Kb lim: 3162 exec/s: 6535 rss: 463Mb L: 59/2810 MS: 1 EraseBytes-
#52777	REDUCE cov: 1062 ft: 2893 corp: 570/94Kb lim: 3162 exec/s: 5864 rss: 463Mb L: 30/2810 MS: 1 EraseBytes-
#53398	REDUCE cov: 1062 ft: 2893 corp: 570/94Kb lim: 3162 exec/s: 5933 rss: 463Mb L: 17/2810 MS: 1 EraseBytes-
#53524	REDUCE cov: 1062 ft: 2893 corp: 570/94Kb lim: 3162 exec/s: 5947 rss: 464Mb L: 23/2810 MS: 1 EraseBytes-
#55220	REDUCE cov: 1062 ft: 2893 corp: 570/94Kb lim: 3173 exec/s: 6135 rss: 464Mb L: 22/2810 MS: 1 EraseBytes-
#57855	REDUCE cov: 1062 ft: 2893 corp: 570/94Kb lim: 3195 exec/s: 6428 rss: 464Mb L: 33/2810 MS: 5 CrossOver-ChangeASCIIInt-ChangeByte-InsertByte-EraseBytes-
#58449	NEW    cov: 1062 ft: 2894 corp: 571/96Kb lim: 3195 exec/s: 5844 rss: 464Mb L: 2047/2810 MS: 4 ChangeBit-CrossOver-PersAutoDict-CopyPart- DE: "\001\000\000\000"-
#58780	REDUCE cov: 1062 ft: 2894 corp: 571/96Kb lim: 3195 exec/s: 5878 rss: 464Mb L: 216/2810 MS: 1 CrossOver-
#59237	REDUCE cov: 1062 ft: 2894 corp: 571/96Kb lim: 3195 exec/s: 5923 rss: 464Mb L: 14/2810 MS: 2 ChangeBinInt-EraseBytes-
#59654	REDUCE cov: 1062 ft: 2894 corp: 571/96Kb lim: 3195 exec/s: 5965 rss: 464Mb L: 64/2810 MS: 2 EraseBytes-CopyPart-
#59705	REDUCE cov: 1062 ft: 2894 corp: 571/96Kb lim: 3195 exec/s: 5970 rss: 464Mb L: 10/2810 MS: 1 EraseBytes-
#60656	REDUCE cov: 1062 ft: 2894 corp: 571/96Kb lim: 3195 exec/s: 6065 rss: 464Mb L: 21/2810 MS: 1 EraseBytes-
#61091	REDUCE cov: 1062 ft: 2894 corp: 571/96Kb lim: 3195 exec/s: 6109 rss: 464Mb L: 1844/2810 MS: 5 PersAutoDict-PersAutoDict-CMP-InsertRepeatedBytes-EraseBytes- DE: "\001\000\000\000"-"\001\000\000\000"-"runtime:cap182"-
#61472	REDUCE cov: 1062 ft: 2894 corp: 571/96Kb lim: 3195 exec/s: 6147 rss: 464Mb L: 9/2810 MS: 1 EraseBytes-
#61778	REDUCE cov: 1062 ft: 2894 corp: 571/96Kb lim: 3195 exec/s: 6177 rss: 464Mb L: 39/2810 MS: 1 EraseBytes-
#62688	REDUCE cov: 1062 ft: 2894 corp: 571/96Kb lim: 3195 exec/s: 6268 rss: 464Mb L: 30/2810 MS: 5 ChangeBit-ShuffleBytes-ChangeBinInt-EraseBytes-CopyPart-
#63219	REDUCE cov: 1062 ft: 2894 corp: 571/96Kb lim: 3195 exec/s: 6321 rss: 464Mb L: 11/2810 MS: 1 EraseBytes-
#64382	REDUCE cov: 1062 ft: 2894 corp: 571/95Kb lim: 3206 exec/s: 6438 rss: 464Mb L: 1433/2810 MS: 3 ChangeByte-InsertByte-EraseBytes-
#65536	pulse  cov: 1062 ft: 2894 corp: 571/95Kb lim: 3217 exec/s: 5957 rss: 464Mb
#66274	REDUCE cov: 1062 ft: 2894 corp: 571/95Kb lim: 3217 exec/s: 6024 rss: 464Mb L: 258/2810 MS: 2 ChangeBinInt-EraseBytes-
#69374	REDUCE cov: 1062 ft: 2894 corp: 571/95Kb lim: 3239 exec/s: 6306 rss: 464Mb L: 19/2810 MS: 5 ChangeBinInt-ChangeBinInt-CMP-ShuffleBytes-EraseBytes- DE: "\000\000\000\000\000\000\000\000"-
#70040	REDUCE cov: 1062 ft: 2894 corp: 571/95Kb lim: 3239 exec/s: 6367 rss: 464Mb L: 16/2810 MS: 1 EraseBytes-
#70226	REDUCE cov: 1062 ft: 2894 corp: 571/95Kb lim: 3239 exec/s: 6384 rss: 464Mb L: 27/2810 MS: 1 EraseBytes-
#71359	REDUCE cov: 1062 ft: 2894 corp: 571/95Kb lim: 3250 exec/s: 5946 rss: 464Mb L: 2422/2445 MS: 3 PersAutoDict-ChangeByte-EraseBytes- DE: "\001\000\000\000"-
#72370	REDUCE cov: 1062 ft: 2894 corp: 571/95Kb lim: 3250 exec/s: 6030 rss: 464Mb L: 381/2445 MS: 1 EraseBytes-
#73408	REDUCE cov: 1062 ft: 2894 corp: 571/95Kb lim: 3250 exec/s: 6117 rss: 464Mb L: 239/2445 MS: 3 CopyPart-InsertByte-EraseBytes-
#73755	REDUCE cov: 1062 ft: 2894 corp: 571/95Kb lim: 3250 exec/s: 6146 rss: 464Mb L: 118/2445 MS: 2 CopyPart-EraseBytes-
#74446	REDUCE cov: 1062 ft: 2894 corp: 571/95Kb lim: 3250 exec/s: 6203 rss: 464Mb L: 127/2445 MS: 1 EraseBytes-
#74845	REDUCE cov: 1062 ft: 2894 corp: 571/95Kb lim: 3250 exec/s: 6237 rss: 464Mb L: 206/2445 MS: 4 ChangeByte-CopyPart-CrossOver-EraseBytes-
#76725	REDUCE cov: 1062 ft: 2894 corp: 571/95Kb lim: 3261 exec/s: 6393 rss: 464Mb L: 95/2445 MS: 5 ChangeBinInt-ChangeBit-CrossOver-CrossOver-EraseBytes-
#79307	REDUCE cov: 1062 ft: 2894 corp: 571/95Kb lim: 3283 exec/s: 6100 rss: 464Mb L: 1272/2445 MS: 2 ShuffleBytes-EraseBytes-
#79406	NEW    cov: 1063 ft: 2895 corp: 572/95Kb lim: 3283 exec/s: 6108 rss: 464Mb L: 9/2445 MS: 4 ChangeASCIIInt-ChangeASCIIInt-PersAutoDict-EraseBytes- DE: "\001\000\000\000"-
#81332	REDUCE cov: 1063 ft: 2895 corp: 572/95Kb lim: 3294 exec/s: 6256 rss: 464Mb L: 18/2445 MS: 1 EraseBytes-
#82253	REDUCE cov: 1063 ft: 2895 corp: 572/95Kb lim: 3294 exec/s: 6327 rss: 465Mb L: 157/2445 MS: 1 EraseBytes-
#82300	REDUCE cov: 1063 ft: 2895 corp: 572/95Kb lim: 3294 exec/s: 6330 rss: 465Mb L: 8/2445 MS: 2 ChangeByte-EraseBytes-
#83597	REDUCE cov: 1063 ft: 2895 corp: 572/95Kb lim: 3305 exec/s: 6430 rss: 465Mb L: 112/2445 MS: 2 ChangeBinInt-EraseBytes-
#83658	REDUCE cov: 1063 ft: 2895 corp: 572/95Kb lim: 3305 exec/s: 6435 rss: 465Mb L: 67/2445 MS: 1 EraseBytes-
#85854	REDUCE cov: 1063 ft: 2895 corp: 572/95Kb lim: 3316 exec/s: 6132 rss: 465Mb L: 1292/2445 MS: 1 EraseBytes-
#86261	REDUCE cov: 1063 ft: 2895 corp: 572/95Kb lim: 3316 exec/s: 6161 rss: 465Mb L: 47/2445 MS: 2 PersAutoDict-EraseBytes- DE: "runtime:cap182"-
#86893	REDUCE cov: 1063 ft: 2895 corp: 572/95Kb lim: 3316 exec/s: 6206 rss: 466Mb L: 27/2445 MS: 2 CopyPart-EraseBytes-
#88242	REDUCE cov: 1063 ft: 2895 corp: 572/95Kb lim: 3327 exec/s: 6303 rss: 466Mb L: 252/2445 MS: 4 InsertByte-CopyPart-ChangeASCIIInt-EraseBytes-
#91775	REDUCE cov: 1063 ft: 2895 corp: 572/95Kb lim: 3360 exec/s: 6555 rss: 468Mb L: 304/2445 MS: 3 ChangeBinInt-ChangeBinInt-EraseBytes-
#94771	REDUCE cov: 1063 ft: 2895 corp: 572/95Kb lim: 3382 exec/s: 6318 rss: 468Mb L: 56/2445 MS: 1 EraseBytes-
#95738	REDUCE cov: 1063 ft: 2895 corp: 572/95Kb lim: 3382 exec/s: 6382 rss: 468Mb L: 92/2445 MS: 2 ChangeBit-EraseBytes-
#98959	REDUCE cov: 1063 ft: 2895 corp: 572/95Kb lim: 3404 exec/s: 6184 rss: 468Mb L: 15/2445 MS: 1 EraseBytes-
#100407	REDUCE cov: 1063 ft: 2895 corp: 572/95Kb lim: 3415 exec/s: 6275 rss: 468Mb L: 18/2445 MS: 3 ChangeByte-CopyPart-EraseBytes-
#102194	REDUCE cov: 1063 ft: 2895 corp: 572/95Kb lim: 3426 exec/s: 6387 rss: 468Mb L: 58/2445 MS: 2 ChangeByte-EraseBytes-
#102403	REDUCE cov: 1063 ft: 2895 corp: 572/95Kb lim: 3426 exec/s: 6400 rss: 468Mb L: 1285/2445 MS: 4 PersAutoDict-PersAutoDict-InsertByte-EraseBytes- DE: "\001\000\000\000"-"runtime:cap182"-
#103279	REDUCE cov: 1063 ft: 2895 corp: 572/95Kb lim: 3426 exec/s: 6454 rss: 468Mb L: 123/2445 MS: 1 EraseBytes-
#103455	REDUCE cov: 1063 ft: 2895 corp: 572/95Kb lim: 3426 exec/s: 6465 rss: 468Mb L: 19/2445 MS: 1 EraseBytes-
#103531	REDUCE cov: 1063 ft: 2895 corp: 572/95Kb lim: 3426 exec/s: 6470 rss: 468Mb L: 13/2445 MS: 1 EraseBytes-
#103937	REDUCE cov: 1063 ft: 2895 corp: 572/95Kb lim: 3426 exec/s: 6496 rss: 468Mb L: 510/2445 MS: 1 EraseBytes-
#103958	REDUCE cov: 1063 ft: 2895 corp: 572/95Kb lim: 3426 exec/s: 6497 rss: 468Mb L: 12/2445 MS: 1 EraseBytes-
#104242	REDUCE cov: 1063 ft: 2895 corp: 572/95Kb lim: 3426 exec/s: 6515 rss: 468Mb L: 11/2445 MS: 4 InsertByte-CopyPart-ShuffleBytes-EraseBytes-
#105388	REDUCE cov: 1063 ft: 2895 corp: 572/95Kb lim: 3437 exec/s: 6586 rss: 468Mb L: 155/2445 MS: 1 EraseBytes-
#106214	REDUCE cov: 1063 ft: 2895 corp: 572/95Kb lim: 3437 exec/s: 6247 rss: 468Mb L: 9/2445 MS: 1 EraseBytes-
#107301	REDUCE cov: 1063 ft: 2895 corp: 572/95Kb lim: 3437 exec/s: 6311 rss: 468Mb L: 12/2445 MS: 2 ChangeASCIIInt-EraseBytes-
#107393	REDUCE cov: 1063 ft: 2895 corp: 572/95Kb lim: 3437 exec/s: 6317 rss: 468Mb L: 190/2445 MS: 2 ChangeBit-EraseBytes-
#108009	REDUCE cov: 1063 ft: 2895 corp: 572/95Kb lim: 3437 exec/s: 6353 rss: 468Mb L: 80/2445 MS: 1 EraseBytes-
#111081	REDUCE cov: 1063 ft: 2895 corp: 572/95Kb lim: 3459 exec/s: 6534 rss: 468Mb L: 11/2445 MS: 2 ChangeBinInt-EraseBytes-
#111897	REDUCE cov: 1063 ft: 2895 corp: 572/95Kb lim: 3459 exec/s: 6582 rss: 468Mb L: 102/2445 MS: 1 EraseBytes-
#113960	REDUCE cov: 1063 ft: 2895 corp: 572/95Kb lim: 3470 exec/s: 6331 rss: 468Mb L: 239/2445 MS: 3 EraseBytes-CopyPart-CopyPart-
#115954	REDUCE cov: 1063 ft: 2895 corp: 572/95Kb lim: 3481 exec/s: 6441 rss: 468Mb L: 1478/2445 MS: 4 InsertByte-EraseBytes-InsertByte-CopyPart-
#115983	REDUCE cov: 1063 ft: 2895 corp: 572/95Kb lim: 3481 exec/s: 6443 rss: 468Mb L: 1260/2445 MS: 4 EraseBytes-ChangeByte-ChangeByte-CopyPart-
#117265	REDUCE cov: 1063 ft: 2895 corp: 572/95Kb lim: 3492 exec/s: 6514 rss: 468Mb L: 38/2445 MS: 2 CMP-EraseBytes- DE: "\377o"-
#117781	REDUCE cov: 1063 ft: 2895 corp: 572/95Kb lim: 3492 exec/s: 6543 rss: 468Mb L: 235/2445 MS: 1 EraseBytes-
#118168	REDUCE cov: 1063 ft: 2895 corp: 572/95Kb lim: 3492 exec/s: 6564 rss: 468Mb L: 549/2445 MS: 2 CopyPart-EraseBytes-
#120246	REDUCE cov: 1063 ft: 2895 corp: 572/95Kb lim: 3503 exec/s: 6328 rss: 468Mb L: 10/2445 MS: 3 InsertByte-ChangeByte-EraseBytes-
#126424	REDUCE cov: 1063 ft: 2895 corp: 572/94Kb lim: 3558 exec/s: 6321 rss: 469Mb L: 243/2445 MS: 3 ChangeASCIIInt-ShuffleBytes-EraseBytes-
#131072	pulse  cov: 1063 ft: 2895 corp: 572/94Kb lim: 3602 exec/s: 6553 rss: 470Mb
#133039	REDUCE cov: 1063 ft: 2895 corp: 572/94Kb lim: 3613 exec/s: 6335 rss: 470Mb L: 241/2445 MS: 5 ChangeByte-EraseBytes-CopyPart-PersAutoDict-ChangeBinInt- DE: "\377o"-
#133040	REDUCE cov: 1063 ft: 2895 corp: 572/94Kb lim: 3613 exec/s: 6335 rss: 470Mb L: 533/2445 MS: 1 EraseBytes-
#134338	REDUCE cov: 1063 ft: 2895 corp: 572/94Kb lim: 3624 exec/s: 6397 rss: 470Mb L: 334/2445 MS: 3 ChangeByte-ChangeBit-EraseBytes-
#134389	REDUCE cov: 1063 ft: 2895 corp: 572/94Kb lim: 3624 exec/s: 6399 rss: 470Mb L: 106/2445 MS: 1 EraseBytes-
#134651	REDUCE cov: 1063 ft: 2895 corp: 572/94Kb lim: 3624 exec/s: 6411 rss: 470Mb L: 99/2445 MS: 2 ChangeASCIIInt-EraseBytes-
#134927	REDUCE cov: 1063 ft: 2895 corp: 572/94Kb lim: 3624 exec/s: 6425 rss: 470Mb L: 68/2445 MS: 1 EraseBytes-
#135318	REDUCE cov: 1063 ft: 2895 corp: 572/94Kb lim: 3624 exec/s: 6443 rss: 470Mb L: 309/2445 MS: 1 EraseBytes-
#137418	REDUCE cov: 1063 ft: 2895 corp: 572/94Kb lim: 3635 exec/s: 6543 rss: 470Mb L: 6/2445 MS: 4 ChangeBit-EraseBytes-InsertByte-EraseBytes-
#141504	REDUCE cov: 1063 ft: 2895 corp: 572/94Kb lim: 3668 exec/s: 6432 rss: 470Mb L: 261/2445 MS: 1 EraseBytes-
#142700	REDUCE cov: 1063 ft: 2895 corp: 572/94Kb lim: 3679 exec/s: 6486 rss: 470Mb L: 93/2445 MS: 1 EraseBytes-
#143631	REDUCE cov: 1063 ft: 2895 corp: 572/94Kb lim: 3679 exec/s: 6528 rss: 470Mb L: 31/2445 MS: 1 EraseBytes-
#144864	REDUCE cov: 1063 ft: 2895 corp: 572/94Kb lim: 3690 exec/s: 6584 rss: 470Mb L: 120/2445 MS: 3 CMP-CopyPart-EraseBytes- DE: "\377_"-
#145946	REDUCE cov: 1063 ft: 2895 corp: 572/94Kb lim: 3690 exec/s: 6633 rss: 470Mb L: 303/2445 MS: 1 EraseBytes-
#149669	REDUCE cov: 1063 ft: 2895 corp: 572/94Kb lim: 3723 exec/s: 6507 rss: 470Mb L: 5/2445 MS: 3 InsertByte-PersAutoDict-EraseBytes- DE: "\377_"-
#150536	REDUCE cov: 1063 ft: 2895 corp: 572/94Kb lim: 3723 exec/s: 6545 rss: 470Mb L: 233/2445 MS: 2 ShuffleBytes-EraseBytes-
#151227	REDUCE cov: 1063 ft: 2895 corp: 572/94Kb lim: 3723 exec/s: 6575 rss: 470Mb L: 901/2445 MS: 1 EraseBytes-
#151313	REDUCE cov: 1063 ft: 2895 corp: 572/94Kb lim: 3723 exec/s: 6578 rss: 470Mb L: 284/2445 MS: 1 EraseBytes-
#151459	REDUCE cov: 1063 ft: 2895 corp: 572/94Kb lim: 3723 exec/s: 6585 rss: 470Mb L: 1924/2445 MS: 1 EraseBytes-
#153355	REDUCE cov: 1063 ft: 2895 corp: 572/94Kb lim: 3734 exec/s: 6389 rss: 470Mb L: 633/2445 MS: 1 EraseBytes-
#154193	REDUCE cov: 1063 ft: 2895 corp: 572/94Kb lim: 3734 exec/s: 6424 rss: 470Mb L: 149/2445 MS: 3 ChangeBit-ShuffleBytes-EraseBytes-
#154540	REDUCE cov: 1063 ft: 2895 corp: 572/94Kb lim: 3734 exec/s: 6439 rss: 470Mb L: 23/2445 MS: 2 ChangeByte-EraseBytes-
#155776	REDUCE cov: 1063 ft: 2895 corp: 572/94Kb lim: 3745 exec/s: 6231 rss: 470Mb L: 18/2445 MS: 1 EraseBytes-
#156549	REDUCE cov: 1063 ft: 2895 corp: 572/94Kb lim: 3745 exec/s: 6261 rss: 470Mb L: 100/2445 MS: 3 EraseBytes-PersAutoDict-InsertByte- DE: "\377o"-
#156925	REDUCE cov: 1063 ft: 2895 corp: 572/94Kb lim: 3745 exec/s: 6277 rss: 470Mb L: 36/2445 MS: 1 EraseBytes-
#158317	REDUCE cov: 1063 ft: 2895 corp: 572/94Kb lim: 3756 exec/s: 6332 rss: 470Mb L: 371/2445 MS: 2 InsertRepeatedBytes-EraseBytes-
#159085	REDUCE cov: 1063 ft: 2895 corp: 572/94Kb lim: 3756 exec/s: 6363 rss: 470Mb L: 248/2445 MS: 3 ChangeByte-ChangeByte-EraseBytes-
#161741	REDUCE cov: 1063 ft: 2895 corp: 572/94Kb lim: 3778 exec/s: 6220 rss: 470Mb L: 13/2445 MS: 1 EraseBytes-
#162077	REDUCE cov: 1063 ft: 2895 corp: 572/94Kb lim: 3778 exec/s: 6233 rss: 470Mb L: 37/2445 MS: 1 EraseBytes-
#162102	REDUCE cov: 1063 ft: 2895 corp: 572/94Kb lim: 3778 exec/s: 6234 rss: 470Mb L: 1250/2445 MS: 5 ChangeBinInt-CMP-InsertRepeatedBytes-ChangeBit-EraseBytes- DE: "\000\000\000\000\000\000\000\003"-
#162244	REDUCE cov: 1063 ft: 2895 corp: 572/94Kb lim: 3778 exec/s: 6240 rss: 470Mb L: 72/2445 MS: 2 InsertByte-EraseBytes-
#163051	REDUCE cov: 1063 ft: 2895 corp: 572/94Kb lim: 3778 exec/s: 6271 rss: 470Mb L: 73/2445 MS: 2 ShuffleBytes-EraseBytes-
#163142	REDUCE cov: 1063 ft: 2895 corp: 572/94Kb lim: 3778 exec/s: 6274 rss: 470Mb L: 623/2445 MS: 1 EraseBytes-
#163293	REDUCE cov: 1063 ft: 2895 corp: 572/94Kb lim: 3778 exec/s: 6280 rss: 470Mb L: 10/2445 MS: 1 EraseBytes-
#169634	REDUCE cov: 1063 ft: 2895 corp: 572/94Kb lim: 3833 exec/s: 6282 rss: 470Mb L: 53/2445 MS: 1 EraseBytes-
#170770	REDUCE cov: 1063 ft: 2895 corp: 572/94Kb lim: 3844 exec/s: 6098 rss: 470Mb L: 95/2445 MS: 1 EraseBytes-
#173211	REDUCE cov: 1063 ft: 2895 corp: 572/94Kb lim: 3866 exec/s: 6186 rss: 470Mb L: 1791/2445 MS: 1 EraseBytes-
#174424	REDUCE cov: 1063 ft: 2895 corp: 572/94Kb lim: 3877 exec/s: 6229 rss: 470Mb L: 148/2445 MS: 3 CopyPart-EraseBytes-InsertByte-
#175380	REDUCE cov: 1063 ft: 2895 corp: 572/94Kb lim: 3877 exec/s: 6047 rss: 470Mb L: 56/2445 MS: 1 EraseBytes-
#176531	REDUCE cov: 1063 ft: 2895 corp: 572/94Kb lim: 3888 exec/s: 6087 rss: 470Mb L: 1847/2445 MS: 1 EraseBytes-
#178027	REDUCE cov: 1063 ft: 2895 corp: 572/94Kb lim: 3899 exec/s: 6138 rss: 470Mb L: 29/2445 MS: 1 EraseBytes-
#179834	REDUCE cov: 1063 ft: 2895 corp: 572/94Kb lim: 3910 exec/s: 5994 rss: 470Mb L: 22/2445 MS: 2 EraseBytes-ChangeBinInt-
#182998	REDUCE cov: 1063 ft: 2895 corp: 572/94Kb lim: 3932 exec/s: 5903 rss: 470Mb L: 263/2445 MS: 4 EraseBytes-InsertRepeatedBytes-ShuffleBytes-CrossOver-
#184871	REDUCE cov: 1063 ft: 2895 corp: 572/94Kb lim: 3943 exec/s: 5963 rss: 470Mb L: 100/2445 MS: 3 CMP-PersAutoDict-EraseBytes- DE: "z\000\000\000"-"\001\000\000\000"-
#185719	REDUCE cov: 1063 ft: 2895 corp: 572/94Kb lim: 3943 exec/s: 5990 rss: 470Mb L: 259/2445 MS: 3 ChangeBit-ChangeByte-EraseBytes-
#185754	REDUCE cov: 1063 ft: 2895 corp: 572/94Kb lim: 3943 exec/s: 5992 rss: 470Mb L: 1485/2445 MS: 5 InsertRepeatedBytes-EraseBytes-ShuffleBytes-ShuffleBytes-CopyPart-
#186091	REDUCE cov: 1063 ft: 2895 corp: 572/94Kb lim: 3943 exec/s: 6002 rss: 470Mb L: 2420/2445 MS: 2 ChangeASCIIInt-EraseBytes-
#186572	REDUCE cov: 1063 ft: 2895 corp: 572/94Kb lim: 3943 exec/s: 6018 rss: 470Mb L: 127/2445 MS: 1 EraseBytes-
#188773	REDUCE cov: 1063 ft: 2895 corp: 572/94Kb lim: 3954 exec/s: 5899 rss: 470Mb L: 37/2445 MS: 1 EraseBytes-
#189144	REDUCE cov: 1063 ft: 2895 corp: 572/94Kb lim: 3954 exec/s: 5910 rss: 470Mb L: 375/2445 MS: 1 EraseBytes-
#189396	REDUCE cov: 1063 ft: 2895 corp: 572/94Kb lim: 3954 exec/s: 5918 rss: 470Mb L: 871/2445 MS: 2 EraseBytes-CrossOver-
#189691	REDUCE cov: 1063 ft: 2895 corp: 572/94Kb lim: 3954 exec/s: 5927 rss: 470Mb L: 86/2445 MS: 5 CrossOver-ShuffleBytes-ChangeASCIIInt-ChangeBit-EraseBytes-
#192157	REDUCE cov: 1063 ft: 2895 corp: 572/94Kb lim: 3976 exec/s: 5822 rss: 470Mb L: 96/2445 MS: 1 EraseBytes-
#193789	REDUCE cov: 1063 ft: 2895 corp: 572/94Kb lim: 3987 exec/s: 5872 rss: 470Mb L: 35/2445 MS: 2 ShuffleBytes-EraseBytes-
#193835	REDUCE cov: 1063 ft: 2895 corp: 572/94Kb lim: 3987 exec/s: 5873 rss: 470Mb L: 14/2445 MS: 1 EraseBytes-
#195934	REDUCE cov: 1063 ft: 2895 corp: 572/94Kb lim: 3998 exec/s: 5937 rss: 470Mb L: 594/2445 MS: 4 PersAutoDict-ChangeASCIIInt-InsertByte-EraseBytes- DE: "\001\000\000\000"-
#196306	REDUCE cov: 1063 ft: 2895 corp: 572/94Kb lim: 3998 exec/s: 5948 rss: 470Mb L: 54/2445 MS: 2 ChangeByte-EraseBytes-
#196902	REDUCE cov: 1063 ft: 2895 corp: 572/94Kb lim: 3998 exec/s: 5966 rss: 470Mb L: 66/2445 MS: 1 EraseBytes-
#197759	REDUCE cov: 1063 ft: 2895 corp: 572/94Kb lim: 3998 exec/s: 5992 rss: 470Mb L: 36/2445 MS: 2 CMP-EraseBytes- DE: "\001\000\000\000\000\000\000\001"-
#203025	REDUCE cov: 1063 ft: 2895 corp: 572/94Kb lim: 4042 exec/s: 5800 rss: 470Mb L: 316/2445 MS: 1 EraseBytes-
#203976	REDUCE cov: 1063 ft: 2895 corp: 572/94Kb lim: 4042 exec/s: 5827 rss: 470Mb L: 207/2445 MS: 1 EraseBytes-
#204018	REDUCE cov: 1063 ft: 2895 corp: 572/94Kb lim: 4042 exec/s: 5829 rss: 470Mb L: 224/2445 MS: 2 ChangeByte-EraseBytes-
#204773	NEW    cov: 1063 ft: 2896 corp: 573/97Kb lim: 4042 exec/s: 5850 rss: 470Mb L: 3925/3925 MS: 5 CopyPart-ChangeByte-ChangeByte-ChangeByte-CopyPart-
#205078	REDUCE cov: 1063 ft: 2896 corp: 573/97Kb lim: 4042 exec/s: 5859 rss: 470Mb L: 296/3925 MS: 5 ShuffleBytes-ShuffleBytes-InsertRepeatedBytes-EraseBytes-CopyPart-
#206511	REDUCE cov: 1063 ft: 2896 corp: 573/97Kb lim: 4053 exec/s: 5900 rss: 470Mb L: 179/3925 MS: 3 ChangeBit-ShuffleBytes-EraseBytes-
#209189	REDUCE cov: 1063 ft: 2896 corp: 573/97Kb lim: 4075 exec/s: 5810 rss: 470Mb L: 228/3925 MS: 3 EraseBytes-ChangeASCIIInt-ChangeBinInt-
#209673	REDUCE cov: 1063 ft: 2896 corp: 573/97Kb lim: 4075 exec/s: 5824 rss: 470Mb L: 203/3925 MS: 4 InsertByte-ShuffleBytes-ShuffleBytes-EraseBytes-
#211405	REDUCE cov: 1063 ft: 2896 corp: 573/97Kb lim: 4086 exec/s: 5872 rss: 470Mb L: 239/3925 MS: 2 ChangeBit-EraseBytes-
#211692	REDUCE cov: 1063 ft: 2896 corp: 573/97Kb lim: 4086 exec/s: 5880 rss: 470Mb L: 149/3925 MS: 2 CopyPart-EraseBytes-
#211960	REDUCE cov: 1063 ft: 2896 corp: 573/97Kb lim: 4086 exec/s: 5728 rss: 470Mb L: 1429/3925 MS: 3 EraseBytes-ShuffleBytes-InsertRepeatedBytes-
#212331	REDUCE cov: 1063 ft: 2896 corp: 573/97Kb lim: 4086 exec/s: 5738 rss: 470Mb L: 45/3925 MS: 1 EraseBytes-
#212968	REDUCE cov: 1063 ft: 2896 corp: 573/97Kb lim: 4086 exec/s: 5755 rss: 470Mb L: 79/3925 MS: 2 PersAutoDict-EraseBytes- DE: "\001\000\000\000\000\000\000\001"-
#212992	REDUCE cov: 1063 ft: 2896 corp: 573/97Kb lim: 4086 exec/s: 5756 rss: 470Mb L: 3665/3665 MS: 4 CrossOver-ChangeByte-ChangeByte-CrossOver-
#213016	REDUCE cov: 1063 ft: 2896 corp: 573/97Kb lim: 4086 exec/s: 5757 rss: 470Mb L: 48/3665 MS: 4 ChangeByte-ChangeByte-PersAutoDict-EraseBytes- DE: "\377_"-
#216285	REDUCE cov: 1063 ft: 2896 corp: 573/97Kb lim: 4096 exec/s: 5845 rss: 470Mb L: 1327/3665 MS: 4 ChangeByte-InsertByte-InsertByte-EraseBytes-
#218985	REDUCE cov: 1063 ft: 2896 corp: 573/97Kb lim: 4096 exec/s: 5762 rss: 470Mb L: 273/3665 MS: 4 EraseBytes-CrossOver-ChangeByte-CopyPart-
#220923	NEW    cov: 1064 ft: 2897 corp: 574/97Kb lim: 4096 exec/s: 5813 rss: 470Mb L: 9/3665 MS: 3 ChangeByte-PersAutoDict-ChangeBinInt- DE: "\377o"-
#223850	REDUCE cov: 1064 ft: 2897 corp: 574/97Kb lim: 4096 exec/s: 5739 rss: 470Mb L: 833/3665 MS: 2 CrossOver-EraseBytes-
#225704	REDUCE cov: 1064 ft: 2897 corp: 574/97Kb lim: 4096 exec/s: 5787 rss: 470Mb L: 1239/3665 MS: 4 EraseBytes-PersAutoDict-PersAutoDict-CopyPart- DE: "\001\000\000\000\000\000\000\001"-"\000\000\000\000\000\000\000\000"-
#234983	REDUCE cov: 1064 ft: 2897 corp: 574/97Kb lim: 4096 exec/s: 5731 rss: 476Mb L: 1768/3665 MS: 4 ShuffleBytes-EraseBytes-ChangeBit-CopyPart-
#236129	REDUCE cov: 1064 ft: 2897 corp: 574/97Kb lim: 4096 exec/s: 5759 rss: 476Mb L: 633/3665 MS: 1 EraseBytes-
#237520	REDUCE cov: 1064 ft: 2897 corp: 574/97Kb lim: 4096 exec/s: 5793 rss: 476Mb L: 471/3665 MS: 1 EraseBytes-
#239990	REDUCE cov: 1064 ft: 2897 corp: 574/97Kb lim: 4096 exec/s: 5714 rss: 476Mb L: 760/3665 MS: 5 CopyPart-InsertByte-InsertByte-ChangeBinInt-EraseBytes-
#241611	REDUCE cov: 1064 ft: 2897 corp: 574/97Kb lim: 4096 exec/s: 5752 rss: 476Mb L: 62/3665 MS: 1 EraseBytes-
#241817	REDUCE cov: 1064 ft: 2897 corp: 574/97Kb lim: 4096 exec/s: 5757 rss: 476Mb L: 61/3665 MS: 1 EraseBytes-
#242115	REDUCE cov: 1064 ft: 2897 corp: 574/97Kb lim: 4096 exec/s: 5764 rss: 476Mb L: 1206/3665 MS: 3 InsertByte-InsertByte-EraseBytes-
#243742	REDUCE cov: 1064 ft: 2897 corp: 574/97Kb lim: 4096 exec/s: 5668 rss: 476Mb L: 196/3665 MS: 2 ChangeBit-EraseBytes-
#245524	NEW    cov: 1064 ft: 2898 corp: 575/97Kb lim: 4096 exec/s: 5709 rss: 476Mb L: 133/3665 MS: 2 InsertByte-InsertRepeatedBytes-
#246321	REDUCE cov: 1064 ft: 2898 corp: 575/97Kb lim: 4096 exec/s: 5728 rss: 476Mb L: 10/3665 MS: 2 ShuffleBytes-EraseBytes-
#247954	REDUCE cov: 1064 ft: 2898 corp: 575/97Kb lim: 4096 exec/s: 5766 rss: 476Mb L: 230/3665 MS: 3 ChangeBit-EraseBytes-CopyPart-
#250882	REDUCE cov: 1064 ft: 2898 corp: 575/97Kb lim: 4096 exec/s: 5701 rss: 476Mb L: 331/3665 MS: 3 ChangeBinInt-InsertByte-EraseBytes-
#251010	REDUCE cov: 1064 ft: 2898 corp: 575/97Kb lim: 4096 exec/s: 5704 rss: 476Mb L: 203/3665 MS: 3 EraseBytes-CMP-CopyPart- DE: "\001\000\000n"-
#252545	REDUCE cov: 1064 ft: 2898 corp: 575/97Kb lim: 4096 exec/s: 5739 rss: 476Mb L: 3605/3605 MS: 5 ChangeASCIIInt-CrossOver-ChangeBit-CMP-CrossOver- DE: "7\000\000\000\000\000\000\000"-
#252664	REDUCE cov: 1064 ft: 2898 corp: 575/97Kb lim: 4096 exec/s: 5742 rss: 476Mb L: 373/3605 MS: 3 ChangeByte-InsertByte-EraseBytes-
#253050	REDUCE cov: 1064 ft: 2898 corp: 575/97Kb lim: 4096 exec/s: 5751 rss: 476Mb L: 1242/3605 MS: 1 EraseBytes-
#253361	REDUCE cov: 1064 ft: 2898 corp: 575/97Kb lim: 4096 exec/s: 5630 rss: 476Mb L: 59/3605 MS: 1 EraseBytes-
#253988	REDUCE cov: 1064 ft: 2898 corp: 575/97Kb lim: 4096 exec/s: 5644 rss: 476Mb L: 368/3605 MS: 2 PersAutoDict-EraseBytes- DE: "\001\000\000n"-
#254649	REDUCE cov: 1064 ft: 2898 corp: 575/96Kb lim: 4096 exec/s: 5658 rss: 476Mb L: 582/3605 MS: 1 EraseBytes-
#255067	REDUCE cov: 1064 ft: 2898 corp: 575/96Kb lim: 4096 exec/s: 5668 rss: 476Mb L: 1103/3605 MS: 3 CrossOver-ChangeBit-EraseBytes-
#256149	REDUCE cov: 1064 ft: 2898 corp: 575/96Kb lim: 4096 exec/s: 5692 rss: 476Mb L: 418/3605 MS: 2 ChangeBit-EraseBytes-
#257940	REDUCE cov: 1064 ft: 2898 corp: 575/96Kb lim: 4096 exec/s: 5607 rss: 476Mb L: 50/3605 MS: 1 EraseBytes-
#258592	REDUCE cov: 1064 ft: 2898 corp: 575/96Kb lim: 4096 exec/s: 5621 rss: 476Mb L: 320/3605 MS: 2 InsertByte-EraseBytes-
#258689	REDUCE cov: 1064 ft: 2898 corp: 575/96Kb lim: 4096 exec/s: 5623 rss: 476Mb L: 67/3605 MS: 2 InsertRepeatedBytes-EraseBytes-
#259271	REDUCE cov: 1064 ft: 2898 corp: 575/96Kb lim: 4096 exec/s: 5636 rss: 476Mb L: 124/3605 MS: 2 CrossOver-EraseBytes-
#259537	REDUCE cov: 1064 ft: 2898 corp: 575/96Kb lim: 4096 exec/s: 5642 rss: 476Mb L: 974/3605 MS: 1 EraseBytes-
#259837	REDUCE cov: 1064 ft: 2898 corp: 575/96Kb lim: 4096 exec/s: 5648 rss: 476Mb L: 44/3605 MS: 5 InsertByte-InsertByte-InsertByte-ChangeBit-EraseBytes-
#262091	REDUCE cov: 1064 ft: 2898 corp: 575/96Kb lim: 4096 exec/s: 5576 rss: 476Mb L: 438/3605 MS: 4 ChangeBinInt-EraseBytes-ShuffleBytes-CrossOver-
#262144	pulse  cov: 1064 ft: 2898 corp: 575/96Kb lim: 4096 exec/s: 5577 rss: 476Mb
#263995	REDUCE cov: 1064 ft: 2898 corp: 575/96Kb lim: 4096 exec/s: 5616 rss: 476Mb L: 153/3605 MS: 4 InsertByte-ChangeBit-EraseBytes-ChangeBinInt-
#265497	REDUCE cov: 1064 ft: 2898 corp: 575/96Kb lim: 4096 exec/s: 5648 rss: 476Mb L: 71/3605 MS: 2 ChangeByte-EraseBytes-
#265743	REDUCE cov: 1064 ft: 2898 corp: 575/96Kb lim: 4096 exec/s: 5654 rss: 476Mb L: 356/3605 MS: 1 EraseBytes-
#268905	REDUCE cov: 1064 ft: 2898 corp: 575/96Kb lim: 4096 exec/s: 5602 rss: 476Mb L: 188/3605 MS: 2 ChangeBit-EraseBytes-
#272791	REDUCE cov: 1064 ft: 2898 corp: 575/96Kb lim: 4096 exec/s: 5567 rss: 476Mb L: 179/3605 MS: 1 EraseBytes-
#274632	REDUCE cov: 1064 ft: 2898 corp: 575/96Kb lim: 4096 exec/s: 5604 rss: 476Mb L: 7/3605 MS: 1 EraseBytes-
#278462	REDUCE cov: 1064 ft: 2899 corp: 576/97Kb lim: 4096 exec/s: 5569 rss: 476Mb L: 592/3605 MS: 5 CrossOver-InsertByte-ShuffleBytes-InsertByte-ShuffleBytes-
#278708	REDUCE cov: 1064 ft: 2899 corp: 576/97Kb lim: 4096 exec/s: 5574 rss: 476Mb L: 407/3605 MS: 1 EraseBytes-
#279446	REDUCE cov: 1064 ft: 2899 corp: 576/97Kb lim: 4096 exec/s: 5588 rss: 476Mb L: 297/3605 MS: 3 ChangeByte-ChangeByte-EraseBytes-
#280059	REDUCE cov: 1064 ft: 2899 corp: 576/97Kb lim: 4096 exec/s: 5601 rss: 476Mb L: 153/3605 MS: 3 ChangeByte-ShuffleBytes-EraseBytes-
#280557	REDUCE cov: 1064 ft: 2899 corp: 576/97Kb lim: 4096 exec/s: 5611 rss: 476Mb L: 315/3605 MS: 3 CMP-InsertByte-EraseBytes- DE: "k\000\000\000"-
#281788	REDUCE cov: 1064 ft: 2899 corp: 576/97Kb lim: 4096 exec/s: 5525 rss: 476Mb L: 21/3605 MS: 1 EraseBytes-
#282304	REDUCE cov: 1064 ft: 2899 corp: 576/97Kb lim: 4096 exec/s: 5535 rss: 476Mb L: 28/3605 MS: 1 EraseBytes-
#282383	REDUCE cov: 1064 ft: 2899 corp: 576/97Kb lim: 4096 exec/s: 5536 rss: 476Mb L: 11/3605 MS: 4 ShuffleBytes-ChangeByte-EraseBytes-ShuffleBytes-
#283249	REDUCE cov: 1064 ft: 2899 corp: 576/97Kb lim: 4096 exec/s: 5553 rss: 476Mb L: 871/3605 MS: 1 EraseBytes-
#284572	REDUCE cov: 1064 ft: 2899 corp: 576/97Kb lim: 4096 exec/s: 5579 rss: 476Mb L: 735/3605 MS: 3 ChangeByte-ChangeBinInt-EraseBytes-
#287493	REDUCE cov: 1064 ft: 2899 corp: 576/97Kb lim: 4096 exec/s: 5528 rss: 476Mb L: 1630/3605 MS: 1 EraseBytes-
#289324	REDUCE cov: 1064 ft: 2899 corp: 576/97Kb lim: 4096 exec/s: 5458 rss: 476Mb L: 33/3605 MS: 1 EraseBytes-
#289724	REDUCE cov: 1064 ft: 2899 corp: 576/97Kb lim: 4096 exec/s: 5466 rss: 476Mb L: 5/3605 MS: 5 CopyPart-EraseBytes-ChangeBit-CopyPart-EraseBytes-
#290078	REDUCE cov: 1064 ft: 2899 corp: 576/97Kb lim: 4096 exec/s: 5473 rss: 476Mb L: 583/3605 MS: 4 ChangeBinInt-CopyPart-CopyPart-EraseBytes-
#291429	REDUCE cov: 1064 ft: 2899 corp: 576/97Kb lim: 4096 exec/s: 5498 rss: 476Mb L: 199/3605 MS: 1 EraseBytes-
#291971	REDUCE cov: 1064 ft: 2900 corp: 577/97Kb lim: 4096 exec/s: 5508 rss: 476Mb L: 762/3605 MS: 2 ChangeASCIIInt-PersAutoDict- DE: "\377o"-
#293772	REDUCE cov: 1064 ft: 2900 corp: 577/97Kb lim: 4096 exec/s: 5440 rss: 476Mb L: 31/3605 MS: 1 EraseBytes-
#294103	REDUCE cov: 1064 ft: 2900 corp: 577/97Kb lim: 4096 exec/s: 5446 rss: 476Mb L: 219/3605 MS: 1 EraseBytes-
#294205	REDUCE cov: 1064 ft: 2900 corp: 577/97Kb lim: 4096 exec/s: 5448 rss: 476Mb L: 1190/3605 MS: 2 PersAutoDict-EraseBytes- DE: "\001\000\000n"-
#297196	REDUCE cov: 1064 ft: 2900 corp: 577/97Kb lim: 4096 exec/s: 5503 rss: 476Mb L: 4/3605 MS: 1 EraseBytes-
#297222	REDUCE cov: 1064 ft: 2900 corp: 577/97Kb lim: 4096 exec/s: 5504 rss: 476Mb L: 8/3605 MS: 1 EraseBytes-
#298861	REDUCE cov: 1064 ft: 2900 corp: 577/97Kb lim: 4096 exec/s: 5433 rss: 476Mb L: 56/3605 MS: 4 CopyPart-CopyPart-InsertByte-EraseBytes-
#299721	REDUCE cov: 1064 ft: 2900 corp: 577/97Kb lim: 4096 exec/s: 5449 rss: 476Mb L: 76/3605 MS: 5 ChangeByte-CrossOver-CopyPart-CMP-EraseBytes- DE: "\002\000\000\000\000\000\000\000"-
#302602	REDUCE cov: 1064 ft: 2900 corp: 577/97Kb lim: 4096 exec/s: 5501 rss: 476Mb L: 3/3605 MS: 1 EraseBytes-
#303578	REDUCE cov: 1064 ft: 2900 corp: 577/97Kb lim: 4096 exec/s: 5421 rss: 476Mb L: 75/3605 MS: 1 EraseBytes-
#305229	REDUCE cov: 1064 ft: 2900 corp: 577/97Kb lim: 4096 exec/s: 5450 rss: 476Mb L: 37/3605 MS: 1 EraseBytes-
#306607	REDUCE cov: 1064 ft: 2900 corp: 577/97Kb lim: 4096 exec/s: 5475 rss: 476Mb L: 1215/3605 MS: 3 CrossOver-CrossOver-EraseBytes-
#307125	REDUCE cov: 1064 ft: 2900 corp: 577/97Kb lim: 4096 exec/s: 5484 rss: 476Mb L: 720/3605 MS: 3 PersAutoDict-PersAutoDict-EraseBytes- DE: "\377o"-"\001\000\000n"-
#309905	REDUCE cov: 1064 ft: 2900 corp: 577/97Kb lim: 4096 exec/s: 5436 rss: 476Mb L: 152/3605 MS: 5 InsertByte-InsertByte-InsertByte-ShuffleBytes-EraseBytes-
#310316	REDUCE cov: 1064 ft: 2900 corp: 577/97Kb lim: 4096 exec/s: 5444 rss: 476Mb L: 27/3605 MS: 1 EraseBytes-
#314167	REDUCE cov: 1064 ft: 2900 corp: 577/97Kb lim: 4096 exec/s: 5416 rss: 476Mb L: 48/3605 MS: 1 EraseBytes-
#315428	REDUCE cov: 1064 ft: 2900 corp: 577/97Kb lim: 4096 exec/s: 5438 rss: 476Mb L: 91/3605 MS: 1 EraseBytes-
#315429	REDUCE cov: 1065 ft: 2901 corp: 578/97Kb lim: 4096 exec/s: 5438 rss: 476Mb L: 5/3605 MS: 1 CopyPart-
#315618	REDUCE cov: 1065 ft: 2901 corp: 578/97Kb lim: 4096 exec/s: 5349 rss: 476Mb L: 1089/3605 MS: 4 InsertRepeatedBytes-PersAutoDict-InsertByte-EraseBytes- DE: "\001\000\000n"-
#321798	REDUCE cov: 1065 ft: 2901 corp: 578/97Kb lim: 4096 exec/s: 5363 rss: 476Mb L: 1077/3605 MS: 5 CopyPart-EraseBytes-ChangeByte-ChangeByte-CopyPart-
#325215	REDUCE cov: 1065 ft: 2901 corp: 578/97Kb lim: 4096 exec/s: 5331 rss: 476Mb L: 224/3605 MS: 1 EraseBytes-
#325235	REDUCE cov: 1065 ft: 2901 corp: 578/97Kb lim: 4096 exec/s: 5331 rss: 476Mb L: 313/3605 MS: 5 ChangeBinInt-ChangeByte-ChangeBit-CopyPart-EraseBytes-
#325382	REDUCE cov: 1065 ft: 2901 corp: 578/97Kb lim: 4096 exec/s: 5334 rss: 476Mb L: 691/3605 MS: 2 CopyPart-EraseBytes-
#327683	REDUCE cov: 1065 ft: 2901 corp: 578/97Kb lim: 4096 exec/s: 5285 rss: 476Mb L: 90/3605 MS: 1 EraseBytes-
#328084	REDUCE cov: 1065 ft: 2901 corp: 578/97Kb lim: 4096 exec/s: 5291 rss: 476Mb L: 161/3605 MS: 1 EraseBytes-
#329445	REDUCE cov: 1065 ft: 2901 corp: 578/97Kb lim: 4096 exec/s: 5313 rss: 476Mb L: 1312/3605 MS: 1 EraseBytes-
#334276	REDUCE cov: 1065 ft: 2901 corp: 578/97Kb lim: 4096 exec/s: 5223 rss: 476Mb L: 65/3605 MS: 1 EraseBytes-
#336044	REDUCE cov: 1065 ft: 2901 corp: 578/97Kb lim: 4096 exec/s: 5250 rss: 476Mb L: 34/3605 MS: 3 PersAutoDict-CrossOver-EraseBytes- DE: "\001\000\000\000"-
#339315	REDUCE cov: 1065 ft: 2901 corp: 578/97Kb lim: 4096 exec/s: 5220 rss: 476Mb L: 8/3605 MS: 1 EraseBytes-
#339702	REDUCE cov: 1065 ft: 2901 corp: 578/97Kb lim: 4096 exec/s: 5226 rss: 476Mb L: 121/3605 MS: 2 ChangeBinInt-EraseBytes-
#340886	REDUCE cov: 1065 ft: 2901 corp: 578/97Kb lim: 4096 exec/s: 5244 rss: 476Mb L: 195/3605 MS: 4 ChangeBinInt-InsertByte-EraseBytes-CrossOver-
#341797	REDUCE cov: 1065 ft: 2901 corp: 578/97Kb lim: 4096 exec/s: 5258 rss: 476Mb L: 628/3605 MS: 1 EraseBytes-
#342568	REDUCE cov: 1065 ft: 2901 corp: 578/97Kb lim: 4096 exec/s: 5270 rss: 476Mb L: 270/3605 MS: 1 EraseBytes-
#342841	REDUCE cov: 1065 ft: 2901 corp: 578/97Kb lim: 4096 exec/s: 5274 rss: 476Mb L: 293/3605 MS: 3 ChangeBinInt-ShuffleBytes-EraseBytes-
#345569	REDUCE cov: 1065 ft: 2903 corp: 579/97Kb lim: 4096 exec/s: 5235 rss: 476Mb L: 6/3605 MS: 3 ShuffleBytes-ShuffleBytes-CopyPart-
#347190	NEW    cov: 1065 ft: 2905 corp: 580/97Kb lim: 4096 exec/s: 5260 rss: 476Mb L: 4/3605 MS: 1 EraseBytes-
#347636	REDUCE cov: 1065 ft: 2905 corp: 580/97Kb lim: 4096 exec/s: 5267 rss: 476Mb L: 78/3605 MS: 1 EraseBytes-
#348002	REDUCE cov: 1065 ft: 2905 corp: 580/97Kb lim: 4096 exec/s: 5272 rss: 476Mb L: 56/3605 MS: 1 EraseBytes-
#348233	REDUCE cov: 1065 ft: 2905 corp: 580/97Kb lim: 4096 exec/s: 5197 rss: 476Mb L: 4/3605 MS: 1 EraseBytes-
#350180	REDUCE cov: 1065 ft: 2905 corp: 580/97Kb lim: 4096 exec/s: 5226 rss: 476Mb L: 22/3605 MS: 2 ShuffleBytes-EraseBytes-
#351291	REDUCE cov: 1065 ft: 2905 corp: 580/97Kb lim: 4096 exec/s: 5243 rss: 476Mb L: 688/3605 MS: 1 EraseBytes-
#352764	REDUCE cov: 1065 ft: 2905 corp: 580/97Kb lim: 4096 exec/s: 5187 rss: 476Mb L: 124/3605 MS: 3 ShuffleBytes-ChangeByte-EraseBytes-
#353785	REDUCE cov: 1065 ft: 2905 corp: 580/97Kb lim: 4096 exec/s: 5202 rss: 476Mb L: 615/3605 MS: 1 EraseBytes-
#353891	REDUCE cov: 1065 ft: 2905 corp: 580/97Kb lim: 4096 exec/s: 5204 rss: 476Mb L: 214/3605 MS: 1 EraseBytes-
#358368	REDUCE cov: 1065 ft: 2905 corp: 580/97Kb lim: 4096 exec/s: 5193 rss: 476Mb L: 255/3605 MS: 2 ChangeByte-EraseBytes-
#358496	NEW    cov: 1066 ft: 2906 corp: 581/97Kb lim: 4096 exec/s: 5195 rss: 476Mb L: 4/3605 MS: 3 CopyPart-CopyPart-ChangeBit-
#359123	REDUCE cov: 1066 ft: 2906 corp: 581/97Kb lim: 4096 exec/s: 5130 rss: 476Mb L: 44/3605 MS: 2 EraseBytes-CopyPart-
#359179	REDUCE cov: 1066 ft: 2906 corp: 581/97Kb lim: 4096 exec/s: 5131 rss: 476Mb L: 111/3605 MS: 1 EraseBytes-
#360656	REDUCE cov: 1066 ft: 2906 corp: 581/97Kb lim: 4096 exec/s: 5152 rss: 476Mb L: 379/3605 MS: 2 InsertByte-EraseBytes-
#362488	REDUCE cov: 1066 ft: 2906 corp: 581/97Kb lim: 4096 exec/s: 5178 rss: 476Mb L: 5/3605 MS: 2 EraseBytes-ChangeByte-
#364054	REDUCE cov: 1066 ft: 2906 corp: 581/97Kb lim: 4096 exec/s: 5127 rss: 476Mb L: 583/3605 MS: 1 EraseBytes-
#364205	REDUCE cov: 1066 ft: 2906 corp: 581/97Kb lim: 4096 exec/s: 5129 rss: 476Mb L: 657/3605 MS: 1 EraseBytes-
#364216	REDUCE cov: 1066 ft: 2906 corp: 581/97Kb lim: 4096 exec/s: 5129 rss: 476Mb L: 197/3605 MS: 1 EraseBytes-
#365223	REDUCE cov: 1066 ft: 2906 corp: 581/97Kb lim: 4096 exec/s: 5143 rss: 476Mb L: 497/3605 MS: 2 ShuffleBytes-EraseBytes-
#365298	REDUCE cov: 1066 ft: 2906 corp: 581/97Kb lim: 4096 exec/s: 5145 rss: 476Mb L: 122/3605 MS: 5 InsertRepeatedBytes-PersAutoDict-ChangeASCIIInt-ChangeBinInt-EraseBytes- DE: "z\000\000\000"-
#366022	REDUCE cov: 1066 ft: 2906 corp: 581/97Kb lim: 4096 exec/s: 5155 rss: 476Mb L: 194/3605 MS: 4 ChangeByte-CopyPart-CopyPart-EraseBytes-
#366283	REDUCE cov: 1066 ft: 2906 corp: 581/97Kb lim: 4096 exec/s: 5158 rss: 476Mb L: 28/3605 MS: 1 EraseBytes-
#369899	REDUCE cov: 1066 ft: 2906 corp: 581/97Kb lim: 4096 exec/s: 5137 rss: 476Mb L: 401/3605 MS: 1 EraseBytes-
#371691	REDUCE cov: 1066 ft: 2906 corp: 581/97Kb lim: 4096 exec/s: 5162 rss: 476Mb L: 124/3605 MS: 2 CrossOver-EraseBytes-
#372238	REDUCE cov: 1066 ft: 2906 corp: 581/97Kb lim: 4096 exec/s: 5169 rss: 476Mb L: 431/3605 MS: 2 PersAutoDict-EraseBytes- DE: "\000\000\000\000\000\000\000\003"-
#372531	REDUCE cov: 1066 ft: 2906 corp: 581/97Kb lim: 4096 exec/s: 5103 rss: 476Mb L: 577/3605 MS: 3 ChangeBinInt-EraseBytes-CopyPart-
#372937	REDUCE cov: 1066 ft: 2906 corp: 581/97Kb lim: 4096 exec/s: 5108 rss: 476Mb L: 55/3605 MS: 1 EraseBytes-
#373368	REDUCE cov: 1066 ft: 2906 corp: 581/97Kb lim: 4096 exec/s: 5114 rss: 476Mb L: 573/3605 MS: 1 EraseBytes-
#373842	REDUCE cov: 1066 ft: 2906 corp: 581/97Kb lim: 4096 exec/s: 5121 rss: 476Mb L: 2238/3605 MS: 4 ChangeASCIIInt-EraseBytes-PersAutoDict-InsertRepeatedBytes- DE: "runtime:cap182"-
#374593	REDUCE cov: 1066 ft: 2906 corp: 581/97Kb lim: 4096 exec/s: 5131 rss: 476Mb L: 47/3605 MS: 1 EraseBytes-
#375355	REDUCE cov: 1066 ft: 2906 corp: 581/96Kb lim: 4096 exec/s: 5141 rss: 476Mb L: 434/3605 MS: 2 PersAutoDict-EraseBytes- DE: "7\000\000\000\000\000\000\000"-
#375826	REDUCE cov: 1066 ft: 2906 corp: 581/96Kb lim: 4096 exec/s: 5148 rss: 476Mb L: 1718/3605 MS: 1 EraseBytes-
#376837	NEW    cov: 1066 ft: 2907 corp: 582/96Kb lim: 4096 exec/s: 5162 rss: 476Mb L: 8/3605 MS: 1 CopyPart-
#378922	REDUCE cov: 1066 ft: 2907 corp: 582/96Kb lim: 4096 exec/s: 5120 rss: 476Mb L: 202/3605 MS: 5 ChangeASCIIInt-CrossOver-ChangeASCIIInt-EraseBytes-CopyPart-
#379138	NEW    cov: 1066 ft: 2909 corp: 583/96Kb lim: 4096 exec/s: 5123 rss: 476Mb L: 15/3605 MS: 1 CopyPart-
#381317	REDUCE cov: 1066 ft: 2909 corp: 583/96Kb lim: 4096 exec/s: 5152 rss: 476Mb L: 362/3605 MS: 4 ChangeBinInt-CopyPart-EraseBytes-CopyPart-
#381598	REDUCE cov: 1066 ft: 2909 corp: 583/96Kb lim: 4096 exec/s: 5156 rss: 476Mb L: 1702/3605 MS: 1 EraseBytes-
#383429	REDUCE cov: 1066 ft: 2909 corp: 583/96Kb lim: 4096 exec/s: 5112 rss: 476Mb L: 820/3605 MS: 1 EraseBytes-
#390153	REDUCE cov: 1066 ft: 2909 corp: 583/96Kb lim: 4096 exec/s: 5133 rss: 476Mb L: 285/3605 MS: 4 ChangeASCIIInt-EraseBytes-ChangeBit-ShuffleBytes-
#390885	REDUCE cov: 1066 ft: 2909 corp: 583/96Kb lim: 4096 exec/s: 5143 rss: 476Mb L: 21/3605 MS: 2 CrossOver-EraseBytes-
#391121	REDUCE cov: 1067 ft: 2910 corp: 584/96Kb lim: 4096 exec/s: 5146 rss: 476Mb L: 11/3605 MS: 1 CopyPart-
#392142	REDUCE cov: 1067 ft: 2910 corp: 584/96Kb lim: 4096 exec/s: 5159 rss: 476Mb L: 18/3605 MS: 1 EraseBytes-
#394694	REDUCE cov: 1067 ft: 2910 corp: 584/96Kb lim: 4096 exec/s: 5125 rss: 476Mb L: 436/3605 MS: 2 ChangeByte-EraseBytes-
#395730	REDUCE cov: 1067 ft: 2910 corp: 584/96Kb lim: 4096 exec/s: 5139 rss: 476Mb L: 292/3605 MS: 1 EraseBytes-
#396341	REDUCE cov: 1067 ft: 2910 corp: 584/96Kb lim: 4096 exec/s: 5147 rss: 476Mb L: 38/3605 MS: 1 EraseBytes-
#398468	REDUCE cov: 1067 ft: 2910 corp: 584/96Kb lim: 4096 exec/s: 5174 rss: 476Mb L: 1066/3605 MS: 2 CopyPart-EraseBytes-
#406953	REDUCE cov: 1067 ft: 2910 corp: 584/96Kb lim: 4096 exec/s: 5151 rss: 476Mb L: 652/3605 MS: 5 ChangeByte-InsertByte-PersAutoDict-ShuffleBytes-EraseBytes- DE: "\001\000\000n"-
#409099	REDUCE cov: 1067 ft: 2911 corp: 585/96Kb lim: 4096 exec/s: 5178 rss: 476Mb L: 8/3605 MS: 1 CopyPart-
#410247	NEW    cov: 1068 ft: 2912 corp: 586/96Kb lim: 4096 exec/s: 5193 rss: 476Mb L: 5/3605 MS: 3 CopyPart-CrossOver-ChangeByte-
#410872	NEW    cov: 1068 ft: 2913 corp: 587/97Kb lim: 4096 exec/s: 5200 rss: 476Mb L: 677/3605 MS: 5 PersAutoDict-InsertRepeatedBytes-ChangeBinInt-ChangeByte-CopyPart- DE: "k\000\000\000"-
#413235	REDUCE cov: 1068 ft: 2913 corp: 587/97Kb lim: 4096 exec/s: 5165 rss: 476Mb L: 1637/3605 MS: 3 InsertRepeatedBytes-PersAutoDict-EraseBytes- DE: "z\000\000\000"-
#413475	REDUCE cov: 1068 ft: 2913 corp: 587/97Kb lim: 4096 exec/s: 5168 rss: 476Mb L: 359/3605 MS: 5 ChangeASCIIInt-ChangeByte-ChangeByte-ChangeBit-EraseBytes-
#413718	REDUCE cov: 1068 ft: 2913 corp: 587/97Kb lim: 4096 exec/s: 5171 rss: 476Mb L: 565/3605 MS: 3 ChangeByte-CopyPart-EraseBytes-
#414919	REDUCE cov: 1068 ft: 2913 corp: 587/97Kb lim: 4096 exec/s: 5186 rss: 476Mb L: 31/3605 MS: 1 EraseBytes-
#415190	REDUCE cov: 1068 ft: 2913 corp: 587/97Kb lim: 4096 exec/s: 5189 rss: 476Mb L: 163/3605 MS: 1 EraseBytes-
#415787	REDUCE cov: 1068 ft: 2913 corp: 587/97Kb lim: 4096 exec/s: 5197 rss: 476Mb L: 203/3605 MS: 2 ChangeBinInt-EraseBytes-
#416493	REDUCE cov: 1068 ft: 2913 corp: 587/97Kb lim: 4096 exec/s: 5141 rss: 476Mb L: 99/3605 MS: 1 EraseBytes-
#416859	REDUCE cov: 1068 ft: 2913 corp: 587/97Kb lim: 4096 exec/s: 5146 rss: 476Mb L: 872/3605 MS: 1 EraseBytes-
#417832	REDUCE cov: 1068 ft: 2913 corp: 587/97Kb lim: 4096 exec/s: 5158 rss: 476Mb L: 524/3605 MS: 3 CrossOver-InsertByte-EraseBytes-
#419083	REDUCE cov: 1068 ft: 2913 corp: 587/97Kb lim: 4096 exec/s: 5173 rss: 476Mb L: 5/3605 MS: 1 EraseBytes-
#419200	REDUCE cov: 1068 ft: 2913 corp: 587/97Kb lim: 4096 exec/s: 5175 rss: 476Mb L: 53/3605 MS: 2 CMP-EraseBytes- DE: "\377\377\377\377\377\377\377\377"-
#420321	REDUCE cov: 1068 ft: 2913 corp: 587/97Kb lim: 4096 exec/s: 5189 rss: 476Mb L: 233/3605 MS: 1 EraseBytes-
#421114	REDUCE cov: 1068 ft: 2913 corp: 587/97Kb lim: 4096 exec/s: 5198 rss: 476Mb L: 1018/3605 MS: 3 PersAutoDict-EraseBytes-InsertRepeatedBytes- DE: "k\000\000\000"-
#421975	REDUCE cov: 1068 ft: 2913 corp: 587/97Kb lim: 4096 exec/s: 5146 rss: 476Mb L: 14/3605 MS: 1 EraseBytes-
#422386	REDUCE cov: 1068 ft: 2913 corp: 587/97Kb lim: 4096 exec/s: 5151 rss: 476Mb L: 229/3605 MS: 1 EraseBytes-
#424292	REDUCE cov: 1068 ft: 2913 corp: 587/97Kb lim: 4096 exec/s: 5174 rss: 476Mb L: 84/3605 MS: 1 EraseBytes-
#424550	REDUCE cov: 1068 ft: 2913 corp: 587/97Kb lim: 4096 exec/s: 5177 rss: 476Mb L: 744/3605 MS: 3 InsertByte-EraseBytes-CopyPart-
#425396	REDUCE cov: 1068 ft: 2913 corp: 587/97Kb lim: 4096 exec/s: 5187 rss: 476Mb L: 33/3605 MS: 1 EraseBytes-
#426847	REDUCE cov: 1068 ft: 2913 corp: 587/97Kb lim: 4096 exec/s: 5205 rss: 476Mb L: 460/3605 MS: 1 EraseBytes-
#428563	REDUCE cov: 1068 ft: 2913 corp: 587/97Kb lim: 4096 exec/s: 5163 rss: 476Mb L: 76/3605 MS: 1 EraseBytes-
#429834	REDUCE cov: 1068 ft: 2913 corp: 587/97Kb lim: 4096 exec/s: 5178 rss: 476Mb L: 9/3605 MS: 1 EraseBytes-
#432400	REDUCE cov: 1068 ft: 2913 corp: 587/97Kb lim: 4096 exec/s: 5147 rss: 476Mb L: 7/3605 MS: 1 EraseBytes-
#432816	REDUCE cov: 1068 ft: 2913 corp: 587/97Kb lim: 4096 exec/s: 5152 rss: 476Mb L: 27/3605 MS: 1 EraseBytes-
#433219	REDUCE cov: 1068 ft: 2913 corp: 587/97Kb lim: 4096 exec/s: 5157 rss: 476Mb L: 724/3605 MS: 3 ChangeBinInt-ChangeBit-EraseBytes-
#434577	REDUCE cov: 1068 ft: 2913 corp: 587/97Kb lim: 4096 exec/s: 5173 rss: 476Mb L: 36/3605 MS: 3 EraseBytes-ShuffleBytes-CopyPart-
#434794	REDUCE cov: 1068 ft: 2913 corp: 587/97Kb lim: 4096 exec/s: 5176 rss: 476Mb L: 74/3605 MS: 2 ChangeByte-EraseBytes-
#435365	REDUCE cov: 1068 ft: 2913 corp: 587/97Kb lim: 4096 exec/s: 5182 rss: 476Mb L: 349/3605 MS: 5 ChangeBinInt-ShuffleBytes-InsertByte-ChangeASCIIInt-EraseBytes-
#438781	REDUCE cov: 1068 ft: 2913 corp: 587/97Kb lim: 4096 exec/s: 5162 rss: 476Mb L: 55/3605 MS: 1 EraseBytes-
#439014	REDUCE cov: 1068 ft: 2913 corp: 587/97Kb lim: 4096 exec/s: 5164 rss: 476Mb L: 67/3605 MS: 3 CopyPart-EraseBytes-EraseBytes-
#440163	REDUCE cov: 1068 ft: 2913 corp: 587/97Kb lim: 4096 exec/s: 5178 rss: 476Mb L: 1631/3605 MS: 4 CrossOver-ChangeByte-CopyPart-EraseBytes-
#440456	REDUCE cov: 1068 ft: 2913 corp: 587/97Kb lim: 4096 exec/s: 5181 rss: 476Mb L: 870/3605 MS: 3 ChangeByte-CopyPart-EraseBytes-
#441127	REDUCE cov: 1068 ft: 2913 corp: 587/97Kb lim: 4096 exec/s: 5129 rss: 476Mb L: 395/3605 MS: 1 EraseBytes-
#441438	REDUCE cov: 1068 ft: 2913 corp: 587/97Kb lim: 4096 exec/s: 5133 rss: 476Mb L: 65/3605 MS: 1 EraseBytes-
#441845	REDUCE cov: 1068 ft: 2913 corp: 587/97Kb lim: 4096 exec/s: 5137 rss: 476Mb L: 137/3605 MS: 2 EraseBytes-CopyPart-
#444496	REDUCE cov: 1068 ft: 2913 corp: 587/97Kb lim: 4096 exec/s: 5168 rss: 476Mb L: 262/3605 MS: 1 EraseBytes-
#444887	REDUCE cov: 1068 ft: 2913 corp: 587/97Kb lim: 4096 exec/s: 5173 rss: 476Mb L: 162/3605 MS: 1 EraseBytes-
#445290	REDUCE cov: 1068 ft: 2913 corp: 587/97Kb lim: 4096 exec/s: 5177 rss: 476Mb L: 371/3605 MS: 3 CrossOver-EraseBytes-ChangeBit-
#446766	REDUCE cov: 1068 ft: 2913 corp: 587/97Kb lim: 4096 exec/s: 5135 rss: 476Mb L: 87/3605 MS: 1 EraseBytes-
#447594	REDUCE cov: 1068 ft: 2913 corp: 587/97Kb lim: 4096 exec/s: 5144 rss: 476Mb L: 22/3605 MS: 3 ChangeBinInt-ChangeByte-EraseBytes-
#448381	REDUCE cov: 1068 ft: 2913 corp: 587/97Kb lim: 4096 exec/s: 5153 rss: 476Mb L: 1498/3605 MS: 2 ChangeASCIIInt-EraseBytes-
#449402	REDUCE cov: 1068 ft: 2913 corp: 587/97Kb lim: 4096 exec/s: 5165 rss: 476Mb L: 286/3605 MS: 1 EraseBytes-
#452279	REDUCE cov: 1068 ft: 2913 corp: 587/97Kb lim: 4096 exec/s: 5139 rss: 476Mb L: 868/3605 MS: 2 ChangeBit-EraseBytes-
#454142	REDUCE cov: 1068 ft: 2913 corp: 587/97Kb lim: 4096 exec/s: 5102 rss: 476Mb L: 184/3605 MS: 3 ShuffleBytes-ShuffleBytes-EraseBytes-
#460138	REDUCE cov: 1068 ft: 2913 corp: 587/97Kb lim: 4096 exec/s: 5112 rss: 476Mb L: 287/3605 MS: 1 EraseBytes-
#461301	REDUCE cov: 1068 ft: 2913 corp: 587/97Kb lim: 4096 exec/s: 5069 rss: 476Mb L: 69/3605 MS: 3 EraseBytes-ChangeBit-CopyPart-
#461435	REDUCE cov: 1068 ft: 2913 corp: 587/97Kb lim: 4096 exec/s: 5070 rss: 476Mb L: 450/3605 MS: 4 ChangeASCIIInt-CopyPart-ChangeBinInt-CrossOver-
#467207	REDUCE cov: 1068 ft: 2913 corp: 587/97Kb lim: 4096 exec/s: 5078 rss: 476Mb L: 35/3605 MS: 2 ChangeASCIIInt-EraseBytes-
#467728	REDUCE cov: 1068 ft: 2913 corp: 587/97Kb lim: 4096 exec/s: 5084 rss: 476Mb L: 120/3605 MS: 1 EraseBytes-
#472898	REDUCE cov: 1068 ft: 2913 corp: 587/97Kb lim: 4096 exec/s: 5084 rss: 476Mb L: 1130/3605 MS: 5 ChangeASCIIInt-PersAutoDict-PersAutoDict-EraseBytes-EraseBytes- DE: "\001\000\000\000\000\000\000\001"-"\001\000\000\000"-
#473419	REDUCE cov: 1068 ft: 2913 corp: 587/97Kb lim: 4096 exec/s: 5036 rss: 476Mb L: 35/3605 MS: 1 EraseBytes-
#474645	REDUCE cov: 1068 ft: 2913 corp: 587/97Kb lim: 4096 exec/s: 5049 rss: 476Mb L: 22/3605 MS: 1 EraseBytes-
#475247	REDUCE cov: 1068 ft: 2913 corp: 587/97Kb lim: 4096 exec/s: 5055 rss: 476Mb L: 168/3605 MS: 2 ChangeASCIIInt-EraseBytes-
#475300	REDUCE cov: 1068 ft: 2913 corp: 587/96Kb lim: 4096 exec/s: 5056 rss: 476Mb L: 612/3605 MS: 3 ChangeByte-ChangeByte-EraseBytes-
#475511	NEW    cov: 1068 ft: 2914 corp: 588/96Kb lim: 4096 exec/s: 5058 rss: 476Mb L: 7/3605 MS: 1 CopyPart-
#476208	REDUCE cov: 1068 ft: 2914 corp: 588/96Kb lim: 4096 exec/s: 5066 rss: 476Mb L: 248/3605 MS: 2 ChangeASCIIInt-EraseBytes-
#476312	REDUCE cov: 1068 ft: 2914 corp: 588/96Kb lim: 4096 exec/s: 5067 rss: 476Mb L: 269/3605 MS: 4 CopyPart-ChangeBit-EraseBytes-PersAutoDict- DE: "\377o"-
#477592	NEW    cov: 1068 ft: 2915 corp: 589/96Kb lim: 4096 exec/s: 5080 rss: 476Mb L: 9/3605 MS: 5 ChangeBit-EraseBytes-CMP-ChangeASCIIInt-CrossOver- DE: "0\000"-
#477698	REDUCE cov: 1068 ft: 2915 corp: 589/96Kb lim: 4096 exec/s: 5081 rss: 476Mb L: 148/3605 MS: 1 EraseBytes-
#478160	REDUCE cov: 1068 ft: 2915 corp: 589/96Kb lim: 4096 exec/s: 5086 rss: 476Mb L: 1173/3605 MS: 2 InsertByte-EraseBytes-
#479051	REDUCE cov: 1068 ft: 2915 corp: 589/96Kb lim: 4096 exec/s: 5096 rss: 476Mb L: 73/3605 MS: 1 EraseBytes-
#481339	REDUCE cov: 1068 ft: 2915 corp: 589/96Kb lim: 4096 exec/s: 5066 rss: 476Mb L: 407/3605 MS: 3 ChangeBinInt-CrossOver-EraseBytes-
#482375	REDUCE cov: 1068 ft: 2915 corp: 589/96Kb lim: 4096 exec/s: 5077 rss: 476Mb L: 232/3605 MS: 1 EraseBytes-
#483007	REDUCE cov: 1068 ft: 2915 corp: 589/96Kb lim: 4096 exec/s: 5084 rss: 476Mb L: 225/3605 MS: 2 ChangeByte-EraseBytes-
#483369	REDUCE cov: 1068 ft: 2915 corp: 589/96Kb lim: 4096 exec/s: 5088 rss: 476Mb L: 11/3605 MS: 2 ChangeASCIIInt-EraseBytes-
#486148	REDUCE cov: 1068 ft: 2915 corp: 589/96Kb lim: 4096 exec/s: 5064 rss: 477Mb L: 196/3605 MS: 4 CopyPart-CMP-EraseBytes-EraseBytes- DE: "\000\000\000\000\000\000\000\015"-
#487894	NEW    cov: 1068 ft: 2917 corp: 590/96Kb lim: 4096 exec/s: 5082 rss: 478Mb L: 15/3605 MS: 1 CopyPart-
#488335	REDUCE cov: 1068 ft: 2917 corp: 590/96Kb lim: 4096 exec/s: 5086 rss: 478Mb L: 86/3605 MS: 1 EraseBytes-
#489637	REDUCE cov: 1068 ft: 2917 corp: 590/96Kb lim: 4096 exec/s: 5100 rss: 478Mb L: 201/3605 MS: 2 ChangeBit-EraseBytes-
#491268	REDUCE cov: 1068 ft: 2917 corp: 590/96Kb lim: 4096 exec/s: 5117 rss: 479Mb L: 25/3605 MS: 1 EraseBytes-
#492701	REDUCE cov: 1068 ft: 2917 corp: 590/96Kb lim: 4096 exec/s: 5079 rss: 480Mb L: 1134/3605 MS: 3 ShuffleBytes-ChangeBit-EraseBytes-
#493412	REDUCE cov: 1068 ft: 2917 corp: 590/96Kb lim: 4096 exec/s: 5086 rss: 480Mb L: 11/3605 MS: 1 EraseBytes-
#498009	REDUCE cov: 1068 ft: 2917 corp: 590/96Kb lim: 4096 exec/s: 5081 rss: 481Mb L: 1169/3605 MS: 2 EraseBytes-CopyPart-
#498877	REDUCE cov: 1068 ft: 2917 corp: 590/96Kb lim: 4096 exec/s: 5090 rss: 481Mb L: 191/3605 MS: 3 ChangeByte-InsertByte-EraseBytes-
#499622	REDUCE cov: 1068 ft: 2917 corp: 590/96Kb lim: 4096 exec/s: 5098 rss: 481Mb L: 75/3605 MS: 5 ChangeBit-ChangeBinInt-ChangeBinInt-InsertByte-EraseBytes-
#501332	REDUCE cov: 1068 ft: 2918 corp: 591/97Kb lim: 4096 exec/s: 5115 rss: 481Mb L: 570/3605 MS: 5 EraseBytes-CopyPart-ShuffleBytes-CMP-InsertRepeatedBytes- DE: "runtime:cap14"-
#502553	REDUCE cov: 1068 ft: 2918 corp: 591/97Kb lim: 4096 exec/s: 5076 rss: 481Mb L: 12/3605 MS: 1 EraseBytes-
#504210	REDUCE cov: 1068 ft: 2918 corp: 591/97Kb lim: 4096 exec/s: 5093 rss: 481Mb L: 85/3605 MS: 2 InsertByte-EraseBytes-
#504810	NEW    cov: 1068 ft: 2919 corp: 592/97Kb lim: 4096 exec/s: 5099 rss: 481Mb L: 572/3605 MS: 5 ShuffleBytes-InsertByte-ShuffleBytes-InsertByte-CMP- DE: "\377\377\377\377\377\377\377\017"-
#507732	REDUCE cov: 1068 ft: 2919 corp: 592/97Kb lim: 4096 exec/s: 5077 rss: 481Mb L: 3/3605 MS: 2 ChangeBit-EraseBytes-
#508000	REDUCE cov: 1068 ft: 2919 corp: 592/97Kb lim: 4096 exec/s: 5080 rss: 481Mb L: 242/3605 MS: 3 ChangeBinInt-ShuffleBytes-EraseBytes-
#510978	REDUCE cov: 1068 ft: 2919 corp: 592/97Kb lim: 4096 exec/s: 5109 rss: 481Mb L: 114/3605 MS: 3 EraseBytes-ChangeBit-CopyPart-
#511690	REDUCE cov: 1068 ft: 2919 corp: 592/97Kb lim: 4096 exec/s: 5116 rss: 481Mb L: 117/3605 MS: 2 ChangeBinInt-EraseBytes-
#514377	REDUCE cov: 1068 ft: 2919 corp: 592/97Kb lim: 4096 exec/s: 5092 rss: 481Mb L: 19/3605 MS: 2 ChangeBinInt-EraseBytes-
#517821	REDUCE cov: 1068 ft: 2919 corp: 592/97Kb lim: 4096 exec/s: 5076 rss: 481Mb L: 84/3605 MS: 4 ChangeByte-ShuffleBytes-ChangeBit-EraseBytes-
#518271	REDUCE cov: 1068 ft: 2919 corp: 592/97Kb lim: 4096 exec/s: 5081 rss: 481Mb L: 392/3605 MS: 5 PersAutoDict-ChangeBinInt-InsertRepeatedBytes-ChangeByte-EraseBytes- DE: "7\000\000\000\000\000\000\000"-
#524288	pulse  cov: 1068 ft: 2919 corp: 592/97Kb lim: 4096 exec/s: 5090 rss: 481Mb
#525572	REDUCE cov: 1068 ft: 2919 corp: 592/97Kb lim: 4096 exec/s: 5053 rss: 481Mb L: 13/3605 MS: 1 EraseBytes-
#526403	REDUCE cov: 1068 ft: 2919 corp: 592/97Kb lim: 4096 exec/s: 5061 rss: 481Mb L: 315/3605 MS: 1 EraseBytes-
#526949	REDUCE cov: 1068 ft: 2919 corp: 592/97Kb lim: 4096 exec/s: 5066 rss: 481Mb L: 88/3605 MS: 1 EraseBytes-
#527003	REDUCE cov: 1068 ft: 2919 corp: 592/97Kb lim: 4096 exec/s: 5067 rss: 481Mb L: 135/3605 MS: 4 ShuffleBytes-CopyPart-ChangeBit-EraseBytes-
#533007	REDUCE cov: 1068 ft: 2919 corp: 592/97Kb lim: 4096 exec/s: 5076 rss: 481Mb L: 2158/3605 MS: 4 CopyPart-ChangeBit-ChangeBit-EraseBytes-
#535565	REDUCE cov: 1068 ft: 2919 corp: 592/97Kb lim: 4096 exec/s: 5052 rss: 481Mb L: 1707/3605 MS: 3 ShuffleBytes-ChangeASCIIInt-EraseBytes-
#535747	REDUCE cov: 1068 ft: 2919 corp: 592/97Kb lim: 4096 exec/s: 5054 rss: 481Mb L: 29/3605 MS: 2 ShuffleBytes-EraseBytes-
#537135	REDUCE cov: 1068 ft: 2919 corp: 592/97Kb lim: 4096 exec/s: 5067 rss: 481Mb L: 304/3605 MS: 3 CMP-CopyPart-EraseBytes- DE: "\000\000\000\000\000\000\000\001"-
#537455	REDUCE cov: 1068 ft: 2919 corp: 592/97Kb lim: 4096 exec/s: 5070 rss: 481Mb L: 361/3605 MS: 5 ChangeASCIIInt-ChangeBit-EraseBytes-CrossOver-CopyPart-
#537863	REDUCE cov: 1068 ft: 2919 corp: 592/97Kb lim: 4096 exec/s: 5074 rss: 481Mb L: 87/3605 MS: 3 CMP-EraseBytes-CopyPart- DE: "runtime:cap5"-
#538720	REDUCE cov: 1068 ft: 2919 corp: 592/97Kb lim: 4096 exec/s: 5082 rss: 481Mb L: 37/3605 MS: 2 ChangeBit-EraseBytes-
#539319	REDUCE cov: 1068 ft: 2919 corp: 592/97Kb lim: 4096 exec/s: 5087 rss: 481Mb L: 1490/3605 MS: 4 ChangeByte-ChangeASCIIInt-EraseBytes-CopyPart-
#539695	REDUCE cov: 1068 ft: 2919 corp: 592/97Kb lim: 4096 exec/s: 5091 rss: 481Mb L: 115/3605 MS: 1 EraseBytes-
#540086	REDUCE cov: 1068 ft: 2919 corp: 592/97Kb lim: 4096 exec/s: 5095 rss: 481Mb L: 101/3605 MS: 1 EraseBytes-
#542297	REDUCE cov: 1068 ft: 2919 corp: 592/97Kb lim: 4096 exec/s: 5068 rss: 481Mb L: 405/3605 MS: 1 EraseBytes-
#542369	REDUCE cov: 1068 ft: 2919 corp: 592/97Kb lim: 4096 exec/s: 5068 rss: 481Mb L: 83/3605 MS: 2 ChangeByte-EraseBytes-
#543376	REDUCE cov: 1068 ft: 2919 corp: 592/97Kb lim: 4096 exec/s: 5031 rss: 481Mb L: 57/3605 MS: 2 ChangeByte-EraseBytes-
#544498	REDUCE cov: 1068 ft: 2919 corp: 592/97Kb lim: 4096 exec/s: 5041 rss: 481Mb L: 17/3605 MS: 2 ChangeASCIIInt-EraseBytes-
#544983	REDUCE cov: 1068 ft: 2919 corp: 592/97Kb lim: 4096 exec/s: 5046 rss: 481Mb L: 520/3605 MS: 5 EraseBytes-ChangeBit-ChangeBinInt-ChangeBinInt-EraseBytes-
#545334	REDUCE cov: 1068 ft: 2919 corp: 592/97Kb lim: 4096 exec/s: 5049 rss: 481Mb L: 369/3605 MS: 1 EraseBytes-
#545864	REDUCE cov: 1068 ft: 2919 corp: 592/97Kb lim: 4096 exec/s: 5054 rss: 481Mb L: 1469/3605 MS: 5 CrossOver-CrossOver-ChangeBinInt-CrossOver-EraseBytes-
#548630	REDUCE cov: 1068 ft: 2919 corp: 592/97Kb lim: 4096 exec/s: 5033 rss: 481Mb L: 221/3605 MS: 1 EraseBytes-
#550291	REDUCE cov: 1068 ft: 2919 corp: 592/97Kb lim: 4096 exec/s: 5048 rss: 481Mb L: 1160/3605 MS: 1 EraseBytes-
#551307	REDUCE cov: 1068 ft: 2919 corp: 592/97Kb lim: 4096 exec/s: 5057 rss: 481Mb L: 64/3605 MS: 1 EraseBytes-
#552155	REDUCE cov: 1068 ft: 2919 corp: 592/97Kb lim: 4096 exec/s: 5065 rss: 481Mb L: 881/3605 MS: 3 EraseBytes-ShuffleBytes-CopyPart-
#555832	REDUCE cov: 1068 ft: 2919 corp: 592/97Kb lim: 4096 exec/s: 5053 rss: 481Mb L: 389/3605 MS: 2 InsertByte-EraseBytes-
#556748	REDUCE cov: 1068 ft: 2919 corp: 592/97Kb lim: 4096 exec/s: 5061 rss: 481Mb L: 72/3605 MS: 1 EraseBytes-
#562545	REDUCE cov: 1068 ft: 2919 corp: 592/97Kb lim: 4096 exec/s: 5067 rss: 481Mb L: 269/3605 MS: 2 ShuffleBytes-EraseBytes-
#567391	REDUCE cov: 1068 ft: 2919 corp: 592/97Kb lim: 4096 exec/s: 5065 rss: 481Mb L: 1313/3605 MS: 1 EraseBytes-
#567802	REDUCE cov: 1068 ft: 2919 corp: 592/97Kb lim: 4096 exec/s: 5069 rss: 482Mb L: 516/3605 MS: 1 EraseBytes-
#568758	REDUCE cov: 1068 ft: 2919 corp: 592/97Kb lim: 4096 exec/s: 5033 rss: 482Mb L: 1472/3605 MS: 1 EraseBytes-
#569376	REDUCE cov: 1068 ft: 2919 corp: 592/97Kb lim: 4096 exec/s: 5038 rss: 482Mb L: 114/3605 MS: 3 ChangeASCIIInt-EraseBytes-ShuffleBytes-
#571307	REDUCE cov: 1068 ft: 2919 corp: 592/97Kb lim: 4096 exec/s: 5055 rss: 483Mb L: 35/3605 MS: 1 EraseBytes-
#573423	REDUCE cov: 1068 ft: 2919 corp: 592/97Kb lim: 4096 exec/s: 5030 rss: 484Mb L: 329/3605 MS: 1 EraseBytes-
#573907	REDUCE cov: 1068 ft: 2919 corp: 592/97Kb lim: 4096 exec/s: 5034 rss: 484Mb L: 2105/3605 MS: 4 InsertByte-ChangeASCIIInt-ChangeBinInt-EraseBytes-
#573984	REDUCE cov: 1068 ft: 2919 corp: 592/97Kb lim: 4096 exec/s: 5034 rss: 484Mb L: 384/3605 MS: 2 InsertByte-EraseBytes-
#574545	REDUCE cov: 1068 ft: 2919 corp: 592/97Kb lim: 4096 exec/s: 5039 rss: 484Mb L: 76/3605 MS: 1 EraseBytes-
#576897	REDUCE cov: 1068 ft: 2919 corp: 592/97Kb lim: 4096 exec/s: 5060 rss: 484Mb L: 43/3605 MS: 2 ChangeASCIIInt-EraseBytes-
#579694	REDUCE cov: 1068 ft: 2919 corp: 592/97Kb lim: 4096 exec/s: 5040 rss: 484Mb L: 8/3605 MS: 2 CrossOver-EraseBytes-
#581165	REDUCE cov: 1068 ft: 2919 corp: 592/97Kb lim: 4096 exec/s: 5053 rss: 484Mb L: 220/3605 MS: 1 EraseBytes-
#581200	REDUCE cov: 1068 ft: 2919 corp: 592/97Kb lim: 4096 exec/s: 5053 rss: 484Mb L: 139/3605 MS: 5 ChangeBinInt-EraseBytes-PersAutoDict-CopyPart-ShuffleBytes- DE: "\377\377\377\377\377\377\377\017"-
#583534	REDUCE cov: 1068 ft: 2919 corp: 592/97Kb lim: 4096 exec/s: 5030 rss: 484Mb L: 1560/3605 MS: 4 CopyPart-ChangeBinInt-PersAutoDict-EraseBytes- DE: "\000\000\000\000\000\000\000\015"-
#584465	REDUCE cov: 1068 ft: 2919 corp: 592/97Kb lim: 4096 exec/s: 5038 rss: 484Mb L: 1348/3605 MS: 1 EraseBytes-
#585491	REDUCE cov: 1068 ft: 2919 corp: 592/97Kb lim: 4096 exec/s: 5004 rss: 484Mb L: 520/3605 MS: 5 PersAutoDict-ChangeByte-EraseBytes-InsertByte-CopyPart- DE: "\000\000\000\000\000\000\000\000"-
#585857	REDUCE cov: 1068 ft: 2919 corp: 592/97Kb lim: 4096 exec/s: 5007 rss: 484Mb L: 415/3605 MS: 1 EraseBytes-
#587156	REDUCE cov: 1068 ft: 2919 corp: 592/97Kb lim: 4096 exec/s: 5018 rss: 484Mb L: 501/3605 MS: 4 InsertRepeatedBytes-ChangeBit-EraseBytes-CopyPart-
#587685	REDUCE cov: 1068 ft: 2919 corp: 592/97Kb lim: 4096 exec/s: 5022 rss: 484Mb L: 496/3605 MS: 4 ChangeBit-ChangeBit-ChangeBit-EraseBytes-
#588036	REDUCE cov: 1068 ft: 2919 corp: 592/97Kb lim: 4096 exec/s: 5025 rss: 484Mb L: 160/3605 MS: 1 EraseBytes-
#589274	REDUCE cov: 1068 ft: 2919 corp: 592/97Kb lim: 4096 exec/s: 5036 rss: 484Mb L: 76/3605 MS: 1 EraseBytes-
#591091	REDUCE cov: 1068 ft: 2919 corp: 592/96Kb lim: 4096 exec/s: 5009 rss: 484Mb L: 624/3605 MS: 2 CopyPart-EraseBytes-
#591127	REDUCE cov: 1068 ft: 2919 corp: 592/96Kb lim: 4096 exec/s: 5009 rss: 484Mb L: 21/3605 MS: 1 EraseBytes-
#591628	REDUCE cov: 1068 ft: 2919 corp: 592/96Kb lim: 4096 exec/s: 5013 rss: 484Mb L: 772/3605 MS: 1 EraseBytes-
#591950	REDUCE cov: 1068 ft: 2919 corp: 592/96Kb lim: 4096 exec/s: 5016 rss: 484Mb L: 10/3605 MS: 2 ChangeASCIIInt-EraseBytes-
#593306	REDUCE cov: 1068 ft: 2919 corp: 592/96Kb lim: 4096 exec/s: 5028 rss: 484Mb L: 420/3605 MS: 1 EraseBytes-
#593676	REDUCE cov: 1068 ft: 2919 corp: 592/96Kb lim: 4096 exec/s: 5031 rss: 484Mb L: 1068/3605 MS: 5 ChangeBit-InsertRepeatedBytes-CrossOver-CopyPart-EraseBytes-
#594185	NEW    cov: 1075 ft: 2931 corp: 593/96Kb lim: 4096 exec/s: 5035 rss: 484Mb L: 80/3605 MS: 4 CrossOver-CrossOver-InsertRepeatedBytes-CMP- DE: "http"-
#595688	NEW    cov: 1075 ft: 2935 corp: 594/96Kb lim: 4096 exec/s: 5048 rss: 484Mb L: 33/3605 MS: 2 CopyPart-CopyPart-
#597731	REDUCE cov: 1075 ft: 2935 corp: 594/96Kb lim: 4096 exec/s: 5022 rss: 484Mb L: 47/3605 MS: 3 ChangeByte-InsertByte-EraseBytes-
#598243	REDUCE cov: 1075 ft: 2935 corp: 594/96Kb lim: 4096 exec/s: 5027 rss: 484Mb L: 67/3605 MS: 2 InsertByte-EraseBytes-
#598579	REDUCE cov: 1075 ft: 2935 corp: 594/96Kb lim: 4096 exec/s: 5030 rss: 484Mb L: 1098/3605 MS: 1 EraseBytes-
#602468	REDUCE cov: 1075 ft: 2937 corp: 595/97Kb lim: 4096 exec/s: 5020 rss: 484Mb L: 288/3605 MS: 4 ChangeBinInt-InsertByte-InsertRepeatedBytes-CopyPart-
#602579	REDUCE cov: 1075 ft: 2937 corp: 595/97Kb lim: 4096 exec/s: 5021 rss: 484Mb L: 64/3605 MS: 1 EraseBytes-
#603165	REDUCE cov: 1075 ft: 2937 corp: 595/97Kb lim: 4096 exec/s: 5026 rss: 484Mb L: 467/3605 MS: 1 EraseBytes-
#606253	REDUCE cov: 1075 ft: 2937 corp: 595/97Kb lim: 4096 exec/s: 5052 rss: 484Mb L: 509/3605 MS: 3 CMP-ChangeBit-EraseBytes- DE: "runtime:consol"-
#608764	REDUCE cov: 1075 ft: 2937 corp: 595/97Kb lim: 4096 exec/s: 5031 rss: 484Mb L: 255/3605 MS: 1 EraseBytes-
#611141	REDUCE cov: 1075 ft: 2937 corp: 595/97Kb lim: 4096 exec/s: 5050 rss: 484Mb L: 229/3605 MS: 2 ShuffleBytes-EraseBytes-
#611611	REDUCE cov: 1075 ft: 2937 corp: 595/97Kb lim: 4096 exec/s: 5054 rss: 484Mb L: 1800/3605 MS: 5 CMP-PersAutoDict-CopyPart-CrossOver-CrossOver- DE: "\000\000\000\000\000\000\0002"-"7\000\000\000\000\000\000\000"-
#611768	REDUCE cov: 1075 ft: 2937 corp: 595/97Kb lim: 4096 exec/s: 5055 rss: 484Mb L: 62/3605 MS: 2 ChangeByte-EraseBytes-
#612734	REDUCE cov: 1075 ft: 2937 corp: 595/96Kb lim: 4096 exec/s: 5063 rss: 484Mb L: 1026/3605 MS: 1 EraseBytes-
#614972	REDUCE cov: 1075 ft: 2937 corp: 595/96Kb lim: 4096 exec/s: 5040 rss: 484Mb L: 40/3605 MS: 3 PersAutoDict-ChangeBinInt-EraseBytes- DE: "k\000\000\000"-
#615028	NEW    cov: 1075 ft: 2939 corp: 596/96Kb lim: 4096 exec/s: 5041 rss: 484Mb L: 13/3605 MS: 1 CopyPart-
#615048	REDUCE cov: 1075 ft: 2939 corp: 596/96Kb lim: 4096 exec/s: 5041 rss: 484Mb L: 345/3605 MS: 5 ChangeBinInt-PersAutoDict-CrossOver-CopyPart-EraseBytes- DE: "runtime:cap5"-
#616019	REDUCE cov: 1075 ft: 2939 corp: 596/96Kb lim: 4096 exec/s: 5049 rss: 484Mb L: 10/3605 MS: 1 EraseBytes-
#616302	REDUCE cov: 1075 ft: 2940 corp: 597/97Kb lim: 4096 exec/s: 5051 rss: 484Mb L: 90/3605 MS: 3 CrossOver-PersAutoDict-CopyPart- DE: "\377\377\377\377\377\377\377\377"-
#617819	REDUCE cov: 1075 ft: 2940 corp: 597/96Kb lim: 4096 exec/s: 5064 rss: 484Mb L: 215/3605 MS: 2 PersAutoDict-EraseBytes- DE: "runtime:consol"-
#618377	REDUCE cov: 1075 ft: 2940 corp: 597/96Kb lim: 4096 exec/s: 5068 rss: 484Mb L: 88/3605 MS: 3 CrossOver-InsertByte-EraseBytes-
#619028	REDUCE cov: 1075 ft: 2940 corp: 597/96Kb lim: 4096 exec/s: 5074 rss: 484Mb L: 27/3605 MS: 1 EraseBytes-
#620170	REDUCE cov: 1075 ft: 2940 corp: 597/96Kb lim: 4096 exec/s: 5083 rss: 484Mb L: 321/3605 MS: 2 ChangeASCIIInt-EraseBytes-
#620989	REDUCE cov: 1075 ft: 2940 corp: 597/96Kb lim: 4096 exec/s: 5048 rss: 484Mb L: 581/3605 MS: 4 ShuffleBytes-CMP-ChangeBinInt-EraseBytes- DE: "runtime:cap50"-
#622056	REDUCE cov: 1075 ft: 2940 corp: 597/96Kb lim: 4096 exec/s: 5057 rss: 484Mb L: 1221/3605 MS: 2 CopyPart-EraseBytes-
#625702	REDUCE cov: 1075 ft: 2940 corp: 597/96Kb lim: 4096 exec/s: 5087 rss: 484Mb L: 6/3605 MS: 1 EraseBytes-
#626208	REDUCE cov: 1075 ft: 2940 corp: 597/96Kb lim: 4096 exec/s: 5091 rss: 484Mb L: 202/3605 MS: 1 EraseBytes-
#627646	REDUCE cov: 1075 ft: 2940 corp: 597/96Kb lim: 4096 exec/s: 5061 rss: 484Mb L: 176/3605 MS: 3 CrossOver-InsertRepeatedBytes-EraseBytes-
#629567	REDUCE cov: 1075 ft: 2940 corp: 597/96Kb lim: 4096 exec/s: 5077 rss: 484Mb L: 71/3605 MS: 1 EraseBytes-
#630508	REDUCE cov: 1075 ft: 2940 corp: 597/96Kb lim: 4096 exec/s: 5084 rss: 484Mb L: 381/3605 MS: 1 EraseBytes-
#630519	REDUCE cov: 1075 ft: 2940 corp: 597/96Kb lim: 4096 exec/s: 5084 rss: 484Mb L: 52/3605 MS: 1 EraseBytes-
#630725	REDUCE cov: 1075 ft: 2940 corp: 597/96Kb lim: 4096 exec/s: 5086 rss: 484Mb L: 26/3605 MS: 1 EraseBytes-
#631424	REDUCE cov: 1075 ft: 2940 corp: 597/96Kb lim: 4096 exec/s: 5092 rss: 484Mb L: 175/3605 MS: 4 PersAutoDict-CrossOver-ChangeBit-EraseBytes- DE: "\000\000\000\000\000\000\000\003"-
#631895	REDUCE cov: 1075 ft: 2940 corp: 597/96Kb lim: 4096 exec/s: 5095 rss: 484Mb L: 277/3605 MS: 1 EraseBytes-
#632359	REDUCE cov: 1075 ft: 2940 corp: 597/96Kb lim: 4096 exec/s: 5099 rss: 484Mb L: 73/3605 MS: 4 PersAutoDict-ChangeBit-PersAutoDict-EraseBytes- DE: "\377\377\377\377\377\377\377\017"-"runtime:cap50"-
#634033	REDUCE cov: 1075 ft: 2940 corp: 597/96Kb lim: 4096 exec/s: 5072 rss: 484Mb L: 26/3605 MS: 4 ChangeASCIIInt-ChangeBinInt-EraseBytes-ChangeBinInt-
#634308	REDUCE cov: 1075 ft: 2940 corp: 597/96Kb lim: 4096 exec/s: 5074 rss: 484Mb L: 301/3605 MS: 5 EraseBytes-CMP-CopyPart-PersAutoDict-CopyPart- DE: "\017\000\000\000\000\000\000\000"-"\001\000\000\000"-
#635065	REDUCE cov: 1075 ft: 2940 corp: 597/96Kb lim: 4096 exec/s: 5080 rss: 484Mb L: 610/3605 MS: 2 CopyPart-EraseBytes-
#636628	REDUCE cov: 1075 ft: 2940 corp: 597/96Kb lim: 4096 exec/s: 5093 rss: 484Mb L: 2099/3605 MS: 3 EraseBytes-InsertByte-CopyPart-
#637334	REDUCE cov: 1075 ft: 2940 corp: 597/96Kb lim: 4096 exec/s: 5098 rss: 484Mb L: 1707/3605 MS: 1 EraseBytes-
#637411	REDUCE cov: 1075 ft: 2940 corp: 597/96Kb lim: 4096 exec/s: 5099 rss: 484Mb L: 846/3605 MS: 2 ChangeBinInt-EraseBytes-
#637709	REDUCE cov: 1075 ft: 2940 corp: 597/96Kb lim: 4096 exec/s: 5061 rss: 484Mb L: 568/3605 MS: 3 ChangeBinInt-CopyPart-EraseBytes-
#641580	REDUCE cov: 1075 ft: 2940 corp: 597/96Kb lim: 4096 exec/s: 5091 rss: 484Mb L: 29/3605 MS: 1 EraseBytes-
#649643	REDUCE cov: 1075 ft: 2940 corp: 597/96Kb lim: 4096 exec/s: 5075 rss: 484Mb L: 1066/3605 MS: 3 ChangeByte-ShuffleBytes-EraseBytes-
#651214	REDUCE cov: 1075 ft: 2940 corp: 597/96Kb lim: 4096 exec/s: 5087 rss: 484Mb L: 57/3605 MS: 1 EraseBytes-
#651646	REDUCE cov: 1075 ft: 2940 corp: 597/96Kb lim: 4096 exec/s: 5090 rss: 484Mb L: 996/3605 MS: 2 PersAutoDict-EraseBytes- DE: "\001\000\000\000\000\000\000\001"-
#652393	REDUCE cov: 1075 ft: 2940 corp: 597/96Kb lim: 4096 exec/s: 5096 rss: 484Mb L: 879/3605 MS: 2 ChangeByte-EraseBytes-
#655080	NEW    cov: 1075 ft: 2945 corp: 598/96Kb lim: 4096 exec/s: 5078 rss: 484Mb L: 24/3605 MS: 2 EraseBytes-CopyPart-
#657191	REDUCE cov: 1075 ft: 2945 corp: 598/96Kb lim: 4096 exec/s: 5094 rss: 484Mb L: 101/3605 MS: 1 EraseBytes-
#657612	REDUCE cov: 1075 ft: 2945 corp: 598/96Kb lim: 4096 exec/s: 5058 rss: 484Mb L: 170/3605 MS: 1 EraseBytes-
#657897	REDUCE cov: 1075 ft: 2945 corp: 598/96Kb lim: 4096 exec/s: 5060 rss: 484Mb L: 925/3605 MS: 5 CopyPart-ChangeByte-ChangeBit-EraseBytes-EraseBytes-
#661968	REDUCE cov: 1075 ft: 2945 corp: 598/96Kb lim: 4096 exec/s: 5092 rss: 484Mb L: 12/3605 MS: 1 EraseBytes-
#662115	REDUCE cov: 1075 ft: 2945 corp: 598/96Kb lim: 4096 exec/s: 5093 rss: 484Mb L: 50/3605 MS: 2 CrossOver-EraseBytes-
#662726	REDUCE cov: 1075 ft: 2945 corp: 598/96Kb lim: 4096 exec/s: 5058 rss: 484Mb L: 30/3605 MS: 1 EraseBytes-
#663127	REDUCE cov: 1075 ft: 2945 corp: 598/96Kb lim: 4096 exec/s: 5062 rss: 484Mb L: 378/3605 MS: 1 EraseBytes-
#664664	REDUCE cov: 1075 ft: 2945 corp: 598/96Kb lim: 4096 exec/s: 5073 rss: 484Mb L: 201/3605 MS: 2 InsertByte-EraseBytes-
#665876	REDUCE cov: 1075 ft: 2945 corp: 598/96Kb lim: 4096 exec/s: 5083 rss: 484Mb L: 720/3605 MS: 2 ChangeByte-EraseBytes-
#666737	REDUCE cov: 1075 ft: 2945 corp: 598/96Kb lim: 4096 exec/s: 5089 rss: 484Mb L: 7/3605 MS: 1 EraseBytes-
#667513	NEW    cov: 1075 ft: 2946 corp: 599/96Kb lim: 4096 exec/s: 5056 rss: 484Mb L: 7/3605 MS: 1 ChangeByte-
#668320	REDUCE cov: 1075 ft: 2946 corp: 599/96Kb lim: 4096 exec/s: 5063 rss: 484Mb L: 610/3605 MS: 2 ChangeByte-EraseBytes-
#668681	REDUCE cov: 1075 ft: 2946 corp: 599/96Kb lim: 4096 exec/s: 5065 rss: 484Mb L: 56/3605 MS: 1 EraseBytes-
#669907	REDUCE cov: 1075 ft: 2946 corp: 599/96Kb lim: 4096 exec/s: 5075 rss: 484Mb L: 49/3605 MS: 1 EraseBytes-
#671018	REDUCE cov: 1075 ft: 2946 corp: 599/96Kb lim: 4096 exec/s: 5083 rss: 484Mb L: 98/3605 MS: 1 EraseBytes-
#673295	REDUCE cov: 1075 ft: 2947 corp: 600/96Kb lim: 4096 exec/s: 5062 rss: 484Mb L: 12/3605 MS: 2 ChangeBit-CopyPart-
#673707	REDUCE cov: 1075 ft: 2947 corp: 600/96Kb lim: 4096 exec/s: 5065 rss: 484Mb L: 8/3605 MS: 2 ChangeBit-EraseBytes-
#673738	REDUCE cov: 1075 ft: 2947 corp: 600/96Kb lim: 4096 exec/s: 5065 rss: 484Mb L: 144/3605 MS: 1 EraseBytes-
#679090	REDUCE cov: 1075 ft: 2947 corp: 600/96Kb lim: 4096 exec/s: 5067 rss: 484Mb L: 54/3605 MS: 2 CopyPart-EraseBytes-
#681526	REDUCE cov: 1075 ft: 2947 corp: 600/96Kb lim: 4096 exec/s: 5048 rss: 484Mb L: 67/3605 MS: 1 EraseBytes-
#681542	REDUCE cov: 1075 ft: 2947 corp: 600/96Kb lim: 4096 exec/s: 5048 rss: 484Mb L: 162/3605 MS: 1 EraseBytes-
#682114	REDUCE cov: 1075 ft: 2947 corp: 600/96Kb lim: 4096 exec/s: 5052 rss: 484Mb L: 228/3605 MS: 2 ShuffleBytes-EraseBytes-
#682958	REDUCE cov: 1075 ft: 2947 corp: 600/96Kb lim: 4096 exec/s: 5058 rss: 484Mb L: 1080/3605 MS: 4 ChangeASCIIInt-ChangeASCIIInt-ShuffleBytes-EraseBytes-
#684307	REDUCE cov: 1075 ft: 2947 corp: 600/96Kb lim: 4096 exec/s: 5031 rss: 484Mb L: 84/3605 MS: 4 ShuffleBytes-EraseBytes-ChangeASCIIInt-CopyPart-
#684888	REDUCE cov: 1075 ft: 2947 corp: 600/96Kb lim: 4096 exec/s: 5035 rss: 484Mb L: 150/3605 MS: 1 EraseBytes-
#686029	REDUCE cov: 1075 ft: 2947 corp: 600/96Kb lim: 4096 exec/s: 5044 rss: 484Mb L: 111/3605 MS: 1 EraseBytes-
#686296	REDUCE cov: 1075 ft: 2947 corp: 600/96Kb lim: 4096 exec/s: 5046 rss: 484Mb L: 83/3605 MS: 2 ChangeASCIIInt-EraseBytes-
#688273	REDUCE cov: 1075 ft: 2947 corp: 600/96Kb lim: 4096 exec/s: 5023 rss: 484Mb L: 189/3605 MS: 1 EraseBytes-
#688379	REDUCE cov: 1075 ft: 2947 corp: 600/96Kb lim: 4096 exec/s: 5024 rss: 484Mb L: 121/3605 MS: 1 EraseBytes-
#688855	REDUCE cov: 1075 ft: 2947 corp: 600/96Kb lim: 4096 exec/s: 5028 rss: 484Mb L: 33/3605 MS: 1 EraseBytes-
#692622	REDUCE cov: 1075 ft: 2947 corp: 600/96Kb lim: 4096 exec/s: 5019 rss: 484Mb L: 206/3605 MS: 2 ChangeASCIIInt-EraseBytes-
#693058	REDUCE cov: 1075 ft: 2947 corp: 600/96Kb lim: 4096 exec/s: 5022 rss: 484Mb L: 7/3605 MS: 1 EraseBytes-
#693585	REDUCE cov: 1075 ft: 2948 corp: 601/96Kb lim: 4096 exec/s: 5025 rss: 484Mb L: 15/3605 MS: 2 ChangeBinInt-CopyPart-
#693828	REDUCE cov: 1075 ft: 2948 corp: 601/96Kb lim: 4096 exec/s: 5027 rss: 484Mb L: 743/3605 MS: 3 ChangeASCIIInt-CrossOver-EraseBytes-
#694265	REDUCE cov: 1075 ft: 2948 corp: 601/96Kb lim: 4096 exec/s: 4994 rss: 484Mb L: 1345/3605 MS: 2 InsertByte-EraseBytes-
#696103	REDUCE cov: 1075 ft: 2948 corp: 601/96Kb lim: 4096 exec/s: 5007 rss: 484Mb L: 89/3605 MS: 3 ChangeBit-EraseBytes-CopyPart-
#696695	REDUCE cov: 1075 ft: 2948 corp: 601/96Kb lim: 4096 exec/s: 5012 rss: 484Mb L: 15/3605 MS: 2 PersAutoDict-EraseBytes- DE: "\002\000\000\000\000\000\000\000"-
#698512	REDUCE cov: 1075 ft: 2948 corp: 601/96Kb lim: 4096 exec/s: 4989 rss: 484Mb L: 365/3605 MS: 2 InsertByte-EraseBytes-
#698880	REDUCE cov: 1075 ft: 2948 corp: 601/96Kb lim: 4096 exec/s: 4992 rss: 484Mb L: 40/3605 MS: 3 ChangeBit-InsertByte-EraseBytes-
#699086	REDUCE cov: 1075 ft: 2948 corp: 601/96Kb lim: 4096 exec/s: 4993 rss: 484Mb L: 841/3605 MS: 1 EraseBytes-
#700297	REDUCE cov: 1075 ft: 2948 corp: 601/96Kb lim: 4096 exec/s: 5002 rss: 484Mb L: 2417/3605 MS: 1 EraseBytes-
#700401	REDUCE cov: 1075 ft: 2948 corp: 601/96Kb lim: 4096 exec/s: 5002 rss: 484Mb L: 57/3605 MS: 4 ChangeByte-ChangeASCIIInt-ShuffleBytes-EraseBytes-
#701728	REDUCE cov: 1075 ft: 2948 corp: 601/96Kb lim: 4096 exec/s: 4976 rss: 484Mb L: 270/3605 MS: 2 EraseBytes-CopyPart-
#706410	REDUCE cov: 1075 ft: 2948 corp: 601/96Kb lim: 4096 exec/s: 4974 rss: 484Mb L: 448/3605 MS: 2 ChangeASCIIInt-EraseBytes-
#707506	REDUCE cov: 1075 ft: 2948 corp: 601/96Kb lim: 4096 exec/s: 4982 rss: 484Mb L: 411/3605 MS: 1 EraseBytes-
#709728	REDUCE cov: 1075 ft: 2948 corp: 601/96Kb lim: 4096 exec/s: 4998 rss: 484Mb L: 24/3605 MS: 2 CrossOver-EraseBytes-
#710084	REDUCE cov: 1075 ft: 2948 corp: 601/96Kb lim: 4096 exec/s: 5000 rss: 484Mb L: 771/3605 MS: 1 EraseBytes-
#710904	REDUCE cov: 1075 ft: 2948 corp: 601/96Kb lim: 4096 exec/s: 5006 rss: 484Mb L: 19/3605 MS: 5 PersAutoDict-ChangeBit-ChangeBit-ChangeBinInt-EraseBytes- DE: "\377_"-
#712121	REDUCE cov: 1075 ft: 2948 corp: 601/96Kb lim: 4096 exec/s: 4979 rss: 484Mb L: 190/3605 MS: 2 ShuffleBytes-EraseBytes-
#713357	REDUCE cov: 1075 ft: 2948 corp: 601/96Kb lim: 4096 exec/s: 4988 rss: 484Mb L: 47/3605 MS: 1 EraseBytes-
#714893	REDUCE cov: 1075 ft: 2948 corp: 601/96Kb lim: 4096 exec/s: 4999 rss: 484Mb L: 55/3605 MS: 1 EraseBytes-
#714944	REDUCE cov: 1075 ft: 2948 corp: 601/96Kb lim: 4096 exec/s: 4999 rss: 484Mb L: 766/3605 MS: 1 EraseBytes-
#715001	REDUCE cov: 1075 ft: 2948 corp: 601/96Kb lim: 4096 exec/s: 5000 rss: 484Mb L: 30/3605 MS: 2 ChangeASCIIInt-EraseBytes-
#717419	REDUCE cov: 1075 ft: 2948 corp: 601/96Kb lim: 4096 exec/s: 4982 rss: 484Mb L: 17/3605 MS: 3 ChangeBit-CrossOver-EraseBytes-
#720180	REDUCE cov: 1075 ft: 2948 corp: 601/96Kb lim: 4096 exec/s: 5001 rss: 484Mb L: 319/3605 MS: 1 EraseBytes-
#720329	REDUCE cov: 1075 ft: 2948 corp: 601/96Kb lim: 4096 exec/s: 5002 rss: 484Mb L: 92/3605 MS: 4 ShuffleBytes-ShuffleBytes-ChangeByte-EraseBytes-
#722238	REDUCE cov: 1075 ft: 2948 corp: 601/95Kb lim: 4096 exec/s: 4980 rss: 484Mb L: 753/3605 MS: 4 ChangeBinInt-ChangeByte-EraseBytes-PersAutoDict- DE: "runtime:consol"-
#722760	REDUCE cov: 1075 ft: 2948 corp: 601/95Kb lim: 4096 exec/s: 4984 rss: 484Mb L: 111/3605 MS: 2 ChangeBit-EraseBytes-
#723011	REDUCE cov: 1075 ft: 2948 corp: 601/95Kb lim: 4096 exec/s: 4986 rss: 484Mb L: 834/3605 MS: 1 EraseBytes-
#725877	REDUCE cov: 1075 ft: 2948 corp: 601/95Kb lim: 4096 exec/s: 4971 rss: 484Mb L: 54/3605 MS: 1 EraseBytes-
#725942	REDUCE cov: 1075 ft: 2949 corp: 602/96Kb lim: 4096 exec/s: 4972 rss: 484Mb L: 744/3605 MS: 5 ChangeASCIIInt-ChangeBit-ShuffleBytes-InsertByte-CopyPart-
#728388	REDUCE cov: 1075 ft: 2949 corp: 602/96Kb lim: 4096 exec/s: 4988 rss: 484Mb L: 17/3605 MS: 1 EraseBytes-
#729486	REDUCE cov: 1075 ft: 2949 corp: 602/96Kb lim: 4096 exec/s: 4996 rss: 484Mb L: 6/3605 MS: 3 ShuffleBytes-ShuffleBytes-EraseBytes-
#729890	REDUCE cov: 1075 ft: 2949 corp: 602/96Kb lim: 4096 exec/s: 4999 rss: 484Mb L: 751/3605 MS: 4 ChangeBit-CrossOver-ChangeBinInt-EraseBytes-
#732797	REDUCE cov: 1075 ft: 2949 corp: 602/96Kb lim: 4096 exec/s: 4985 rss: 484Mb L: 1301/3605 MS: 1 EraseBytes-
#733309	REDUCE cov: 1075 ft: 2949 corp: 602/96Kb lim: 4096 exec/s: 4988 rss: 484Mb L: 132/3605 MS: 2 CMP-EraseBytes- DE: "0\000"-
#734255	REDUCE cov: 1075 ft: 2949 corp: 602/96Kb lim: 4096 exec/s: 4994 rss: 484Mb L: 289/3605 MS: 1 EraseBytes-
#738001	REDUCE cov: 1075 ft: 2949 corp: 602/96Kb lim: 4096 exec/s: 4986 rss: 484Mb L: 106/3605 MS: 1 EraseBytes-
#740566	REDUCE cov: 1075 ft: 2949 corp: 602/96Kb lim: 4096 exec/s: 4970 rss: 484Mb L: 95/3605 MS: 5 PersAutoDict-ChangeByte-CopyPart-PersAutoDict-EraseBytes- DE: "runtime:cap14"-"runtime:cap5"-
#741247	REDUCE cov: 1075 ft: 2949 corp: 602/96Kb lim: 4096 exec/s: 4974 rss: 484Mb L: 20/3605 MS: 1 EraseBytes-
#741588	REDUCE cov: 1075 ft: 2949 corp: 602/96Kb lim: 4096 exec/s: 4977 rss: 484Mb L: 112/3605 MS: 1 EraseBytes-
#742265	REDUCE cov: 1075 ft: 2949 corp: 602/96Kb lim: 4096 exec/s: 4948 rss: 484Mb L: 92/3605 MS: 2 InsertByte-EraseBytes-
#742437	REDUCE cov: 1075 ft: 2949 corp: 602/96Kb lim: 4096 exec/s: 4949 rss: 484Mb L: 457/3605 MS: 2 ShuffleBytes-EraseBytes-
#742773	REDUCE cov: 1076 ft: 2950 corp: 603/96Kb lim: 4096 exec/s: 4951 rss: 484Mb L: 21/3605 MS: 1 PersAutoDict- DE: "http"-
#743585	NEW    cov: 1076 ft: 2951 corp: 604/96Kb lim: 4096 exec/s: 4957 rss: 484Mb L: 23/3605 MS: 2 ShuffleBytes-PersAutoDict- DE: "0\000"-
#745033	REDUCE cov: 1076 ft: 2951 corp: 604/96Kb lim: 4096 exec/s: 4966 rss: 484Mb L: 7/3605 MS: 3 ChangeBinInt-EraseBytes-ChangeByte-
#746070	REDUCE cov: 1076 ft: 2951 corp: 604/96Kb lim: 4096 exec/s: 4940 rss: 484Mb L: 69/3605 MS: 2 EraseBytes-CopyPart-
#747402	REDUCE cov: 1076 ft: 2951 corp: 604/96Kb lim: 4096 exec/s: 4949 rss: 484Mb L: 32/3605 MS: 2 ChangeBit-EraseBytes-
#750704	REDUCE cov: 1076 ft: 2951 corp: 604/96Kb lim: 4096 exec/s: 4938 rss: 484Mb L: 261/3605 MS: 2 ShuffleBytes-EraseBytes-
#751840	REDUCE cov: 1077 ft: 2952 corp: 605/96Kb lim: 4096 exec/s: 4946 rss: 484Mb L: 11/3605 MS: 1 InsertByte-
#754372	REDUCE cov: 1077 ft: 2953 corp: 606/97Kb lim: 4096 exec/s: 4930 rss: 484Mb L: 700/3605 MS: 2 CopyPart-CopyPart-
#755048	NEW    cov: 1077 ft: 2954 corp: 607/97Kb lim: 4096 exec/s: 4934 rss: 484Mb L: 37/3605 MS: 1 CopyPart-
#756329	REDUCE cov: 1077 ft: 2954 corp: 607/97Kb lim: 4096 exec/s: 4943 rss: 484Mb L: 378/3605 MS: 1 EraseBytes-
#756545	REDUCE cov: 1077 ft: 2954 corp: 607/97Kb lim: 4096 exec/s: 4944 rss: 484Mb L: 14/3605 MS: 1 EraseBytes-
#757955	REDUCE cov: 1077 ft: 2954 corp: 607/97Kb lim: 4096 exec/s: 4953 rss: 484Mb L: 2077/3605 MS: 5 ShuffleBytes-CrossOver-CrossOver-InsertByte-EraseBytes-
#759003	REDUCE cov: 1077 ft: 2954 corp: 607/97Kb lim: 4096 exec/s: 4928 rss: 484Mb L: 130/3605 MS: 3 ChangeASCIIInt-ChangeBinInt-EraseBytes-
#760252	REDUCE cov: 1077 ft: 2954 corp: 607/97Kb lim: 4096 exec/s: 4936 rss: 484Mb L: 992/3605 MS: 4 ChangeBit-ChangeBinInt-ChangeBit-EraseBytes-
#760808	NEW    cov: 1077 ft: 2956 corp: 608/97Kb lim: 4096 exec/s: 4940 rss: 484Mb L: 38/3605 MS: 1 InsertByte-
#761914	REDUCE cov: 1077 ft: 2956 corp: 608/97Kb lim: 4096 exec/s: 4947 rss: 484Mb L: 212/3605 MS: 1 EraseBytes-
#762247	REDUCE cov: 1077 ft: 2956 corp: 608/97Kb lim: 4096 exec/s: 4949 rss: 484Mb L: 86/3605 MS: 3 ChangeBinInt-ShuffleBytes-EraseBytes-
#763288	REDUCE cov: 1077 ft: 2956 corp: 608/97Kb lim: 4096 exec/s: 4956 rss: 484Mb L: 196/3605 MS: 1 EraseBytes-
#764189	REDUCE cov: 1077 ft: 2956 corp: 608/97Kb lim: 4096 exec/s: 4962 rss: 484Mb L: 213/3605 MS: 1 EraseBytes-
#764365	REDUCE cov: 1077 ft: 2956 corp: 608/97Kb lim: 4096 exec/s: 4963 rss: 484Mb L: 86/3605 MS: 1 EraseBytes-
#765612	REDUCE cov: 1077 ft: 2956 corp: 608/97Kb lim: 4096 exec/s: 4939 rss: 484Mb L: 609/3605 MS: 2 ChangeBit-EraseBytes-
#767680	NEW    cov: 1077 ft: 2958 corp: 609/97Kb lim: 4096 exec/s: 4952 rss: 484Mb L: 71/3605 MS: 3 CrossOver-ChangeBit-CopyPart-
#767732	REDUCE cov: 1077 ft: 2958 corp: 609/97Kb lim: 4096 exec/s: 4953 rss: 484Mb L: 56/3605 MS: 2 ShuffleBytes-EraseBytes-
#769019	REDUCE cov: 1077 ft: 2958 corp: 609/97Kb lim: 4096 exec/s: 4961 rss: 484Mb L: 330/3605 MS: 2 ChangeBinInt-EraseBytes-
#769656	REDUCE cov: 1077 ft: 2958 corp: 609/97Kb lim: 4096 exec/s: 4965 rss: 484Mb L: 490/3605 MS: 2 CopyPart-EraseBytes-
#770317	NEW    cov: 1077 ft: 2959 corp: 610/97Kb lim: 4096 exec/s: 4969 rss: 484Mb L: 23/3605 MS: 1 CrossOver-
#772133	REDUCE cov: 1077 ft: 2959 corp: 610/97Kb lim: 4096 exec/s: 4949 rss: 484Mb L: 407/3605 MS: 1 EraseBytes-
#774033	REDUCE cov: 1077 ft: 2959 corp: 610/97Kb lim: 4096 exec/s: 4961 rss: 484Mb L: 28/3605 MS: 5 ChangeASCIIInt-ChangeASCIIInt-ChangeByte-ChangeASCIIInt-EraseBytes-
#775495	REDUCE cov: 1077 ft: 2959 corp: 610/97Kb lim: 4096 exec/s: 4971 rss: 484Mb L: 21/3605 MS: 2 EraseBytes-CrossOver-
#776701	REDUCE cov: 1077 ft: 2959 corp: 610/97Kb lim: 4096 exec/s: 4978 rss: 484Mb L: 222/3605 MS: 1 EraseBytes-
#776832	REDUCE cov: 1077 ft: 2959 corp: 610/97Kb lim: 4096 exec/s: 4979 rss: 484Mb L: 254/3605 MS: 1 EraseBytes-
#777568	REDUCE cov: 1077 ft: 2959 corp: 610/97Kb lim: 4096 exec/s: 4952 rss: 484Mb L: 72/3605 MS: 1 EraseBytes-
#778245	REDUCE cov: 1077 ft: 2959 corp: 610/97Kb lim: 4096 exec/s: 4956 rss: 484Mb L: 64/3605 MS: 2 ChangeBinInt-EraseBytes-
#779083	REDUCE cov: 1077 ft: 2959 corp: 610/97Kb lim: 4096 exec/s: 4962 rss: 484Mb L: 58/3605 MS: 3 ShuffleBytes-CopyPart-EraseBytes-
#779494	REDUCE cov: 1077 ft: 2959 corp: 610/97Kb lim: 4096 exec/s: 4964 rss: 484Mb L: 15/3605 MS: 1 EraseBytes-
#780945	REDUCE cov: 1077 ft: 2959 corp: 610/97Kb lim: 4096 exec/s: 4974 rss: 484Mb L: 19/3605 MS: 1 EraseBytes-
#783311	REDUCE cov: 1077 ft: 2959 corp: 610/97Kb lim: 4096 exec/s: 4989 rss: 484Mb L: 109/3605 MS: 1 EraseBytes-
#785002	REDUCE cov: 1077 ft: 2959 corp: 610/97Kb lim: 4096 exec/s: 4968 rss: 484Mb L: 375/3605 MS: 1 EraseBytes-
#785128	REDUCE cov: 1077 ft: 2959 corp: 610/97Kb lim: 4096 exec/s: 4969 rss: 484Mb L: 576/3605 MS: 1 EraseBytes-
#793055	NEW    cov: 1077 ft: 2960 corp: 611/97Kb lim: 4096 exec/s: 4987 rss: 485Mb L: 36/3605 MS: 2 ChangeBinInt-CrossOver-
#793192	REDUCE cov: 1077 ft: 2960 corp: 611/97Kb lim: 4096 exec/s: 4988 rss: 485Mb L: 401/3605 MS: 2 ShuffleBytes-EraseBytes-
#793388	REDUCE cov: 1077 ft: 2960 corp: 611/97Kb lim: 4096 exec/s: 4989 rss: 485Mb L: 79/3605 MS: 1 EraseBytes-
#796700	REDUCE cov: 1077 ft: 2960 corp: 611/97Kb lim: 4096 exec/s: 4979 rss: 485Mb L: 214/3605 MS: 2 ChangeByte-EraseBytes-
#797108	REDUCE cov: 1077 ft: 2960 corp: 611/97Kb lim: 4096 exec/s: 4981 rss: 485Mb L: 254/3605 MS: 3 InsertByte-CopyPart-EraseBytes-
#799369	REDUCE cov: 1077 ft: 2960 corp: 611/97Kb lim: 4096 exec/s: 4996 rss: 485Mb L: 519/3605 MS: 1 EraseBytes-
#800911	REDUCE cov: 1077 ft: 2960 corp: 611/97Kb lim: 4096 exec/s: 5005 rss: 485Mb L: 63/3605 MS: 2 PersAutoDict-EraseBytes- DE: "k\000\000\000"-
#801637	REDUCE cov: 1077 ft: 2960 corp: 611/97Kb lim: 4096 exec/s: 4979 rss: 485Mb L: 34/3605 MS: 1 EraseBytes-
#802856	REDUCE cov: 1077 ft: 2960 corp: 611/97Kb lim: 4096 exec/s: 4986 rss: 485Mb L: 176/3605 MS: 4 CrossOver-CrossOver-CopyPart-EraseBytes-
#803308	REDUCE cov: 1077 ft: 2960 corp: 611/97Kb lim: 4096 exec/s: 4989 rss: 485Mb L: 480/3605 MS: 2 ChangeByte-EraseBytes-
#804224	REDUCE cov: 1077 ft: 2960 corp: 611/97Kb lim: 4096 exec/s: 4995 rss: 485Mb L: 62/3605 MS: 1 EraseBytes-
#804851	REDUCE cov: 1077 ft: 2960 corp: 611/97Kb lim: 4096 exec/s: 4999 rss: 485Mb L: 53/3605 MS: 2 CopyPart-EraseBytes-
#805732	REDUCE cov: 1077 ft: 2960 corp: 611/97Kb lim: 4096 exec/s: 5004 rss: 485Mb L: 17/3605 MS: 1 EraseBytes-
#806008	REDUCE cov: 1077 ft: 2960 corp: 611/97Kb lim: 4096 exec/s: 5006 rss: 485Mb L: 216/3605 MS: 1 EraseBytes-
#807400	REDUCE cov: 1077 ft: 2960 corp: 611/97Kb lim: 4096 exec/s: 4983 rss: 485Mb L: 103/3605 MS: 2 ChangeASCIIInt-EraseBytes-
#808098	REDUCE cov: 1077 ft: 2960 corp: 611/97Kb lim: 4096 exec/s: 4988 rss: 485Mb L: 290/3605 MS: 3 EraseBytes-CopyPart-CopyPart-
#810059	REDUCE cov: 1077 ft: 2960 corp: 611/97Kb lim: 4096 exec/s: 5000 rss: 485Mb L: 62/3605 MS: 1 EraseBytes-
#816500	REDUCE cov: 1077 ft: 2960 corp: 611/97Kb lim: 4096 exec/s: 5009 rss: 485Mb L: 37/3605 MS: 1 EraseBytes-
#816763	REDUCE cov: 1077 ft: 2960 corp: 611/97Kb lim: 4096 exec/s: 5010 rss: 485Mb L: 45/3605 MS: 3 ChangeASCIIInt-ChangeASCIIInt-EraseBytes-
#816915	REDUCE cov: 1077 ft: 2960 corp: 611/97Kb lim: 4096 exec/s: 5011 rss: 485Mb L: 38/3605 MS: 2 EraseBytes-EraseBytes-
#816961	REDUCE cov: 1077 ft: 2960 corp: 611/97Kb lim: 4096 exec/s: 5012 rss: 485Mb L: 479/3605 MS: 1 EraseBytes-
#817599	REDUCE cov: 1077 ft: 2960 corp: 611/97Kb lim: 4096 exec/s: 5015 rss: 485Mb L: 85/3605 MS: 3 CrossOver-CrossOver-EraseBytes-
#818785	REDUCE cov: 1077 ft: 2960 corp: 611/97Kb lim: 4096 exec/s: 5023 rss: 485Mb L: 69/3605 MS: 1 EraseBytes-
#819471	REDUCE cov: 1077 ft: 2960 corp: 611/97Kb lim: 4096 exec/s: 4996 rss: 485Mb L: 15/3605 MS: 1 EraseBytes-
#820537	REDUCE cov: 1077 ft: 2960 corp: 611/97Kb lim: 4096 exec/s: 5003 rss: 485Mb L: 108/3605 MS: 1 EraseBytes-
#821154	REDUCE cov: 1077 ft: 2960 corp: 611/97Kb lim: 4096 exec/s: 5007 rss: 485Mb L: 800/3605 MS: 2 ChangeBinInt-EraseBytes-
#821638	REDUCE cov: 1077 ft: 2960 corp: 611/97Kb lim: 4096 exec/s: 5009 rss: 485Mb L: 986/3605 MS: 4 CrossOver-CopyPart-ShuffleBytes-EraseBytes-
#821690	REDUCE cov: 1077 ft: 2960 corp: 611/97Kb lim: 4096 exec/s: 5010 rss: 485Mb L: 1681/3605 MS: 2 CrossOver-EraseBytes-
#822781	REDUCE cov: 1077 ft: 2960 corp: 611/97Kb lim: 4096 exec/s: 5016 rss: 485Mb L: 204/3605 MS: 1 EraseBytes-
#824013	REDUCE cov: 1077 ft: 2960 corp: 611/97Kb lim: 4096 exec/s: 5024 rss: 485Mb L: 30/3605 MS: 2 CopyPart-EraseBytes-
#828584	REDUCE cov: 1077 ft: 2960 corp: 611/97Kb lim: 4096 exec/s: 5021 rss: 485Mb L: 35/3605 MS: 1 EraseBytes-
#829287	NEW    cov: 1077 ft: 2961 corp: 612/97Kb lim: 4096 exec/s: 5025 rss: 485Mb L: 287/3605 MS: 3 CMP-InsertRepeatedBytes-CopyPart- DE: "runtime:cap37"-
#832443	REDUCE cov: 1077 ft: 2961 corp: 612/97Kb lim: 4096 exec/s: 5014 rss: 485Mb L: 37/3605 MS: 1 EraseBytes-
#833442	REDUCE cov: 1077 ft: 2961 corp: 612/97Kb lim: 4096 exec/s: 5020 rss: 485Mb L: 146/3605 MS: 4 ChangeByte-PersAutoDict-ChangeByte-EraseBytes- DE: "\377o"-
#834104	REDUCE cov: 1077 ft: 2961 corp: 612/97Kb lim: 4096 exec/s: 5024 rss: 485Mb L: 240/3605 MS: 2 InsertByte-EraseBytes-
#835116	REDUCE cov: 1077 ft: 2961 corp: 612/97Kb lim: 4096 exec/s: 5000 rss: 485Mb L: 234/3605 MS: 2 InsertRepeatedBytes-EraseBytes-
#837063	REDUCE cov: 1077 ft: 2961 corp: 612/97Kb lim: 4096 exec/s: 5012 rss: 485Mb L: 404/3605 MS: 2 CrossOver-EraseBytes-
#837829	REDUCE cov: 1077 ft: 2961 corp: 612/97Kb lim: 4096 exec/s: 5016 rss: 485Mb L: 14/3605 MS: 1 EraseBytes-
#839331	REDUCE cov: 1077 ft: 2961 corp: 612/97Kb lim: 4096 exec/s: 4996 rss: 485Mb L: 781/3605 MS: 2 InsertRepeatedBytes-EraseBytes-
#839802	REDUCE cov: 1077 ft: 2961 corp: 612/97Kb lim: 4096 exec/s: 4998 rss: 485Mb L: 1074/3605 MS: 1 EraseBytes-
#840738	REDUCE cov: 1077 ft: 2961 corp: 612/97Kb lim: 4096 exec/s: 5004 rss: 485Mb L: 24/3605 MS: 1 EraseBytes-
#840926	REDUCE cov: 1077 ft: 2961 corp: 612/97Kb lim: 4096 exec/s: 5005 rss: 485Mb L: 28/3605 MS: 3 ChangeBit-ShuffleBytes-EraseBytes-
#842082	REDUCE cov: 1077 ft: 2961 corp: 612/97Kb lim: 4096 exec/s: 5012 rss: 485Mb L: 344/3605 MS: 1 EraseBytes-
#842615	REDUCE cov: 1077 ft: 2961 corp: 612/97Kb lim: 4096 exec/s: 5015 rss: 485Mb L: 261/3605 MS: 3 ChangeBit-PersAutoDict-EraseBytes- DE: "http"-
#843766	REDUCE cov: 1077 ft: 2961 corp: 612/97Kb lim: 4096 exec/s: 5022 rss: 485Mb L: 26/3605 MS: 1 EraseBytes-
#843859	REDUCE cov: 1077 ft: 2961 corp: 612/97Kb lim: 4096 exec/s: 5022 rss: 485Mb L: 56/3605 MS: 3 InsertByte-ShuffleBytes-EraseBytes-
#845166	REDUCE cov: 1077 ft: 2961 corp: 612/97Kb lim: 4096 exec/s: 5030 rss: 485Mb L: 197/3605 MS: 2 CopyPart-EraseBytes-
#849438	REDUCE cov: 1077 ft: 2961 corp: 612/97Kb lim: 4096 exec/s: 5026 rss: 485Mb L: 215/3605 MS: 2 PersAutoDict-EraseBytes- DE: "runtime:cap14"-
#850104	REDUCE cov: 1077 ft: 2961 corp: 612/97Kb lim: 4096 exec/s: 5030 rss: 485Mb L: 325/3605 MS: 1 EraseBytes-
#853863	REDUCE cov: 1077 ft: 2961 corp: 612/97Kb lim: 4096 exec/s: 5022 rss: 485Mb L: 242/3605 MS: 4 CMP-InsertByte-ShuffleBytes-EraseBytes- DE: "\001`"-
#855490	REDUCE cov: 1077 ft: 2961 corp: 612/97Kb lim: 4096 exec/s: 5032 rss: 485Mb L: 352/3605 MS: 2 InsertByte-EraseBytes-
#855747	REDUCE cov: 1077 ft: 2961 corp: 612/97Kb lim: 4096 exec/s: 5033 rss: 485Mb L: 106/3605 MS: 2 InsertRepeatedBytes-EraseBytes-
#858894	REDUCE cov: 1077 ft: 2961 corp: 612/97Kb lim: 4096 exec/s: 5022 rss: 485Mb L: 917/3605 MS: 2 CrossOver-EraseBytes-
#862330	REDUCE cov: 1077 ft: 2961 corp: 612/97Kb lim: 4096 exec/s: 5042 rss: 485Mb L: 57/3605 MS: 1 EraseBytes-
#862869	REDUCE cov: 1077 ft: 2961 corp: 612/97Kb lim: 4096 exec/s: 5046 rss: 485Mb L: 102/3605 MS: 4 ChangeBinInt-ChangeBit-ChangeByte-EraseBytes-
#862895	REDUCE cov: 1077 ft: 2961 corp: 612/97Kb lim: 4096 exec/s: 5046 rss: 485Mb L: 497/3605 MS: 1 EraseBytes-
#863767	REDUCE cov: 1077 ft: 2961 corp: 612/97Kb lim: 4096 exec/s: 5021 rss: 485Mb L: 742/3605 MS: 2 PersAutoDict-EraseBytes- DE: "7\000\000\000\000\000\000\000"-
#865058	REDUCE cov: 1077 ft: 2961 corp: 612/97Kb lim: 4096 exec/s: 5029 rss: 485Mb L: 465/3605 MS: 1 EraseBytes-
#866717	REDUCE cov: 1077 ft: 2961 corp: 612/97Kb lim: 4096 exec/s: 5039 rss: 485Mb L: 70/3605 MS: 2 ChangeASCIIInt-EraseBytes-
#867244	REDUCE cov: 1077 ft: 2961 corp: 612/97Kb lim: 4096 exec/s: 5042 rss: 485Mb L: 254/3605 MS: 2 ChangeASCIIInt-EraseBytes-
#869592	NEW    cov: 1077 ft: 2962 corp: 613/98Kb lim: 4096 exec/s: 5055 rss: 485Mb L: 1352/3605 MS: 3 ChangeASCIIInt-ChangeBit-CopyPart-
#870553	REDUCE cov: 1077 ft: 2962 corp: 613/98Kb lim: 4096 exec/s: 5032 rss: 485Mb L: 99/3605 MS: 1 EraseBytes-
#871015	REDUCE cov: 1077 ft: 2962 corp: 613/98Kb lim: 4096 exec/s: 5034 rss: 485Mb L: 76/3605 MS: 2 ChangeASCIIInt-EraseBytes-
#871466	REDUCE cov: 1077 ft: 2962 corp: 613/98Kb lim: 4096 exec/s: 5037 rss: 485Mb L: 33/3605 MS: 1 EraseBytes-
#873383	REDUCE cov: 1077 ft: 2962 corp: 613/98Kb lim: 4096 exec/s: 5048 rss: 485Mb L: 736/3605 MS: 2 ChangeByte-EraseBytes-
#873725	REDUCE cov: 1077 ft: 2962 corp: 613/98Kb lim: 4096 exec/s: 5050 rss: 485Mb L: 282/3605 MS: 2 InsertByte-EraseBytes-
#877997	REDUCE cov: 1077 ft: 2962 corp: 613/98Kb lim: 4096 exec/s: 5045 rss: 485Mb L: 689/3605 MS: 2 CopyPart-EraseBytes-
#878413	REDUCE cov: 1077 ft: 2962 corp: 613/98Kb lim: 4096 exec/s: 5048 rss: 485Mb L: 165/3605 MS: 1 EraseBytes-
#880807	REDUCE cov: 1077 ft: 2962 corp: 613/98Kb lim: 4096 exec/s: 5062 rss: 485Mb L: 279/3605 MS: 4 ChangeBit-ChangeBit-InsertByte-EraseBytes-
#882059	REDUCE cov: 1077 ft: 2962 corp: 613/98Kb lim: 4096 exec/s: 5040 rss: 485Mb L: 187/3605 MS: 2 ChangeBinInt-EraseBytes-
#883056	REDUCE cov: 1077 ft: 2962 corp: 613/98Kb lim: 4096 exec/s: 5046 rss: 485Mb L: 92/3605 MS: 2 InsertByte-EraseBytes-
#883117	REDUCE cov: 1077 ft: 2962 corp: 613/98Kb lim: 4096 exec/s: 5046 rss: 485Mb L: 30/3605 MS: 1 EraseBytes-
#889341	REDUCE cov: 1077 ft: 2962 corp: 613/98Kb lim: 4096 exec/s: 5053 rss: 485Mb L: 846/3605 MS: 4 ChangeASCIIInt-ChangeBinInt-ChangeByte-EraseBytes-
#890827	REDUCE cov: 1077 ft: 2962 corp: 613/98Kb lim: 4096 exec/s: 5061 rss: 485Mb L: 61/3605 MS: 1 EraseBytes-
#891268	REDUCE cov: 1077 ft: 2962 corp: 613/98Kb lim: 4096 exec/s: 5064 rss: 485Mb L: 343/3605 MS: 1 EraseBytes-
#891405	REDUCE cov: 1077 ft: 2962 corp: 613/98Kb lim: 4096 exec/s: 5064 rss: 485Mb L: 1466/3605 MS: 2 InsertByte-EraseBytes-
#892141	REDUCE cov: 1077 ft: 2962 corp: 613/98Kb lim: 4096 exec/s: 5068 rss: 485Mb L: 21/3605 MS: 1 EraseBytes-
#892412	REDUCE cov: 1077 ft: 2962 corp: 613/98Kb lim: 4096 exec/s: 5070 rss: 485Mb L: 38/3605 MS: 1 EraseBytes-
#892788	REDUCE cov: 1077 ft: 2962 corp: 613/98Kb lim: 4096 exec/s: 5072 rss: 485Mb L: 705/3605 MS: 1 EraseBytes-
#893396	REDUCE cov: 1077 ft: 2962 corp: 613/98Kb lim: 4096 exec/s: 5047 rss: 485Mb L: 1099/3605 MS: 3 ChangeBinInt-ChangeByte-EraseBytes-
#894097	REDUCE cov: 1077 ft: 2962 corp: 613/98Kb lim: 4096 exec/s: 5051 rss: 485Mb L: 358/3605 MS: 1 EraseBytes-
#895585	REDUCE cov: 1077 ft: 2962 corp: 613/98Kb lim: 4096 exec/s: 5059 rss: 485Mb L: 9/3605 MS: 3 ShuffleBytes-CopyPart-EraseBytes-
#897053	REDUCE cov: 1077 ft: 2962 corp: 613/98Kb lim: 4096 exec/s: 5068 rss: 485Mb L: 435/3605 MS: 3 ChangeASCIIInt-ShuffleBytes-EraseBytes-
#897222	REDUCE cov: 1077 ft: 2962 corp: 613/98Kb lim: 4096 exec/s: 5069 rss: 485Mb L: 458/3605 MS: 4 ChangeBit-ShuffleBytes-ChangeBinInt-EraseBytes-
#898513	REDUCE cov: 1077 ft: 2962 corp: 613/98Kb lim: 4096 exec/s: 5047 rss: 485Mb L: 19/3605 MS: 1 EraseBytes-
#899624	REDUCE cov: 1077 ft: 2962 corp: 613/98Kb lim: 4096 exec/s: 5054 rss: 485Mb L: 31/3605 MS: 1 EraseBytes-
#900700	REDUCE cov: 1077 ft: 2962 corp: 613/98Kb lim: 4096 exec/s: 5060 rss: 485Mb L: 13/3605 MS: 1 EraseBytes-
#900991	REDUCE cov: 1077 ft: 2962 corp: 613/98Kb lim: 4096 exec/s: 5061 rss: 485Mb L: 87/3605 MS: 1 EraseBytes-
#901382	REDUCE cov: 1077 ft: 2962 corp: 613/98Kb lim: 4096 exec/s: 5063 rss: 485Mb L: 146/3605 MS: 1 EraseBytes-
#901968	REDUCE cov: 1077 ft: 2962 corp: 613/98Kb lim: 4096 exec/s: 5067 rss: 485Mb L: 431/3605 MS: 1 EraseBytes-
#903707	REDUCE cov: 1077 ft: 2962 corp: 613/98Kb lim: 4096 exec/s: 5048 rss: 485Mb L: 67/3605 MS: 4 CopyPart-ChangeByte-ChangeByte-EraseBytes-
#903772	REDUCE cov: 1077 ft: 2962 corp: 613/98Kb lim: 4096 exec/s: 5049 rss: 485Mb L: 357/3605 MS: 5 PersAutoDict-ChangeASCIIInt-InsertByte-PersAutoDict-EraseBytes- DE: "runtime:cap50"-"\001\000\000n"-
#904243	REDUCE cov: 1077 ft: 2962 corp: 613/98Kb lim: 4096 exec/s: 5051 rss: 485Mb L: 269/3605 MS: 1 EraseBytes-
#906907	REDUCE cov: 1077 ft: 2962 corp: 613/98Kb lim: 4096 exec/s: 5066 rss: 485Mb L: 279/3605 MS: 4 ShuffleBytes-ChangeASCIIInt-ChangeBit-EraseBytes-
#909034	REDUCE cov: 1077 ft: 2962 corp: 613/98Kb lim: 4096 exec/s: 5078 rss: 485Mb L: 28/3605 MS: 2 ChangeByte-EraseBytes-
#910480	REDUCE cov: 1077 ft: 2965 corp: 614/98Kb lim: 4096 exec/s: 5058 rss: 485Mb L: 35/3605 MS: 1 CopyPart-
#910944	REDUCE cov: 1077 ft: 2965 corp: 614/98Kb lim: 4096 exec/s: 5060 rss: 485Mb L: 44/3605 MS: 4 ShuffleBytes-ChangeASCIIInt-EraseBytes-CopyPart-
#912583	REDUCE cov: 1077 ft: 2965 corp: 614/98Kb lim: 4096 exec/s: 5069 rss: 485Mb L: 59/3605 MS: 4 PersAutoDict-ChangeASCIIInt-ChangeASCIIInt-EraseBytes- DE: "\377_"-
#913410	REDUCE cov: 1077 ft: 2965 corp: 614/98Kb lim: 4096 exec/s: 5074 rss: 485Mb L: 1673/3605 MS: 2 ChangeASCIIInt-EraseBytes-
#914161	REDUCE cov: 1077 ft: 2965 corp: 614/98Kb lim: 4096 exec/s: 5078 rss: 485Mb L: 52/3605 MS: 1 EraseBytes-
#914319	REDUCE cov: 1077 ft: 2965 corp: 614/97Kb lim: 4096 exec/s: 5079 rss: 485Mb L: 1276/3605 MS: 3 ChangeASCIIInt-ShuffleBytes-EraseBytes-
#914577	REDUCE cov: 1077 ft: 2965 corp: 614/97Kb lim: 4096 exec/s: 5080 rss: 485Mb L: 207/3605 MS: 3 ChangeByte-PersAutoDict-EraseBytes- DE: "\000\000\000\000\000\000\000\001"-
#915003	REDUCE cov: 1077 ft: 2965 corp: 614/97Kb lim: 4096 exec/s: 5055 rss: 485Mb L: 437/3605 MS: 1 EraseBytes-
#915869	REDUCE cov: 1077 ft: 2965 corp: 614/97Kb lim: 4096 exec/s: 5060 rss: 485Mb L: 779/3605 MS: 1 EraseBytes-
#917013	REDUCE cov: 1077 ft: 2965 corp: 614/97Kb lim: 4096 exec/s: 5066 rss: 485Mb L: 108/3605 MS: 4 ChangeBinInt-ChangeBit-ChangeBinInt-EraseBytes-
#917749	REDUCE cov: 1077 ft: 2965 corp: 614/97Kb lim: 4096 exec/s: 5070 rss: 485Mb L: 248/3605 MS: 1 EraseBytes-
#920706	REDUCE cov: 1077 ft: 2965 corp: 614/97Kb lim: 4096 exec/s: 5058 rss: 485Mb L: 33/3605 MS: 2 EraseBytes-ChangeByte-
#921092	REDUCE cov: 1077 ft: 2965 corp: 614/97Kb lim: 4096 exec/s: 5060 rss: 485Mb L: 230/3605 MS: 1 EraseBytes-
#922893	REDUCE cov: 1077 ft: 2965 corp: 614/97Kb lim: 4096 exec/s: 5070 rss: 485Mb L: 264/3605 MS: 1 EraseBytes-
#923371	REDUCE cov: 1077 ft: 2965 corp: 614/97Kb lim: 4096 exec/s: 5073 rss: 485Mb L: 718/3605 MS: 3 ChangeASCIIInt-ChangeBinInt-EraseBytes-
#924344	REDUCE cov: 1077 ft: 2965 corp: 614/97Kb lim: 4096 exec/s: 5078 rss: 485Mb L: 63/3605 MS: 3 CopyPart-CopyPart-EraseBytes-
#924900	REDUCE cov: 1077 ft: 2965 corp: 614/97Kb lim: 4096 exec/s: 5081 rss: 485Mb L: 18/3605 MS: 1 EraseBytes-
#925059	REDUCE cov: 1077 ft: 2965 corp: 614/97Kb lim: 4096 exec/s: 5082 rss: 485Mb L: 304/3605 MS: 4 ChangeBinInt-InsertByte-ChangeByte-EraseBytes-
#926052	REDUCE cov: 1077 ft: 2965 corp: 614/97Kb lim: 4096 exec/s: 5060 rss: 485Mb L: 72/3605 MS: 3 ChangeASCIIInt-ChangeBit-EraseBytes-
#927977	REDUCE cov: 1077 ft: 2965 corp: 614/97Kb lim: 4096 exec/s: 5070 rss: 485Mb L: 43/3605 MS: 5 CMP-CMP-ChangeASCIIInt-ChangeBinInt-EraseBytes- DE: "runtime:cap3"-"runtime:cap4"-
#929857	REDUCE cov: 1077 ft: 2965 corp: 614/97Kb lim: 4096 exec/s: 5081 rss: 485Mb L: 18/3605 MS: 5 ChangeBinInt-CrossOver-PersAutoDict-CrossOver-EraseBytes- DE: "\017\000\000\000\000\000\000\000"-
#931858	REDUCE cov: 1077 ft: 2965 corp: 614/97Kb lim: 4096 exec/s: 5064 rss: 485Mb L: 52/3605 MS: 1 EraseBytes-
#931915	REDUCE cov: 1077 ft: 2965 corp: 614/97Kb lim: 4096 exec/s: 5064 rss: 485Mb L: 187/3605 MS: 2 InsertByte-EraseBytes-
#932961	REDUCE cov: 1078 ft: 2966 corp: 615/97Kb lim: 4096 exec/s: 5070 rss: 485Mb L: 13/3605 MS: 1 CopyPart-
#933173	REDUCE cov: 1078 ft: 2966 corp: 615/97Kb lim: 4096 exec/s: 5071 rss: 485Mb L: 258/3605 MS: 2 PersAutoDict-EraseBytes- DE: "\000\000\000\000\000\000\000\000"-
#933445	REDUCE cov: 1078 ft: 2966 corp: 615/97Kb lim: 4096 exec/s: 5073 rss: 485Mb L: 25/3605 MS: 2 ChangeBinInt-EraseBytes-
#934369	REDUCE cov: 1078 ft: 2966 corp: 615/97Kb lim: 4096 exec/s: 5078 rss: 485Mb L: 2071/3605 MS: 4 ChangeBit-InsertRepeatedBytes-CMP-EraseBytes- DE: "runtime:cap61"-
#936653	REDUCE cov: 1078 ft: 2966 corp: 615/97Kb lim: 4096 exec/s: 5062 rss: 485Mb L: 487/3605 MS: 4 ShuffleBytes-InsertByte-ShuffleBytes-EraseBytes-
#940631	REDUCE cov: 1078 ft: 2966 corp: 615/97Kb lim: 4096 exec/s: 5084 rss: 485Mb L: 218/3605 MS: 3 CopyPart-EraseBytes-CopyPart-
#941232	REDUCE cov: 1078 ft: 2966 corp: 615/97Kb lim: 4096 exec/s: 5087 rss: 485Mb L: 94/3605 MS: 1 EraseBytes-
#941844	REDUCE cov: 1078 ft: 2966 corp: 615/97Kb lim: 4096 exec/s: 5091 rss: 485Mb L: 21/3605 MS: 2 ShuffleBytes-EraseBytes-
#943281	REDUCE cov: 1078 ft: 2966 corp: 615/97Kb lim: 4096 exec/s: 5071 rss: 485Mb L: 185/3605 MS: 2 ChangeBit-EraseBytes-
#943727	REDUCE cov: 1078 ft: 2966 corp: 615/97Kb lim: 4096 exec/s: 5073 rss: 485Mb L: 543/3605 MS: 1 EraseBytes-
#944457	REDUCE cov: 1078 ft: 2966 corp: 615/97Kb lim: 4096 exec/s: 5077 rss: 485Mb L: 109/3605 MS: 5 InsertByte-EraseBytes-ChangeByte-ChangeBit-CopyPart-
#945613	REDUCE cov: 1078 ft: 2966 corp: 615/97Kb lim: 4096 exec/s: 5083 rss: 485Mb L: 357/3605 MS: 1 EraseBytes-
#949299	REDUCE cov: 1078 ft: 2966 corp: 615/97Kb lim: 4096 exec/s: 5076 rss: 485Mb L: 241/3605 MS: 1 EraseBytes-
#951571	REDUCE cov: 1078 ft: 2966 corp: 615/97Kb lim: 4096 exec/s: 5088 rss: 485Mb L: 231/3605 MS: 2 ShuffleBytes-EraseBytes-
#952093	REDUCE cov: 1078 ft: 2966 corp: 615/97Kb lim: 4096 exec/s: 5091 rss: 485Mb L: 713/3605 MS: 2 CopyPart-EraseBytes-
#952564	REDUCE cov: 1078 ft: 2966 corp: 615/97Kb lim: 4096 exec/s: 5093 rss: 485Mb L: 571/3605 MS: 1 EraseBytes-
#957325	REDUCE cov: 1078 ft: 2966 corp: 615/97Kb lim: 4096 exec/s: 5092 rss: 485Mb L: 18/3605 MS: 1 EraseBytes-
#958720	REDUCE cov: 1078 ft: 2966 corp: 615/97Kb lim: 4096 exec/s: 5099 rss: 485Mb L: 160/3605 MS: 5 ShuffleBytes-CopyPart-EraseBytes-CopyPart-CrossOver-
#958887	REDUCE cov: 1078 ft: 2966 corp: 615/97Kb lim: 4096 exec/s: 5100 rss: 485Mb L: 1669/3605 MS: 2 ChangeByte-EraseBytes-
#960315	REDUCE cov: 1078 ft: 2966 corp: 615/97Kb lim: 4096 exec/s: 5108 rss: 485Mb L: 93/3605 MS: 3 CopyPart-PersAutoDict-EraseBytes- DE: "\001\000\000\000"-
#961897	REDUCE cov: 1078 ft: 2967 corp: 616/99Kb lim: 4096 exec/s: 5089 rss: 485Mb L: 1786/3605 MS: 2 CopyPart-CopyPart-
#962443	REDUCE cov: 1078 ft: 2967 corp: 616/99Kb lim: 4096 exec/s: 5092 rss: 485Mb L: 42/3605 MS: 1 EraseBytes-
#962589	REDUCE cov: 1078 ft: 2967 corp: 616/99Kb lim: 4096 exec/s: 5093 rss: 485Mb L: 69/3605 MS: 1 EraseBytes-
#966621	REDUCE cov: 1078 ft: 2967 corp: 616/99Kb lim: 4096 exec/s: 5087 rss: 485Mb L: 196/3605 MS: 2 ChangeBit-EraseBytes-
#966648	REDUCE cov: 1078 ft: 2967 corp: 616/99Kb lim: 4096 exec/s: 5087 rss: 485Mb L: 14/3605 MS: 2 ChangeBinInt-EraseBytes-
#969697	REDUCE cov: 1078 ft: 2967 corp: 616/99Kb lim: 4096 exec/s: 5103 rss: 485Mb L: 827/3605 MS: 4 ChangeASCIIInt-ChangeByte-InsertRepeatedBytes-EraseBytes-
#970728	REDUCE cov: 1078 ft: 2967 corp: 616/99Kb lim: 4096 exec/s: 5109 rss: 485Mb L: 91/3605 MS: 1 EraseBytes-
#973026	REDUCE cov: 1078 ft: 2967 corp: 616/99Kb lim: 4096 exec/s: 5094 rss: 485Mb L: 505/3605 MS: 3 CrossOver-EraseBytes-CopyPart-
#973351	REDUCE cov: 1078 ft: 2967 corp: 616/99Kb lim: 4096 exec/s: 5096 rss: 485Mb L: 947/3605 MS: 5 PersAutoDict-ChangeASCIIInt-ChangeASCIIInt-ChangeByte-EraseBytes- DE: "runtime:cap61"-
#975211	REDUCE cov: 1078 ft: 2967 corp: 616/99Kb lim: 4096 exec/s: 5105 rss: 485Mb L: 238/3605 MS: 5 ChangeBit-ChangeBinInt-EraseBytes-ChangeASCIIInt-ShuffleBytes-
#975592	REDUCE cov: 1078 ft: 2967 corp: 616/99Kb lim: 4096 exec/s: 5107 rss: 485Mb L: 517/3605 MS: 1 EraseBytes-
#977723	REDUCE cov: 1078 ft: 2976 corp: 617/99Kb lim: 4096 exec/s: 5092 rss: 485Mb L: 22/3605 MS: 1 CopyPart-
#978788	REDUCE cov: 1078 ft: 2976 corp: 617/99Kb lim: 4096 exec/s: 5097 rss: 485Mb L: 1206/3605 MS: 5 CopyPart-ChangeByte-ChangeBit-PersAutoDict-EraseBytes- DE: "0\000"-
#980614	REDUCE cov: 1078 ft: 2976 corp: 617/99Kb lim: 4096 exec/s: 5080 rss: 485Mb L: 36/3605 MS: 1 EraseBytes-
#983100	REDUCE cov: 1078 ft: 2976 corp: 617/99Kb lim: 4096 exec/s: 5093 rss: 486Mb L: 498/3605 MS: 1 EraseBytes-
#983817	REDUCE cov: 1078 ft: 2976 corp: 617/99Kb lim: 4096 exec/s: 5071 rss: 487Mb L: 163/3605 MS: 2 ShuffleBytes-EraseBytes-
#986081	REDUCE cov: 1078 ft: 2976 corp: 617/99Kb lim: 4096 exec/s: 5082 rss: 488Mb L: 548/3605 MS: 4 CopyPart-EraseBytes-ChangeByte-EraseBytes-
#987307	REDUCE cov: 1078 ft: 2976 corp: 617/99Kb lim: 4096 exec/s: 5063 rss: 488Mb L: 81/3605 MS: 1 EraseBytes-
#987374	REDUCE cov: 1078 ft: 2976 corp: 617/99Kb lim: 4096 exec/s: 5063 rss: 488Mb L: 1466/3605 MS: 2 ChangeASCIIInt-EraseBytes-
#988315	REDUCE cov: 1078 ft: 2976 corp: 617/99Kb lim: 4096 exec/s: 5068 rss: 488Mb L: 275/3605 MS: 1 EraseBytes-
#988335	REDUCE cov: 1078 ft: 2976 corp: 617/99Kb lim: 4096 exec/s: 5068 rss: 488Mb L: 158/3605 MS: 5 ChangeBinInt-ChangeByte-ChangeBinInt-ChangeBinInt-EraseBytes-
#988581	REDUCE cov: 1078 ft: 2976 corp: 617/99Kb lim: 4096 exec/s: 5069 rss: 488Mb L: 400/3605 MS: 1 EraseBytes-
#990182	REDUCE cov: 1078 ft: 2976 corp: 617/99Kb lim: 4096 exec/s: 5051 rss: 488Mb L: 24/3605 MS: 1 EraseBytes-
#990192	NEW    cov: 1078 ft: 2977 corp: 618/102Kb lim: 4096 exec/s: 5052 rss: 488Mb L: 3325/3605 MS: 5 ChangeASCIIInt-InsertByte-InsertByte-InsertByte-CopyPart-
#990819	REDUCE cov: 1078 ft: 2977 corp: 618/102Kb lim: 4096 exec/s: 5055 rss: 488Mb L: 1782/3605 MS: 2 ChangeBit-EraseBytes-
#992245	REDUCE cov: 1078 ft: 2977 corp: 618/102Kb lim: 4096 exec/s: 5036 rss: 488Mb L: 307/3605 MS: 1 EraseBytes-
#992753	REDUCE cov: 1078 ft: 2977 corp: 618/102Kb lim: 4096 exec/s: 5039 rss: 488Mb L: 24/3605 MS: 3 CopyPart-ShuffleBytes-EraseBytes-
#992922	REDUCE cov: 1078 ft: 2977 corp: 618/102Kb lim: 4096 exec/s: 5040 rss: 488Mb L: 1200/3605 MS: 4 CMP-CopyPart-PersAutoDict-EraseBytes- DE: "\001\000\000\000\000\000\000\020"-"\377\377\377\377\377\377\377\377"-
#993443	REDUCE cov: 1078 ft: 2977 corp: 618/102Kb lim: 4096 exec/s: 5042 rss: 488Mb L: 244/3605 MS: 1 EraseBytes-
#993589	REDUCE cov: 1078 ft: 2977 corp: 618/102Kb lim: 4096 exec/s: 5043 rss: 488Mb L: 687/3605 MS: 1 EraseBytes-
#994930	REDUCE cov: 1078 ft: 2977 corp: 618/102Kb lim: 4096 exec/s: 5050 rss: 488Mb L: 32/3605 MS: 1 EraseBytes-
#998276	REDUCE cov: 1078 ft: 2977 corp: 618/102Kb lim: 4096 exec/s: 5041 rss: 488Mb L: 122/3605 MS: 1 EraseBytes-
#998540	REDUCE cov: 1078 ft: 2977 corp: 618/102Kb lim: 4096 exec/s: 5043 rss: 488Mb L: 163/3605 MS: 4 InsertByte-EraseBytes-ChangeByte-CopyPart-
#998749	REDUCE cov: 1078 ft: 2977 corp: 618/102Kb lim: 4096 exec/s: 5018 rss: 488Mb L: 158/3605 MS: 4 CMP-ChangeBit-ShuffleBytes-EraseBytes- DE: "|\000\000\000"-
#999015	REDUCE cov: 1078 ft: 2977 corp: 618/102Kb lim: 4096 exec/s: 5020 rss: 488Mb L: 66/3605 MS: 1 EraseBytes-
#1000754	REDUCE cov: 1078 ft: 2977 corp: 618/102Kb lim: 4096 exec/s: 5028 rss: 488Mb L: 107/3605 MS: 3 ChangeByte-ChangeASCIIInt-EraseBytes-
#1004382	NEW    cov: 1079 ft: 2978 corp: 619/102Kb lim: 4096 exec/s: 5021 rss: 488Mb L: 23/3605 MS: 2 InsertByte-CopyPart-
#1006518	REDUCE cov: 1079 ft: 2978 corp: 619/102Kb lim: 4096 exec/s: 5007 rss: 489Mb L: 7/3605 MS: 1 EraseBytes-
#1014240	REDUCE cov: 1079 ft: 2978 corp: 619/102Kb lim: 4096 exec/s: 5020 rss: 489Mb L: 21/3605 MS: 2 CopyPart-EraseBytes-
#1014287	REDUCE cov: 1079 ft: 2978 corp: 619/102Kb lim: 4096 exec/s: 5021 rss: 489Mb L: 223/3605 MS: 2 ChangeBinInt-EraseBytes-
#1015089	REDUCE cov: 1079 ft: 2978 corp: 619/102Kb lim: 4096 exec/s: 5000 rss: 489Mb L: 250/3605 MS: 2 InsertByte-EraseBytes-
#1017940	REDUCE cov: 1079 ft: 2978 corp: 619/102Kb lim: 4096 exec/s: 5014 rss: 489Mb L: 1764/3605 MS: 1 EraseBytes-
#1018981	REDUCE cov: 1079 ft: 2978 corp: 619/102Kb lim: 4096 exec/s: 5019 rss: 489Mb L: 94/3605 MS: 1 EraseBytes-
#1020237	REDUCE cov: 1079 ft: 2978 corp: 619/102Kb lim: 4096 exec/s: 5001 rss: 489Mb L: 26/3605 MS: 1 EraseBytes-
#1025369	REDUCE cov: 1079 ft: 2978 corp: 619/102Kb lim: 4096 exec/s: 5001 rss: 492Mb L: 157/3605 MS: 2 PersAutoDict-EraseBytes- DE: "runtime:cap61"-
#1025841	REDUCE cov: 1079 ft: 2978 corp: 619/102Kb lim: 4096 exec/s: 5004 rss: 492Mb L: 142/3605 MS: 2 InsertByte-EraseBytes-
#1025865	REDUCE cov: 1079 ft: 2978 corp: 619/102Kb lim: 4096 exec/s: 5004 rss: 492Mb L: 28/3605 MS: 4 ChangeBit-CopyPart-EraseBytes-InsertByte-
#1027512	REDUCE cov: 1079 ft: 2978 corp: 619/102Kb lim: 4096 exec/s: 5012 rss: 493Mb L: 88/3605 MS: 2 CopyPart-EraseBytes-
#1029655	REDUCE cov: 1079 ft: 2978 corp: 619/102Kb lim: 4096 exec/s: 5022 rss: 493Mb L: 472/3605 MS: 3 ChangeByte-ChangeByte-EraseBytes-
#1033392	REDUCE cov: 1079 ft: 2978 corp: 619/102Kb lim: 4096 exec/s: 5016 rss: 494Mb L: 964/3605 MS: 2 EraseBytes-PersAutoDict- DE: "\001\000\000\000\000\000\000\001"-
#1035588	REDUCE cov: 1079 ft: 2978 corp: 619/102Kb lim: 4096 exec/s: 5002 rss: 494Mb L: 107/3605 MS: 1 EraseBytes-
#1042495	REDUCE cov: 1079 ft: 2978 corp: 619/102Kb lim: 4096 exec/s: 4988 rss: 494Mb L: 11/3605 MS: 2 InsertByte-EraseBytes-
#1042979	REDUCE cov: 1079 ft: 2978 corp: 619/102Kb lim: 4096 exec/s: 4990 rss: 494Mb L: 217/3605 MS: 4 CopyPart-CrossOver-EraseBytes-ChangeBit-
#1046147	REDUCE cov: 1079 ft: 2978 corp: 619/102Kb lim: 4096 exec/s: 4981 rss: 494Mb L: 1091/3605 MS: 3 ChangeByte-ChangeByte-EraseBytes-
#1046578	REDUCE cov: 1079 ft: 2978 corp: 619/102Kb lim: 4096 exec/s: 4983 rss: 494Mb L: 184/3605 MS: 1 EraseBytes-
#1048576	pulse  cov: 1079 ft: 2978 corp: 619/102Kb lim: 4096 exec/s: 4969 rss: 494Mb
#1050264	REDUCE cov: 1079 ft: 2978 corp: 619/102Kb lim: 4096 exec/s: 4977 rss: 494Mb L: 41/3605 MS: 1 EraseBytes-
#1058256	REDUCE cov: 1079 ft: 2978 corp: 619/102Kb lim: 4096 exec/s: 4945 rss: 494Mb L: 118/3605 MS: 2 ChangeBit-EraseBytes-
#1061168	REDUCE cov: 1079 ft: 2978 corp: 619/102Kb lim: 4096 exec/s: 4935 rss: 494Mb L: 198/3605 MS: 2 EraseBytes-CopyPart-
#1061509	REDUCE cov: 1079 ft: 2978 corp: 619/102Kb lim: 4096 exec/s: 4937 rss: 494Mb L: 43/3605 MS: 1 EraseBytes-
#1062410	REDUCE cov: 1079 ft: 2978 corp: 619/102Kb lim: 4096 exec/s: 4941 rss: 494Mb L: 17/3605 MS: 1 EraseBytes-
#1063721	REDUCE cov: 1079 ft: 2978 corp: 619/102Kb lim: 4096 exec/s: 4947 rss: 494Mb L: 17/3605 MS: 1 EraseBytes-
#1064792	REDUCE cov: 1079 ft: 2978 corp: 619/102Kb lim: 4096 exec/s: 4952 rss: 494Mb L: 169/3605 MS: 1 EraseBytes-
#1064996	REDUCE cov: 1079 ft: 2978 corp: 619/102Kb lim: 4096 exec/s: 4953 rss: 494Mb L: 359/3605 MS: 4 CrossOver-ChangeASCIIInt-ShuffleBytes-EraseBytes-
#1065312	REDUCE cov: 1079 ft: 2978 corp: 619/102Kb lim: 4096 exec/s: 4954 rss: 494Mb L: 149/3605 MS: 1 EraseBytes-
#1068460	REDUCE cov: 1079 ft: 2978 corp: 619/102Kb lim: 4096 exec/s: 4946 rss: 494Mb L: 541/3605 MS: 3 EraseBytes-ChangeBinInt-CopyPart-
#1068620	REDUCE cov: 1079 ft: 2978 corp: 619/102Kb lim: 4096 exec/s: 4947 rss: 494Mb L: 239/3605 MS: 5 ChangeBinInt-ChangeByte-CopyPart-ChangeBit-EraseBytes-
#1069830	REDUCE cov: 1079 ft: 2978 corp: 619/102Kb lim: 4096 exec/s: 4952 rss: 494Mb L: 206/3605 MS: 5 ChangeASCIIInt-InsertByte-InsertByte-CopyPart-EraseBytes-
#1070101	REDUCE cov: 1079 ft: 2978 corp: 619/102Kb lim: 4096 exec/s: 4931 rss: 494Mb L: 97/3605 MS: 1 EraseBytes-
#1070950	REDUCE cov: 1079 ft: 2978 corp: 619/102Kb lim: 4096 exec/s: 4935 rss: 494Mb L: 42/3605 MS: 4 CopyPart-ShuffleBytes-CopyPart-EraseBytes-
#1073822	REDUCE cov: 1079 ft: 2978 corp: 619/102Kb lim: 4096 exec/s: 4925 rss: 494Mb L: 1553/3605 MS: 1 EraseBytes-
#1075863	REDUCE cov: 1079 ft: 2978 corp: 619/102Kb lim: 4096 exec/s: 4935 rss: 494Mb L: 237/3605 MS: 1 EraseBytes-
#1075899	REDUCE cov: 1079 ft: 2978 corp: 619/102Kb lim: 4096 exec/s: 4935 rss: 494Mb L: 34/3605 MS: 1 EraseBytes-
#1076900	REDUCE cov: 1079 ft: 2978 corp: 619/102Kb lim: 4096 exec/s: 4917 rss: 494Mb L: 104/3605 MS: 1 EraseBytes-
#1078791	REDUCE cov: 1079 ft: 2978 corp: 619/102Kb lim: 4096 exec/s: 4925 rss: 494Mb L: 152/3605 MS: 1 EraseBytes-
#1082684	REDUCE cov: 1079 ft: 2978 corp: 619/102Kb lim: 4096 exec/s: 4921 rss: 494Mb L: 72/3605 MS: 3 ChangeBit-ChangeBit-EraseBytes-
#1085165	REDUCE cov: 1079 ft: 2978 corp: 619/102Kb lim: 4096 exec/s: 4910 rss: 494Mb L: 62/3605 MS: 1 EraseBytes-
#1085522	REDUCE cov: 1079 ft: 2978 corp: 619/102Kb lim: 4096 exec/s: 4911 rss: 494Mb L: 31/3605 MS: 2 ChangeASCIIInt-EraseBytes-
#1086584	REDUCE cov: 1079 ft: 2978 corp: 619/102Kb lim: 4096 exec/s: 4894 rss: 494Mb L: 306/3605 MS: 2 CopyPart-EraseBytes-
#1087321	REDUCE cov: 1079 ft: 2978 corp: 619/102Kb lim: 4096 exec/s: 4897 rss: 494Mb L: 6/3605 MS: 2 ChangeByte-EraseBytes-
#1087932	REDUCE cov: 1079 ft: 2978 corp: 619/102Kb lim: 4096 exec/s: 4900 rss: 494Mb L: 413/3605 MS: 1 EraseBytes-
#1088361	REDUCE cov: 1079 ft: 2978 corp: 619/102Kb lim: 4096 exec/s: 4902 rss: 494Mb L: 239/3605 MS: 4 InsertByte-ChangeBit-CopyPart-EraseBytes-
#1090398	REDUCE cov: 1079 ft: 2978 corp: 619/102Kb lim: 4096 exec/s: 4889 rss: 494Mb L: 66/3605 MS: 2 ShuffleBytes-EraseBytes-
#1092076	REDUCE cov: 1079 ft: 2979 corp: 620/102Kb lim: 4096 exec/s: 4897 rss: 494Mb L: 601/3605 MS: 3 CMP-CopyPart-CopyPart- DE: "runtime:cap74"-
#1096697	REDUCE cov: 1079 ft: 2979 corp: 620/102Kb lim: 4096 exec/s: 4874 rss: 494Mb L: 439/3605 MS: 1 EraseBytes-
#1099088	REDUCE cov: 1079 ft: 2979 corp: 620/102Kb lim: 4096 exec/s: 4863 rss: 494Mb L: 22/3605 MS: 1 EraseBytes-
#1099204	REDUCE cov: 1079 ft: 2979 corp: 620/102Kb lim: 4096 exec/s: 4863 rss: 494Mb L: 53/3605 MS: 1 EraseBytes-
#1099325	REDUCE cov: 1079 ft: 2979 corp: 620/102Kb lim: 4096 exec/s: 4864 rss: 494Mb L: 16/3605 MS: 1 EraseBytes-
#1100421	REDUCE cov: 1079 ft: 2979 corp: 620/102Kb lim: 4096 exec/s: 4869 rss: 494Mb L: 218/3605 MS: 1 EraseBytes-
#1102139	REDUCE cov: 1079 ft: 2979 corp: 620/102Kb lim: 4096 exec/s: 4855 rss: 494Mb L: 7/3605 MS: 3 InsertByte-EraseBytes-InsertByte-
#1104458	REDUCE cov: 1079 ft: 2979 corp: 620/102Kb lim: 4096 exec/s: 4865 rss: 494Mb L: 207/3605 MS: 4 CMP-ShuffleBytes-EraseBytes-PersAutoDict- DE: "\011\000\000\000\000\000\000\000"-"z\000\000\000"-
#1107558	REDUCE cov: 1079 ft: 2979 corp: 620/102Kb lim: 4096 exec/s: 4857 rss: 494Mb L: 196/3605 MS: 5 InsertByte-CopyPart-PersAutoDict-ChangeBinInt-CrossOver- DE: "\377_"-
#1108793	REDUCE cov: 1079 ft: 2979 corp: 620/102Kb lim: 4096 exec/s: 4841 rss: 494Mb L: 67/3605 MS: 5 ChangeBit-ShuffleBytes-ChangeBit-ChangeByte-EraseBytes-
#1108983	REDUCE cov: 1079 ft: 2979 corp: 620/102Kb lim: 4096 exec/s: 4842 rss: 494Mb L: 253/3605 MS: 5 EraseBytes-CopyPart-CMP-ChangeByte-CopyPart- DE: "\001\000\000\000\000\000\000\000"-
#1109502	REDUCE cov: 1079 ft: 2979 corp: 620/102Kb lim: 4096 exec/s: 4844 rss: 494Mb L: 204/3605 MS: 4 CopyPart-ChangeBit-EraseBytes-CMP- DE: "\001\000\000\000"-
#1112008	REDUCE cov: 1079 ft: 2979 corp: 620/102Kb lim: 4096 exec/s: 4834 rss: 494Mb L: 164/3605 MS: 1 EraseBytes-
#1112980	REDUCE cov: 1079 ft: 2979 corp: 620/102Kb lim: 4096 exec/s: 4839 rss: 494Mb L: 246/3605 MS: 2 InsertByte-EraseBytes-
#1113394	REDUCE cov: 1079 ft: 2979 corp: 620/102Kb lim: 4096 exec/s: 4840 rss: 494Mb L: 193/3605 MS: 4 ChangeBit-ShuffleBytes-CopyPart-EraseBytes-
#1113551	REDUCE cov: 1079 ft: 2979 corp: 620/102Kb lim: 4096 exec/s: 4841 rss: 494Mb L: 113/3605 MS: 2 CMP-EraseBytes- DE: "\000{"-
#1115713	REDUCE cov: 1079 ft: 2979 corp: 620/102Kb lim: 4096 exec/s: 4829 rss: 494Mb L: 42/3605 MS: 2 ChangeASCIIInt-EraseBytes-
#1117309	REDUCE cov: 1079 ft: 2979 corp: 620/102Kb lim: 4096 exec/s: 4836 rss: 494Mb L: 428/3605 MS: 1 EraseBytes-
#1122100	REDUCE cov: 1079 ft: 2979 corp: 620/102Kb lim: 4096 exec/s: 4836 rss: 494Mb L: 13/3605 MS: 1 EraseBytes-
#1122658	REDUCE cov: 1079 ft: 2979 corp: 620/102Kb lim: 4096 exec/s: 4818 rss: 494Mb L: 246/3605 MS: 3 ChangeByte-InsertByte-EraseBytes-
#1123114	REDUCE cov: 1079 ft: 2979 corp: 620/102Kb lim: 4096 exec/s: 4820 rss: 494Mb L: 27/3605 MS: 1 EraseBytes-
#1128800	REDUCE cov: 1079 ft: 2979 corp: 620/102Kb lim: 4096 exec/s: 4823 rss: 494Mb L: 30/3605 MS: 1 EraseBytes-
#1130456	REDUCE cov: 1079 ft: 2979 corp: 620/102Kb lim: 4096 exec/s: 4810 rss: 494Mb L: 63/3605 MS: 1 EraseBytes-
#1132677	REDUCE cov: 1079 ft: 2979 corp: 620/102Kb lim: 4096 exec/s: 4819 rss: 494Mb L: 33/3605 MS: 1 EraseBytes-
#1139016	REDUCE cov: 1079 ft: 2979 corp: 620/102Kb lim: 4096 exec/s: 4826 rss: 494Mb L: 112/3605 MS: 4 ChangeBit-ChangeByte-ChangeBinInt-EraseBytes-
#1141427	REDUCE cov: 1079 ft: 2979 corp: 620/102Kb lim: 4096 exec/s: 4816 rss: 494Mb L: 66/3605 MS: 1 EraseBytes-
#1142496	REDUCE cov: 1079 ft: 2979 corp: 620/102Kb lim: 4096 exec/s: 4820 rss: 494Mb L: 105/3605 MS: 4 ChangeASCIIInt-EraseBytes-ChangeByte-ShuffleBytes-
#1142613	REDUCE cov: 1079 ft: 2979 corp: 620/102Kb lim: 4096 exec/s: 4821 rss: 494Mb L: 51/3605 MS: 2 EraseBytes-CrossOver-
#1146284	REDUCE cov: 1079 ft: 2979 corp: 620/102Kb lim: 4096 exec/s: 4816 rss: 494Mb L: 188/3605 MS: 1 EraseBytes-
#1146313	REDUCE cov: 1079 ft: 2979 corp: 620/102Kb lim: 4096 exec/s: 4816 rss: 494Mb L: 348/3605 MS: 4 ChangeBit-ChangeASCIIInt-ChangeBit-EraseBytes-
#1146324	REDUCE cov: 1080 ft: 3022 corp: 621/102Kb lim: 4096 exec/s: 4816 rss: 494Mb L: 498/3605 MS: 1 CMP- DE: "runtime:timers"-
#1147166	REDUCE cov: 1080 ft: 3022 corp: 621/102Kb lim: 4096 exec/s: 4820 rss: 494Mb L: 445/3605 MS: 2 ChangeByte-EraseBytes-
#1148847	REDUCE cov: 1080 ft: 3022 corp: 621/102Kb lim: 4096 exec/s: 4827 rss: 494Mb L: 137/3605 MS: 1 EraseBytes-
#1151670	REDUCE cov: 1080 ft: 3022 corp: 621/102Kb lim: 4096 exec/s: 4818 rss: 494Mb L: 882/3605 MS: 3 ChangeBinInt-ChangeBinInt-EraseBytes-
#1151822	REDUCE cov: 1080 ft: 3027 corp: 622/103Kb lim: 4096 exec/s: 4819 rss: 494Mb L: 502/3605 MS: 2 ChangeBit-InsertRepeatedBytes-
#1153388	REDUCE cov: 1080 ft: 3027 corp: 622/103Kb lim: 4096 exec/s: 4825 rss: 494Mb L: 87/3605 MS: 1 EraseBytes-
#1154109	REDUCE cov: 1080 ft: 3029 corp: 623/103Kb lim: 4096 exec/s: 4828 rss: 494Mb L: 445/3605 MS: 1 CrossOver-
#1154296	REDUCE cov: 1080 ft: 3029 corp: 623/103Kb lim: 4096 exec/s: 4829 rss: 494Mb L: 20/3605 MS: 2 ChangeByte-EraseBytes-
#1154961	REDUCE cov: 1080 ft: 3029 corp: 623/103Kb lim: 4096 exec/s: 4832 rss: 494Mb L: 213/3605 MS: 5 ChangeASCIIInt-ChangeBinInt-PersAutoDict-ChangeASCIIInt-EraseBytes- DE: "runtime:cap61"-
#1155969	REDUCE cov: 1080 ft: 3029 corp: 623/103Kb lim: 4096 exec/s: 4836 rss: 494Mb L: 501/3605 MS: 3 CopyPart-ChangeBit-EraseBytes-
#1159885	REDUCE cov: 1080 ft: 3029 corp: 623/103Kb lim: 4096 exec/s: 4832 rss: 494Mb L: 159/3605 MS: 1 EraseBytes-
#1160890	REDUCE cov: 1080 ft: 3031 corp: 624/107Kb lim: 4096 exec/s: 4837 rss: 494Mb L: 4033/4033 MS: 5 ChangeByte-ChangeByte-CopyPart-ChangeASCIIInt-CopyPart-
#1161951	REDUCE cov: 1080 ft: 3031 corp: 624/107Kb lim: 4096 exec/s: 4821 rss: 494Mb L: 68/4033 MS: 1 EraseBytes-
#1162539	REDUCE cov: 1080 ft: 3031 corp: 624/107Kb lim: 4096 exec/s: 4823 rss: 494Mb L: 500/4033 MS: 3 InsertByte-InsertRepeatedBytes-EraseBytes-
#1164880	REDUCE cov: 1080 ft: 3031 corp: 624/107Kb lim: 4096 exec/s: 4833 rss: 494Mb L: 382/4033 MS: 1 EraseBytes-
#1174126	REDUCE cov: 1080 ft: 3031 corp: 624/107Kb lim: 4096 exec/s: 4831 rss: 495Mb L: 29/4033 MS: 1 EraseBytes-
#1175049	REDUCE cov: 1080 ft: 3031 corp: 624/107Kb lim: 4096 exec/s: 4835 rss: 495Mb L: 158/4033 MS: 3 ChangeBinInt-ChangeBit-EraseBytes-
#1175735	REDUCE cov: 1080 ft: 3031 corp: 624/107Kb lim: 4096 exec/s: 4838 rss: 495Mb L: 115/4033 MS: 1 EraseBytes-
#1176962	REDUCE cov: 1080 ft: 3031 corp: 624/107Kb lim: 4096 exec/s: 4843 rss: 495Mb L: 658/4033 MS: 2 ChangeBit-EraseBytes-
#1177405	REDUCE cov: 1080 ft: 3031 corp: 624/107Kb lim: 4096 exec/s: 4845 rss: 495Mb L: 461/4033 MS: 3 InsertByte-EraseBytes-CopyPart-
#1178114	REDUCE cov: 1080 ft: 3031 corp: 624/107Kb lim: 4096 exec/s: 4848 rss: 495Mb L: 100/4033 MS: 4 InsertByte-ChangeByte-EraseBytes-ChangeBit-
#1179115	REDUCE cov: 1080 ft: 3031 corp: 624/107Kb lim: 4096 exec/s: 4832 rss: 495Mb L: 301/4033 MS: 1 EraseBytes-
#1179121	REDUCE cov: 1080 ft: 3031 corp: 624/107Kb lim: 4096 exec/s: 4832 rss: 495Mb L: 59/4033 MS: 1 EraseBytes-
#1181847	REDUCE cov: 1080 ft: 3031 corp: 624/107Kb lim: 4096 exec/s: 4843 rss: 495Mb L: 166/4033 MS: 1 EraseBytes-
#1182113	REDUCE cov: 1080 ft: 3032 corp: 625/107Kb lim: 4096 exec/s: 4844 rss: 495Mb L: 301/4033 MS: 1 ChangeByte-
#1183390	REDUCE cov: 1080 ft: 3032 corp: 625/107Kb lim: 4096 exec/s: 4849 rss: 495Mb L: 144/4033 MS: 2 ChangeBit-EraseBytes-
#1183604	REDUCE cov: 1080 ft: 3032 corp: 625/107Kb lim: 4096 exec/s: 4850 rss: 495Mb L: 583/4033 MS: 4 EraseBytes-InsertByte-ChangeASCIIInt-PersAutoDict- DE: "\000\000\000\000\000\000\000\001"-
#1185430	REDUCE cov: 1080 ft: 3032 corp: 625/107Kb lim: 4096 exec/s: 4838 rss: 495Mb L: 314/4033 MS: 1 EraseBytes-
#1185463	REDUCE cov: 1080 ft: 3035 corp: 626/108Kb lim: 4096 exec/s: 4838 rss: 495Mb L: 741/4033 MS: 3 CopyPart-CMP-CopyPart- DE: "\377\377\3779"-
#1186761	REDUCE cov: 1080 ft: 3035 corp: 626/108Kb lim: 4096 exec/s: 4843 rss: 495Mb L: 474/4033 MS: 3 CopyPart-InsertRepeatedBytes-EraseBytes-
#1189448	REDUCE cov: 1080 ft: 3035 corp: 626/108Kb lim: 4096 exec/s: 4835 rss: 495Mb L: 104/4033 MS: 2 EraseBytes-CopyPart-
#1193093	REDUCE cov: 1081 ft: 3036 corp: 627/108Kb lim: 4096 exec/s: 4849 rss: 495Mb L: 4/4033 MS: 5 InsertByte-ChangeBinInt-ChangeBit-ChangeBit-ShuffleBytes-
#1194594	REDUCE cov: 1081 ft: 3036 corp: 627/108Kb lim: 4096 exec/s: 4856 rss: 495Mb L: 258/4033 MS: 1 EraseBytes-
#1195129	REDUCE cov: 1081 ft: 3036 corp: 627/108Kb lim: 4096 exec/s: 4838 rss: 495Mb L: 341/4033 MS: 5 CopyPart-ShuffleBytes-ChangeASCIIInt-ChangeBit-EraseBytes-
#1195227	REDUCE cov: 1081 ft: 3036 corp: 627/108Kb lim: 4096 exec/s: 4838 rss: 495Mb L: 347/4033 MS: 3 CopyPart-EraseBytes-CrossOver-
#1201570	REDUCE cov: 1081 ft: 3036 corp: 627/108Kb lim: 4096 exec/s: 4845 rss: 495Mb L: 274/4033 MS: 3 ChangeByte-ChangeBinInt-EraseBytes-
#1202298	REDUCE cov: 1081 ft: 3036 corp: 627/108Kb lim: 4096 exec/s: 4847 rss: 495Mb L: 326/4033 MS: 3 ShuffleBytes-ShuffleBytes-EraseBytes-
#1204184	REDUCE cov: 1081 ft: 3036 corp: 627/108Kb lim: 4096 exec/s: 4855 rss: 495Mb L: 704/4033 MS: 1 EraseBytes-
#1204823	REDUCE cov: 1081 ft: 3036 corp: 627/108Kb lim: 4096 exec/s: 4858 rss: 495Mb L: 1240/4033 MS: 4 InsertByte-EraseBytes-InsertByte-CopyPart-
#1205566	REDUCE cov: 1081 ft: 3036 corp: 627/108Kb lim: 4096 exec/s: 4841 rss: 495Mb L: 65/4033 MS: 3 ChangeBinInt-InsertByte-EraseBytes-
#1206373	REDUCE cov: 1081 ft: 3036 corp: 627/107Kb lim: 4096 exec/s: 4844 rss: 495Mb L: 260/4033 MS: 2 PersAutoDict-EraseBytes- DE: "runtime:cap3"-
#1206916	REDUCE cov: 1081 ft: 3036 corp: 627/107Kb lim: 4096 exec/s: 4847 rss: 495Mb L: 248/4033 MS: 3 PersAutoDict-ChangeByte-EraseBytes- DE: "\001\000\000n"-
#1210937	REDUCE cov: 1081 ft: 3036 corp: 627/107Kb lim: 4096 exec/s: 4843 rss: 495Mb L: 233/4033 MS: 1 EraseBytes-
#1211368	REDUCE cov: 1081 ft: 3036 corp: 627/107Kb lim: 4096 exec/s: 4845 rss: 495Mb L: 17/4033 MS: 1 EraseBytes-
#1216824	REDUCE cov: 1081 ft: 3036 corp: 627/107Kb lim: 4096 exec/s: 4828 rss: 495Mb L: 275/4033 MS: 1 EraseBytes-
#1216890	REDUCE cov: 1081 ft: 3036 corp: 627/107Kb lim: 4096 exec/s: 4828 rss: 495Mb L: 1683/4033 MS: 1 EraseBytes-
#1217182	REDUCE cov: 1081 ft: 3036 corp: 627/107Kb lim: 4096 exec/s: 4830 rss: 495Mb L: 429/4033 MS: 2 ChangeByte-EraseBytes-
#1217318	REDUCE cov: 1081 ft: 3036 corp: 627/107Kb lim: 4096 exec/s: 4830 rss: 495Mb L: 177/4033 MS: 1 EraseBytes-
#1218089	REDUCE cov: 1081 ft: 3036 corp: 627/107Kb lim: 4096 exec/s: 4833 rss: 495Mb L: 204/4033 MS: 1 EraseBytes-
#1218570	REDUCE cov: 1081 ft: 3036 corp: 627/107Kb lim: 4096 exec/s: 4835 rss: 495Mb L: 243/4033 MS: 1 EraseBytes-
#1219173	REDUCE cov: 1081 ft: 3036 corp: 627/107Kb lim: 4096 exec/s: 4818 rss: 495Mb L: 38/4033 MS: 3 ChangeBit-ChangeByte-EraseBytes-
#1220032	REDUCE cov: 1081 ft: 3036 corp: 627/107Kb lim: 4096 exec/s: 4822 rss: 495Mb L: 41/4033 MS: 4 CopyPart-PersAutoDict-ChangeBit-EraseBytes- DE: "runtime:cap74"-
#1220570	REDUCE cov: 1081 ft: 3036 corp: 627/107Kb lim: 4096 exec/s: 4824 rss: 495Mb L: 66/4033 MS: 3 ShuffleBytes-EraseBytes-CopyPart-
#1221523	REDUCE cov: 1081 ft: 3037 corp: 628/111Kb lim: 4096 exec/s: 4828 rss: 495Mb L: 3996/4033 MS: 3 ShuffleBytes-CrossOver-CopyPart-
#1222350	REDUCE cov: 1081 ft: 3037 corp: 628/111Kb lim: 4096 exec/s: 4831 rss: 495Mb L: 112/4033 MS: 2 ChangeByte-EraseBytes-
#1223316	REDUCE cov: 1081 ft: 3037 corp: 628/111Kb lim: 4096 exec/s: 4816 rss: 495Mb L: 102/4033 MS: 1 EraseBytes-
#1224237	REDUCE cov: 1081 ft: 3037 corp: 628/111Kb lim: 4096 exec/s: 4819 rss: 495Mb L: 33/4033 MS: 1 EraseBytes-
#1224538	REDUCE cov: 1081 ft: 3037 corp: 628/111Kb lim: 4096 exec/s: 4821 rss: 495Mb L: 228/4033 MS: 1 EraseBytes-
#1225450	REDUCE cov: 1081 ft: 3037 corp: 628/111Kb lim: 4096 exec/s: 4824 rss: 495Mb L: 12/4033 MS: 2 CopyPart-EraseBytes-
#1225457	REDUCE cov: 1081 ft: 3037 corp: 628/111Kb lim: 4096 exec/s: 4824 rss: 495Mb L: 1063/4033 MS: 2 ShuffleBytes-EraseBytes-
#1228081	REDUCE cov: 1081 ft: 3037 corp: 628/111Kb lim: 4096 exec/s: 4816 rss: 495Mb L: 231/4033 MS: 3 ChangeByte-ChangeBinInt-EraseBytes-
#1228842	REDUCE cov: 1081 ft: 3037 corp: 628/111Kb lim: 4096 exec/s: 4818 rss: 495Mb L: 682/4033 MS: 1 EraseBytes-
#1228989	REDUCE cov: 1081 ft: 3037 corp: 628/111Kb lim: 4096 exec/s: 4819 rss: 495Mb L: 160/4033 MS: 2 ChangeByte-EraseBytes-
#1229285	REDUCE cov: 1081 ft: 3037 corp: 628/111Kb lim: 4096 exec/s: 4801 rss: 495Mb L: 602/4033 MS: 1 EraseBytes-
#1230426	REDUCE cov: 1081 ft: 3037 corp: 628/111Kb lim: 4096 exec/s: 4806 rss: 495Mb L: 433/4033 MS: 1 EraseBytes-
#1231652	REDUCE cov: 1081 ft: 3037 corp: 628/111Kb lim: 4096 exec/s: 4811 rss: 495Mb L: 467/4033 MS: 1 EraseBytes-
#1231727	REDUCE cov: 1081 ft: 3037 corp: 628/111Kb lim: 4096 exec/s: 4811 rss: 495Mb L: 528/4033 MS: 5 CopyPart-PersAutoDict-ShuffleBytes-ChangeByte-EraseBytes- DE: "\377\377\3779"-
#1232463	REDUCE cov: 1081 ft: 3037 corp: 628/111Kb lim: 4096 exec/s: 4795 rss: 495Mb L: 16/4033 MS: 1 EraseBytes-
#1233184	REDUCE cov: 1081 ft: 3037 corp: 628/111Kb lim: 4096 exec/s: 4798 rss: 495Mb L: 256/4033 MS: 1 EraseBytes-
#1236470	REDUCE cov: 1081 ft: 3037 corp: 628/111Kb lim: 4096 exec/s: 4792 rss: 495Mb L: 90/4033 MS: 1 EraseBytes-
#1238047	REDUCE cov: 1081 ft: 3037 corp: 628/111Kb lim: 4096 exec/s: 4798 rss: 495Mb L: 1043/4033 MS: 2 ChangeASCIIInt-EraseBytes-
#1238196	REDUCE cov: 1081 ft: 3038 corp: 629/112Kb lim: 4096 exec/s: 4799 rss: 495Mb L: 515/4033 MS: 4 CMP-ChangeBinInt-InsertByte-CopyPart- DE: "\177\217\251t\341w\000\000"-
#1238533	REDUCE cov: 1081 ft: 3038 corp: 629/111Kb lim: 4096 exec/s: 4800 rss: 495Mb L: 672/4033 MS: 2 InsertByte-EraseBytes-
#1239114	REDUCE cov: 1081 ft: 3038 corp: 629/111Kb lim: 4096 exec/s: 4784 rss: 495Mb L: 95/4033 MS: 1 EraseBytes-
#1240235	REDUCE cov: 1081 ft: 3038 corp: 629/111Kb lim: 4096 exec/s: 4788 rss: 495Mb L: 269/4033 MS: 1 EraseBytes-
#1240817	REDUCE cov: 1081 ft: 3038 corp: 629/111Kb lim: 4096 exec/s: 4790 rss: 495Mb L: 342/4033 MS: 2 CopyPart-CrossOver-
#1241359	REDUCE cov: 1081 ft: 3038 corp: 629/111Kb lim: 4096 exec/s: 4792 rss: 495Mb L: 67/4033 MS: 2 ShuffleBytes-EraseBytes-
#1242945	REDUCE cov: 1081 ft: 3038 corp: 629/111Kb lim: 4096 exec/s: 4780 rss: 495Mb L: 162/4033 MS: 5 ChangeBinInt-InsertByte-EraseBytes-ShuffleBytes-CrossOver-
#1245251	REDUCE cov: 1081 ft: 3038 corp: 629/111Kb lim: 4096 exec/s: 4789 rss: 495Mb L: 73/4033 MS: 1 EraseBytes-
#1246238	REDUCE cov: 1081 ft: 3038 corp: 629/111Kb lim: 4096 exec/s: 4774 rss: 495Mb L: 512/4033 MS: 2 InsertByte-EraseBytes-
#1248856	REDUCE cov: 1081 ft: 3038 corp: 629/111Kb lim: 4096 exec/s: 4766 rss: 495Mb L: 577/4033 MS: 3 ChangeASCIIInt-EraseBytes-CopyPart-
#1248924	REDUCE cov: 1081 ft: 3038 corp: 629/111Kb lim: 4096 exec/s: 4766 rss: 495Mb L: 204/4033 MS: 3 ChangeByte-ChangeByte-EraseBytes-
#1249546	REDUCE cov: 1081 ft: 3038 corp: 629/111Kb lim: 4096 exec/s: 4769 rss: 495Mb L: 22/4033 MS: 2 CopyPart-EraseBytes-
#1249627	REDUCE cov: 1081 ft: 3038 corp: 629/111Kb lim: 4096 exec/s: 4769 rss: 495Mb L: 303/4033 MS: 1 EraseBytes-
#1255888	REDUCE cov: 1081 ft: 3038 corp: 629/111Kb lim: 4096 exec/s: 4775 rss: 495Mb L: 56/4033 MS: 1 CrossOver-
#1257692	REDUCE cov: 1081 ft: 3038 corp: 629/111Kb lim: 4096 exec/s: 4782 rss: 495Mb L: 78/4033 MS: 4 ChangeASCIIInt-CopyPart-PersAutoDict-EraseBytes- DE: "runtime:timers"-
#1257932	REDUCE cov: 1081 ft: 3038 corp: 629/111Kb lim: 4096 exec/s: 4783 rss: 495Mb L: 1649/4033 MS: 5 EraseBytes-InsertRepeatedBytes-CrossOver-CrossOver-EraseBytes-
#1258553	REDUCE cov: 1081 ft: 3038 corp: 629/111Kb lim: 4096 exec/s: 4785 rss: 495Mb L: 376/4033 MS: 1 EraseBytes-
#1259015	REDUCE cov: 1081 ft: 3038 corp: 629/111Kb lim: 4096 exec/s: 4787 rss: 495Mb L: 3/4033 MS: 2 EraseBytes-CopyPart-
#1259466	REDUCE cov: 1081 ft: 3038 corp: 629/111Kb lim: 4096 exec/s: 4788 rss: 495Mb L: 99/4033 MS: 1 EraseBytes-
#1260509	REDUCE cov: 1081 ft: 3038 corp: 629/111Kb lim: 4096 exec/s: 4774 rss: 495Mb L: 178/4033 MS: 3 CopyPart-CopyPart-EraseBytes-
#1263917	REDUCE cov: 1081 ft: 3038 corp: 629/111Kb lim: 4096 exec/s: 4787 rss: 495Mb L: 113/4033 MS: 3 EraseBytes-ChangeByte-InsertByte-
#1264078	REDUCE cov: 1081 ft: 3038 corp: 629/111Kb lim: 4096 exec/s: 4788 rss: 495Mb L: 324/4033 MS: 1 EraseBytes-
#1267784	REDUCE cov: 1081 ft: 3038 corp: 629/111Kb lim: 4096 exec/s: 4784 rss: 495Mb L: 202/4033 MS: 1 EraseBytes-
#1268622	REDUCE cov: 1081 ft: 3038 corp: 629/111Kb lim: 4096 exec/s: 4787 rss: 495Mb L: 56/4033 MS: 3 ChangeBit-ChangeByte-EraseBytes-
#1269643	REDUCE cov: 1081 ft: 3038 corp: 629/111Kb lim: 4096 exec/s: 4791 rss: 495Mb L: 66/4033 MS: 1 EraseBytes-
#1270814	REDUCE cov: 1081 ft: 3038 corp: 629/111Kb lim: 4096 exec/s: 4795 rss: 495Mb L: 203/4033 MS: 1 EraseBytes-
#1271456	REDUCE cov: 1081 ft: 3038 corp: 629/111Kb lim: 4096 exec/s: 4797 rss: 495Mb L: 61/4033 MS: 2 ChangeByte-EraseBytes-
#1272761	REDUCE cov: 1081 ft: 3038 corp: 629/111Kb lim: 4096 exec/s: 4784 rss: 495Mb L: 225/4033 MS: 4 ShuffleBytes-InsertByte-CopyPart-EraseBytes-
#1274318	REDUCE cov: 1081 ft: 3038 corp: 629/111Kb lim: 4096 exec/s: 4790 rss: 495Mb L: 269/4033 MS: 2 InsertRepeatedBytes-EraseBytes-
#1275580	REDUCE cov: 1081 ft: 3038 corp: 629/111Kb lim: 4096 exec/s: 4795 rss: 495Mb L: 14/4033 MS: 2 InsertByte-EraseBytes-
#1275586	REDUCE cov: 1081 ft: 3038 corp: 629/111Kb lim: 4096 exec/s: 4795 rss: 495Mb L: 71/4033 MS: 1 EraseBytes-
#1276290	REDUCE cov: 1081 ft: 3038 corp: 629/111Kb lim: 4096 exec/s: 4798 rss: 495Mb L: 104/4033 MS: 4 ChangeBinInt-ChangeBinInt-ChangeASCIIInt-EraseBytes-
#1276735	REDUCE cov: 1081 ft: 3038 corp: 629/111Kb lim: 4096 exec/s: 4781 rss: 495Mb L: 104/4033 MS: 5 PersAutoDict-EraseBytes-ChangeByte-EraseBytes-InsertRepeatedBytes- DE: "|\000\000\000"-
#1276736	REDUCE cov: 1081 ft: 3038 corp: 629/111Kb lim: 4096 exec/s: 4781 rss: 495Mb L: 7/4033 MS: 1 EraseBytes-
#1277219	REDUCE cov: 1081 ft: 3038 corp: 629/111Kb lim: 4096 exec/s: 4783 rss: 495Mb L: 242/4033 MS: 2 ChangeByte-EraseBytes-
#1278835	REDUCE cov: 1081 ft: 3038 corp: 629/111Kb lim: 4096 exec/s: 4789 rss: 495Mb L: 115/4033 MS: 1 EraseBytes-
#1279652	REDUCE cov: 1081 ft: 3038 corp: 629/111Kb lim: 4096 exec/s: 4792 rss: 495Mb L: 177/4033 MS: 2 CrossOver-EraseBytes-
#1279821	REDUCE cov: 1082 ft: 3039 corp: 630/111Kb lim: 4096 exec/s: 4793 rss: 495Mb L: 23/4033 MS: 4 CMP-CrossOver-ChangeBit-CrossOver- DE: "runtime:cap1"-
#1279978	REDUCE cov: 1082 ft: 3039 corp: 630/111Kb lim: 4096 exec/s: 4793 rss: 495Mb L: 2330/4033 MS: 2 CrossOver-EraseBytes-
#1280899	REDUCE cov: 1082 ft: 3039 corp: 630/111Kb lim: 4096 exec/s: 4797 rss: 495Mb L: 264/4033 MS: 1 EraseBytes-
#1281875	REDUCE cov: 1082 ft: 3039 corp: 630/111Kb lim: 4096 exec/s: 4801 rss: 495Mb L: 356/4033 MS: 1 EraseBytes-
#1284439	REDUCE cov: 1082 ft: 3039 corp: 630/111Kb lim: 4096 exec/s: 4792 rss: 495Mb L: 228/4033 MS: 4 CMP-ChangeByte-CMP-EraseBytes- DE: "\004\000"-"runtime:cap45"-
#1285135	REDUCE cov: 1082 ft: 3039 corp: 630/111Kb lim: 4096 exec/s: 4795 rss: 495Mb L: 35/4033 MS: 1 EraseBytes-
#1288856	REDUCE cov: 1082 ft: 3039 corp: 630/111Kb lim: 4096 exec/s: 4791 rss: 495Mb L: 150/4033 MS: 1 EraseBytes-
#1289246	REDUCE cov: 1082 ft: 3039 corp: 630/111Kb lim: 4096 exec/s: 4792 rss: 495Mb L: 636/4033 MS: 5 InsertByte-InsertByte-ShuffleBytes-ShuffleBytes-EraseBytes-
#1290682	REDUCE cov: 1082 ft: 3039 corp: 630/111Kb lim: 4096 exec/s: 4780 rss: 495Mb L: 20/4033 MS: 1 EraseBytes-
#1290973	REDUCE cov: 1082 ft: 3039 corp: 630/111Kb lim: 4096 exec/s: 4781 rss: 495Mb L: 620/4033 MS: 1 EraseBytes-
#1293554	REDUCE cov: 1082 ft: 3039 corp: 630/111Kb lim: 4096 exec/s: 4773 rss: 495Mb L: 1300/4033 MS: 1 EraseBytes-
#1294602	REDUCE cov: 1082 ft: 3039 corp: 630/111Kb lim: 4096 exec/s: 4777 rss: 495Mb L: 21/4033 MS: 2 ChangeBinInt-EraseBytes-
#1295613	REDUCE cov: 1082 ft: 3039 corp: 630/111Kb lim: 4096 exec/s: 4780 rss: 495Mb L: 212/4033 MS: 1 EraseBytes-
#1295915	REDUCE cov: 1082 ft: 3039 corp: 630/111Kb lim: 4096 exec/s: 4781 rss: 495Mb L: 29/4033 MS: 2 ChangeASCIIInt-EraseBytes-
#1296427	REDUCE cov: 1082 ft: 3039 corp: 630/111Kb lim: 4096 exec/s: 4766 rss: 495Mb L: 331/4033 MS: 2 CopyPart-EraseBytes-
#1296554	REDUCE cov: 1082 ft: 3039 corp: 630/111Kb lim: 4096 exec/s: 4766 rss: 495Mb L: 431/4033 MS: 2 ChangeByte-EraseBytes-
#1297136	REDUCE cov: 1082 ft: 3039 corp: 630/111Kb lim: 4096 exec/s: 4768 rss: 495Mb L: 43/4033 MS: 2 ChangeASCIIInt-EraseBytes-
#1297215	NEW    cov: 1082 ft: 3040 corp: 631/115Kb lim: 4096 exec/s: 4769 rss: 495Mb L: 4033/4033 MS: 4 ChangeByte-CopyPart-ChangeByte-PersAutoDict- DE: "runtime:consol"-
#1299586	REDUCE cov: 1082 ft: 3040 corp: 631/115Kb lim: 4096 exec/s: 4777 rss: 495Mb L: 31/4033 MS: 1 EraseBytes-
#1301823	REDUCE cov: 1082 ft: 3040 corp: 631/115Kb lim: 4096 exec/s: 4768 rss: 495Mb L: 183/4033 MS: 2 InsertByte-EraseBytes-
#1302635	REDUCE cov: 1082 ft: 3040 corp: 631/115Kb lim: 4096 exec/s: 4771 rss: 495Mb L: 149/4033 MS: 2 ChangeASCIIInt-EraseBytes-
#1307664	REDUCE cov: 1082 ft: 3040 corp: 631/114Kb lim: 4096 exec/s: 4772 rss: 495Mb L: 582/4033 MS: 4 ChangeByte-InsertRepeatedBytes-ChangeBinInt-EraseBytes-
#1310040	REDUCE cov: 1082 ft: 3040 corp: 631/114Kb lim: 4096 exec/s: 4763 rss: 495Mb L: 669/4033 MS: 1 EraseBytes-
#1311017	REDUCE cov: 1082 ft: 3040 corp: 631/114Kb lim: 4096 exec/s: 4767 rss: 495Mb L: 228/4033 MS: 2 InsertByte-EraseBytes-
#1311218	REDUCE cov: 1082 ft: 3040 corp: 631/114Kb lim: 4096 exec/s: 4768 rss: 495Mb L: 874/4033 MS: 1 EraseBytes-
#1312074	REDUCE cov: 1082 ft: 3040 corp: 631/114Kb lim: 4096 exec/s: 4771 rss: 495Mb L: 201/4033 MS: 1 EraseBytes-
#1313646	REDUCE cov: 1082 ft: 3040 corp: 631/114Kb lim: 4096 exec/s: 4759 rss: 495Mb L: 114/4033 MS: 2 ChangeBinInt-EraseBytes-
#1315113	REDUCE cov: 1082 ft: 3040 corp: 631/114Kb lim: 4096 exec/s: 4764 rss: 495Mb L: 157/4033 MS: 2 ShuffleBytes-EraseBytes-
#1316187	REDUCE cov: 1082 ft: 3040 corp: 631/114Kb lim: 4096 exec/s: 4768 rss: 495Mb L: 244/4033 MS: 4 CopyPart-ChangeASCIIInt-InsertByte-EraseBytes-
#1317398	REDUCE cov: 1082 ft: 3040 corp: 631/114Kb lim: 4096 exec/s: 4755 rss: 495Mb L: 980/4033 MS: 1 EraseBytes-
#1320315	REDUCE cov: 1082 ft: 3040 corp: 631/114Kb lim: 4096 exec/s: 4766 rss: 495Mb L: 587/4033 MS: 2 ChangeASCIIInt-EraseBytes-
#1320578	REDUCE cov: 1082 ft: 3040 corp: 631/114Kb lim: 4096 exec/s: 4767 rss: 495Mb L: 1497/4033 MS: 3 EraseBytes-CopyPart-CopyPart-
#1323537	REDUCE cov: 1082 ft: 3040 corp: 631/114Kb lim: 4096 exec/s: 4760 rss: 495Mb L: 41/4033 MS: 4 InsertByte-CopyPart-CrossOver-EraseBytes-
#1326748	REDUCE cov: 1082 ft: 3040 corp: 631/114Kb lim: 4096 exec/s: 4755 rss: 495Mb L: 54/4033 MS: 1 EraseBytes-
#1327620	REDUCE cov: 1082 ft: 3040 corp: 631/114Kb lim: 4096 exec/s: 4758 rss: 495Mb L: 35/4033 MS: 2 ShuffleBytes-EraseBytes-
#1329091	REDUCE cov: 1082 ft: 3040 corp: 631/114Kb lim: 4096 exec/s: 4746 rss: 495Mb L: 71/4033 MS: 1 EraseBytes-
#1329812	REDUCE cov: 1082 ft: 3040 corp: 631/114Kb lim: 4096 exec/s: 4749 rss: 495Mb L: 12/4033 MS: 1 EraseBytes-
#1330443	REDUCE cov: 1082 ft: 3040 corp: 631/114Kb lim: 4096 exec/s: 4751 rss: 495Mb L: 66/4033 MS: 1 EraseBytes-
#1332309	REDUCE cov: 1082 ft: 3040 corp: 631/114Kb lim: 4096 exec/s: 4758 rss: 495Mb L: 70/4033 MS: 1 EraseBytes-
#1333996	REDUCE cov: 1082 ft: 3040 corp: 631/114Kb lim: 4096 exec/s: 4747 rss: 495Mb L: 346/4033 MS: 2 ShuffleBytes-EraseBytes-
#1334363	REDUCE cov: 1082 ft: 3040 corp: 631/114Kb lim: 4096 exec/s: 4748 rss: 495Mb L: 638/4033 MS: 2 ShuffleBytes-EraseBytes-
#1335178	REDUCE cov: 1082 ft: 3040 corp: 631/114Kb lim: 4096 exec/s: 4751 rss: 495Mb L: 375/4033 MS: 5 ShuffleBytes-PersAutoDict-ChangeASCIIInt-ShuffleBytes-EraseBytes- DE: "\001\000\000\000\000\000\000\001"-
#1335679	REDUCE cov: 1082 ft: 3040 corp: 631/114Kb lim: 4096 exec/s: 4753 rss: 495Mb L: 305/4033 MS: 1 EraseBytes-
#1336270	REDUCE cov: 1082 ft: 3040 corp: 631/114Kb lim: 4096 exec/s: 4755 rss: 495Mb L: 354/4033 MS: 1 EraseBytes-
#1339289	REDUCE cov: 1082 ft: 3040 corp: 631/114Kb lim: 4096 exec/s: 4749 rss: 495Mb L: 44/4033 MS: 4 ShuffleBytes-CopyPart-EraseBytes-CrossOver-
#1341185	REDUCE cov: 1082 ft: 3040 corp: 631/114Kb lim: 4096 exec/s: 4739 rss: 495Mb L: 318/4033 MS: 1 EraseBytes-
#1342146	REDUCE cov: 1082 ft: 3040 corp: 631/114Kb lim: 4096 exec/s: 4742 rss: 495Mb L: 496/4033 MS: 1 EraseBytes-
#1347012	REDUCE cov: 1082 ft: 3040 corp: 631/114Kb lim: 4096 exec/s: 4743 rss: 495Mb L: 349/4033 MS: 1 EraseBytes-
#1348335	REDUCE cov: 1082 ft: 3040 corp: 631/114Kb lim: 4096 exec/s: 4747 rss: 495Mb L: 96/4033 MS: 3 ChangeASCIIInt-ChangeBit-EraseBytes-
#1350961	REDUCE cov: 1082 ft: 3040 corp: 631/114Kb lim: 4096 exec/s: 4740 rss: 495Mb L: 177/4033 MS: 1 EraseBytes-
#1353402	REDUCE cov: 1082 ft: 3040 corp: 631/114Kb lim: 4096 exec/s: 4732 rss: 495Mb L: 11/4033 MS: 1 EraseBytes-
#1355854	REDUCE cov: 1082 ft: 3040 corp: 631/114Kb lim: 4096 exec/s: 4740 rss: 495Mb L: 549/4033 MS: 2 ChangeBinInt-EraseBytes-
#1355922	REDUCE cov: 1082 ft: 3040 corp: 631/114Kb lim: 4096 exec/s: 4740 rss: 495Mb L: 1668/4033 MS: 3 ChangeBinInt-ChangeBit-EraseBytes-
#1357978	REDUCE cov: 1082 ft: 3040 corp: 631/114Kb lim: 4096 exec/s: 4731 rss: 495Mb L: 337/4033 MS: 1 EraseBytes-
#1360136	REDUCE cov: 1082 ft: 3040 corp: 631/114Kb lim: 4096 exec/s: 4739 rss: 495Mb L: 176/4033 MS: 3 ChangeASCIIInt-EraseBytes-CopyPart-
#1360752	REDUCE cov: 1082 ft: 3040 corp: 631/114Kb lim: 4096 exec/s: 4741 rss: 495Mb L: 9/4033 MS: 1 EraseBytes-
#1360888	REDUCE cov: 1082 ft: 3040 corp: 631/114Kb lim: 4096 exec/s: 4741 rss: 495Mb L: 3891/4033 MS: 1 EraseBytes-
#1362023	REDUCE cov: 1082 ft: 3040 corp: 631/114Kb lim: 4096 exec/s: 4729 rss: 495Mb L: 170/4033 MS: 5 ChangeByte-ChangeBinInt-ChangeBinInt-ChangeBit-EraseBytes-
#1363390	REDUCE cov: 1082 ft: 3040 corp: 631/114Kb lim: 4096 exec/s: 4733 rss: 495Mb L: 112/4033 MS: 2 EraseBytes-InsertByte-
#1365592	REDUCE cov: 1082 ft: 3040 corp: 631/114Kb lim: 4096 exec/s: 4741 rss: 495Mb L: 51/4033 MS: 2 ChangeASCIIInt-EraseBytes-
#1365899	REDUCE cov: 1082 ft: 3040 corp: 631/114Kb lim: 4096 exec/s: 4742 rss: 495Mb L: 3321/4033 MS: 2 PersAutoDict-EraseBytes- DE: "\001\000\000\000"-
#1366309	REDUCE cov: 1082 ft: 3040 corp: 631/114Kb lim: 4096 exec/s: 4727 rss: 495Mb L: 839/4033 MS: 5 ChangeBit-ChangeBit-EraseBytes-CopyPart-CopyPart-
#1375291	REDUCE cov: 1082 ft: 3040 corp: 631/114Kb lim: 4096 exec/s: 4726 rss: 496Mb L: 232/4033 MS: 2 ShuffleBytes-EraseBytes-
#1377504	REDUCE cov: 1082 ft: 3040 corp: 631/114Kb lim: 4096 exec/s: 4733 rss: 496Mb L: 221/4033 MS: 3 InsertRepeatedBytes-InsertByte-EraseBytes-
#1377565	REDUCE cov: 1082 ft: 3040 corp: 631/114Kb lim: 4096 exec/s: 4733 rss: 496Mb L: 231/4033 MS: 1 EraseBytes-
#1378210	REDUCE cov: 1082 ft: 3040 corp: 631/114Kb lim: 4096 exec/s: 4736 rss: 496Mb L: 144/4033 MS: 5 ChangeBit-ChangeBit-EraseBytes-ChangeBit-CopyPart-
#1378940	REDUCE cov: 1082 ft: 3040 corp: 631/114Kb lim: 4096 exec/s: 4738 rss: 496Mb L: 1299/4033 MS: 5 CMP-CMP-ChangeByte-ChangeASCIIInt-EraseBytes- DE: "\000\000\000\000\000\000\000\000"-"\377\377\377\377"-
#1380482	REDUCE cov: 1082 ft: 3040 corp: 631/114Kb lim: 4096 exec/s: 4727 rss: 496Mb L: 1259/4033 MS: 2 PersAutoDict-EraseBytes- DE: "0\000"-
#1381428	REDUCE cov: 1082 ft: 3040 corp: 631/114Kb lim: 4096 exec/s: 4730 rss: 496Mb L: 53/4033 MS: 1 EraseBytes-
#1382134	REDUCE cov: 1082 ft: 3040 corp: 631/114Kb lim: 4096 exec/s: 4733 rss: 496Mb L: 339/4033 MS: 1 EraseBytes-
#1384361	REDUCE cov: 1082 ft: 3040 corp: 631/114Kb lim: 4096 exec/s: 4724 rss: 496Mb L: 65/4033 MS: 2 CrossOver-EraseBytes-
#1384390	REDUCE cov: 1082 ft: 3040 corp: 631/114Kb lim: 4096 exec/s: 4724 rss: 496Mb L: 33/4033 MS: 4 InsertByte-CopyPart-EraseBytes-PersAutoDict- DE: "\377\377\377\377\377\377\377\377"-
#1385092	REDUCE cov: 1082 ft: 3040 corp: 631/114Kb lim: 4096 exec/s: 4727 rss: 496Mb L: 545/4033 MS: 2 ShuffleBytes-EraseBytes-
#1386366	REDUCE cov: 1082 ft: 3040 corp: 631/114Kb lim: 4096 exec/s: 4731 rss: 496Mb L: 1634/4033 MS: 4 ChangeBinInt-ChangeBit-ChangeBit-EraseBytes-
#1387287	REDUCE cov: 1082 ft: 3040 corp: 631/114Kb lim: 4096 exec/s: 4734 rss: 497Mb L: 101/4033 MS: 1 EraseBytes-
#1387709	REDUCE cov: 1082 ft: 3040 corp: 631/114Kb lim: 4096 exec/s: 4736 rss: 497Mb L: 327/4033 MS: 2 CopyPart-EraseBytes-
#1387820	REDUCE cov: 1082 ft: 3041 corp: 632/114Kb lim: 4096 exec/s: 4736 rss: 497Mb L: 544/4033 MS: 1 CrossOver-
#1389317	REDUCE cov: 1082 ft: 3041 corp: 632/114Kb lim: 4096 exec/s: 4725 rss: 497Mb L: 92/4033 MS: 2 EraseBytes-InsertByte-
#1389553	REDUCE cov: 1082 ft: 3041 corp: 632/114Kb lim: 4096 exec/s: 4726 rss: 497Mb L: 112/4033 MS: 1 EraseBytes-
#1393149	REDUCE cov: 1082 ft: 3041 corp: 632/114Kb lim: 4096 exec/s: 4722 rss: 497Mb L: 162/4033 MS: 1 EraseBytes-
#1393466	REDUCE cov: 1082 ft: 3041 corp: 632/114Kb lim: 4096 exec/s: 4723 rss: 497Mb L: 65/4033 MS: 2 ChangeASCIIInt-EraseBytes-
#1394395	REDUCE cov: 1082 ft: 3041 corp: 632/114Kb lim: 4096 exec/s: 4726 rss: 497Mb L: 1594/4033 MS: 4 CrossOver-CopyPart-EraseBytes-EraseBytes-
#1394646	REDUCE cov: 1082 ft: 3041 corp: 632/114Kb lim: 4096 exec/s: 4727 rss: 497Mb L: 65/4033 MS: 1 EraseBytes-
#1397672	REDUCE cov: 1082 ft: 3041 corp: 632/114Kb lim: 4096 exec/s: 4721 rss: 497Mb L: 3870/4033 MS: 1 EraseBytes-
#1398055	REDUCE cov: 1082 ft: 3041 corp: 632/114Kb lim: 4096 exec/s: 4723 rss: 497Mb L: 141/4033 MS: 3 ShuffleBytes-PersAutoDict-EraseBytes- DE: "http"-
#1400205	REDUCE cov: 1082 ft: 3041 corp: 632/114Kb lim: 4096 exec/s: 4730 rss: 497Mb L: 90/4033 MS: 5 ChangeBinInt-ChangeByte-PersAutoDict-ChangeASCIIInt-EraseBytes- DE: "\011\000\000\000\000\000\000\000"-
#1403433	REDUCE cov: 1082 ft: 3041 corp: 632/114Kb lim: 4096 exec/s: 4725 rss: 497Mb L: 327/4033 MS: 3 CopyPart-ChangeByte-EraseBytes-
#1403724	REDUCE cov: 1082 ft: 3041 corp: 632/114Kb lim: 4096 exec/s: 4726 rss: 497Mb L: 7/4033 MS: 1 EraseBytes-
#1404505	REDUCE cov: 1082 ft: 3041 corp: 632/114Kb lim: 4096 exec/s: 4728 rss: 497Mb L: 21/4033 MS: 1 EraseBytes-
#1414303	REDUCE cov: 1082 ft: 3041 corp: 632/114Kb lim: 4096 exec/s: 4714 rss: 497Mb L: 421/4033 MS: 3 PersAutoDict-ChangeASCIIInt-EraseBytes- DE: "runtime:cap182"-
#1414430	REDUCE cov: 1082 ft: 3041 corp: 632/114Kb lim: 4096 exec/s: 4714 rss: 497Mb L: 26/4033 MS: 2 ChangeBit-EraseBytes-
#1416576	REDUCE cov: 1082 ft: 3041 corp: 632/114Kb lim: 4096 exec/s: 4721 rss: 497Mb L: 196/4033 MS: 1 EraseBytes-
#1417477	REDUCE cov: 1082 ft: 3041 corp: 632/114Kb lim: 4096 exec/s: 4709 rss: 497Mb L: 64/4033 MS: 1 EraseBytes-
#1418775	REDUCE cov: 1082 ft: 3041 corp: 632/114Kb lim: 4096 exec/s: 4713 rss: 497Mb L: 199/4033 MS: 3 ChangeASCIIInt-InsertByte-EraseBytes-
#1418901	REDUCE cov: 1082 ft: 3041 corp: 632/114Kb lim: 4096 exec/s: 4713 rss: 497Mb L: 84/4033 MS: 1 EraseBytes-
#1419454	REDUCE cov: 1082 ft: 3041 corp: 632/114Kb lim: 4096 exec/s: 4715 rss: 497Mb L: 167/4033 MS: 3 InsertByte-ChangeBit-EraseBytes-
#1419881	REDUCE cov: 1082 ft: 3041 corp: 632/114Kb lim: 4096 exec/s: 4717 rss: 497Mb L: 5/4033 MS: 2 CrossOver-EraseBytes-
#1425707	REDUCE cov: 1082 ft: 3041 corp: 632/114Kb lim: 4096 exec/s: 4705 rss: 497Mb L: 741/4033 MS: 1 EraseBytes-
#1427358	REDUCE cov: 1082 ft: 3041 corp: 632/114Kb lim: 4096 exec/s: 4710 rss: 497Mb L: 230/4033 MS: 1 EraseBytes-
#1427384	REDUCE cov: 1082 ft: 3041 corp: 632/114Kb lim: 4096 exec/s: 4710 rss: 497Mb L: 216/4033 MS: 1 EraseBytes-
#1427950	REDUCE cov: 1082 ft: 3041 corp: 632/114Kb lim: 4096 exec/s: 4712 rss: 497Mb L: 73/4033 MS: 1 EraseBytes-
#1428039	REDUCE cov: 1082 ft: 3041 corp: 632/114Kb lim: 4096 exec/s: 4713 rss: 497Mb L: 45/4033 MS: 4 EraseBytes-CrossOver-CopyPart-CopyPart-
#1431813	REDUCE cov: 1082 ft: 3041 corp: 632/114Kb lim: 4096 exec/s: 4709 rss: 497Mb L: 685/4033 MS: 4 ShuffleBytes-InsertByte-CMP-EraseBytes- DE: "\001\000\001\217\375\377\222\252"-
#1432342	REDUCE cov: 1082 ft: 3041 corp: 632/114Kb lim: 4096 exec/s: 4711 rss: 497Mb L: 742/4033 MS: 4 CopyPart-PersAutoDict-EraseBytes-CopyPart- DE: "\000\000\000\000\000\000\000\000"-
#1432901	REDUCE cov: 1082 ft: 3041 corp: 632/114Kb lim: 4096 exec/s: 4713 rss: 497Mb L: 1059/4033 MS: 4 EraseBytes-ChangeBit-ChangeASCIIInt-CopyPart-
#1432973	REDUCE cov: 1082 ft: 3041 corp: 632/114Kb lim: 4096 exec/s: 4713 rss: 497Mb L: 227/4033 MS: 2 EraseBytes-InsertByte-
#1433329	REDUCE cov: 1082 ft: 3041 corp: 632/114Kb lim: 4096 exec/s: 4714 rss: 497Mb L: 104/4033 MS: 1 EraseBytes-
#1433330	REDUCE cov: 1082 ft: 3041 corp: 632/114Kb lim: 4096 exec/s: 4714 rss: 497Mb L: 70/4033 MS: 1 EraseBytes-
#1434388	REDUCE cov: 1082 ft: 3041 corp: 632/114Kb lim: 4096 exec/s: 4702 rss: 497Mb L: 218/4033 MS: 3 CopyPart-InsertByte-EraseBytes-
#1438226	REDUCE cov: 1082 ft: 3041 corp: 632/114Kb lim: 4096 exec/s: 4715 rss: 497Mb L: 49/4033 MS: 2 ChangeBit-EraseBytes-
#1438943	REDUCE cov: 1082 ft: 3041 corp: 632/114Kb lim: 4096 exec/s: 4702 rss: 497Mb L: 22/4033 MS: 2 ShuffleBytes-EraseBytes-
#1439979	REDUCE cov: 1082 ft: 3041 corp: 632/114Kb lim: 4096 exec/s: 4705 rss: 497Mb L: 436/4033 MS: 1 EraseBytes-
#1441070	REDUCE cov: 1082 ft: 3041 corp: 632/114Kb lim: 4096 exec/s: 4709 rss: 497Mb L: 124/4033 MS: 1 EraseBytes-
#1441786	REDUCE cov: 1082 ft: 3041 corp: 632/114Kb lim: 4096 exec/s: 4711 rss: 497Mb L: 427/4033 MS: 1 EraseBytes-
#1444147	REDUCE cov: 1082 ft: 3041 corp: 632/114Kb lim: 4096 exec/s: 4704 rss: 497Mb L: 42/4033 MS: 1 EraseBytes-
#1447354	REDUCE cov: 1082 ft: 3041 corp: 632/114Kb lim: 4096 exec/s: 4699 rss: 497Mb L: 91/4033 MS: 2 CopyPart-EraseBytes-
#1447736	REDUCE cov: 1082 ft: 3041 corp: 632/114Kb lim: 4096 exec/s: 4700 rss: 497Mb L: 66/4033 MS: 2 ChangeByte-EraseBytes-
#1448272	REDUCE cov: 1082 ft: 3041 corp: 632/114Kb lim: 4096 exec/s: 4702 rss: 497Mb L: 641/4033 MS: 1 EraseBytes-
#1450376	REDUCE cov: 1082 ft: 3041 corp: 632/114Kb lim: 4096 exec/s: 4693 rss: 497Mb L: 117/4033 MS: 4 ShuffleBytes-PersAutoDict-InsertRepeatedBytes-EraseBytes- DE: "\004\000"-
#1451809	REDUCE cov: 1082 ft: 3041 corp: 632/114Kb lim: 4096 exec/s: 4698 rss: 497Mb L: 218/4033 MS: 3 EraseBytes-ChangeByte-CopyPart-
#1453967	REDUCE cov: 1082 ft: 3041 corp: 632/114Kb lim: 4096 exec/s: 4705 rss: 497Mb L: 342/4033 MS: 3 EraseBytes-CopyPart-ChangeBit-
#1454034	REDUCE cov: 1082 ft: 3041 corp: 632/114Kb lim: 4096 exec/s: 4705 rss: 497Mb L: 30/4033 MS: 2 CrossOver-EraseBytes-
#1456873	REDUCE cov: 1082 ft: 3041 corp: 632/114Kb lim: 4096 exec/s: 4699 rss: 497Mb L: 629/4033 MS: 4 ChangeASCIIInt-ChangeBit-ChangeByte-EraseBytes-
#1460356	REDUCE cov: 1082 ft: 3041 corp: 632/114Kb lim: 4096 exec/s: 4695 rss: 497Mb L: 322/4033 MS: 3 ShuffleBytes-InsertRepeatedBytes-EraseBytes-
#1461325	REDUCE cov: 1082 ft: 3041 corp: 632/114Kb lim: 4096 exec/s: 4698 rss: 497Mb L: 717/4033 MS: 4 ChangeBinInt-ShuffleBytes-ChangeBinInt-EraseBytes-
#1465336	REDUCE cov: 1082 ft: 3041 corp: 632/114Kb lim: 4096 exec/s: 4696 rss: 497Mb L: 241/4033 MS: 1 EraseBytes-
#1466237	REDUCE cov: 1082 ft: 3041 corp: 632/114Kb lim: 4096 exec/s: 4699 rss: 497Mb L: 415/4033 MS: 1 EraseBytes-
#1466769	REDUCE cov: 1082 ft: 3041 corp: 632/114Kb lim: 4096 exec/s: 4686 rss: 497Mb L: 458/4033 MS: 2 ShuffleBytes-EraseBytes-
#1467073	REDUCE cov: 1082 ft: 3041 corp: 632/114Kb lim: 4096 exec/s: 4687 rss: 497Mb L: 390/4033 MS: 4 CrossOver-ChangeASCIIInt-InsertRepeatedBytes-EraseBytes-
#1467400	REDUCE cov: 1082 ft: 3041 corp: 632/114Kb lim: 4096 exec/s: 4688 rss: 497Mb L: 289/4033 MS: 2 EraseBytes-CMP- DE: "\011\000\000\000\000\000\000\000"-
#1468671	REDUCE cov: 1082 ft: 3041 corp: 632/114Kb lim: 4096 exec/s: 4692 rss: 497Mb L: 527/4033 MS: 1 EraseBytes-
#1469372	REDUCE cov: 1082 ft: 3041 corp: 632/114Kb lim: 4096 exec/s: 4694 rss: 497Mb L: 24/4033 MS: 1 EraseBytes-
#1470946	REDUCE cov: 1082 ft: 3041 corp: 632/114Kb lim: 4096 exec/s: 4684 rss: 497Mb L: 36/4033 MS: 4 ChangeBinInt-ChangeBit-CopyPart-EraseBytes-
#1472577	REDUCE cov: 1082 ft: 3041 corp: 632/114Kb lim: 4096 exec/s: 4689 rss: 497Mb L: 63/4033 MS: 1 EraseBytes-
#1472742	REDUCE cov: 1082 ft: 3041 corp: 632/114Kb lim: 4096 exec/s: 4690 rss: 497Mb L: 515/4033 MS: 5 CopyPart-ChangeASCIIInt-CopyPart-ChangeBit-EraseBytes-
#1475075	REDUCE cov: 1082 ft: 3041 corp: 632/114Kb lim: 4096 exec/s: 4682 rss: 497Mb L: 325/4033 MS: 3 ChangeByte-InsertByte-EraseBytes-
#1481492	REDUCE cov: 1082 ft: 3041 corp: 632/114Kb lim: 4096 exec/s: 4688 rss: 497Mb L: 55/4033 MS: 2 CrossOver-EraseBytes-
#1481549	REDUCE cov: 1082 ft: 3041 corp: 632/114Kb lim: 4096 exec/s: 4688 rss: 497Mb L: 137/4033 MS: 2 ShuffleBytes-EraseBytes-
#1482533	REDUCE cov: 1082 ft: 3041 corp: 632/114Kb lim: 4096 exec/s: 4676 rss: 497Mb L: 606/4033 MS: 4 ChangeByte-EraseBytes-CrossOver-CMP- DE: "\377\377\377\377\377\377\377\017"-
#1487621	REDUCE cov: 1082 ft: 3043 corp: 633/115Kb lim: 4096 exec/s: 4678 rss: 497Mb L: 991/4033 MS: 3 CopyPart-InsertByte-CopyPart-
#1488514	REDUCE cov: 1082 ft: 3043 corp: 633/115Kb lim: 4096 exec/s: 4680 rss: 497Mb L: 818/4033 MS: 3 InsertByte-ChangeByte-EraseBytes-
#1489590	REDUCE cov: 1082 ft: 3043 corp: 633/115Kb lim: 4096 exec/s: 4684 rss: 497Mb L: 396/4033 MS: 1 EraseBytes-
#1493868	REDUCE cov: 1082 ft: 3043 corp: 633/115Kb lim: 4096 exec/s: 4682 rss: 497Mb L: 364/4033 MS: 3 ChangeBit-ChangeASCIIInt-EraseBytes-
#1497129	REDUCE cov: 1082 ft: 3043 corp: 633/115Kb lim: 4096 exec/s: 4678 rss: 497Mb L: 55/4033 MS: 1 EraseBytes-
#1497900	REDUCE cov: 1082 ft: 3043 corp: 633/115Kb lim: 4096 exec/s: 4680 rss: 497Mb L: 159/4033 MS: 1 EraseBytes-
#1503026	REDUCE cov: 1082 ft: 3043 corp: 633/115Kb lim: 4096 exec/s: 4682 rss: 497Mb L: 20/4033 MS: 1 EraseBytes-
#1503762	REDUCE cov: 1082 ft: 3043 corp: 633/115Kb lim: 4096 exec/s: 4670 rss: 497Mb L: 9/4033 MS: 1 EraseBytes-
#1505118	REDUCE cov: 1082 ft: 3043 corp: 633/115Kb lim: 4096 exec/s: 4674 rss: 497Mb L: 244/4033 MS: 1 EraseBytes-
#1509135	REDUCE cov: 1082 ft: 3043 corp: 633/115Kb lim: 4096 exec/s: 4672 rss: 497Mb L: 1060/4033 MS: 2 ChangeBit-EraseBytes-
#1510108	REDUCE cov: 1082 ft: 3043 corp: 633/115Kb lim: 4096 exec/s: 4675 rss: 497Mb L: 600/4033 MS: 3 InsertByte-ShuffleBytes-EraseBytes-
#1510596	REDUCE cov: 1082 ft: 3043 corp: 633/115Kb lim: 4096 exec/s: 4676 rss: 497Mb L: 447/4033 MS: 3 InsertByte-CopyPart-EraseBytes-
#1512407	REDUCE cov: 1082 ft: 3043 corp: 633/115Kb lim: 4096 exec/s: 4667 rss: 497Mb L: 32/4033 MS: 1 EraseBytes-
#1512947	REDUCE cov: 1082 ft: 3043 corp: 633/115Kb lim: 4096 exec/s: 4669 rss: 497Mb L: 494/4033 MS: 5 PersAutoDict-CopyPart-ChangeByte-ChangeASCIIInt-EraseBytes- DE: "|\000\000\000"-
#1513843	REDUCE cov: 1082 ft: 3043 corp: 633/115Kb lim: 4096 exec/s: 4672 rss: 498Mb L: 150/4033 MS: 1 EraseBytes-
#1520874	REDUCE cov: 1082 ft: 3043 corp: 633/115Kb lim: 4096 exec/s: 4665 rss: 501Mb L: 268/4033 MS: 1 EraseBytes-
#1522420	REDUCE cov: 1082 ft: 3043 corp: 633/115Kb lim: 4096 exec/s: 4670 rss: 501Mb L: 82/4033 MS: 1 EraseBytes-
#1526336	REDUCE cov: 1082 ft: 3043 corp: 633/115Kb lim: 4096 exec/s: 4667 rss: 501Mb L: 1541/4033 MS: 1 EraseBytes-
#1527243	REDUCE cov: 1082 ft: 3043 corp: 633/115Kb lim: 4096 exec/s: 4670 rss: 501Mb L: 153/4033 MS: 2 InsertRepeatedBytes-EraseBytes-
#1529294	REDUCE cov: 1082 ft: 3043 corp: 633/115Kb lim: 4096 exec/s: 4662 rss: 501Mb L: 224/4033 MS: 1 EraseBytes-
#1529465	REDUCE cov: 1082 ft: 3043 corp: 633/115Kb lim: 4096 exec/s: 4663 rss: 501Mb L: 321/4033 MS: 1 EraseBytes-
#1531357	REDUCE cov: 1082 ft: 3043 corp: 633/115Kb lim: 4096 exec/s: 4668 rss: 501Mb L: 69/4033 MS: 2 ChangeASCIIInt-EraseBytes-
#1531404	REDUCE cov: 1082 ft: 3043 corp: 633/115Kb lim: 4096 exec/s: 4668 rss: 501Mb L: 317/4033 MS: 2 ChangeBinInt-EraseBytes-
#1532108	REDUCE cov: 1082 ft: 3043 corp: 633/115Kb lim: 4096 exec/s: 4656 rss: 501Mb L: 532/4033 MS: 4 ChangeBit-ChangeASCIIInt-EraseBytes-CopyPart-
#1534734	REDUCE cov: 1082 ft: 3043 corp: 633/115Kb lim: 4096 exec/s: 4664 rss: 501Mb L: 356/4033 MS: 1 EraseBytes-
#1536281	REDUCE cov: 1082 ft: 3043 corp: 633/115Kb lim: 4096 exec/s: 4669 rss: 501Mb L: 61/4033 MS: 2 ShuffleBytes-EraseBytes-
#1539150	REDUCE cov: 1082 ft: 3043 corp: 633/115Kb lim: 4096 exec/s: 4664 rss: 501Mb L: 275/4033 MS: 4 InsertRepeatedBytes-PersAutoDict-InsertByte-EraseBytes- DE: "\001\000\001\217\375\377\222\252"-
#1541401	REDUCE cov: 1082 ft: 3043 corp: 633/115Kb lim: 4096 exec/s: 4656 rss: 501Mb L: 184/4033 MS: 1 EraseBytes-
#1543138	REDUCE cov: 1082 ft: 3043 corp: 633/115Kb lim: 4096 exec/s: 4662 rss: 501Mb L: 54/4033 MS: 2 ChangeASCIIInt-EraseBytes-
#1544050	REDUCE cov: 1082 ft: 3043 corp: 633/115Kb lim: 4096 exec/s: 4664 rss: 501Mb L: 714/4033 MS: 2 ChangeBit-EraseBytes-
#1547902	REDUCE cov: 1082 ft: 3043 corp: 633/115Kb lim: 4096 exec/s: 4662 rss: 501Mb L: 140/4033 MS: 2 ShuffleBytes-EraseBytes-
#1550330	REDUCE cov: 1082 ft: 3043 corp: 633/115Kb lim: 4096 exec/s: 4655 rss: 501Mb L: 87/4033 MS: 3 ChangeBit-InsertByte-EraseBytes-
#1554536	REDUCE cov: 1082 ft: 3043 corp: 633/115Kb lim: 4096 exec/s: 4654 rss: 501Mb L: 144/4033 MS: 1 EraseBytes-
#1554727	REDUCE cov: 1082 ft: 3043 corp: 633/115Kb lim: 4096 exec/s: 4654 rss: 501Mb L: 251/4033 MS: 1 EraseBytes-
#1555030	REDUCE cov: 1082 ft: 3043 corp: 633/115Kb lim: 4096 exec/s: 4655 rss: 501Mb L: 711/4033 MS: 3 CMP-CrossOver-EraseBytes- DE: "\000\000\000\000\000\000\000\000"-
#1555409	REDUCE cov: 1082 ft: 3043 corp: 633/115Kb lim: 4096 exec/s: 4656 rss: 501Mb L: 90/4033 MS: 4 ChangeASCIIInt-EraseBytes-EraseBytes-CopyPart-
#1557500	REDUCE cov: 1082 ft: 3043 corp: 633/115Kb lim: 4096 exec/s: 4649 rss: 501Mb L: 383/4033 MS: 1 EraseBytes-
#1557576	REDUCE cov: 1082 ft: 3043 corp: 633/115Kb lim: 4096 exec/s: 4649 rss: 501Mb L: 439/4033 MS: 1 EraseBytes-
#1558339	REDUCE cov: 1082 ft: 3043 corp: 633/115Kb lim: 4096 exec/s: 4651 rss: 501Mb L: 237/4033 MS: 3 CMP-EraseBytes-CopyPart- DE: "runtime:cap93"-
#1558705	REDUCE cov: 1082 ft: 3043 corp: 633/115Kb lim: 4096 exec/s: 4652 rss: 501Mb L: 137/4033 MS: 1 EraseBytes-
#1562946	REDUCE cov: 1082 ft: 3043 corp: 633/115Kb lim: 4096 exec/s: 4651 rss: 501Mb L: 411/4033 MS: 1 EraseBytes-
#1563222	REDUCE cov: 1082 ft: 3043 corp: 633/115Kb lim: 4096 exec/s: 4652 rss: 501Mb L: 347/4033 MS: 1 EraseBytes-
#1564028	REDUCE cov: 1082 ft: 3043 corp: 633/115Kb lim: 4096 exec/s: 4654 rss: 501Mb L: 15/4033 MS: 1 EraseBytes-
#1567920	REDUCE cov: 1082 ft: 3043 corp: 633/115Kb lim: 4096 exec/s: 4652 rss: 501Mb L: 237/4033 MS: 2 CopyPart-EraseBytes-
#1568586	REDUCE cov: 1082 ft: 3043 corp: 633/115Kb lim: 4096 exec/s: 4654 rss: 501Mb L: 216/4033 MS: 1 EraseBytes-
#1573213	REDUCE cov: 1082 ft: 3043 corp: 633/115Kb lim: 4096 exec/s: 4654 rss: 501Mb L: 21/4033 MS: 2 InsertByte-EraseBytes-
#1573480	REDUCE cov: 1082 ft: 3043 corp: 633/115Kb lim: 4096 exec/s: 4655 rss: 501Mb L: 142/4033 MS: 2 ChangeBinInt-EraseBytes-
#1573931	REDUCE cov: 1082 ft: 3043 corp: 633/114Kb lim: 4096 exec/s: 4656 rss: 501Mb L: 86/4033 MS: 1 EraseBytes-
#1576809	REDUCE cov: 1082 ft: 3043 corp: 633/114Kb lim: 4096 exec/s: 4651 rss: 501Mb L: 70/4033 MS: 3 CopyPart-EraseBytes-EraseBytes-
#1578415	REDUCE cov: 1082 ft: 3043 corp: 633/114Kb lim: 4096 exec/s: 4642 rss: 501Mb L: 12/4033 MS: 1 EraseBytes-
#1578826	REDUCE cov: 1082 ft: 3043 corp: 633/114Kb lim: 4096 exec/s: 4643 rss: 501Mb L: 62/4033 MS: 1 EraseBytes-
#1583424	REDUCE cov: 1082 ft: 3043 corp: 633/114Kb lim: 4096 exec/s: 4643 rss: 501Mb L: 143/4033 MS: 3 ChangeASCIIInt-InsertByte-EraseBytes-
#1583739	REDUCE cov: 1082 ft: 3043 corp: 633/114Kb lim: 4096 exec/s: 4644 rss: 501Mb L: 208/4033 MS: 5 InsertRepeatedBytes-EraseBytes-CopyPart-ShuffleBytes-EraseBytes-
#1584238	REDUCE cov: 1082 ft: 3043 corp: 633/114Kb lim: 4096 exec/s: 4645 rss: 501Mb L: 94/4033 MS: 4 ShuffleBytes-InsertRepeatedBytes-ChangeASCIIInt-EraseBytes-
#1588159	REDUCE cov: 1082 ft: 3043 corp: 633/114Kb lim: 4096 exec/s: 4643 rss: 501Mb L: 139/4033 MS: 1 EraseBytes-
#1590628	REDUCE cov: 1082 ft: 3043 corp: 633/114Kb lim: 4096 exec/s: 4650 rss: 501Mb L: 1570/4033 MS: 3 CrossOver-ShuffleBytes-EraseBytes-
#1591391	REDUCE cov: 1082 ft: 3043 corp: 633/114Kb lim: 4096 exec/s: 4639 rss: 501Mb L: 1019/4033 MS: 3 CopyPart-CMP-EraseBytes- DE: "\023\000\000\000\000\000\000\000"-
#1597009	REDUCE cov: 1082 ft: 3043 corp: 633/114Kb lim: 4096 exec/s: 4642 rss: 501Mb L: 62/4033 MS: 3 ChangeASCIIInt-ChangeByte-EraseBytes-
#1598025	REDUCE cov: 1082 ft: 3043 corp: 633/114Kb lim: 4096 exec/s: 4645 rss: 501Mb L: 10/4033 MS: 1 EraseBytes-
#1598936	REDUCE cov: 1082 ft: 3043 corp: 633/114Kb lim: 4096 exec/s: 4634 rss: 501Mb L: 399/4033 MS: 1 EraseBytes-
#1598942	REDUCE cov: 1082 ft: 3043 corp: 633/114Kb lim: 4096 exec/s: 4634 rss: 501Mb L: 686/4033 MS: 1 CrossOver-
#1598984	REDUCE cov: 1082 ft: 3043 corp: 633/114Kb lim: 4096 exec/s: 4634 rss: 501Mb L: 86/4033 MS: 2 EraseBytes-CopyPart-
#1599878	REDUCE cov: 1082 ft: 3043 corp: 633/114Kb lim: 4096 exec/s: 4637 rss: 501Mb L: 221/4033 MS: 4 ChangeBit-EraseBytes-ChangeBinInt-CopyPart-
#1602939	REDUCE cov: 1082 ft: 3043 corp: 633/114Kb lim: 4096 exec/s: 4632 rss: 501Mb L: 86/4033 MS: 1 EraseBytes-
#1604477	REDUCE cov: 1082 ft: 3043 corp: 633/114Kb lim: 4096 exec/s: 4637 rss: 501Mb L: 387/4033 MS: 3 ChangeByte-CrossOver-EraseBytes-
#1605774	REDUCE cov: 1082 ft: 3043 corp: 633/114Kb lim: 4096 exec/s: 4640 rss: 501Mb L: 234/4033 MS: 2 ChangeBit-EraseBytes-
#1606235	REDUCE cov: 1082 ft: 3043 corp: 633/114Kb lim: 4096 exec/s: 4628 rss: 501Mb L: 145/4033 MS: 1 EraseBytes-
#1606261	REDUCE cov: 1082 ft: 3043 corp: 633/114Kb lim: 4096 exec/s: 4628 rss: 501Mb L: 152/4033 MS: 1 EraseBytes-
#1609097	REDUCE cov: 1082 ft: 3043 corp: 633/114Kb lim: 4096 exec/s: 4637 rss: 501Mb L: 323/4033 MS: 1 EraseBytes-
#1611097	REDUCE cov: 1082 ft: 3043 corp: 633/114Kb lim: 4096 exec/s: 4629 rss: 501Mb L: 99/4033 MS: 5 InsertByte-CopyPart-InsertRepeatedBytes-ChangeASCIIInt-EraseBytes-
#1612606	REDUCE cov: 1082 ft: 3043 corp: 633/114Kb lim: 4096 exec/s: 4633 rss: 501Mb L: 115/4033 MS: 4 ChangeByte-PersAutoDict-ChangeASCIIInt-EraseBytes- DE: "runtime:cap182"-
#1614432	REDUCE cov: 1082 ft: 3043 corp: 633/114Kb lim: 4096 exec/s: 4625 rss: 501Mb L: 487/4033 MS: 1 EraseBytes-
#1615294	REDUCE cov: 1082 ft: 3043 corp: 633/114Kb lim: 4096 exec/s: 4628 rss: 501Mb L: 413/4033 MS: 2 InsertByte-EraseBytes-
#1617365	REDUCE cov: 1082 ft: 3043 corp: 633/114Kb lim: 4096 exec/s: 4634 rss: 501Mb L: 128/4033 MS: 1 EraseBytes-
#1618263	REDUCE cov: 1082 ft: 3043 corp: 633/114Kb lim: 4096 exec/s: 4623 rss: 501Mb L: 59/4033 MS: 3 InsertByte-ChangeASCIIInt-EraseBytes-
#1621409	REDUCE cov: 1082 ft: 3043 corp: 633/114Kb lim: 4096 exec/s: 4632 rss: 501Mb L: 378/4033 MS: 1 EraseBytes-
#1621475	REDUCE cov: 1082 ft: 3043 corp: 633/114Kb lim: 4096 exec/s: 4632 rss: 501Mb L: 10/4033 MS: 1 EraseBytes-
#1621692	REDUCE cov: 1082 ft: 3043 corp: 633/114Kb lim: 4096 exec/s: 4633 rss: 501Mb L: 794/4033 MS: 2 ChangeByte-EraseBytes-
#1622757	REDUCE cov: 1082 ft: 3043 corp: 633/114Kb lim: 4096 exec/s: 4636 rss: 501Mb L: 812/4033 MS: 5 CopyPart-CopyPart-ChangeBinInt-CopyPart-EraseBytes-
#1628810	REDUCE cov: 1082 ft: 3043 corp: 633/114Kb lim: 4096 exec/s: 4627 rss: 501Mb L: 232/4033 MS: 3 CMP-ShuffleBytes-EraseBytes- DE: "\377\377\377\374"-
#1630056	REDUCE cov: 1082 ft: 3043 corp: 633/114Kb lim: 4096 exec/s: 4630 rss: 501Mb L: 36/4033 MS: 1 EraseBytes-
#1631797	REDUCE cov: 1082 ft: 3043 corp: 633/114Kb lim: 4096 exec/s: 4622 rss: 501Mb L: 364/4033 MS: 1 EraseBytes-
#1632949	REDUCE cov: 1082 ft: 3043 corp: 633/114Kb lim: 4096 exec/s: 4625 rss: 501Mb L: 157/4033 MS: 2 InsertByte-EraseBytes-
#1633160	REDUCE cov: 1082 ft: 3043 corp: 633/114Kb lim: 4096 exec/s: 4626 rss: 501Mb L: 58/4033 MS: 1 EraseBytes-
#1633866	REDUCE cov: 1082 ft: 3043 corp: 633/114Kb lim: 4096 exec/s: 4628 rss: 501Mb L: 37/4033 MS: 1 EraseBytes-
#1635157	REDUCE cov: 1082 ft: 3043 corp: 633/114Kb lim: 4096 exec/s: 4632 rss: 501Mb L: 1994/4033 MS: 1 EraseBytes-
#1636323	REDUCE cov: 1082 ft: 3043 corp: 633/114Kb lim: 4096 exec/s: 4622 rss: 501Mb L: 29/4033 MS: 1 EraseBytes-
#1636914	NEW    cov: 1082 ft: 3045 corp: 634/114Kb lim: 4096 exec/s: 4624 rss: 501Mb L: 23/4033 MS: 1 CopyPart-
#1637680	REDUCE cov: 1082 ft: 3045 corp: 634/114Kb lim: 4096 exec/s: 4626 rss: 501Mb L: 112/4033 MS: 1 EraseBytes-
#1638233	REDUCE cov: 1082 ft: 3045 corp: 634/114Kb lim: 4096 exec/s: 4627 rss: 501Mb L: 2297/4033 MS: 3 ChangeASCIIInt-ChangeBinInt-EraseBytes-
#1638809	REDUCE cov: 1082 ft: 3045 corp: 634/114Kb lim: 4096 exec/s: 4629 rss: 501Mb L: 111/4033 MS: 1 EraseBytes-
#1638966	REDUCE cov: 1082 ft: 3045 corp: 634/114Kb lim: 4096 exec/s: 4629 rss: 501Mb L: 158/4033 MS: 2 ChangeByte-EraseBytes-
#1642792	REDUCE cov: 1082 ft: 3045 corp: 634/114Kb lim: 4096 exec/s: 4627 rss: 501Mb L: 429/4033 MS: 1 EraseBytes-
#1652126	REDUCE cov: 1082 ft: 3045 corp: 634/114Kb lim: 4096 exec/s: 4627 rss: 501Mb L: 66/4033 MS: 4 EraseBytes-ChangeBinInt-ChangeByte-CrossOver-
#1654893	REDUCE cov: 1082 ft: 3045 corp: 634/114Kb lim: 4096 exec/s: 4622 rss: 501Mb L: 965/4033 MS: 2 ShuffleBytes-EraseBytes-
#1655230	REDUCE cov: 1082 ft: 3045 corp: 634/114Kb lim: 4096 exec/s: 4623 rss: 501Mb L: 143/4033 MS: 2 ChangeBinInt-EraseBytes-
#1657042	REDUCE cov: 1082 ft: 3045 corp: 634/114Kb lim: 4096 exec/s: 4628 rss: 501Mb L: 93/4033 MS: 2 CopyPart-EraseBytes-
#1658731	REDUCE cov: 1082 ft: 3045 corp: 634/114Kb lim: 4096 exec/s: 4620 rss: 501Mb L: 627/4033 MS: 4 CrossOver-ChangeByte-InsertByte-EraseBytes-
#1663837	REDUCE cov: 1082 ft: 3045 corp: 634/114Kb lim: 4096 exec/s: 4621 rss: 501Mb L: 685/4033 MS: 1 EraseBytes-
#1665338	REDUCE cov: 1082 ft: 3045 corp: 634/114Kb lim: 4096 exec/s: 4625 rss: 501Mb L: 84/4033 MS: 1 EraseBytes-
#1667440	REDUCE cov: 1082 ft: 3045 corp: 634/114Kb lim: 4096 exec/s: 4618 rss: 501Mb L: 245/4033 MS: 2 ChangeBinInt-EraseBytes-
#1672674	REDUCE cov: 1082 ft: 3045 corp: 634/114Kb lim: 4096 exec/s: 4620 rss: 501Mb L: 1000/4033 MS: 4 CMP-EraseBytes-PersAutoDict-CrossOver- DE: "runtime:cap2"-"\000\000\000\000\000\000\000\015"-
#1673657	REDUCE cov: 1082 ft: 3045 corp: 634/114Kb lim: 4096 exec/s: 4623 rss: 501Mb L: 859/4033 MS: 3 ChangeByte-ShuffleBytes-EraseBytes-
#1676703	REDUCE cov: 1082 ft: 3045 corp: 634/114Kb lim: 4096 exec/s: 4619 rss: 501Mb L: 97/4033 MS: 1 EraseBytes-
#1679064	REDUCE cov: 1082 ft: 3045 corp: 634/114Kb lim: 4096 exec/s: 4625 rss: 501Mb L: 315/4033 MS: 1 EraseBytes-
#1682320	REDUCE cov: 1082 ft: 3045 corp: 634/114Kb lim: 4096 exec/s: 4621 rss: 501Mb L: 57/4033 MS: 1 EraseBytes-
#1694141	REDUCE cov: 1082 ft: 3045 corp: 634/114Kb lim: 4096 exec/s: 4616 rss: 501Mb L: 6/4033 MS: 1 EraseBytes-
#1694977	REDUCE cov: 1082 ft: 3045 corp: 634/114Kb lim: 4096 exec/s: 4618 rss: 501Mb L: 298/4033 MS: 1 EraseBytes-
#1695379	REDUCE cov: 1082 ft: 3045 corp: 634/114Kb lim: 4096 exec/s: 4619 rss: 501Mb L: 433/4033 MS: 2 ShuffleBytes-EraseBytes-
#1698460	REDUCE cov: 1082 ft: 3045 corp: 634/114Kb lim: 4096 exec/s: 4615 rss: 501Mb L: 413/4033 MS: 1 EraseBytes-
#1700761	REDUCE cov: 1082 ft: 3045 corp: 634/114Kb lim: 4096 exec/s: 4621 rss: 501Mb L: 174/4033 MS: 1 EraseBytes-
#1705453	REDUCE cov: 1082 ft: 3045 corp: 634/114Kb lim: 4096 exec/s: 4621 rss: 501Mb L: 626/4033 MS: 2 ChangeBit-EraseBytes-
#1705604	REDUCE cov: 1082 ft: 3045 corp: 634/114Kb lim: 4096 exec/s: 4622 rss: 501Mb L: 430/4033 MS: 1 EraseBytes-
#1706188	REDUCE cov: 1082 ft: 3045 corp: 634/114Kb lim: 4096 exec/s: 4623 rss: 501Mb L: 268/4033 MS: 4 CopyPart-ChangeBinInt-ChangeBit-EraseBytes-
#1707784	REDUCE cov: 1082 ft: 3045 corp: 634/114Kb lim: 4096 exec/s: 4628 rss: 501Mb L: 223/4033 MS: 1 EraseBytes-
#1708777	REDUCE cov: 1082 ft: 3045 corp: 634/114Kb lim: 4096 exec/s: 4630 rss: 501Mb L: 1659/4033 MS: 3 ChangeBinInt-ChangeBinInt-EraseBytes-
#1710304	REDUCE cov: 1082 ft: 3045 corp: 634/114Kb lim: 4096 exec/s: 4622 rss: 501Mb L: 20/4033 MS: 2 ChangeBinInt-EraseBytes-
#1711130	REDUCE cov: 1082 ft: 3045 corp: 634/114Kb lim: 4096 exec/s: 4624 rss: 501Mb L: 2274/4033 MS: 1 EraseBytes-
#1712146	REDUCE cov: 1082 ft: 3045 corp: 634/114Kb lim: 4096 exec/s: 4627 rss: 501Mb L: 118/4033 MS: 1 EraseBytes-
#1712380	REDUCE cov: 1082 ft: 3045 corp: 634/114Kb lim: 4096 exec/s: 4628 rss: 501Mb L: 88/4033 MS: 4 CrossOver-ShuffleBytes-ChangeASCIIInt-EraseBytes-
#1713406	REDUCE cov: 1082 ft: 3045 corp: 634/114Kb lim: 4096 exec/s: 4630 rss: 501Mb L: 197/4033 MS: 1 EraseBytes-
#1716332	REDUCE cov: 1082 ft: 3045 corp: 634/114Kb lim: 4096 exec/s: 4626 rss: 501Mb L: 373/4033 MS: 1 EraseBytes-
#1717140	REDUCE cov: 1082 ft: 3045 corp: 634/114Kb lim: 4096 exec/s: 4628 rss: 501Mb L: 196/4033 MS: 3 ShuffleBytes-ChangeByte-EraseBytes-
#1717800	REDUCE cov: 1082 ft: 3045 corp: 634/114Kb lim: 4096 exec/s: 4630 rss: 501Mb L: 1008/4033 MS: 5 CopyPart-InsertByte-ShuffleBytes-ShuffleBytes-EraseBytes-
#1718626	REDUCE cov: 1082 ft: 3045 corp: 634/114Kb lim: 4096 exec/s: 4632 rss: 501Mb L: 558/4033 MS: 1 EraseBytes-
#1718992	REDUCE cov: 1082 ft: 3045 corp: 634/114Kb lim: 4096 exec/s: 4633 rss: 501Mb L: 89/4033 MS: 1 EraseBytes-
#1720788	REDUCE cov: 1082 ft: 3045 corp: 634/114Kb lim: 4096 exec/s: 4625 rss: 501Mb L: 53/4033 MS: 1 EraseBytes-
#1722632	REDUCE cov: 1082 ft: 3045 corp: 634/114Kb lim: 4096 exec/s: 4630 rss: 501Mb L: 41/4033 MS: 4 ShuffleBytes-ChangeASCIIInt-ChangeBit-EraseBytes-
#1725688	REDUCE cov: 1082 ft: 3045 corp: 634/114Kb lim: 4096 exec/s: 4626 rss: 501Mb L: 491/4033 MS: 1 EraseBytes-
#1733558	REDUCE cov: 1082 ft: 3045 corp: 634/114Kb lim: 4096 exec/s: 4622 rss: 501Mb L: 988/4033 MS: 5 CopyPart-PersAutoDict-CrossOver-ChangeBit-EraseBytes- DE: "\177\217\251t\341w\000\000"-
#1734210	REDUCE cov: 1082 ft: 3045 corp: 634/114Kb lim: 4096 exec/s: 4624 rss: 501Mb L: 315/4033 MS: 2 ChangeASCIIInt-EraseBytes-
#1736656	REDUCE cov: 1082 ft: 3045 corp: 634/114Kb lim: 4096 exec/s: 4631 rss: 501Mb L: 16/4033 MS: 1 EraseBytes-
#1740277	REDUCE cov: 1082 ft: 3045 corp: 634/114Kb lim: 4096 exec/s: 4628 rss: 501Mb L: 192/4033 MS: 1 EraseBytes-
#1743538	REDUCE cov: 1082 ft: 3045 corp: 634/114Kb lim: 4096 exec/s: 4624 rss: 501Mb L: 403/4033 MS: 1 EraseBytes-
#1749094	REDUCE cov: 1082 ft: 3045 corp: 634/114Kb lim: 4096 exec/s: 4627 rss: 501Mb L: 61/4033 MS: 1 EraseBytes-
#1750325	REDUCE cov: 1082 ft: 3045 corp: 634/114Kb lim: 4096 exec/s: 4630 rss: 501Mb L: 303/4033 MS: 1 EraseBytes-
#1750456	REDUCE cov: 1082 ft: 3045 corp: 634/114Kb lim: 4096 exec/s: 4630 rss: 501Mb L: 598/4033 MS: 1 EraseBytes-
#1759495	REDUCE cov: 1082 ft: 3045 corp: 634/114Kb lim: 4096 exec/s: 4630 rss: 501Mb L: 177/4033 MS: 4 CrossOver-CopyPart-EraseBytes-EraseBytes-
#1759946	REDUCE cov: 1082 ft: 3045 corp: 634/114Kb lim: 4096 exec/s: 4631 rss: 501Mb L: 156/4033 MS: 1 EraseBytes-
#1761175	REDUCE cov: 1082 ft: 3045 corp: 634/114Kb lim: 4096 exec/s: 4634 rss: 501Mb L: 236/4033 MS: 4 ShuffleBytes-CopyPart-EraseBytes-EraseBytes-
#1769907	REDUCE cov: 1082 ft: 3045 corp: 634/114Kb lim: 4096 exec/s: 4633 rss: 501Mb L: 84/4033 MS: 2 EraseBytes-CopyPart-
#1771003	REDUCE cov: 1082 ft: 3045 corp: 634/114Kb lim: 4096 exec/s: 4636 rss: 501Mb L: 454/4033 MS: 1 EraseBytes-
#1771787	REDUCE cov: 1082 ft: 3045 corp: 634/114Kb lim: 4096 exec/s: 4638 rss: 501Mb L: 364/4033 MS: 4 ChangeBinInt-InsertByte-InsertByte-EraseBytes-
#1776705	REDUCE cov: 1082 ft: 3045 corp: 634/114Kb lim: 4096 exec/s: 4638 rss: 501Mb L: 670/4033 MS: 3 ChangeBinInt-EraseBytes-CopyPart-
#1777556	REDUCE cov: 1082 ft: 3045 corp: 634/114Kb lim: 4096 exec/s: 4641 rss: 501Mb L: 72/4033 MS: 1 EraseBytes-
#1777913	REDUCE cov: 1082 ft: 3045 corp: 634/113Kb lim: 4096 exec/s: 4642 rss: 501Mb L: 281/4033 MS: 2 PersAutoDict-EraseBytes- DE: "runtime:cap37"-
#1778664	REDUCE cov: 1082 ft: 3045 corp: 634/113Kb lim: 4096 exec/s: 4644 rss: 501Mb L: 260/4033 MS: 1 EraseBytes-
#1781255	REDUCE cov: 1082 ft: 3045 corp: 634/113Kb lim: 4096 exec/s: 4638 rss: 501Mb L: 265/4033 MS: 1 EraseBytes-
#1783117	REDUCE cov: 1082 ft: 3045 corp: 634/113Kb lim: 4096 exec/s: 4643 rss: 501Mb L: 3058/4033 MS: 2 EraseBytes-CopyPart-
#1784632	REDUCE cov: 1082 ft: 3045 corp: 634/113Kb lim: 4096 exec/s: 4647 rss: 501Mb L: 601/4033 MS: 5 CopyPart-ShuffleBytes-CopyPart-CopyPart-EraseBytes-
#1786788	REDUCE cov: 1082 ft: 3045 corp: 634/113Kb lim: 4096 exec/s: 4641 rss: 501Mb L: 391/4033 MS: 1 EraseBytes-
#1787374	REDUCE cov: 1082 ft: 3045 corp: 634/113Kb lim: 4096 exec/s: 4642 rss: 501Mb L: 26/4033 MS: 1 EraseBytes-
#1791718	REDUCE cov: 1082 ft: 3045 corp: 634/113Kb lim: 4096 exec/s: 4641 rss: 501Mb L: 113/4033 MS: 4 ChangeBinInt-PersAutoDict-ChangeBinInt-EraseBytes- DE: "\177\217\251t\341w\000\000"-
#1793489	REDUCE cov: 1082 ft: 3045 corp: 634/113Kb lim: 4096 exec/s: 4646 rss: 501Mb L: 101/4033 MS: 1 EraseBytes-
#1795155	REDUCE cov: 1082 ft: 3045 corp: 634/113Kb lim: 4096 exec/s: 4650 rss: 501Mb L: 392/4033 MS: 1 EraseBytes-
#1795641	REDUCE cov: 1082 ft: 3045 corp: 634/113Kb lim: 4096 exec/s: 4651 rss: 501Mb L: 93/4033 MS: 1 EraseBytes-
#1796057	REDUCE cov: 1082 ft: 3045 corp: 634/113Kb lim: 4096 exec/s: 4652 rss: 501Mb L: 656/4033 MS: 1 EraseBytes-
#1798518	REDUCE cov: 1082 ft: 3045 corp: 634/113Kb lim: 4096 exec/s: 4647 rss: 501Mb L: 47/4033 MS: 1 EraseBytes-
#1798999	REDUCE cov: 1082 ft: 3045 corp: 634/113Kb lim: 4096 exec/s: 4648 rss: 501Mb L: 20/4033 MS: 1 EraseBytes-
#1801765	REDUCE cov: 1082 ft: 3045 corp: 634/113Kb lim: 4096 exec/s: 4655 rss: 501Mb L: 133/4033 MS: 1 EraseBytes-
#1804252	REDUCE cov: 1082 ft: 3045 corp: 634/113Kb lim: 4096 exec/s: 4650 rss: 501Mb L: 194/4033 MS: 2 ChangeBinInt-EraseBytes-
#1807308	REDUCE cov: 1082 ft: 3045 corp: 634/113Kb lim: 4096 exec/s: 4658 rss: 501Mb L: 36/4033 MS: 1 EraseBytes-
#1807335	REDUCE cov: 1082 ft: 3045 corp: 634/113Kb lim: 4096 exec/s: 4658 rss: 501Mb L: 386/4033 MS: 2 ChangeASCIIInt-EraseBytes-
#1807723	REDUCE cov: 1082 ft: 3045 corp: 634/113Kb lim: 4096 exec/s: 4647 rss: 501Mb L: 160/4033 MS: 3 ShuffleBytes-CrossOver-EraseBytes-
#1808003	REDUCE cov: 1082 ft: 3045 corp: 634/113Kb lim: 4096 exec/s: 4647 rss: 501Mb L: 145/4033 MS: 5 ChangeByte-PersAutoDict-CopyPart-ShuffleBytes-EraseBytes- DE: "\377\377\377\377\377\377\377\377"-
#1809010	REDUCE cov: 1082 ft: 3045 corp: 634/113Kb lim: 4096 exec/s: 4650 rss: 501Mb L: 418/4033 MS: 2 EraseBytes-CrossOver-
#1815851	REDUCE cov: 1082 ft: 3045 corp: 634/113Kb lim: 4096 exec/s: 4656 rss: 501Mb L: 57/4033 MS: 1 EraseBytes-
#1819212	REDUCE cov: 1082 ft: 3045 corp: 634/113Kb lim: 4096 exec/s: 4652 rss: 501Mb L: 148/4033 MS: 1 EraseBytes-
#1823584	REDUCE cov: 1082 ft: 3045 corp: 634/113Kb lim: 4096 exec/s: 4663 rss: 501Mb L: 195/4033 MS: 2 CrossOver-EraseBytes-
#1825276	REDUCE cov: 1082 ft: 3045 corp: 634/113Kb lim: 4096 exec/s: 4656 rss: 501Mb L: 25/4033 MS: 2 ChangeBinInt-EraseBytes-
#1825328	REDUCE cov: 1082 ft: 3045 corp: 634/113Kb lim: 4096 exec/s: 4656 rss: 501Mb L: 542/4033 MS: 2 ChangeASCIIInt-EraseBytes-
#1825429	REDUCE cov: 1082 ft: 3045 corp: 634/113Kb lim: 4096 exec/s: 4656 rss: 501Mb L: 103/4033 MS: 1 EraseBytes-
#1827574	REDUCE cov: 1082 ft: 3045 corp: 634/113Kb lim: 4096 exec/s: 4662 rss: 501Mb L: 112/4033 MS: 5 ShuffleBytes-ShuffleBytes-CrossOver-CrossOver-EraseBytes-
#1828746	REDUCE cov: 1082 ft: 3045 corp: 634/113Kb lim: 4096 exec/s: 4665 rss: 501Mb L: 2242/4033 MS: 2 ChangeBinInt-EraseBytes-
#1829742	REDUCE cov: 1082 ft: 3045 corp: 634/113Kb lim: 4096 exec/s: 4655 rss: 501Mb L: 46/4033 MS: 1 EraseBytes-
#1831438	REDUCE cov: 1082 ft: 3045 corp: 634/113Kb lim: 4096 exec/s: 4660 rss: 501Mb L: 96/4033 MS: 1 EraseBytes-
#1835209	REDUCE cov: 1082 ft: 3045 corp: 634/113Kb lim: 4096 exec/s: 4669 rss: 501Mb L: 279/4033 MS: 1 EraseBytes-
#1838036	REDUCE cov: 1082 ft: 3045 corp: 634/113Kb lim: 4096 exec/s: 4665 rss: 501Mb L: 277/4033 MS: 2 PersAutoDict-EraseBytes- DE: "runtime:cap45"-
#1842187	REDUCE cov: 1082 ft: 3045 corp: 634/113Kb lim: 4096 exec/s: 4663 rss: 501Mb L: 198/4033 MS: 1 EraseBytes-
#1842614	REDUCE cov: 1082 ft: 3045 corp: 634/113Kb lim: 4096 exec/s: 4664 rss: 501Mb L: 21/4033 MS: 2 ChangeBit-EraseBytes-
#1846980	REDUCE cov: 1082 ft: 3045 corp: 634/113Kb lim: 4096 exec/s: 4664 rss: 501Mb L: 21/4033 MS: 1 EraseBytes-
#1847727	REDUCE cov: 1082 ft: 3045 corp: 634/113Kb lim: 4096 exec/s: 4665 rss: 501Mb L: 55/4033 MS: 2 CrossOver-EraseBytes-
#1854696	REDUCE cov: 1082 ft: 3045 corp: 634/113Kb lim: 4096 exec/s: 4671 rss: 501Mb L: 418/4033 MS: 4 ShuffleBytes-ChangeBit-PersAutoDict-EraseBytes- DE: "\000\000\000\000\000\000\000\000"-
#1856017	REDUCE cov: 1082 ft: 3045 corp: 634/113Kb lim: 4096 exec/s: 4675 rss: 501Mb L: 164/4033 MS: 1 EraseBytes-
#1861348	REDUCE cov: 1082 ft: 3045 corp: 634/113Kb lim: 4096 exec/s: 4676 rss: 501Mb L: 101/4033 MS: 1 EraseBytes-
#1861469	REDUCE cov: 1082 ft: 3045 corp: 634/113Kb lim: 4096 exec/s: 4677 rss: 501Mb L: 159/4033 MS: 1 EraseBytes-
#1864470	REDUCE cov: 1082 ft: 3045 corp: 634/113Kb lim: 4096 exec/s: 4672 rss: 501Mb L: 54/4033 MS: 1 EraseBytes-
#1869580	REDUCE cov: 1082 ft: 3045 corp: 634/113Kb lim: 4096 exec/s: 4685 rss: 501Mb L: 404/4033 MS: 4 CrossOver-CMP-ChangeASCIIInt-EraseBytes- DE: "0\000\000\000\000\000\000\000"-
#1871218	REDUCE cov: 1082 ft: 3045 corp: 634/113Kb lim: 4096 exec/s: 4678 rss: 501Mb L: 75/4033 MS: 3 ShuffleBytes-ChangeASCIIInt-EraseBytes-
#1876109	REDUCE cov: 1082 ft: 3045 corp: 634/113Kb lim: 4096 exec/s: 4678 rss: 501Mb L: 109/4033 MS: 1 EraseBytes-
#1876461	REDUCE cov: 1082 ft: 3045 corp: 634/113Kb lim: 4096 exec/s: 4679 rss: 501Mb L: 647/4033 MS: 2 ChangeASCIIInt-EraseBytes-
#1877310	REDUCE cov: 1082 ft: 3045 corp: 634/113Kb lim: 4096 exec/s: 4681 rss: 501Mb L: 61/4033 MS: 4 InsertByte-ShuffleBytes-EraseBytes-CopyPart-
#1882067	REDUCE cov: 1082 ft: 3045 corp: 634/113Kb lim: 4096 exec/s: 4681 rss: 501Mb L: 71/4033 MS: 2 ShuffleBytes-EraseBytes-
#1884093	REDUCE cov: 1082 ft: 3045 corp: 634/113Kb lim: 4096 exec/s: 4686 rss: 501Mb L: 20/4033 MS: 1 EraseBytes-
#1889015	REDUCE cov: 1082 ft: 3045 corp: 634/113Kb lim: 4096 exec/s: 4687 rss: 501Mb L: 1657/4033 MS: 2 InsertRepeatedBytes-EraseBytes-
#1889856	REDUCE cov: 1082 ft: 3045 corp: 634/113Kb lim: 4096 exec/s: 4689 rss: 501Mb L: 4/4033 MS: 1 EraseBytes-
#1893098	REDUCE cov: 1082 ft: 3045 corp: 634/113Kb lim: 4096 exec/s: 4685 rss: 501Mb L: 142/4033 MS: 2 EraseBytes-PersAutoDict- DE: "runtime:timers"-
#1893489	REDUCE cov: 1082 ft: 3045 corp: 634/113Kb lim: 4096 exec/s: 4686 rss: 501Mb L: 25/4033 MS: 1 EraseBytes-
#1895680	REDUCE cov: 1082 ft: 3045 corp: 634/113Kb lim: 4096 exec/s: 4680 rss: 501Mb L: 13/4033 MS: 1 EraseBytes-
#1898667	REDUCE cov: 1082 ft: 3045 corp: 634/113Kb lim: 4096 exec/s: 4688 rss: 501Mb L: 245/4033 MS: 2 CrossOver-EraseBytes-
#1901419	REDUCE cov: 1082 ft: 3045 corp: 634/113Kb lim: 4096 exec/s: 4683 rss: 501Mb L: 417/4033 MS: 2 ChangeByte-EraseBytes-
#1904580	REDUCE cov: 1082 ft: 3045 corp: 634/113Kb lim: 4096 exec/s: 4679 rss: 501Mb L: 147/4033 MS: 1 EraseBytes-
#1904982	REDUCE cov: 1082 ft: 3045 corp: 634/113Kb lim: 4096 exec/s: 4680 rss: 501Mb L: 27/4033 MS: 2 ChangeByte-EraseBytes-
#1907815	REDUCE cov: 1082 ft: 3045 corp: 634/113Kb lim: 4096 exec/s: 4687 rss: 501Mb L: 194/4033 MS: 3 CMP-InsertByte-EraseBytes- DE: "runtime:cap228"-
#1909581	REDUCE cov: 1082 ft: 3045 corp: 634/113Kb lim: 4096 exec/s: 4680 rss: 501Mb L: 25/4033 MS: 1 EraseBytes-
#1911667	REDUCE cov: 1082 ft: 3045 corp: 634/113Kb lim: 4096 exec/s: 4685 rss: 501Mb L: 383/4033 MS: 1 EraseBytes-
#1914005	REDUCE cov: 1082 ft: 3045 corp: 634/113Kb lim: 4096 exec/s: 4679 rss: 501Mb L: 185/4033 MS: 3 ChangeBinInt-ChangeBit-EraseBytes-
#1917671	REDUCE cov: 1082 ft: 3045 corp: 634/113Kb lim: 4096 exec/s: 4677 rss: 501Mb L: 60/4033 MS: 1 EraseBytes-
#1919476	REDUCE cov: 1082 ft: 3045 corp: 634/113Kb lim: 4096 exec/s: 4681 rss: 501Mb L: 572/4033 MS: 5 CopyPart-ShuffleBytes-ShuffleBytes-CMP-EraseBytes- DE: "\377z"-
#1922692	REDUCE cov: 1082 ft: 3045 corp: 634/113Kb lim: 4096 exec/s: 4678 rss: 501Mb L: 436/4033 MS: 1 EraseBytes-
#1922985	REDUCE cov: 1082 ft: 3045 corp: 634/113Kb lim: 4096 exec/s: 4678 rss: 501Mb L: 202/4033 MS: 3 EraseBytes-CrossOver-CopyPart-
#1931993	REDUCE cov: 1082 ft: 3045 corp: 634/113Kb lim: 4096 exec/s: 4677 rss: 501Mb L: 149/4033 MS: 3 ChangeBinInt-CMP-EraseBytes- DE: "runtime:cap2"-
#1932519	REDUCE cov: 1082 ft: 3045 corp: 634/113Kb lim: 4096 exec/s: 4679 rss: 501Mb L: 172/4033 MS: 1 EraseBytes-
#1932712	REDUCE cov: 1082 ft: 3045 corp: 634/113Kb lim: 4096 exec/s: 4679 rss: 501Mb L: 1192/4033 MS: 3 ChangeBinInt-InsertByte-EraseBytes-
#1934783	REDUCE cov: 1082 ft: 3045 corp: 634/113Kb lim: 4096 exec/s: 4684 rss: 501Mb L: 50/4033 MS: 1 EraseBytes-
#1936136	REDUCE cov: 1082 ft: 3045 corp: 634/113Kb lim: 4096 exec/s: 4676 rss: 501Mb L: 19/4033 MS: 3 ChangeBinInt-ShuffleBytes-EraseBytes-
#1939923	REDUCE cov: 1082 ft: 3045 corp: 634/113Kb lim: 4096 exec/s: 4674 rss: 501Mb L: 52/4033 MS: 2 CMP-EraseBytes- DE: "\000\000\000\000\000\000\000\004"-
#1940450	REDUCE cov: 1082 ft: 3045 corp: 634/113Kb lim: 4096 exec/s: 4675 rss: 501Mb L: 58/4033 MS: 2 ShuffleBytes-EraseBytes-
#1943046	REDUCE cov: 1082 ft: 3045 corp: 634/113Kb lim: 4096 exec/s: 4670 rss: 501Mb L: 1937/4033 MS: 1 EraseBytes-
#1943567	REDUCE cov: 1082 ft: 3045 corp: 634/113Kb lim: 4096 exec/s: 4672 rss: 501Mb L: 404/4033 MS: 1 EraseBytes-
#1944707	REDUCE cov: 1082 ft: 3045 corp: 634/113Kb lim: 4096 exec/s: 4674 rss: 501Mb L: 78/4033 MS: 5 CopyPart-ChangeASCIIInt-ChangeASCIIInt-EraseBytes-EraseBytes-
#1946270	REDUCE cov: 1082 ft: 3045 corp: 634/113Kb lim: 4096 exec/s: 4678 rss: 501Mb L: 488/4033 MS: 3 CopyPart-ChangeByte-EraseBytes-
#1947257	REDUCE cov: 1082 ft: 3045 corp: 634/113Kb lim: 4096 exec/s: 4669 rss: 501Mb L: 1225/4033 MS: 2 CMP-EraseBytes- DE: "y\000\000\000"-
#1947533	NEW    cov: 1083 ft: 3047 corp: 635/113Kb lim: 4096 exec/s: 4670 rss: 501Mb L: 6/4033 MS: 1 ChangeBit-
#1948424	REDUCE cov: 1083 ft: 3047 corp: 635/113Kb lim: 4096 exec/s: 4672 rss: 501Mb L: 84/4033 MS: 1 EraseBytes-
#1950482	REDUCE cov: 1083 ft: 3047 corp: 635/113Kb lim: 4096 exec/s: 4666 rss: 501Mb L: 43/4033 MS: 3 ChangeASCIIInt-ChangeBinInt-EraseBytes-
#1952863	REDUCE cov: 1083 ft: 3047 corp: 635/113Kb lim: 4096 exec/s: 4671 rss: 501Mb L: 83/4033 MS: 1 EraseBytes-
#1953842	REDUCE cov: 1083 ft: 3047 corp: 635/113Kb lim: 4096 exec/s: 4674 rss: 501Mb L: 62/4033 MS: 4 CrossOver-ChangeBit-EraseBytes-CrossOver-
#1954268	REDUCE cov: 1083 ft: 3047 corp: 635/113Kb lim: 4096 exec/s: 4675 rss: 501Mb L: 297/4033 MS: 1 EraseBytes-
#1955455	REDUCE cov: 1083 ft: 3047 corp: 635/113Kb lim: 4096 exec/s: 4666 rss: 501Mb L: 23/4033 MS: 2 CopyPart-EraseBytes-
#1956002	REDUCE cov: 1083 ft: 3047 corp: 635/113Kb lim: 4096 exec/s: 4668 rss: 501Mb L: 14/4033 MS: 2 ChangeBit-EraseBytes-
#1961064	REDUCE cov: 1083 ft: 3047 corp: 635/113Kb lim: 4096 exec/s: 4669 rss: 501Mb L: 227/4033 MS: 2 EraseBytes-CopyPart-
#1963873	REDUCE cov: 1083 ft: 3047 corp: 635/112Kb lim: 4096 exec/s: 4664 rss: 501Mb L: 194/4033 MS: 4 CrossOver-ChangeASCIIInt-ChangeASCIIInt-EraseBytes-
#1966924	REDUCE cov: 1083 ft: 3047 corp: 635/112Kb lim: 4096 exec/s: 4672 rss: 501Mb L: 49/4033 MS: 1 EraseBytes-
#1975513	REDUCE cov: 1083 ft: 3047 corp: 635/112Kb lim: 4096 exec/s: 4670 rss: 501Mb L: 1627/4033 MS: 4 ChangeByte-CopyPart-ChangeBit-EraseBytes-
#1980242	REDUCE cov: 1083 ft: 3047 corp: 635/112Kb lim: 4096 exec/s: 4659 rss: 501Mb L: 3595/4033 MS: 4 CMP-EraseBytes-PersAutoDict-CopyPart- DE: "runtime:cap24"-"\000\000\000\000\000\000\000\004"-
#1980793	REDUCE cov: 1083 ft: 3047 corp: 635/112Kb lim: 4096 exec/s: 4660 rss: 501Mb L: 69/4033 MS: 1 EraseBytes-
#1981499	REDUCE cov: 1083 ft: 3047 corp: 635/112Kb lim: 4096 exec/s: 4662 rss: 501Mb L: 322/4033 MS: 1 EraseBytes-
#1983050	REDUCE cov: 1083 ft: 3047 corp: 635/112Kb lim: 4096 exec/s: 4666 rss: 501Mb L: 138/4033 MS: 1 EraseBytes-
#1983246	REDUCE cov: 1083 ft: 3047 corp: 635/112Kb lim: 4096 exec/s: 4666 rss: 501Mb L: 19/4033 MS: 1 EraseBytes-
#1986373	REDUCE cov: 1083 ft: 3047 corp: 635/112Kb lim: 4096 exec/s: 4662 rss: 501Mb L: 4020/4033 MS: 2 ChangeBinInt-EraseBytes-
#1990614	REDUCE cov: 1083 ft: 3047 corp: 635/112Kb lim: 4096 exec/s: 4661 rss: 501Mb L: 69/4033 MS: 1 EraseBytes-
#1993450	REDUCE cov: 1083 ft: 3047 corp: 635/112Kb lim: 4096 exec/s: 4657 rss: 501Mb L: 87/4033 MS: 1 EraseBytes-
#1993751	REDUCE cov: 1083 ft: 3047 corp: 635/112Kb lim: 4096 exec/s: 4658 rss: 501Mb L: 939/4033 MS: 1 EraseBytes-
#1998948	REDUCE cov: 1083 ft: 3047 corp: 635/112Kb lim: 4096 exec/s: 4659 rss: 501Mb L: 52/4033 MS: 2 InsertRepeatedBytes-EraseBytes-
#2002219	REDUCE cov: 1083 ft: 3047 corp: 635/112Kb lim: 4096 exec/s: 4656 rss: 501Mb L: 136/4033 MS: 1 EraseBytes-
#2003595	REDUCE cov: 1083 ft: 3047 corp: 635/112Kb lim: 4096 exec/s: 4659 rss: 501Mb L: 32/4033 MS: 1 EraseBytes-
#2004716	REDUCE cov: 1083 ft: 3047 corp: 635/112Kb lim: 4096 exec/s: 4662 rss: 501Mb L: 423/4033 MS: 1 EraseBytes-
#2010547	REDUCE cov: 1083 ft: 3047 corp: 635/112Kb lim: 4096 exec/s: 4654 rss: 501Mb L: 24/4033 MS: 1 EraseBytes-
#2011959	REDUCE cov: 1083 ft: 3047 corp: 635/112Kb lim: 4096 exec/s: 4657 rss: 501Mb L: 37/4033 MS: 2 ChangeByte-EraseBytes-
#2015780	REDUCE cov: 1083 ft: 3047 corp: 635/112Kb lim: 4096 exec/s: 4655 rss: 501Mb L: 96/4033 MS: 1 EraseBytes-
#2017516	REDUCE cov: 1083 ft: 3047 corp: 635/112Kb lim: 4096 exec/s: 4659 rss: 501Mb L: 52/4033 MS: 1 EraseBytes-
#2017678	REDUCE cov: 1083 ft: 3047 corp: 635/112Kb lim: 4096 exec/s: 4659 rss: 501Mb L: 809/4033 MS: 2 ChangeBit-EraseBytes-
#2017722	REDUCE cov: 1083 ft: 3047 corp: 635/112Kb lim: 4096 exec/s: 4659 rss: 501Mb L: 1205/4033 MS: 4 ChangeByte-ChangeBit-ChangeBinInt-EraseBytes-
#2025459	REDUCE cov: 1083 ft: 3047 corp: 635/112Kb lim: 4096 exec/s: 4666 rss: 501Mb L: 12/4033 MS: 2 CopyPart-EraseBytes-
#2026761	REDUCE cov: 1083 ft: 3047 corp: 635/112Kb lim: 4096 exec/s: 4659 rss: 501Mb L: 964/4033 MS: 2 ChangeByte-EraseBytes-
#2027724	REDUCE cov: 1083 ft: 3047 corp: 635/112Kb lim: 4096 exec/s: 4661 rss: 501Mb L: 508/4033 MS: 3 CopyPart-ChangeBit-EraseBytes-
#2029410	REDUCE cov: 1083 ft: 3047 corp: 635/112Kb lim: 4096 exec/s: 4665 rss: 501Mb L: 777/4033 MS: 1 EraseBytes-
#2032074	REDUCE cov: 1083 ft: 3047 corp: 635/112Kb lim: 4096 exec/s: 4660 rss: 501Mb L: 59/4033 MS: 3 EraseBytes-ChangeBit-CopyPart-
#2033670	REDUCE cov: 1083 ft: 3047 corp: 635/112Kb lim: 4096 exec/s: 4664 rss: 501Mb L: 329/4033 MS: 1 EraseBytes-
#2034417	REDUCE cov: 1083 ft: 3047 corp: 635/112Kb lim: 4096 exec/s: 4666 rss: 501Mb L: 189/4033 MS: 2 ChangeByte-EraseBytes-
#2034754	REDUCE cov: 1083 ft: 3047 corp: 635/112Kb lim: 4096 exec/s: 4666 rss: 501Mb L: 1505/4033 MS: 2 ShuffleBytes-EraseBytes-
#2035851	REDUCE cov: 1083 ft: 3047 corp: 635/112Kb lim: 4096 exec/s: 4669 rss: 501Mb L: 111/4033 MS: 2 ChangeBinInt-EraseBytes-
#2036002	REDUCE cov: 1083 ft: 3047 corp: 635/112Kb lim: 4096 exec/s: 4669 rss: 501Mb L: 776/4033 MS: 1 EraseBytes-
#2036185	REDUCE cov: 1083 ft: 3047 corp: 635/112Kb lim: 4096 exec/s: 4670 rss: 501Mb L: 1174/4033 MS: 3 CopyPart-InsertByte-EraseBytes-
#2037531	REDUCE cov: 1083 ft: 3047 corp: 635/112Kb lim: 4096 exec/s: 4662 rss: 501Mb L: 134/4033 MS: 1 EraseBytes-
#2041275	REDUCE cov: 1083 ft: 3047 corp: 635/112Kb lim: 4096 exec/s: 4671 rss: 501Mb L: 40/4033 MS: 4 EraseBytes-ChangeBit-InsertByte-ShuffleBytes-
#2044317	REDUCE cov: 1083 ft: 3047 corp: 635/112Kb lim: 4096 exec/s: 4667 rss: 501Mb L: 53/4033 MS: 2 CrossOver-EraseBytes-
#2044414	REDUCE cov: 1083 ft: 3047 corp: 635/112Kb lim: 4096 exec/s: 4667 rss: 501Mb L: 51/4033 MS: 2 ChangeBit-EraseBytes-
#2047010	REDUCE cov: 1083 ft: 3047 corp: 635/112Kb lim: 4096 exec/s: 4673 rss: 501Mb L: 195/4033 MS: 1 EraseBytes-
#2052431	REDUCE cov: 1083 ft: 3047 corp: 635/112Kb lim: 4096 exec/s: 4675 rss: 501Mb L: 900/4033 MS: 1 EraseBytes-
#2052943	REDUCE cov: 1083 ft: 3047 corp: 635/112Kb lim: 4096 exec/s: 4676 rss: 501Mb L: 566/4033 MS: 2 CrossOver-EraseBytes-
#2052989	REDUCE cov: 1083 ft: 3047 corp: 635/112Kb lim: 4096 exec/s: 4676 rss: 501Mb L: 21/4033 MS: 1 EraseBytes-
#2054220	REDUCE cov: 1083 ft: 3047 corp: 635/112Kb lim: 4096 exec/s: 4668 rss: 501Mb L: 166/4033 MS: 1 EraseBytes-
#2061736	REDUCE cov: 1083 ft: 3047 corp: 635/112Kb lim: 4096 exec/s: 4675 rss: 501Mb L: 1180/4033 MS: 1 EraseBytes-
#2062601	REDUCE cov: 1083 ft: 3047 corp: 635/112Kb lim: 4096 exec/s: 4677 rss: 501Mb L: 144/4033 MS: 5 ChangeBit-InsertByte-EraseBytes-ChangeBit-CopyPart-
#2073717	REDUCE cov: 1083 ft: 3047 corp: 635/112Kb lim: 4096 exec/s: 4681 rss: 501Mb L: 60/4033 MS: 1 EraseBytes-
#2076313	REDUCE cov: 1083 ft: 3047 corp: 635/112Kb lim: 4096 exec/s: 4676 rss: 501Mb L: 581/4033 MS: 1 EraseBytes-
#2076854	REDUCE cov: 1083 ft: 3047 corp: 635/112Kb lim: 4096 exec/s: 4677 rss: 501Mb L: 284/4033 MS: 1 EraseBytes-
#2076898	REDUCE cov: 1083 ft: 3047 corp: 635/112Kb lim: 4096 exec/s: 4677 rss: 501Mb L: 2236/4033 MS: 4 CopyPart-PersAutoDict-ChangeByte-EraseBytes- DE: "http"-
#2078635	REDUCE cov: 1083 ft: 3047 corp: 635/112Kb lim: 4096 exec/s: 4681 rss: 501Mb L: 971/4033 MS: 2 PersAutoDict-EraseBytes- DE: "runtime:cap5"-
#2079631	REDUCE cov: 1083 ft: 3047 corp: 635/112Kb lim: 4096 exec/s: 4683 rss: 501Mb L: 193/4033 MS: 1 EraseBytes-
#2081462	REDUCE cov: 1083 ft: 3047 corp: 635/112Kb lim: 4096 exec/s: 4677 rss: 501Mb L: 413/4033 MS: 1 EraseBytes-
#2081952	REDUCE cov: 1083 ft: 3047 corp: 635/112Kb lim: 4096 exec/s: 4678 rss: 501Mb L: 154/4033 MS: 5 CopyPart-ChangeBit-ChangeBinInt-InsertByte-EraseBytes-
#2082686	REDUCE cov: 1083 ft: 3047 corp: 635/112Kb lim: 4096 exec/s: 4680 rss: 501Mb L: 32/4033 MS: 4 CopyPart-PersAutoDict-EraseBytes-ShuffleBytes- DE: "runtime:cap1"-
#2087837	REDUCE cov: 1083 ft: 3047 corp: 635/112Kb lim: 4096 exec/s: 4681 rss: 501Mb L: 220/4033 MS: 1 EraseBytes-
#2088734	REDUCE cov: 1083 ft: 3047 corp: 635/112Kb lim: 4096 exec/s: 4683 rss: 501Mb L: 681/4033 MS: 2 ChangeByte-EraseBytes-
#2089255	REDUCE cov: 1083 ft: 3047 corp: 635/112Kb lim: 4096 exec/s: 4684 rss: 501Mb L: 70/4033 MS: 1 EraseBytes-
#2093316	REDUCE cov: 1083 ft: 3047 corp: 635/112Kb lim: 4096 exec/s: 4683 rss: 501Mb L: 793/4033 MS: 1 EraseBytes-
#2093432	REDUCE cov: 1083 ft: 3047 corp: 635/112Kb lim: 4096 exec/s: 4683 rss: 501Mb L: 54/4033 MS: 1 EraseBytes-
#2097152	pulse  cov: 1083 ft: 3047 corp: 635/112Kb lim: 4096 exec/s: 4681 rss: 501Mb
#2097925	REDUCE cov: 1083 ft: 3047 corp: 635/112Kb lim: 4096 exec/s: 4682 rss: 501Mb L: 399/4033 MS: 3 InsertByte-PersAutoDict-EraseBytes- DE: "runtime:cap14"-
#2097963	REDUCE cov: 1083 ft: 3047 corp: 635/112Kb lim: 4096 exec/s: 4682 rss: 501Mb L: 326/4033 MS: 3 ChangeBinInt-CopyPart-EraseBytes-
#2098929	REDUCE cov: 1083 ft: 3047 corp: 635/112Kb lim: 4096 exec/s: 4685 rss: 501Mb L: 13/4033 MS: 1 EraseBytes-
#2105511	REDUCE cov: 1083 ft: 3047 corp: 635/112Kb lim: 4096 exec/s: 4689 rss: 501Mb L: 147/4033 MS: 2 InsertByte-EraseBytes-
#2107277	REDUCE cov: 1083 ft: 3047 corp: 635/112Kb lim: 4096 exec/s: 4693 rss: 501Mb L: 103/4033 MS: 1 EraseBytes-
#2108058	REDUCE cov: 1083 ft: 3047 corp: 635/112Kb lim: 4096 exec/s: 4684 rss: 501Mb L: 55/4033 MS: 1 EraseBytes-
#2108306	REDUCE cov: 1083 ft: 3047 corp: 635/112Kb lim: 4096 exec/s: 4685 rss: 501Mb L: 1126/4033 MS: 3 EraseBytes-ChangeBinInt-CopyPart-
#2109542	REDUCE cov: 1083 ft: 3047 corp: 635/112Kb lim: 4096 exec/s: 4687 rss: 501Mb L: 136/4033 MS: 1 EraseBytes-
#2111028	REDUCE cov: 1083 ft: 3047 corp: 635/112Kb lim: 4096 exec/s: 4691 rss: 501Mb L: 57/4033 MS: 1 EraseBytes-
#2111334	REDUCE cov: 1083 ft: 3047 corp: 635/112Kb lim: 4096 exec/s: 4691 rss: 501Mb L: 18/4033 MS: 1 EraseBytes-
#2120520	REDUCE cov: 1083 ft: 3047 corp: 635/112Kb lim: 4096 exec/s: 4691 rss: 501Mb L: 314/4033 MS: 1 EraseBytes-
#2121139	REDUCE cov: 1083 ft: 3047 corp: 635/112Kb lim: 4096 exec/s: 4692 rss: 501Mb L: 14/4033 MS: 4 EraseBytes-ChangeBit-InsertByte-CopyPart-
#2128160	REDUCE cov: 1083 ft: 3047 corp: 635/112Kb lim: 4096 exec/s: 4687 rss: 501Mb L: 11/4033 MS: 1 EraseBytes-
#2129546	REDUCE cov: 1083 ft: 3047 corp: 635/112Kb lim: 4096 exec/s: 4690 rss: 501Mb L: 328/4033 MS: 1 EraseBytes-
#2130235	REDUCE cov: 1083 ft: 3047 corp: 635/112Kb lim: 4096 exec/s: 4692 rss: 501Mb L: 215/4033 MS: 4 EraseBytes-InsertByte-ChangeBit-CopyPart-
#2131840	REDUCE cov: 1083 ft: 3047 corp: 635/112Kb lim: 4096 exec/s: 4695 rss: 501Mb L: 912/4033 MS: 5 ChangeBit-InsertByte-EraseBytes-PersAutoDict-CopyPart- DE: "runtime:cap5"-
#2132217	REDUCE cov: 1083 ft: 3047 corp: 635/112Kb lim: 4096 exec/s: 4696 rss: 501Mb L: 189/4033 MS: 2 InsertByte-EraseBytes-
#2134740	REDUCE cov: 1083 ft: 3047 corp: 635/112Kb lim: 4096 exec/s: 4691 rss: 501Mb L: 90/4033 MS: 3 PersAutoDict-PersAutoDict-EraseBytes- DE: "\002\000\000\000\000\000\000\000"-"runtime:cap61"-
#2135499	REDUCE cov: 1083 ft: 3047 corp: 635/112Kb lim: 4096 exec/s: 4693 rss: 501Mb L: 96/4033 MS: 4 ChangeASCIIInt-ChangeBinInt-EraseBytes-CopyPart-
#2138365	REDUCE cov: 1083 ft: 3047 corp: 635/112Kb lim: 4096 exec/s: 4699 rss: 501Mb L: 35/4033 MS: 1 EraseBytes-
#2138799	REDUCE cov: 1083 ft: 3047 corp: 635/112Kb lim: 4096 exec/s: 4690 rss: 501Mb L: 13/4033 MS: 4 ShuffleBytes-EraseBytes-EraseBytes-CopyPart-
#2139124	REDUCE cov: 1083 ft: 3047 corp: 635/112Kb lim: 4096 exec/s: 4691 rss: 501Mb L: 97/4033 MS: 5 ShuffleBytes-CopyPart-ChangeASCIIInt-ChangeBinInt-EraseBytes-
#2143573	REDUCE cov: 1083 ft: 3047 corp: 635/112Kb lim: 4096 exec/s: 4700 rss: 501Mb L: 145/4033 MS: 4 ShuffleBytes-ChangeBit-EraseBytes-CopyPart-
#2145839	REDUCE cov: 1083 ft: 3047 corp: 635/112Kb lim: 4096 exec/s: 4695 rss: 501Mb L: 520/4033 MS: 1 EraseBytes-
#2148210	REDUCE cov: 1083 ft: 3047 corp: 635/112Kb lim: 4096 exec/s: 4700 rss: 501Mb L: 133/4033 MS: 1 EraseBytes-
#2148231	REDUCE cov: 1083 ft: 3047 corp: 635/112Kb lim: 4096 exec/s: 4700 rss: 501Mb L: 181/4033 MS: 1 EraseBytes-
#2153458	REDUCE cov: 1083 ft: 3047 corp: 635/112Kb lim: 4096 exec/s: 4701 rss: 501Mb L: 300/4033 MS: 2 ShuffleBytes-EraseBytes-
#2155059	REDUCE cov: 1083 ft: 3047 corp: 635/112Kb lim: 4096 exec/s: 4705 rss: 501Mb L: 236/4033 MS: 1 EraseBytes-
#2159104	REDUCE cov: 1083 ft: 3047 corp: 635/112Kb lim: 4096 exec/s: 4703 rss: 501Mb L: 960/4033 MS: 5 ShuffleBytes-CMP-ChangeBinInt-CopyPart-EraseBytes- DE: "runtime:cap68"-
#2160545	REDUCE cov: 1083 ft: 3047 corp: 635/112Kb lim: 4096 exec/s: 4696 rss: 501Mb L: 631/4033 MS: 1 EraseBytes-
#2160661	REDUCE cov: 1083 ft: 3047 corp: 635/112Kb lim: 4096 exec/s: 4697 rss: 501Mb L: 914/4033 MS: 1 EraseBytes-
#2164947	REDUCE cov: 1083 ft: 3047 corp: 635/112Kb lim: 4096 exec/s: 4696 rss: 501Mb L: 13/4033 MS: 1 EraseBytes-
#2166909	REDUCE cov: 1083 ft: 3047 corp: 635/112Kb lim: 4096 exec/s: 4700 rss: 501Mb L: 201/4033 MS: 2 EraseBytes-CrossOver-
#2167152	REDUCE cov: 1083 ft: 3047 corp: 635/112Kb lim: 4096 exec/s: 4700 rss: 501Mb L: 1460/4033 MS: 3 ChangeBit-CrossOver-EraseBytes-
#2169698	REDUCE cov: 1083 ft: 3047 corp: 635/112Kb lim: 4096 exec/s: 4696 rss: 501Mb L: 1465/4033 MS: 1 EraseBytes-
#2172574	REDUCE cov: 1083 ft: 3047 corp: 635/112Kb lim: 4096 exec/s: 4702 rss: 501Mb L: 293/4033 MS: 1 EraseBytes-
#2177640	REDUCE cov: 1083 ft: 3047 corp: 635/112Kb lim: 4096 exec/s: 4693 rss: 501Mb L: 53/4033 MS: 1 EraseBytes-
#2177701	REDUCE cov: 1083 ft: 3047 corp: 635/112Kb lim: 4096 exec/s: 4693 rss: 501Mb L: 150/4033 MS: 1 EraseBytes-
#2177987	REDUCE cov: 1083 ft: 3047 corp: 635/112Kb lim: 4096 exec/s: 4693 rss: 501Mb L: 21/4033 MS: 1 EraseBytes-
#2178628	REDUCE cov: 1083 ft: 3047 corp: 635/112Kb lim: 4096 exec/s: 4695 rss: 501Mb L: 594/4033 MS: 1 EraseBytes-
#2180369	REDUCE cov: 1083 ft: 3047 corp: 635/112Kb lim: 4096 exec/s: 4699 rss: 501Mb L: 190/4033 MS: 1 EraseBytes-
#2182515	REDUCE cov: 1083 ft: 3047 corp: 635/112Kb lim: 4096 exec/s: 4693 rss: 501Mb L: 1928/4033 MS: 1 EraseBytes-
#2182716	REDUCE cov: 1083 ft: 3047 corp: 635/112Kb lim: 4096 exec/s: 4694 rss: 501Mb L: 86/4033 MS: 1 EraseBytes-
#2186098	REDUCE cov: 1083 ft: 3047 corp: 635/112Kb lim: 4096 exec/s: 4701 rss: 501Mb L: 549/4033 MS: 2 CopyPart-EraseBytes-
#2192115	REDUCE cov: 1083 ft: 3047 corp: 635/112Kb lim: 4096 exec/s: 4704 rss: 501Mb L: 60/4033 MS: 2 ChangeByte-EraseBytes-
#2192547	REDUCE cov: 1083 ft: 3047 corp: 635/112Kb lim: 4096 exec/s: 4705 rss: 501Mb L: 193/4033 MS: 2 EraseBytes-CopyPart-
#2193565	REDUCE cov: 1083 ft: 3047 corp: 635/112Kb lim: 4096 exec/s: 4707 rss: 501Mb L: 211/4033 MS: 3 EraseBytes-ChangeBit-CopyPart-
#2196094	REDUCE cov: 1083 ft: 3047 corp: 635/112Kb lim: 4096 exec/s: 4702 rss: 501Mb L: 258/4033 MS: 4 ShuffleBytes-ChangeBit-InsertByte-EraseBytes-
#2197575	REDUCE cov: 1083 ft: 3047 corp: 635/112Kb lim: 4096 exec/s: 4705 rss: 501Mb L: 61/4033 MS: 1 EraseBytes-
#2199046	REDUCE cov: 1083 ft: 3047 corp: 635/112Kb lim: 4096 exec/s: 4708 rss: 501Mb L: 70/4033 MS: 1 EraseBytes-
#2200679	REDUCE cov: 1083 ft: 3048 corp: 636/112Kb lim: 4096 exec/s: 4702 rss: 501Mb L: 20/4033 MS: 3 CopyPart-CMP-CopyPart- DE: "\007\000\000\000\000\000\000\000"-
#2201084	REDUCE cov: 1083 ft: 3048 corp: 636/112Kb lim: 4096 exec/s: 4703 rss: 501Mb L: 179/4033 MS: 5 ChangeASCIIInt-CopyPart-ChangeASCIIInt-ChangeASCIIInt-EraseBytes-
#2202105	REDUCE cov: 1083 ft: 3048 corp: 636/112Kb lim: 4096 exec/s: 4705 rss: 501Mb L: 365/4033 MS: 1 EraseBytes-
#2202496	REDUCE cov: 1083 ft: 3048 corp: 636/112Kb lim: 4096 exec/s: 4706 rss: 501Mb L: 96/4033 MS: 1 EraseBytes-
#2206428	REDUCE cov: 1083 ft: 3048 corp: 636/112Kb lim: 4096 exec/s: 4704 rss: 501Mb L: 26/4033 MS: 2 CopyPart-EraseBytes-
#2206760	REDUCE cov: 1083 ft: 3048 corp: 636/112Kb lim: 4096 exec/s: 4705 rss: 501Mb L: 210/4033 MS: 2 ChangeBit-EraseBytes-
#2210481	REDUCE cov: 1083 ft: 3048 corp: 636/112Kb lim: 4096 exec/s: 4703 rss: 501Mb L: 623/4033 MS: 1 EraseBytes-
#2210509	REDUCE cov: 1083 ft: 3048 corp: 636/112Kb lim: 4096 exec/s: 4703 rss: 501Mb L: 18/4033 MS: 3 EraseBytes-CopyPart-ChangeBit-
#2211917	REDUCE cov: 1083 ft: 3048 corp: 636/112Kb lim: 4096 exec/s: 4706 rss: 501Mb L: 102/4033 MS: 3 ChangeBinInt-ChangeBinInt-EraseBytes-
#2219280	REDUCE cov: 1083 ft: 3048 corp: 636/112Kb lim: 4096 exec/s: 4701 rss: 501Mb L: 215/4033 MS: 3 ChangeASCIIInt-ChangeASCIIInt-EraseBytes-
#2224348	REDUCE cov: 1083 ft: 3048 corp: 636/112Kb lim: 4096 exec/s: 4702 rss: 501Mb L: 88/4033 MS: 3 ChangeBit-ChangeBit-EraseBytes-
#2236596	REDUCE cov: 1083 ft: 3048 corp: 636/112Kb lim: 4096 exec/s: 4698 rss: 501Mb L: 172/4033 MS: 3 CopyPart-ChangeByte-EraseBytes-
#2239668	REDUCE cov: 1083 ft: 3049 corp: 637/112Kb lim: 4096 exec/s: 4705 rss: 501Mb L: 526/4033 MS: 2 PersAutoDict-CrossOver- DE: "runtime:cap93"-
#2243265	REDUCE cov: 1083 ft: 3049 corp: 637/112Kb lim: 4096 exec/s: 4702 rss: 501Mb L: 60/4033 MS: 2 ChangeASCIIInt-EraseBytes-
#2244063	REDUCE cov: 1083 ft: 3049 corp: 637/112Kb lim: 4096 exec/s: 4704 rss: 501Mb L: 964/4033 MS: 3 CopyPart-EraseBytes-CopyPart-
#2246270	REDUCE cov: 1083 ft: 3049 corp: 637/112Kb lim: 4096 exec/s: 4699 rss: 501Mb L: 504/4033 MS: 2 ChangeByte-EraseBytes-
#2246361	REDUCE cov: 1083 ft: 3049 corp: 637/112Kb lim: 4096 exec/s: 4699 rss: 501Mb L: 1295/4033 MS: 1 EraseBytes-
#2246412	REDUCE cov: 1083 ft: 3049 corp: 637/112Kb lim: 4096 exec/s: 4699 rss: 501Mb L: 214/4033 MS: 1 EraseBytes-
#2249054	REDUCE cov: 1083 ft: 3049 corp: 637/112Kb lim: 4096 exec/s: 4705 rss: 501Mb L: 175/4033 MS: 2 ChangeASCIIInt-EraseBytes-
#2252675	REDUCE cov: 1083 ft: 3049 corp: 637/112Kb lim: 4096 exec/s: 4702 rss: 501Mb L: 18/4033 MS: 1 EraseBytes-
#2254653	REDUCE cov: 1083 ft: 3049 corp: 637/112Kb lim: 4096 exec/s: 4697 rss: 501Mb L: 92/4033 MS: 3 ChangeASCIIInt-ChangeASCIIInt-EraseBytes-
#2266874	REDUCE cov: 1083 ft: 3049 corp: 637/112Kb lim: 4096 exec/s: 4693 rss: 501Mb L: 39/4033 MS: 1 EraseBytes-
#2267456	REDUCE cov: 1083 ft: 3049 corp: 637/112Kb lim: 4096 exec/s: 4694 rss: 501Mb L: 561/4033 MS: 2 ChangeBit-EraseBytes-
#2273123	REDUCE cov: 1083 ft: 3049 corp: 637/112Kb lim: 4096 exec/s: 4696 rss: 501Mb L: 564/4033 MS: 2 ChangeBinInt-EraseBytes-
#2274934	REDUCE cov: 1083 ft: 3049 corp: 637/112Kb lim: 4096 exec/s: 4690 rss: 501Mb L: 17/4033 MS: 1 EraseBytes-
#2275875	REDUCE cov: 1083 ft: 3049 corp: 637/112Kb lim: 4096 exec/s: 4692 rss: 501Mb L: 302/4033 MS: 1 EraseBytes-
#2277381	REDUCE cov: 1083 ft: 3049 corp: 637/112Kb lim: 4096 exec/s: 4695 rss: 501Mb L: 408/4033 MS: 1 EraseBytes-
#2277466	REDUCE cov: 1083 ft: 3049 corp: 637/112Kb lim: 4096 exec/s: 4695 rss: 501Mb L: 104/4033 MS: 5 ChangeASCIIInt-CopyPart-CopyPart-ChangeASCIIInt-EraseBytes-
#2277942	REDUCE cov: 1083 ft: 3049 corp: 637/112Kb lim: 4096 exec/s: 4696 rss: 501Mb L: 290/4033 MS: 1 EraseBytes-
#2281878	REDUCE cov: 1083 ft: 3049 corp: 637/112Kb lim: 4096 exec/s: 4695 rss: 501Mb L: 131/4033 MS: 1 EraseBytes-
#2284513	REDUCE cov: 1083 ft: 3049 corp: 637/112Kb lim: 4096 exec/s: 4690 rss: 501Mb L: 382/4033 MS: 5 CMP-CMP-ChangeByte-ChangeASCIIInt-EraseBytes- DE: "\001\000\000\000\000\000\000\014"-"`\000"-
#2284580	REDUCE cov: 1083 ft: 3049 corp: 637/112Kb lim: 4096 exec/s: 4691 rss: 501Mb L: 176/4033 MS: 2 EraseBytes-CopyPart-
#2287447	REDUCE cov: 1083 ft: 3049 corp: 637/112Kb lim: 4096 exec/s: 4697 rss: 501Mb L: 284/4033 MS: 2 InsertByte-EraseBytes-
#2288473	REDUCE cov: 1083 ft: 3049 corp: 637/112Kb lim: 4096 exec/s: 4699 rss: 501Mb L: 888/4033 MS: 1 EraseBytes-
#2288734	REDUCE cov: 1083 ft: 3049 corp: 637/112Kb lim: 4096 exec/s: 4699 rss: 501Mb L: 19/4033 MS: 1 EraseBytes-
#2289910	REDUCE cov: 1083 ft: 3049 corp: 637/112Kb lim: 4096 exec/s: 4692 rss: 501Mb L: 195/4033 MS: 1 EraseBytes-
#2290945	REDUCE cov: 1083 ft: 3049 corp: 637/112Kb lim: 4096 exec/s: 4694 rss: 501Mb L: 58/4033 MS: 5 ChangeBinInt-CopyPart-CopyPart-PersAutoDict-EraseBytes- DE: "\007\000\000\000\000\000\000\000"-
#2291377	REDUCE cov: 1083 ft: 3049 corp: 637/112Kb lim: 4096 exec/s: 4695 rss: 501Mb L: 41/4033 MS: 2 CopyPart-EraseBytes-
#2291474	REDUCE cov: 1083 ft: 3049 corp: 637/112Kb lim: 4096 exec/s: 4695 rss: 501Mb L: 28/4033 MS: 2 ChangeByte-EraseBytes-
#2293466	REDUCE cov: 1083 ft: 3049 corp: 637/112Kb lim: 4096 exec/s: 4690 rss: 501Mb L: 285/4033 MS: 2 InsertByte-EraseBytes-
#2297152	REDUCE cov: 1083 ft: 3049 corp: 637/112Kb lim: 4096 exec/s: 4697 rss: 501Mb L: 138/4033 MS: 1 EraseBytes-
#2297252	REDUCE cov: 1083 ft: 3049 corp: 637/112Kb lim: 4096 exec/s: 4697 rss: 501Mb L: 1390/4033 MS: 5 EraseBytes-EraseBytes-ShuffleBytes-ChangeByte-CopyPart-
#2298413	REDUCE cov: 1083 ft: 3049 corp: 637/112Kb lim: 4096 exec/s: 4690 rss: 501Mb L: 66/4033 MS: 1 EraseBytes-
#2298764	REDUCE cov: 1083 ft: 3049 corp: 637/112Kb lim: 4096 exec/s: 4691 rss: 501Mb L: 38/4033 MS: 1 EraseBytes-
#2299345	REDUCE cov: 1083 ft: 3049 corp: 637/112Kb lim: 4096 exec/s: 4692 rss: 501Mb L: 1116/4033 MS: 1 EraseBytes-
#2300296	REDUCE cov: 1083 ft: 3049 corp: 637/112Kb lim: 4096 exec/s: 4694 rss: 501Mb L: 19/4033 MS: 1 EraseBytes-
#2302277	REDUCE cov: 1083 ft: 3049 corp: 637/112Kb lim: 4096 exec/s: 4698 rss: 501Mb L: 57/4033 MS: 1 EraseBytes-
#2308344	REDUCE cov: 1083 ft: 3049 corp: 637/112Kb lim: 4096 exec/s: 4701 rss: 501Mb L: 26/4033 MS: 2 ChangeByte-EraseBytes-
#2312985	REDUCE cov: 1083 ft: 3049 corp: 637/112Kb lim: 4096 exec/s: 4701 rss: 501Mb L: 74/4033 MS: 1 EraseBytes-
#2313476	REDUCE cov: 1083 ft: 3049 corp: 637/112Kb lim: 4096 exec/s: 4702 rss: 501Mb L: 165/4033 MS: 1 EraseBytes-
#2313809	REDUCE cov: 1083 ft: 3049 corp: 637/112Kb lim: 4096 exec/s: 4702 rss: 501Mb L: 180/4033 MS: 3 ChangeASCIIInt-ChangeBit-EraseBytes-
#2314580	REDUCE cov: 1083 ft: 3049 corp: 637/112Kb lim: 4096 exec/s: 4694 rss: 501Mb L: 32/4033 MS: 1 EraseBytes-
#2319328	REDUCE cov: 1083 ft: 3049 corp: 637/112Kb lim: 4096 exec/s: 4704 rss: 501Mb L: 362/4033 MS: 3 InsertRepeatedBytes-ShuffleBytes-EraseBytes-
#2323999	REDUCE cov: 1083 ft: 3049 corp: 637/112Kb lim: 4096 exec/s: 4704 rss: 501Mb L: 533/4033 MS: 1 EraseBytes-
#2324145	REDUCE cov: 1083 ft: 3049 corp: 637/111Kb lim: 4096 exec/s: 4704 rss: 501Mb L: 87/4033 MS: 1 EraseBytes-
#2325238	REDUCE cov: 1083 ft: 3049 corp: 637/111Kb lim: 4096 exec/s: 4697 rss: 501Mb L: 214/4033 MS: 3 ChangeByte-ChangeBit-EraseBytes-
#2329350	REDUCE cov: 1083 ft: 3049 corp: 637/111Kb lim: 4096 exec/s: 4705 rss: 501Mb L: 110/4033 MS: 2 ChangeBinInt-EraseBytes-
#2332172	REDUCE cov: 1083 ft: 3049 corp: 637/111Kb lim: 4096 exec/s: 4701 rss: 501Mb L: 65/4033 MS: 2 ChangeASCIIInt-EraseBytes-
#2334076	REDUCE cov: 1083 ft: 3049 corp: 637/111Kb lim: 4096 exec/s: 4705 rss: 501Mb L: 44/4033 MS: 4 EraseBytes-CopyPart-ShuffleBytes-ChangeBinInt-
#2335583	REDUCE cov: 1083 ft: 3049 corp: 637/111Kb lim: 4096 exec/s: 4699 rss: 501Mb L: 153/4033 MS: 2 ChangeByte-EraseBytes-
#2335629	REDUCE cov: 1083 ft: 3049 corp: 637/111Kb lim: 4096 exec/s: 4699 rss: 501Mb L: 196/4033 MS: 1 EraseBytes-
#2337740	REDUCE cov: 1083 ft: 3049 corp: 637/111Kb lim: 4096 exec/s: 4703 rss: 501Mb L: 403/4033 MS: 1 EraseBytes-
#2338471	REDUCE cov: 1083 ft: 3049 corp: 637/111Kb lim: 4096 exec/s: 4695 rss: 501Mb L: 31/4033 MS: 1 EraseBytes-
#2343969	REDUCE cov: 1083 ft: 3049 corp: 637/111Kb lim: 4096 exec/s: 4697 rss: 501Mb L: 33/4033 MS: 3 ChangeASCIIInt-ChangeBinInt-EraseBytes-
#2354570	REDUCE cov: 1083 ft: 3049 corp: 637/111Kb lim: 4096 exec/s: 4699 rss: 501Mb L: 237/4033 MS: 1 EraseBytes-
#2356172	REDUCE cov: 1083 ft: 3049 corp: 637/111Kb lim: 4096 exec/s: 4693 rss: 501Mb L: 430/4033 MS: 2 EraseBytes-PersAutoDict- DE: "\177\217\251t\341w\000\000"-
#2365303	REDUCE cov: 1083 ft: 3049 corp: 637/111Kb lim: 4096 exec/s: 4693 rss: 501Mb L: 143/4033 MS: 1 EraseBytes-
#2365973	REDUCE cov: 1083 ft: 3049 corp: 637/111Kb lim: 4096 exec/s: 4694 rss: 501Mb L: 952/4033 MS: 5 ChangeBinInt-CMP-PersAutoDict-InsertRepeatedBytes-EraseBytes- DE: "\002\000\000\000\000\000\000\000"-"runtime:cap37"-
#2367664	REDUCE cov: 1083 ft: 3049 corp: 637/111Kb lim: 4096 exec/s: 4697 rss: 501Mb L: 895/4033 MS: 1 EraseBytes-
#2373810	REDUCE cov: 1083 ft: 3049 corp: 637/111Kb lim: 4096 exec/s: 4691 rss: 501Mb L: 351/4033 MS: 1 EraseBytes-
#2376286	REDUCE cov: 1083 ft: 3049 corp: 637/111Kb lim: 4096 exec/s: 4696 rss: 501Mb L: 50/4033 MS: 1 EraseBytes-
#2384927	REDUCE cov: 1083 ft: 3049 corp: 637/111Kb lim: 4096 exec/s: 4694 rss: 501Mb L: 107/4033 MS: 1 EraseBytes-
#2389444	REDUCE cov: 1083 ft: 3049 corp: 637/111Kb lim: 4096 exec/s: 4694 rss: 501Mb L: 49/4033 MS: 2 ChangeBinInt-EraseBytes-
#2392225	REDUCE cov: 1083 ft: 3049 corp: 637/111Kb lim: 4096 exec/s: 4699 rss: 501Mb L: 13/4033 MS: 1 EraseBytes-
#2394433	REDUCE cov: 1083 ft: 3049 corp: 637/111Kb lim: 4096 exec/s: 4694 rss: 501Mb L: 2120/4033 MS: 3 PersAutoDict-CopyPart-EraseBytes- DE: "runtime:consol"-
#2394764	REDUCE cov: 1083 ft: 3049 corp: 637/111Kb lim: 4096 exec/s: 4695 rss: 501Mb L: 1551/4033 MS: 1 CrossOver-
#2396886	REDUCE cov: 1083 ft: 3049 corp: 637/111Kb lim: 4096 exec/s: 4699 rss: 501Mb L: 81/4033 MS: 2 ShuffleBytes-EraseBytes-
#2399102	REDUCE cov: 1083 ft: 3049 corp: 637/111Kb lim: 4096 exec/s: 4694 rss: 501Mb L: 502/4033 MS: 1 EraseBytes-
#2399388	REDUCE cov: 1083 ft: 3049 corp: 637/111Kb lim: 4096 exec/s: 4695 rss: 501Mb L: 51/4033 MS: 1 EraseBytes-
#2399664	REDUCE cov: 1083 ft: 3049 corp: 637/111Kb lim: 4096 exec/s: 4696 rss: 501Mb L: 19/4033 MS: 1 EraseBytes-
#2402538	REDUCE cov: 1083 ft: 3049 corp: 637/111Kb lim: 4096 exec/s: 4701 rss: 501Mb L: 1547/4033 MS: 4 CrossOver-EraseBytes-PersAutoDict-CopyPart- DE: "\000\000\000\000\000\000\000\015"-
#2407093	REDUCE cov: 1083 ft: 3049 corp: 637/111Kb lim: 4096 exec/s: 4701 rss: 501Mb L: 3042/4033 MS: 5 ChangeBinInt-InsertByte-ChangeByte-EraseBytes-CopyPart-
#2410254	REDUCE cov: 1083 ft: 3049 corp: 637/111Kb lim: 4096 exec/s: 4698 rss: 501Mb L: 194/4033 MS: 1 EraseBytes-
#2410885	REDUCE cov: 1083 ft: 3049 corp: 637/111Kb lim: 4096 exec/s: 4699 rss: 501Mb L: 129/4033 MS: 1 EraseBytes-
#2411511	REDUCE cov: 1083 ft: 3049 corp: 637/111Kb lim: 4096 exec/s: 4700 rss: 501Mb L: 341/4033 MS: 1 EraseBytes-
#2412462	REDUCE cov: 1083 ft: 3049 corp: 637/111Kb lim: 4096 exec/s: 4702 rss: 501Mb L: 44/4033 MS: 1 EraseBytes-
#2420050	REDUCE cov: 1083 ft: 3049 corp: 637/111Kb lim: 4096 exec/s: 4699 rss: 501Mb L: 227/4033 MS: 3 ChangeBit-EraseBytes-CopyPart-
#2420226	REDUCE cov: 1083 ft: 3049 corp: 637/111Kb lim: 4096 exec/s: 4699 rss: 501Mb L: 211/4033 MS: 1 EraseBytes-
#2422102	REDUCE cov: 1083 ft: 3049 corp: 637/111Kb lim: 4096 exec/s: 4703 rss: 501Mb L: 184/4033 MS: 1 EraseBytes-
#2426450	REDUCE cov: 1083 ft: 3049 corp: 637/111Kb lim: 4096 exec/s: 4702 rss: 501Mb L: 53/4033 MS: 3 CopyPart-ChangeASCIIInt-EraseBytes-
#2427267	REDUCE cov: 1083 ft: 3049 corp: 637/111Kb lim: 4096 exec/s: 4704 rss: 501Mb L: 138/4033 MS: 2 InsertRepeatedBytes-EraseBytes-
#2430296	REDUCE cov: 1083 ft: 3049 corp: 637/111Kb lim: 4096 exec/s: 4700 rss: 501Mb L: 244/4033 MS: 4 CrossOver-EraseBytes-ChangeASCIIInt-ChangeBinInt-
#2432042	REDUCE cov: 1083 ft: 3049 corp: 637/111Kb lim: 4096 exec/s: 4704 rss: 501Mb L: 104/4033 MS: 1 EraseBytes-
#2432735	REDUCE cov: 1083 ft: 3049 corp: 637/111Kb lim: 4096 exec/s: 4705 rss: 501Mb L: 786/4033 MS: 3 ShuffleBytes-InsertByte-EraseBytes-
#2436891	REDUCE cov: 1083 ft: 3049 corp: 637/111Kb lim: 4096 exec/s: 4704 rss: 501Mb L: 336/4033 MS: 1 EraseBytes-
#2436898	REDUCE cov: 1083 ft: 3049 corp: 637/111Kb lim: 4096 exec/s: 4704 rss: 501Mb L: 130/4033 MS: 2 CrossOver-EraseBytes-
#2437874	REDUCE cov: 1083 ft: 3049 corp: 637/111Kb lim: 4096 exec/s: 4706 rss: 501Mb L: 21/4033 MS: 1 EraseBytes-
#2438387	REDUCE cov: 1083 ft: 3049 corp: 637/111Kb lim: 4096 exec/s: 4707 rss: 501Mb L: 107/4033 MS: 3 InsertByte-EraseBytes-ChangeBinInt-
#2439386	REDUCE cov: 1083 ft: 3049 corp: 637/111Kb lim: 4096 exec/s: 4700 rss: 501Mb L: 22/4033 MS: 4 CrossOver-ShuffleBytes-EraseBytes-InsertByte-
#2443152	REDUCE cov: 1083 ft: 3049 corp: 637/111Kb lim: 4096 exec/s: 4707 rss: 501Mb L: 360/4033 MS: 1 EraseBytes-
#2444386	REDUCE cov: 1083 ft: 3049 corp: 637/111Kb lim: 4096 exec/s: 4700 rss: 501Mb L: 1458/4033 MS: 4 InsertRepeatedBytes-EraseBytes-CopyPart-CopyPart-
#2446944	REDUCE cov: 1083 ft: 3049 corp: 637/111Kb lim: 4096 exec/s: 4705 rss: 501Mb L: 1491/4033 MS: 3 CopyPart-PersAutoDict-EraseBytes- DE: "\000\000\000\000\000\000\000\015"-
#2449570	REDUCE cov: 1083 ft: 3049 corp: 637/111Kb lim: 4096 exec/s: 4701 rss: 501Mb L: 268/4033 MS: 1 EraseBytes-
#2449606	REDUCE cov: 1083 ft: 3049 corp: 637/111Kb lim: 4096 exec/s: 4701 rss: 501Mb L: 223/4033 MS: 1 EraseBytes-
#2453405	REDUCE cov: 1083 ft: 3049 corp: 637/111Kb lim: 4096 exec/s: 4700 rss: 501Mb L: 86/4033 MS: 4 ChangeBinInt-ChangeBinInt-ShuffleBytes-EraseBytes-
#2453455	NEW    cov: 1083 ft: 3052 corp: 638/111Kb lim: 4096 exec/s: 4700 rss: 501Mb L: 38/4033 MS: 5 ChangeBit-CrossOver-InsertByte-CopyPart-CopyPart-
#2454816	REDUCE cov: 1083 ft: 3052 corp: 638/111Kb lim: 4096 exec/s: 4702 rss: 501Mb L: 56/4033 MS: 1 EraseBytes-
#2459033	REDUCE cov: 1083 ft: 3052 corp: 638/111Kb lim: 4096 exec/s: 4701 rss: 501Mb L: 95/4033 MS: 2 ChangeBit-EraseBytes-
#2463174	REDUCE cov: 1083 ft: 3052 corp: 638/111Kb lim: 4096 exec/s: 4700 rss: 501Mb L: 59/4033 MS: 1 EraseBytes-
#2464755	REDUCE cov: 1083 ft: 3052 corp: 638/111Kb lim: 4096 exec/s: 4703 rss: 501Mb L: 68/4033 MS: 1 EraseBytes-
#2471491	REDUCE cov: 1083 ft: 3052 corp: 638/111Kb lim: 4096 exec/s: 4698 rss: 501Mb L: 103/4033 MS: 1 EraseBytes-
#2474843	REDUCE cov: 1083 ft: 3052 corp: 638/111Kb lim: 4096 exec/s: 4705 rss: 501Mb L: 90/4033 MS: 2 ChangeBinInt-EraseBytes-
#2477399	REDUCE cov: 1083 ft: 3052 corp: 638/111Kb lim: 4096 exec/s: 4700 rss: 501Mb L: 189/4033 MS: 1 EraseBytes-
#2482806	REDUCE cov: 1083 ft: 3052 corp: 638/111Kb lim: 4096 exec/s: 4702 rss: 501Mb L: 906/4033 MS: 2 CMP-EraseBytes- DE: "runtime:cap10"-
#2484659	REDUCE cov: 1083 ft: 3052 corp: 638/111Kb lim: 4096 exec/s: 4696 rss: 501Mb L: 88/4033 MS: 3 ChangeBinInt-ShuffleBytes-EraseBytes-
#2486155	REDUCE cov: 1083 ft: 3052 corp: 638/111Kb lim: 4096 exec/s: 4699 rss: 501Mb L: 95/4033 MS: 1 EraseBytes-
#2488187	REDUCE cov: 1083 ft: 3052 corp: 638/111Kb lim: 4096 exec/s: 4694 rss: 501Mb L: 48/4033 MS: 2 ChangeBit-EraseBytes-
#2488558	REDUCE cov: 1083 ft: 3052 corp: 638/111Kb lim: 4096 exec/s: 4695 rss: 501Mb L: 37/4033 MS: 1 EraseBytes-
#2490089	REDUCE cov: 1083 ft: 3052 corp: 638/111Kb lim: 4096 exec/s: 4698 rss: 501Mb L: 141/4033 MS: 1 EraseBytes-
#2496451	REDUCE cov: 1083 ft: 3052 corp: 638/111Kb lim: 4096 exec/s: 4692 rss: 501Mb L: 210/4033 MS: 2 ChangeBit-EraseBytes-
#2498718	REDUCE cov: 1083 ft: 3052 corp: 638/111Kb lim: 4096 exec/s: 4696 rss: 501Mb L: 177/4033 MS: 2 ChangeByte-EraseBytes-
#2500016	REDUCE cov: 1083 ft: 3052 corp: 638/111Kb lim: 4096 exec/s: 4699 rss: 501Mb L: 393/4033 MS: 3 InsertRepeatedBytes-InsertRepeatedBytes-EraseBytes-
#2505384	REDUCE cov: 1083 ft: 3052 corp: 638/111Kb lim: 4096 exec/s: 4691 rss: 501Mb L: 590/4033 MS: 3 ChangeBinInt-InsertByte-EraseBytes-
#2505927	REDUCE cov: 1083 ft: 3052 corp: 638/111Kb lim: 4096 exec/s: 4692 rss: 501Mb L: 504/4033 MS: 3 ShuffleBytes-ChangeBit-EraseBytes-
#2507938	REDUCE cov: 1083 ft: 3052 corp: 638/111Kb lim: 4096 exec/s: 4696 rss: 501Mb L: 32/4033 MS: 1 EraseBytes-
#2509054	REDUCE cov: 1083 ft: 3052 corp: 638/111Kb lim: 4096 exec/s: 4698 rss: 501Mb L: 61/4033 MS: 1 EraseBytes-
#2510047	REDUCE cov: 1083 ft: 3052 corp: 638/111Kb lim: 4096 exec/s: 4691 rss: 501Mb L: 183/4033 MS: 3 CopyPart-CopyPart-EraseBytes-
#2510513	REDUCE cov: 1083 ft: 3052 corp: 638/111Kb lim: 4096 exec/s: 4692 rss: 501Mb L: 19/4033 MS: 1 EraseBytes-
#2511244	REDUCE cov: 1083 ft: 3052 corp: 638/111Kb lim: 4096 exec/s: 4693 rss: 501Mb L: 1488/4033 MS: 1 EraseBytes-
#2515435	REDUCE cov: 1083 ft: 3052 corp: 638/111Kb lim: 4096 exec/s: 4692 rss: 501Mb L: 1100/4033 MS: 1 EraseBytes-
#2515740	REDUCE cov: 1083 ft: 3052 corp: 638/111Kb lim: 4096 exec/s: 4693 rss: 501Mb L: 14/4033 MS: 5 ChangeBit-CMP-EraseBytes-ChangeBit-PersAutoDict- DE: "\000\000\000\000\000\000\000\000"-"\377\377\377\377"-
#2517087	REDUCE cov: 1083 ft: 3052 corp: 638/111Kb lim: 4096 exec/s: 4696 rss: 501Mb L: 327/4033 MS: 2 ChangeASCIIInt-EraseBytes-
#2517138	REDUCE cov: 1083 ft: 3052 corp: 638/111Kb lim: 4096 exec/s: 4696 rss: 501Mb L: 2053/4033 MS: 1 EraseBytes-
#2517679	REDUCE cov: 1083 ft: 3052 corp: 638/111Kb lim: 4096 exec/s: 4697 rss: 501Mb L: 51/4033 MS: 1 EraseBytes-
#2521290	REDUCE cov: 1083 ft: 3052 corp: 638/111Kb lim: 4096 exec/s: 4695 rss: 501Mb L: 231/4033 MS: 1 EraseBytes-
#2528394	REDUCE cov: 1083 ft: 3052 corp: 638/111Kb lim: 4096 exec/s: 4690 rss: 501Mb L: 168/4033 MS: 4 ShuffleBytes-ChangeBinInt-CopyPart-EraseBytes-
#2529981	REDUCE cov: 1083 ft: 3052 corp: 638/111Kb lim: 4096 exec/s: 4693 rss: 501Mb L: 84/4033 MS: 2 CopyPart-EraseBytes-
#2531305	REDUCE cov: 1083 ft: 3052 corp: 638/111Kb lim: 4096 exec/s: 4696 rss: 501Mb L: 182/4033 MS: 4 ChangeBinInt-ChangeBit-InsertByte-EraseBytes-
#2532806	REDUCE cov: 1083 ft: 3052 corp: 638/111Kb lim: 4096 exec/s: 4690 rss: 501Mb L: 15/4033 MS: 1 EraseBytes-
#2534132	REDUCE cov: 1083 ft: 3052 corp: 638/111Kb lim: 4096 exec/s: 4692 rss: 501Mb L: 35/4033 MS: 1 EraseBytes-
#2535405	REDUCE cov: 1083 ft: 3052 corp: 638/111Kb lim: 4096 exec/s: 4695 rss: 501Mb L: 105/4033 MS: 3 ChangeBit-ShuffleBytes-EraseBytes-
#2536199	REDUCE cov: 1083 ft: 3052 corp: 638/111Kb lim: 4096 exec/s: 4687 rss: 501Mb L: 884/4033 MS: 4 ChangeBinInt-InsertRepeatedBytes-ChangeASCIIInt-EraseBytes-
#2537731	REDUCE cov: 1083 ft: 3052 corp: 638/111Kb lim: 4096 exec/s: 4690 rss: 501Mb L: 346/4033 MS: 2 ChangeBinInt-EraseBytes-
#2539482	REDUCE cov: 1083 ft: 3052 corp: 638/111Kb lim: 4096 exec/s: 4694 rss: 501Mb L: 18/4033 MS: 1 EraseBytes-
#2539503	REDUCE cov: 1083 ft: 3052 corp: 638/111Kb lim: 4096 exec/s: 4694 rss: 501Mb L: 1991/4033 MS: 1 EraseBytes-
#2546592	REDUCE cov: 1083 ft: 3052 corp: 638/111Kb lim: 4096 exec/s: 4689 rss: 501Mb L: 85/4033 MS: 4 ChangeBit-ChangeByte-InsertRepeatedBytes-EraseBytes-
#2546734	REDUCE cov: 1083 ft: 3052 corp: 638/111Kb lim: 4096 exec/s: 4690 rss: 501Mb L: 194/4033 MS: 2 EraseBytes-CopyPart-
#2555140	REDUCE cov: 1083 ft: 3052 corp: 638/111Kb lim: 4096 exec/s: 4688 rss: 501Mb L: 179/4033 MS: 1 EraseBytes-
#2559589	REDUCE cov: 1083 ft: 3052 corp: 638/111Kb lim: 4096 exec/s: 4687 rss: 501Mb L: 7/4033 MS: 4 ChangeBinInt-ChangeBit-EraseBytes-InsertByte-
#2560218	REDUCE cov: 1083 ft: 3052 corp: 638/111Kb lim: 4096 exec/s: 4689 rss: 501Mb L: 188/4033 MS: 4 InsertByte-ChangeBinInt-InsertByte-EraseBytes-
#2560254	REDUCE cov: 1083 ft: 3052 corp: 638/111Kb lim: 4096 exec/s: 4689 rss: 501Mb L: 138/4033 MS: 1 EraseBytes-
#2567817	REDUCE cov: 1083 ft: 3052 corp: 638/111Kb lim: 4096 exec/s: 4694 rss: 501Mb L: 38/4033 MS: 3 ChangeBit-ChangeASCIIInt-EraseBytes-
#2570486	REDUCE cov: 1083 ft: 3052 corp: 638/111Kb lim: 4096 exec/s: 4690 rss: 501Mb L: 600/4033 MS: 4 CMP-ChangeBinInt-CopyPart-EraseBytes- DE: "runtime:cap4"-
#2571273	REDUCE cov: 1083 ft: 3052 corp: 638/111Kb lim: 4096 exec/s: 4692 rss: 501Mb L: 85/4033 MS: 2 InsertRepeatedBytes-EraseBytes-
#2573754	REDUCE cov: 1083 ft: 3052 corp: 638/111Kb lim: 4096 exec/s: 4688 rss: 501Mb L: 148/4033 MS: 1 EraseBytes-
#2582692	REDUCE cov: 1083 ft: 3052 corp: 638/111Kb lim: 4096 exec/s: 4687 rss: 501Mb L: 53/4033 MS: 3 CopyPart-EraseBytes-CrossOver-
#2583146	REDUCE cov: 1083 ft: 3052 corp: 638/111Kb lim: 4096 exec/s: 4688 rss: 501Mb L: 836/4033 MS: 4 ChangeBit-CrossOver-PersAutoDict-EraseBytes- DE: "\017\000\000\000\000\000\000\000"-
#2583377	REDUCE cov: 1083 ft: 3052 corp: 638/111Kb lim: 4096 exec/s: 4688 rss: 501Mb L: 1902/4033 MS: 1 EraseBytes-
#2585264	REDUCE cov: 1083 ft: 3052 corp: 638/111Kb lim: 4096 exec/s: 4691 rss: 501Mb L: 43/4033 MS: 2 ChangeBit-EraseBytes-
#2587819	REDUCE cov: 1083 ft: 3052 corp: 638/111Kb lim: 4096 exec/s: 4688 rss: 501Mb L: 360/4033 MS: 5 CrossOver-ChangeBinInt-ChangeBinInt-ChangeBinInt-EraseBytes-
#2587950	REDUCE cov: 1083 ft: 3052 corp: 638/111Kb lim: 4096 exec/s: 4688 rss: 501Mb L: 40/4033 MS: 1 EraseBytes-
#2588351	REDUCE cov: 1083 ft: 3052 corp: 638/111Kb lim: 4096 exec/s: 4689 rss: 501Mb L: 52/4033 MS: 1 EraseBytes-
#2588762	REDUCE cov: 1083 ft: 3052 corp: 638/111Kb lim: 4096 exec/s: 4689 rss: 501Mb L: 102/4033 MS: 1 EraseBytes-
#2589454	REDUCE cov: 1083 ft: 3052 corp: 638/111Kb lim: 4096 exec/s: 4691 rss: 501Mb L: 261/4033 MS: 2 ChangeBinInt-EraseBytes-
#2590768	REDUCE cov: 1083 ft: 3052 corp: 638/111Kb lim: 4096 exec/s: 4693 rss: 501Mb L: 39/4033 MS: 4 CrossOver-PersAutoDict-ChangeBit-EraseBytes- DE: "\002\000\000\000\000\000\000\000"-
#2591729	REDUCE cov: 1083 ft: 3052 corp: 638/111Kb lim: 4096 exec/s: 4686 rss: 501Mb L: 184/4033 MS: 1 EraseBytes-
#2592610	REDUCE cov: 1083 ft: 3052 corp: 638/111Kb lim: 4096 exec/s: 4688 rss: 501Mb L: 56/4033 MS: 1 EraseBytes-
#2594164	REDUCE cov: 1083 ft: 3052 corp: 638/111Kb lim: 4096 exec/s: 4691 rss: 501Mb L: 1058/4033 MS: 4 EraseBytes-CopyPart-EraseBytes-InsertRepeatedBytes-
#2599130	REDUCE cov: 1083 ft: 3052 corp: 638/111Kb lim: 4096 exec/s: 4691 rss: 501Mb L: 86/4033 MS: 1 EraseBytes-
#2603746	REDUCE cov: 1083 ft: 3052 corp: 638/111Kb lim: 4096 exec/s: 4691 rss: 501Mb L: 28/4033 MS: 1 EraseBytes-
#2610317	REDUCE cov: 1083 ft: 3052 corp: 638/111Kb lim: 4096 exec/s: 4686 rss: 501Mb L: 226/4033 MS: 1 EraseBytes-
#2610468	REDUCE cov: 1083 ft: 3052 corp: 638/111Kb lim: 4096 exec/s: 4686 rss: 501Mb L: 48/4033 MS: 1 EraseBytes-
#2616780	REDUCE cov: 1083 ft: 3052 corp: 638/111Kb lim: 4096 exec/s: 4689 rss: 501Mb L: 174/4033 MS: 2 CopyPart-EraseBytes-
#2623316	REDUCE cov: 1083 ft: 3052 corp: 638/111Kb lim: 4096 exec/s: 4684 rss: 501Mb L: 45/4033 MS: 1 EraseBytes-
#2623507	REDUCE cov: 1083 ft: 3052 corp: 638/111Kb lim: 4096 exec/s: 4684 rss: 501Mb L: 73/4033 MS: 1 EraseBytes-
#2623623	REDUCE cov: 1083 ft: 3052 corp: 638/111Kb lim: 4096 exec/s: 4685 rss: 501Mb L: 62/4033 MS: 1 EraseBytes-
#2627624	REDUCE cov: 1083 ft: 3052 corp: 638/111Kb lim: 4096 exec/s: 4683 rss: 501Mb L: 47/4033 MS: 1 EraseBytes-
#2629170	REDUCE cov: 1083 ft: 3052 corp: 638/111Kb lim: 4096 exec/s: 4686 rss: 501Mb L: 48/4033 MS: 1 EraseBytes-
#2630616	REDUCE cov: 1083 ft: 3052 corp: 638/111Kb lim: 4096 exec/s: 4689 rss: 501Mb L: 16/4033 MS: 1 EraseBytes-
#2631379	REDUCE cov: 1083 ft: 3052 corp: 638/111Kb lim: 4096 exec/s: 4690 rss: 501Mb L: 42/4033 MS: 3 CrossOver-EraseBytes-InsertByte-
#2634898	REDUCE cov: 1083 ft: 3052 corp: 638/111Kb lim: 4096 exec/s: 4688 rss: 501Mb L: 323/4033 MS: 4 InsertByte-CopyPart-CopyPart-EraseBytes-
#2638761	REDUCE cov: 1083 ft: 3052 corp: 638/111Kb lim: 4096 exec/s: 4686 rss: 501Mb L: 302/4033 MS: 2 InsertByte-EraseBytes-
#2643993	REDUCE cov: 1083 ft: 3052 corp: 638/111Kb lim: 4096 exec/s: 4687 rss: 501Mb L: 170/4033 MS: 2 EraseBytes-CopyPart-
#2645357	REDUCE cov: 1083 ft: 3052 corp: 638/111Kb lim: 4096 exec/s: 4682 rss: 501Mb L: 4/4033 MS: 4 ChangeByte-ChangeByte-ShuffleBytes-EraseBytes-
#2647116	REDUCE cov: 1083 ft: 3052 corp: 638/111Kb lim: 4096 exec/s: 4685 rss: 501Mb L: 813/4033 MS: 4 ChangeByte-ChangeByte-ChangeByte-EraseBytes-
#2653178	REDUCE cov: 1083 ft: 3052 corp: 638/111Kb lim: 4096 exec/s: 4687 rss: 501Mb L: 51/4033 MS: 2 CrossOver-EraseBytes-
#2654849	REDUCE cov: 1083 ft: 3052 corp: 638/111Kb lim: 4096 exec/s: 4682 rss: 501Mb L: 185/4033 MS: 1 EraseBytes-
#2657485	REDUCE cov: 1083 ft: 3052 corp: 638/111Kb lim: 4096 exec/s: 4686 rss: 501Mb L: 104/4033 MS: 1 EraseBytes-
#2659396	REDUCE cov: 1083 ft: 3052 corp: 638/111Kb lim: 4096 exec/s: 4682 rss: 501Mb L: 168/4033 MS: 1 EraseBytes-
#2660034	REDUCE cov: 1083 ft: 3052 corp: 638/111Kb lim: 4096 exec/s: 4683 rss: 501Mb L: 531/4033 MS: 3 CrossOver-CrossOver-EraseBytes-
#2661727	REDUCE cov: 1083 ft: 3052 corp: 638/111Kb lim: 4096 exec/s: 4686 rss: 501Mb L: 138/4033 MS: 3 EraseBytes-ChangeBinInt-CopyPart-
#2664283	REDUCE cov: 1083 ft: 3052 corp: 638/111Kb lim: 4096 exec/s: 4682 rss: 501Mb L: 135/4033 MS: 1 EraseBytes-
#2668130	REDUCE cov: 1083 ft: 3052 corp: 638/111Kb lim: 4096 exec/s: 4680 rss: 501Mb L: 29/4033 MS: 1 EraseBytes-
#2668452	REDUCE cov: 1083 ft: 3052 corp: 638/111Kb lim: 4096 exec/s: 4681 rss: 501Mb L: 1515/4033 MS: 2 ChangeASCIIInt-EraseBytes-
#2669580	REDUCE cov: 1083 ft: 3052 corp: 638/110Kb lim: 4096 exec/s: 4683 rss: 501Mb L: 523/4033 MS: 3 CrossOver-EraseBytes-ShuffleBytes-
#2672647	REDUCE cov: 1083 ft: 3052 corp: 638/110Kb lim: 4096 exec/s: 4680 rss: 501Mb L: 1010/4033 MS: 2 EraseBytes-CopyPart-
#2675764	REDUCE cov: 1083 ft: 3052 corp: 638/110Kb lim: 4096 exec/s: 4686 rss: 501Mb L: 522/4033 MS: 2 EraseBytes-CrossOver-
#2679817	REDUCE cov: 1083 ft: 3052 corp: 638/110Kb lim: 4096 exec/s: 4684 rss: 501Mb L: 100/4033 MS: 3 ChangeByte-CopyPart-EraseBytes-
#2680122	REDUCE cov: 1083 ft: 3052 corp: 638/110Kb lim: 4096 exec/s: 4685 rss: 501Mb L: 948/4033 MS: 5 ChangeBinInt-CopyPart-ChangeByte-ChangeASCIIInt-EraseBytes-
#2680849	REDUCE cov: 1083 ft: 3052 corp: 638/110Kb lim: 4096 exec/s: 4678 rss: 501Mb L: 101/4033 MS: 2 ShuffleBytes-EraseBytes-
#2681396	REDUCE cov: 1083 ft: 3052 corp: 638/110Kb lim: 4096 exec/s: 4679 rss: 501Mb L: 94/4033 MS: 2 ShuffleBytes-EraseBytes-
#2683489	REDUCE cov: 1083 ft: 3052 corp: 638/110Kb lim: 4096 exec/s: 4683 rss: 501Mb L: 136/4033 MS: 3 EraseBytes-ChangeBinInt-CopyPart-
#2686200	REDUCE cov: 1083 ft: 3052 corp: 638/110Kb lim: 4096 exec/s: 4679 rss: 501Mb L: 343/4033 MS: 1 EraseBytes-
#2686761	REDUCE cov: 1083 ft: 3052 corp: 638/110Kb lim: 4096 exec/s: 4680 rss: 501Mb L: 132/4033 MS: 1 EraseBytes-
#2689828	REDUCE cov: 1083 ft: 3052 corp: 638/110Kb lim: 4096 exec/s: 4677 rss: 501Mb L: 301/4033 MS: 2 ChangeASCIIInt-EraseBytes-
#2691705	REDUCE cov: 1083 ft: 3052 corp: 638/110Kb lim: 4096 exec/s: 4681 rss: 501Mb L: 19/4033 MS: 2 ShuffleBytes-EraseBytes-
#2695010	REDUCE cov: 1083 ft: 3052 corp: 638/110Kb lim: 4096 exec/s: 4678 rss: 501Mb L: 1831/4033 MS: 5 EraseBytes-CMP-ShuffleBytes-CMP-InsertRepeatedBytes- DE: "runtime:cap16"-"runtime:cap64"-
#2696042	REDUCE cov: 1083 ft: 3052 corp: 638/110Kb lim: 4096 exec/s: 4680 rss: 501Mb L: 51/4033 MS: 2 ChangeASCIIInt-EraseBytes-
#2697838	REDUCE cov: 1083 ft: 3052 corp: 638/110Kb lim: 4096 exec/s: 4683 rss: 501Mb L: 172/4033 MS: 1 EraseBytes-
#2700612	REDUCE cov: 1083 ft: 3052 corp: 638/110Kb lim: 4096 exec/s: 4680 rss: 501Mb L: 338/4033 MS: 4 CopyPart-ChangeASCIIInt-ChangeBinInt-EraseBytes-
#2702588	REDUCE cov: 1083 ft: 3052 corp: 638/110Kb lim: 4096 exec/s: 4683 rss: 501Mb L: 68/4033 MS: 1 EraseBytes-
#2704177	REDUCE cov: 1083 ft: 3052 corp: 638/110Kb lim: 4096 exec/s: 4678 rss: 501Mb L: 863/4033 MS: 4 EraseBytes-ChangeASCIIInt-CrossOver-ChangeBit-
#2709260	REDUCE cov: 1083 ft: 3052 corp: 638/110Kb lim: 4096 exec/s: 4679 rss: 501Mb L: 282/4033 MS: 3 EraseBytes-ChangeASCIIInt-CopyPart-
#2710372	REDUCE cov: 1083 ft: 3052 corp: 638/110Kb lim: 4096 exec/s: 4681 rss: 501Mb L: 560/4033 MS: 2 EraseBytes-CopyPart-
#2710963	REDUCE cov: 1083 ft: 3052 corp: 638/110Kb lim: 4096 exec/s: 4682 rss: 501Mb L: 212/4033 MS: 1 EraseBytes-
#2712426	REDUCE cov: 1083 ft: 3052 corp: 638/110Kb lim: 4096 exec/s: 4684 rss: 501Mb L: 783/4033 MS: 3 ShuffleBytes-CMP-EraseBytes- DE: "\377\377\377\377\377\377\377\003"-
#2712447	REDUCE cov: 1083 ft: 3052 corp: 638/110Kb lim: 4096 exec/s: 4684 rss: 501Mb L: 249/4033 MS: 1 EraseBytes-
#2713163	REDUCE cov: 1083 ft: 3052 corp: 638/110Kb lim: 4096 exec/s: 4677 rss: 501Mb L: 82/4033 MS: 1 EraseBytes-
#2716070	REDUCE cov: 1083 ft: 3052 corp: 638/110Kb lim: 4096 exec/s: 4682 rss: 501Mb L: 573/4033 MS: 2 ChangeByte-EraseBytes-
#2716098	REDUCE cov: 1083 ft: 3052 corp: 638/110Kb lim: 4096 exec/s: 4682 rss: 501Mb L: 1830/4033 MS: 3 PersAutoDict-ShuffleBytes-EraseBytes- DE: "\000\000\000\000\000\000\000\003"-
#2728511	REDUCE cov: 1083 ft: 3052 corp: 638/110Kb lim: 4096 exec/s: 4680 rss: 501Mb L: 314/4033 MS: 3 ChangeASCIIInt-ChangeByte-EraseBytes-
#2733498	REDUCE cov: 1083 ft: 3052 corp: 638/110Kb lim: 4096 exec/s: 4672 rss: 501Mb L: 92/4033 MS: 2 ChangeByte-EraseBytes-
#2735929	REDUCE cov: 1083 ft: 3052 corp: 638/110Kb lim: 4096 exec/s: 4676 rss: 501Mb L: 175/4033 MS: 1 EraseBytes-
#2736878	REDUCE cov: 1083 ft: 3052 corp: 638/110Kb lim: 4096 exec/s: 4678 rss: 501Mb L: 160/4033 MS: 4 CopyPart-EraseBytes-InsertByte-CopyPart-
#2738694	REDUCE cov: 1083 ft: 3052 corp: 638/110Kb lim: 4096 exec/s: 4673 rss: 501Mb L: 180/4033 MS: 1 EraseBytes-
#2739265	REDUCE cov: 1083 ft: 3052 corp: 638/110Kb lim: 4096 exec/s: 4674 rss: 501Mb L: 221/4033 MS: 1 EraseBytes-
#2748763	REDUCE cov: 1083 ft: 3052 corp: 638/110Kb lim: 4096 exec/s: 4674 rss: 501Mb L: 32/4033 MS: 3 EraseBytes-CopyPart-ChangeByte-
#2751857	REDUCE cov: 1083 ft: 3052 corp: 638/110Kb lim: 4096 exec/s: 4672 rss: 501Mb L: 865/4033 MS: 4 ChangeByte-InsertByte-EraseBytes-CopyPart-
#2756783	REDUCE cov: 1083 ft: 3052 corp: 638/110Kb lim: 4096 exec/s: 4672 rss: 501Mb L: 121/4033 MS: 1 EraseBytes-
#2760489	REDUCE cov: 1083 ft: 3052 corp: 638/110Kb lim: 4096 exec/s: 4678 rss: 501Mb L: 277/4033 MS: 1 EraseBytes-
#2763256	REDUCE cov: 1083 ft: 3052 corp: 638/110Kb lim: 4096 exec/s: 4675 rss: 501Mb L: 759/4033 MS: 2 CrossOver-EraseBytes-
#2767387	REDUCE cov: 1083 ft: 3052 corp: 638/110Kb lim: 4096 exec/s: 4674 rss: 501Mb L: 22/4033 MS: 1 EraseBytes-
#2769275	REDUCE cov: 1083 ft: 3052 corp: 638/110Kb lim: 4096 exec/s: 4677 rss: 501Mb L: 250/4033 MS: 3 InsertByte-CrossOver-EraseBytes-
#2771656	REDUCE cov: 1083 ft: 3052 corp: 638/110Kb lim: 4096 exec/s: 4673 rss: 501Mb L: 242/4033 MS: 1 EraseBytes-
#2773958	REDUCE cov: 1083 ft: 3052 corp: 638/110Kb lim: 4096 exec/s: 4677 rss: 501Mb L: 415/4033 MS: 2 InsertRepeatedBytes-EraseBytes-
#2774454	REDUCE cov: 1083 ft: 3052 corp: 638/110Kb lim: 4096 exec/s: 4670 rss: 501Mb L: 3594/4033 MS: 1 EraseBytes-
#2779145	REDUCE cov: 1083 ft: 3052 corp: 638/110Kb lim: 4096 exec/s: 4670 rss: 501Mb L: 213/4033 MS: 1 EraseBytes-
#2779354	REDUCE cov: 1083 ft: 3052 corp: 638/110Kb lim: 4096 exec/s: 4671 rss: 501Mb L: 103/4033 MS: 4 ShuffleBytes-ChangeBit-ShuffleBytes-EraseBytes-
#2780313	REDUCE cov: 1083 ft: 3052 corp: 638/110Kb lim: 4096 exec/s: 4672 rss: 501Mb L: 378/4033 MS: 4 InsertByte-ChangeBit-ChangeBinInt-EraseBytes-
#2783004	REDUCE cov: 1083 ft: 3052 corp: 638/110Kb lim: 4096 exec/s: 4677 rss: 501Mb L: 82/4033 MS: 1 EraseBytes-
#2784916	REDUCE cov: 1083 ft: 3052 corp: 638/110Kb lim: 4096 exec/s: 4672 rss: 501Mb L: 75/4033 MS: 2 InsertByte-EraseBytes-
#2785892	REDUCE cov: 1083 ft: 3052 corp: 638/110Kb lim: 4096 exec/s: 4674 rss: 501Mb L: 144/4033 MS: 1 EraseBytes-
#2787353	REDUCE cov: 1083 ft: 3052 corp: 638/110Kb lim: 4096 exec/s: 4676 rss: 501Mb L: 131/4033 MS: 1 EraseBytes-
#2796354	REDUCE cov: 1083 ft: 3052 corp: 638/110Kb lim: 4096 exec/s: 4676 rss: 501Mb L: 363/4033 MS: 1 EraseBytes-
#2796425	REDUCE cov: 1083 ft: 3052 corp: 638/110Kb lim: 4096 exec/s: 4676 rss: 501Mb L: 52/4033 MS: 1 EraseBytes-
#2800182	REDUCE cov: 1083 ft: 3052 corp: 638/110Kb lim: 4096 exec/s: 4674 rss: 501Mb L: 26/4033 MS: 2 CMP-EraseBytes- DE: "\000\000\000l"-
#2800279	REDUCE cov: 1083 ft: 3052 corp: 638/110Kb lim: 4096 exec/s: 4674 rss: 501Mb L: 9/4033 MS: 2 ShuffleBytes-EraseBytes-
#2803010	REDUCE cov: 1083 ft: 3052 corp: 638/110Kb lim: 4096 exec/s: 4671 rss: 501Mb L: 46/4033 MS: 1 EraseBytes-
#2811936	REDUCE cov: 1083 ft: 3052 corp: 638/110Kb lim: 4096 exec/s: 4670 rss: 501Mb L: 53/4033 MS: 1 EraseBytes-
#2812255	REDUCE cov: 1083 ft: 3052 corp: 638/110Kb lim: 4096 exec/s: 4671 rss: 501Mb L: 238/4033 MS: 4 PersAutoDict-ShuffleBytes-CrossOver-EraseBytes- DE: "y\000\000\000"-
#2815458	REDUCE cov: 1083 ft: 3052 corp: 638/110Kb lim: 4096 exec/s: 4669 rss: 501Mb L: 52/4033 MS: 3 ShuffleBytes-InsertByte-EraseBytes-
#2822474	REDUCE cov: 1083 ft: 3052 corp: 638/110Kb lim: 4096 exec/s: 4672 rss: 501Mb L: 53/4033 MS: 1 EraseBytes-
#2824560	REDUCE cov: 1083 ft: 3052 corp: 638/110Kb lim: 4096 exec/s: 4668 rss: 501Mb L: 101/4033 MS: 1 EraseBytes-
#2825264	REDUCE cov: 1083 ft: 3052 corp: 638/110Kb lim: 4096 exec/s: 4669 rss: 501Mb L: 947/4033 MS: 4 ChangeBit-ShuffleBytes-CrossOver-EraseBytes-
#2830295	REDUCE cov: 1083 ft: 3052 corp: 638/110Kb lim: 4096 exec/s: 4670 rss: 501Mb L: 257/4033 MS: 1 EraseBytes-
#2830977	REDUCE cov: 1083 ft: 3052 corp: 638/110Kb lim: 4096 exec/s: 4671 rss: 501Mb L: 247/4033 MS: 2 PersAutoDict-EraseBytes- DE: "\001\000\000\000"-
#2831458	REDUCE cov: 1083 ft: 3052 corp: 638/110Kb lim: 4096 exec/s: 4672 rss: 501Mb L: 76/4033 MS: 1 EraseBytes-
#2832807	REDUCE cov: 1083 ft: 3052 corp: 638/110Kb lim: 4096 exec/s: 4674 rss: 501Mb L: 294/4033 MS: 4 ChangeBinInt-EraseBytes-InsertByte-InsertByte-
#2833333	REDUCE cov: 1083 ft: 3052 corp: 638/110Kb lim: 4096 exec/s: 4667 rss: 501Mb L: 1083/4033 MS: 1 EraseBytes-
#2835342	REDUCE cov: 1083 ft: 3052 corp: 638/110Kb lim: 4096 exec/s: 4671 rss: 501Mb L: 1800/4033 MS: 4 ChangeASCIIInt-InsertByte-CopyPart-EraseBytes-
#2835793	REDUCE cov: 1083 ft: 3052 corp: 638/110Kb lim: 4096 exec/s: 4671 rss: 501Mb L: 45/4033 MS: 1 EraseBytes-
#2835895	REDUCE cov: 1083 ft: 3052 corp: 638/110Kb lim: 4096 exec/s: 4671 rss: 501Mb L: 13/4033 MS: 2 InsertByte-EraseBytes-
#2836129	REDUCE cov: 1083 ft: 3052 corp: 638/110Kb lim: 4096 exec/s: 4672 rss: 501Mb L: 43/4033 MS: 4 ShuffleBytes-ChangeBit-ChangeByte-EraseBytes-
#2836160	REDUCE cov: 1083 ft: 3052 corp: 638/110Kb lim: 4096 exec/s: 4672 rss: 501Mb L: 146/4033 MS: 1 EraseBytes-
#2836618	REDUCE cov: 1083 ft: 3052 corp: 638/110Kb lim: 4096 exec/s: 4673 rss: 501Mb L: 379/4033 MS: 3 CrossOver-ShuffleBytes-EraseBytes-
#2836733	REDUCE cov: 1083 ft: 3052 corp: 638/110Kb lim: 4096 exec/s: 4673 rss: 501Mb L: 827/4033 MS: 5 CopyPart-EraseBytes-ChangeASCIIInt-PersAutoDict-EraseBytes- DE: "runtime:cap14"-
#2839535	REDUCE cov: 1083 ft: 3052 corp: 638/110Kb lim: 4096 exec/s: 4670 rss: 501Mb L: 31/4033 MS: 2 ChangeBit-EraseBytes-
#2843581	REDUCE cov: 1083 ft: 3052 corp: 638/110Kb lim: 4096 exec/s: 4676 rss: 501Mb L: 3838/4033 MS: 1 EraseBytes-
#2844322	REDUCE cov: 1083 ft: 3052 corp: 638/110Kb lim: 4096 exec/s: 4670 rss: 501Mb L: 128/4033 MS: 1 EraseBytes-
#2848738	REDUCE cov: 1083 ft: 3052 corp: 638/110Kb lim: 4096 exec/s: 4677 rss: 501Mb L: 14/4033 MS: 1 EraseBytes-
#2854135	REDUCE cov: 1083 ft: 3052 corp: 638/110Kb lim: 4096 exec/s: 4678 rss: 501Mb L: 205/4033 MS: 2 CrossOver-EraseBytes-
#2856696	REDUCE cov: 1083 ft: 3052 corp: 638/110Kb lim: 4096 exec/s: 4675 rss: 501Mb L: 245/4033 MS: 1 EraseBytes-
#2857939	REDUCE cov: 1083 ft: 3052 corp: 638/110Kb lim: 4096 exec/s: 4669 rss: 501Mb L: 163/4033 MS: 3 ChangeBinInt-PersAutoDict-EraseBytes- DE: "k\000\000\000"-
#2858549	REDUCE cov: 1083 ft: 3052 corp: 638/110Kb lim: 4096 exec/s: 4670 rss: 501Mb L: 86/4033 MS: 5 ChangeASCIIInt-EraseBytes-CopyPart-ChangeByte-EraseBytes-
#2863075	REDUCE cov: 1083 ft: 3052 corp: 638/110Kb lim: 4096 exec/s: 4670 rss: 501Mb L: 87/4033 MS: 1 EraseBytes-
#2867733	REDUCE cov: 1083 ft: 3052 corp: 638/110Kb lim: 4096 exec/s: 4662 rss: 501Mb L: 300/4033 MS: 3 ChangeByte-EraseBytes-CopyPart-
#2867884	REDUCE cov: 1083 ft: 3052 corp: 638/110Kb lim: 4096 exec/s: 4663 rss: 501Mb L: 78/4033 MS: 1 EraseBytes-
#2868811	REDUCE cov: 1083 ft: 3052 corp: 638/110Kb lim: 4096 exec/s: 4664 rss: 501Mb L: 15/4033 MS: 2 CopyPart-EraseBytes-
#2870203	REDUCE cov: 1083 ft: 3052 corp: 638/110Kb lim: 4096 exec/s: 4666 rss: 501Mb L: 859/4033 MS: 2 ChangeBit-EraseBytes-
#2875374	REDUCE cov: 1083 ft: 3052 corp: 638/110Kb lim: 4096 exec/s: 4667 rss: 501Mb L: 80/4033 MS: 1 EraseBytes-
#2876166	REDUCE cov: 1083 ft: 3052 corp: 638/110Kb lim: 4096 exec/s: 4661 rss: 501Mb L: 259/4033 MS: 2 InsertByte-EraseBytes-
#2876848	REDUCE cov: 1083 ft: 3052 corp: 638/110Kb lim: 4096 exec/s: 4662 rss: 501Mb L: 1334/4033 MS: 2 ChangeByte-EraseBytes-
#2877930	REDUCE cov: 1083 ft: 3052 corp: 638/110Kb lim: 4096 exec/s: 4664 rss: 501Mb L: 34/4033 MS: 2 ChangeByte-EraseBytes-
#2878952	REDUCE cov: 1083 ft: 3052 corp: 638/110Kb lim: 4096 exec/s: 4666 rss: 501Mb L: 209/4033 MS: 2 InsertByte-EraseBytes-
#2879485	REDUCE cov: 1083 ft: 3052 corp: 638/110Kb lim: 4096 exec/s: 4666 rss: 501Mb L: 377/4033 MS: 3 ChangeBit-InsertByte-EraseBytes-
#2879926	REDUCE cov: 1083 ft: 3052 corp: 638/110Kb lim: 4096 exec/s: 4667 rss: 501Mb L: 58/4033 MS: 1 EraseBytes-
#2884052	REDUCE cov: 1083 ft: 3052 corp: 638/110Kb lim: 4096 exec/s: 4666 rss: 501Mb L: 206/4033 MS: 1 EraseBytes-
#2887978	REDUCE cov: 1083 ft: 3052 corp: 638/110Kb lim: 4096 exec/s: 4665 rss: 501Mb L: 27/4033 MS: 1 EraseBytes-
#2888219	REDUCE cov: 1083 ft: 3052 corp: 638/110Kb lim: 4096 exec/s: 4665 rss: 501Mb L: 350/4033 MS: 1 EraseBytes-
#2889405	REDUCE cov: 1083 ft: 3052 corp: 638/110Kb lim: 4096 exec/s: 4667 rss: 501Mb L: 193/4033 MS: 1 EraseBytes-
#2890201	REDUCE cov: 1083 ft: 3052 corp: 638/110Kb lim: 4096 exec/s: 4661 rss: 501Mb L: 210/4033 MS: 1 EraseBytes-
#2891320	REDUCE cov: 1083 ft: 3052 corp: 638/110Kb lim: 4096 exec/s: 4663 rss: 501Mb L: 343/4033 MS: 4 ChangeByte-PersAutoDict-ShuffleBytes-EraseBytes- DE: "k\000\000\000"-
#2893617	REDUCE cov: 1083 ft: 3052 corp: 638/110Kb lim: 4096 exec/s: 4667 rss: 501Mb L: 1769/4033 MS: 2 ChangeBit-EraseBytes-
#2896123	REDUCE cov: 1083 ft: 3052 corp: 638/110Kb lim: 4096 exec/s: 4663 rss: 501Mb L: 51/4033 MS: 1 EraseBytes-
#2896959	REDUCE cov: 1083 ft: 3052 corp: 638/110Kb lim: 4096 exec/s: 4664 rss: 501Mb L: 556/4033 MS: 1 EraseBytes-
#2899055	REDUCE cov: 1083 ft: 3052 corp: 638/110Kb lim: 4096 exec/s: 4668 rss: 501Mb L: 81/4033 MS: 1 EraseBytes-
#2899112	REDUCE cov: 1083 ft: 3052 corp: 638/110Kb lim: 4096 exec/s: 4668 rss: 501Mb L: 86/4033 MS: 2 ChangeBinInt-EraseBytes-
#2901993	REDUCE cov: 1083 ft: 3052 corp: 638/110Kb lim: 4096 exec/s: 4665 rss: 501Mb L: 222/4033 MS: 1 EraseBytes-
#2909115	REDUCE cov: 1083 ft: 3052 corp: 638/110Kb lim: 4096 exec/s: 4662 rss: 501Mb L: 194/4033 MS: 2 ChangeBit-EraseBytes-
#2909277	REDUCE cov: 1083 ft: 3052 corp: 638/110Kb lim: 4096 exec/s: 4662 rss: 501Mb L: 65/4033 MS: 2 ShuffleBytes-EraseBytes-
#2911998	REDUCE cov: 1083 ft: 3052 corp: 638/110Kb lim: 4096 exec/s: 4666 rss: 501Mb L: 392/4033 MS: 1 EraseBytes-
#2913742	REDUCE cov: 1083 ft: 3052 corp: 638/110Kb lim: 4096 exec/s: 4661 rss: 501Mb L: 48/4033 MS: 4 ShuffleBytes-ChangeByte-CopyPart-EraseBytes-
#2920271	REDUCE cov: 1083 ft: 3052 corp: 638/110Kb lim: 4096 exec/s: 4664 rss: 501Mb L: 110/4033 MS: 4 EraseBytes-ChangeByte-ChangeBinInt-ShuffleBytes-
#2922607	REDUCE cov: 1083 ft: 3052 corp: 638/110Kb lim: 4096 exec/s: 4668 rss: 501Mb L: 209/4033 MS: 1 EraseBytes-
#2924278	REDUCE cov: 1083 ft: 3052 corp: 638/110Kb lim: 4096 exec/s: 4663 rss: 501Mb L: 320/4033 MS: 1 EraseBytes-
#2925716	REDUCE cov: 1083 ft: 3052 corp: 638/110Kb lim: 4096 exec/s: 4666 rss: 501Mb L: 66/4033 MS: 3 ShuffleBytes-CMP-EraseBytes- DE: "runtime:cap36"-
#2927937	REDUCE cov: 1083 ft: 3052 corp: 638/110Kb lim: 4096 exec/s: 4662 rss: 501Mb L: 136/4033 MS: 1 EraseBytes-
#2928243	REDUCE cov: 1083 ft: 3052 corp: 638/110Kb lim: 4096 exec/s: 4662 rss: 501Mb L: 218/4033 MS: 1 EraseBytes-
#2935224	REDUCE cov: 1083 ft: 3052 corp: 638/110Kb lim: 4096 exec/s: 4666 rss: 501Mb L: 368/4033 MS: 1 EraseBytes-
#2936204	REDUCE cov: 1083 ft: 3052 corp: 638/110Kb lim: 4096 exec/s: 4668 rss: 501Mb L: 11/4033 MS: 5 ChangeBinInt-EraseBytes-ChangeBinInt-ChangeByte-ChangeBinInt-
#2939076	REDUCE cov: 1083 ft: 3052 corp: 638/110Kb lim: 4096 exec/s: 4665 rss: 501Mb L: 51/4033 MS: 2 ChangeBit-EraseBytes-
#2945156	REDUCE cov: 1083 ft: 3052 corp: 638/110Kb lim: 4096 exec/s: 4667 rss: 501Mb L: 181/4033 MS: 5 EraseBytes-CMP-ChangeBinInt-ChangeBinInt-CrossOver- DE: "\377\377\377z"-
#2945838	REDUCE cov: 1083 ft: 3052 corp: 638/110Kb lim: 4096 exec/s: 4668 rss: 501Mb L: 84/4033 MS: 2 CopyPart-EraseBytes-
#2947995	REDUCE cov: 1083 ft: 3052 corp: 638/110Kb lim: 4096 exec/s: 4664 rss: 501Mb L: 119/4033 MS: 2 ShuffleBytes-EraseBytes-
#2949124	REDUCE cov: 1083 ft: 3052 corp: 638/109Kb lim: 4096 exec/s: 4666 rss: 501Mb L: 855/4033 MS: 4 ChangeBinInt-EraseBytes-ChangeBit-CopyPart-
#2955115	REDUCE cov: 1083 ft: 3052 corp: 638/109Kb lim: 4096 exec/s: 4668 rss: 501Mb L: 252/4033 MS: 1 EraseBytes-
#2958037	REDUCE cov: 1083 ft: 3052 corp: 638/109Kb lim: 4096 exec/s: 4665 rss: 501Mb L: 1458/4033 MS: 2 EraseBytes-CopyPart-
#2958373	REDUCE cov: 1083 ft: 3052 corp: 638/109Kb lim: 4096 exec/s: 4666 rss: 501Mb L: 24/4033 MS: 1 EraseBytes-
#2958896	REDUCE cov: 1083 ft: 3052 corp: 638/109Kb lim: 4096 exec/s: 4667 rss: 501Mb L: 356/4033 MS: 3 ChangeASCIIInt-CMP-EraseBytes- DE: "\000\000\000\000\000\000\000\007"-
#2961712	REDUCE cov: 1083 ft: 3052 corp: 638/109Kb lim: 4096 exec/s: 4664 rss: 501Mb L: 239/4033 MS: 1 EraseBytes-
#2961848	REDUCE cov: 1083 ft: 3052 corp: 638/109Kb lim: 4096 exec/s: 4664 rss: 501Mb L: 157/4033 MS: 1 EraseBytes-
#2962685	REDUCE cov: 1083 ft: 3052 corp: 638/109Kb lim: 4096 exec/s: 4665 rss: 501Mb L: 65/4033 MS: 1 EraseBytes-
#2966251	REDUCE cov: 1083 ft: 3052 corp: 638/109Kb lim: 4096 exec/s: 4663 rss: 501Mb L: 69/4033 MS: 1 EraseBytes-
#2975768	REDUCE cov: 1083 ft: 3052 corp: 638/109Kb lim: 4096 exec/s: 4664 rss: 501Mb L: 85/4033 MS: 2 ChangeBit-EraseBytes-
#2975939	REDUCE cov: 1083 ft: 3052 corp: 638/109Kb lim: 4096 exec/s: 4664 rss: 501Mb L: 1440/4033 MS: 1 EraseBytes-
#2985248	REDUCE cov: 1083 ft: 3052 corp: 638/109Kb lim: 4096 exec/s: 4664 rss: 501Mb L: 152/4033 MS: 4 ChangeASCIIInt-ChangeBinInt-CopyPart-EraseBytes-
#2990820	REDUCE cov: 1083 ft: 3052 corp: 638/109Kb lim: 4096 exec/s: 4665 rss: 501Mb L: 135/4033 MS: 2 EraseBytes-CrossOver-
#3002261	REDUCE cov: 1083 ft: 3052 corp: 638/109Kb lim: 4096 exec/s: 4661 rss: 501Mb L: 27/4033 MS: 1 EraseBytes-
#3003083	REDUCE cov: 1083 ft: 3052 corp: 638/109Kb lim: 4096 exec/s: 4663 rss: 501Mb L: 25/4033 MS: 2 ChangeBit-EraseBytes-
#3006200	REDUCE cov: 1083 ft: 3052 corp: 638/109Kb lim: 4096 exec/s: 4668 rss: 501Mb L: 128/4033 MS: 2 InsertByte-EraseBytes-
#3006695	REDUCE cov: 1083 ft: 3052 corp: 638/109Kb lim: 4096 exec/s: 4661 rss: 501Mb L: 13/4033 MS: 5 ChangeBinInt-ChangeBinInt-ChangeBit-CopyPart-EraseBytes-
#3007137	REDUCE cov: 1083 ft: 3052 corp: 638/109Kb lim: 4096 exec/s: 4662 rss: 501Mb L: 37/4033 MS: 2 ChangeASCIIInt-EraseBytes-
#3010873	REDUCE cov: 1083 ft: 3052 corp: 638/109Kb lim: 4096 exec/s: 4668 rss: 501Mb L: 827/4033 MS: 1 EraseBytes-
#3014733	REDUCE cov: 1083 ft: 3052 corp: 638/109Kb lim: 4096 exec/s: 4666 rss: 501Mb L: 804/4033 MS: 5 ShuffleBytes-EraseBytes-CrossOver-CopyPart-EraseBytes-
#3016204	REDUCE cov: 1083 ft: 3052 corp: 638/109Kb lim: 4096 exec/s: 4661 rss: 501Mb L: 39/4033 MS: 1 EraseBytes-
#3016760	REDUCE cov: 1083 ft: 3052 corp: 638/109Kb lim: 4096 exec/s: 4662 rss: 501Mb L: 337/4033 MS: 1 EraseBytes-
#3018811	REDUCE cov: 1083 ft: 3052 corp: 638/109Kb lim: 4096 exec/s: 4665 rss: 501Mb L: 50/4033 MS: 1 EraseBytes-
#3028518	REDUCE cov: 1083 ft: 3052 corp: 638/109Kb lim: 4096 exec/s: 4666 rss: 501Mb L: 50/4033 MS: 1 EraseBytes-
#3028794	REDUCE cov: 1083 ft: 3052 corp: 638/109Kb lim: 4096 exec/s: 4666 rss: 501Mb L: 207/4033 MS: 1 EraseBytes-
#3028933	REDUCE cov: 1083 ft: 3052 corp: 638/109Kb lim: 4096 exec/s: 4667 rss: 501Mb L: 221/4033 MS: 4 ShuffleBytes-ChangeBinInt-PersAutoDict-EraseBytes- DE: "runtime:cap61"-
#3029214	REDUCE cov: 1083 ft: 3052 corp: 638/109Kb lim: 4096 exec/s: 4667 rss: 501Mb L: 512/4033 MS: 1 EraseBytes-
#3033650	REDUCE cov: 1083 ft: 3052 corp: 638/109Kb lim: 4096 exec/s: 4667 rss: 501Mb L: 339/4033 MS: 1 EraseBytes-
#3033702	REDUCE cov: 1083 ft: 3052 corp: 638/109Kb lim: 4096 exec/s: 4667 rss: 501Mb L: 672/4033 MS: 2 EraseBytes-ChangeBit-
#3036533	REDUCE cov: 1083 ft: 3052 corp: 638/109Kb lim: 4096 exec/s: 4664 rss: 501Mb L: 47/4033 MS: 1 EraseBytes-
#3041045	REDUCE cov: 1083 ft: 3052 corp: 638/109Kb lim: 4096 exec/s: 4664 rss: 501Mb L: 51/4033 MS: 2 EraseBytes-CrossOver-
#3042451	REDUCE cov: 1083 ft: 3052 corp: 638/109Kb lim: 4096 exec/s: 4666 rss: 501Mb L: 171/4033 MS: 1 EraseBytes-
#3043502	REDUCE cov: 1083 ft: 3052 corp: 638/109Kb lim: 4096 exec/s: 4660 rss: 501Mb L: 16/4033 MS: 1 EraseBytes-
#3046246	REDUCE cov: 1083 ft: 3052 corp: 638/109Kb lim: 4096 exec/s: 4657 rss: 501Mb L: 144/4033 MS: 4 ChangeBinInt-ChangeBinInt-ChangeByte-EraseBytes-
#3048715	REDUCE cov: 1083 ft: 3052 corp: 638/109Kb lim: 4096 exec/s: 4661 rss: 501Mb L: 50/4033 MS: 4 CrossOver-ChangeBinInt-EraseBytes-EraseBytes-
#3052284	REDUCE cov: 1083 ft: 3052 corp: 638/109Kb lim: 4096 exec/s: 4659 rss: 501Mb L: 71/4033 MS: 4 ChangeByte-EraseBytes-InsertByte-EraseBytes-
#3056385	REDUCE cov: 1083 ft: 3052 corp: 638/109Kb lim: 4096 exec/s: 4659 rss: 501Mb L: 79/4033 MS: 1 EraseBytes-
#3058242	REDUCE cov: 1083 ft: 3052 corp: 638/109Kb lim: 4096 exec/s: 4654 rss: 501Mb L: 1284/4033 MS: 2 ChangeByte-EraseBytes-
#3061038	REDUCE cov: 1083 ft: 3052 corp: 638/109Kb lim: 4096 exec/s: 4659 rss: 501Mb L: 100/4033 MS: 1 EraseBytes-
#3064659	REDUCE cov: 1083 ft: 3052 corp: 638/109Kb lim: 4096 exec/s: 4657 rss: 501Mb L: 252/4033 MS: 1 EraseBytes-
#3065895	REDUCE cov: 1083 ft: 3052 corp: 638/109Kb lim: 4096 exec/s: 4652 rss: 501Mb L: 48/4033 MS: 1 EraseBytes-
#3069336	REDUCE cov: 1083 ft: 3052 corp: 638/109Kb lim: 4096 exec/s: 4650 rss: 501Mb L: 59/4033 MS: 1 EraseBytes-
#3070789	REDUCE cov: 1083 ft: 3052 corp: 638/109Kb lim: 4096 exec/s: 4652 rss: 501Mb L: 153/4033 MS: 3 CopyPart-ChangeBit-EraseBytes-
#3072527	REDUCE cov: 1083 ft: 3052 corp: 638/109Kb lim: 4096 exec/s: 4648 rss: 501Mb L: 85/4033 MS: 3 PersAutoDict-EraseBytes-CrossOver- DE: "\000\000\000\000\000\000\000\015"-
#3073548	REDUCE cov: 1083 ft: 3052 corp: 638/109Kb lim: 4096 exec/s: 4649 rss: 501Mb L: 23/4033 MS: 1 EraseBytes-
#3078178	REDUCE cov: 1083 ft: 3052 corp: 638/109Kb lim: 4096 exec/s: 4642 rss: 501Mb L: 1325/4033 MS: 5 ChangeBit-ChangeByte-EraseBytes-ChangeBinInt-CopyPart-
#3079658	REDUCE cov: 1083 ft: 3052 corp: 638/109Kb lim: 4096 exec/s: 4645 rss: 501Mb L: 510/4033 MS: 5 ChangeASCIIInt-ChangeASCIIInt-ChangeByte-CMP-EraseBytes- DE: "runtime:cap67"-
#3079989	REDUCE cov: 1083 ft: 3052 corp: 638/109Kb lim: 4096 exec/s: 4645 rss: 501Mb L: 527/4033 MS: 1 EraseBytes-
#3081802	REDUCE cov: 1083 ft: 3052 corp: 638/109Kb lim: 4096 exec/s: 4648 rss: 501Mb L: 220/4033 MS: 3 ChangeASCIIInt-ChangeByte-EraseBytes-
#3084592	REDUCE cov: 1083 ft: 3053 corp: 639/113Kb lim: 4096 exec/s: 4645 rss: 501Mb L: 4074/4074 MS: 5 CrossOver-ChangeBinInt-CopyPart-CrossOver-CopyPart-
#3087263	REDUCE cov: 1083 ft: 3053 corp: 639/113Kb lim: 4096 exec/s: 4642 rss: 501Mb L: 329/4074 MS: 1 EraseBytes-
#3090709	REDUCE cov: 1083 ft: 3053 corp: 639/113Kb lim: 4096 exec/s: 4647 rss: 501Mb L: 204/4074 MS: 1 EraseBytes-
#3096961	REDUCE cov: 1083 ft: 3053 corp: 639/113Kb lim: 4096 exec/s: 4643 rss: 501Mb L: 204/4074 MS: 2 InsertByte-EraseBytes-
#3109169	REDUCE cov: 1083 ft: 3053 corp: 639/113Kb lim: 4096 exec/s: 4640 rss: 501Mb L: 317/4074 MS: 3 CopyPart-ChangeByte-EraseBytes-
#3111101	REDUCE cov: 1083 ft: 3053 corp: 639/113Kb lim: 4096 exec/s: 4643 rss: 501Mb L: 322/4074 MS: 2 PersAutoDict-EraseBytes- DE: "runtime:cap61"-
#3113528	REDUCE cov: 1083 ft: 3053 corp: 639/113Kb lim: 4096 exec/s: 4640 rss: 501Mb L: 524/4074 MS: 2 EraseBytes-CopyPart-
#3113940	REDUCE cov: 1083 ft: 3053 corp: 639/113Kb lim: 4096 exec/s: 4640 rss: 501Mb L: 388/4074 MS: 2 CMP-EraseBytes- DE: "n\000\000\000"-
#3115141	REDUCE cov: 1083 ft: 3053 corp: 639/113Kb lim: 4096 exec/s: 4642 rss: 501Mb L: 47/4074 MS: 1 EraseBytes-
#3116137	REDUCE cov: 1083 ft: 3053 corp: 639/113Kb lim: 4096 exec/s: 4637 rss: 501Mb L: 209/4074 MS: 1 EraseBytes-
#3116228	REDUCE cov: 1083 ft: 3053 corp: 639/113Kb lim: 4096 exec/s: 4637 rss: 501Mb L: 72/4074 MS: 1 EraseBytes-
#3117065	REDUCE cov: 1083 ft: 3053 corp: 639/113Kb lim: 4096 exec/s: 4638 rss: 501Mb L: 319/4074 MS: 2 ChangeBinInt-EraseBytes-
#3117991	REDUCE cov: 1083 ft: 3053 corp: 639/113Kb lim: 4096 exec/s: 4639 rss: 501Mb L: 317/4074 MS: 1 EraseBytes-
#3121201	REDUCE cov: 1083 ft: 3053 corp: 639/113Kb lim: 4096 exec/s: 4637 rss: 501Mb L: 316/4074 MS: 4 CrossOver-ChangeBit-InsertByte-EraseBytes-
#3129067	REDUCE cov: 1083 ft: 3053 corp: 639/113Kb lim: 4096 exec/s: 4635 rss: 501Mb L: 420/4074 MS: 4 CMP-ChangeBinInt-EraseBytes-CopyPart- DE: "\006\000\000\000\000\000\000\000"-
#3135194	REDUCE cov: 1083 ft: 3053 corp: 639/113Kb lim: 4096 exec/s: 4631 rss: 501Mb L: 142/4074 MS: 2 ChangeByte-EraseBytes-
#3136490	REDUCE cov: 1083 ft: 3053 corp: 639/113Kb lim: 4096 exec/s: 4626 rss: 501Mb L: 41/4074 MS: 1 EraseBytes-
#3138646	REDUCE cov: 1083 ft: 3053 corp: 639/113Kb lim: 4096 exec/s: 4629 rss: 501Mb L: 49/4074 MS: 1 EraseBytes-
#3140057	REDUCE cov: 1083 ft: 3053 corp: 639/113Kb lim: 4096 exec/s: 4624 rss: 501Mb L: 306/4074 MS: 1 EraseBytes-
#3140154	REDUCE cov: 1083 ft: 3053 corp: 639/113Kb lim: 4096 exec/s: 4624 rss: 501Mb L: 38/4074 MS: 2 ChangeBinInt-EraseBytes-
#3141576	REDUCE cov: 1083 ft: 3053 corp: 639/113Kb lim: 4096 exec/s: 4626 rss: 501Mb L: 1291/4074 MS: 2 ShuffleBytes-EraseBytes-
#3142536	REDUCE cov: 1083 ft: 3053 corp: 639/113Kb lim: 4096 exec/s: 4621 rss: 501Mb L: 312/4074 MS: 5 InsertByte-PersAutoDict-ChangeBinInt-PersAutoDict-EraseBytes- DE: "\017\000\000\000\000\000\000\000"-"k\000\000\000"-
#3142773	REDUCE cov: 1083 ft: 3053 corp: 639/113Kb lim: 4096 exec/s: 4621 rss: 501Mb L: 1282/4074 MS: 2 InsertByte-EraseBytes-
#3145495	REDUCE cov: 1083 ft: 3053 corp: 639/113Kb lim: 4096 exec/s: 4618 rss: 501Mb L: 1461/4074 MS: 2 ChangeBit-EraseBytes-
#3146228	REDUCE cov: 1083 ft: 3053 corp: 639/113Kb lim: 4096 exec/s: 4620 rss: 501Mb L: 83/4074 MS: 3 PersAutoDict-ChangeBit-EraseBytes- DE: "\023\000\000\000\000\000\000\000"-
#3147439	REDUCE cov: 1083 ft: 3053 corp: 639/113Kb lim: 4096 exec/s: 4621 rss: 501Mb L: 307/4074 MS: 1 EraseBytes-
#3149793	REDUCE cov: 1083 ft: 3053 corp: 639/113Kb lim: 4096 exec/s: 4618 rss: 501Mb L: 45/4074 MS: 4 CopyPart-ShuffleBytes-ChangeBinInt-EraseBytes-
#3152382	REDUCE cov: 1083 ft: 3053 corp: 639/113Kb lim: 4096 exec/s: 4615 rss: 501Mb L: 203/4074 MS: 4 ShuffleBytes-ChangeASCIIInt-ChangeByte-EraseBytes-
#3156183	REDUCE cov: 1083 ft: 3053 corp: 639/113Kb lim: 4096 exec/s: 4614 rss: 501Mb L: 99/4074 MS: 1 EraseBytes-
#3156756	REDUCE cov: 1083 ft: 3053 corp: 639/113Kb lim: 4096 exec/s: 4608 rss: 501Mb L: 342/4074 MS: 3 ChangeBit-EraseBytes-CopyPart-
#3157942	REDUCE cov: 1083 ft: 3053 corp: 639/113Kb lim: 4096 exec/s: 4610 rss: 501Mb L: 820/4074 MS: 1 EraseBytes-
#3161003	REDUCE cov: 1083 ft: 3053 corp: 639/113Kb lim: 4096 exec/s: 4607 rss: 501Mb L: 572/4074 MS: 1 EraseBytes-
#3161259	REDUCE cov: 1083 ft: 3053 corp: 639/113Kb lim: 4096 exec/s: 4608 rss: 501Mb L: 413/4074 MS: 1 EraseBytes-
#3165696	REDUCE cov: 1083 ft: 3053 corp: 639/113Kb lim: 4096 exec/s: 4608 rss: 501Mb L: 293/4074 MS: 2 ChangeASCIIInt-EraseBytes-
#3171987	REDUCE cov: 1083 ft: 3053 corp: 639/113Kb lim: 4096 exec/s: 4610 rss: 501Mb L: 287/4074 MS: 1 EraseBytes-
#3174169	REDUCE cov: 1083 ft: 3053 corp: 639/113Kb lim: 4096 exec/s: 4606 rss: 501Mb L: 166/4074 MS: 1 EraseBytes-
#3174910	REDUCE cov: 1083 ft: 3053 corp: 639/113Kb lim: 4096 exec/s: 4607 rss: 501Mb L: 83/4074 MS: 1 EraseBytes-
#3177254	REDUCE cov: 1083 ft: 3053 corp: 639/113Kb lim: 4096 exec/s: 4611 rss: 501Mb L: 22/4074 MS: 4 ChangeByte-PersAutoDict-ChangeASCIIInt-EraseBytes- DE: "\377\377\377\377\377\377\377\017"-
#3177932	REDUCE cov: 1083 ft: 3053 corp: 639/113Kb lim: 4096 exec/s: 4605 rss: 501Mb L: 1380/4074 MS: 3 ChangeASCIIInt-EraseBytes-CopyPart-
#3181113	REDUCE cov: 1083 ft: 3053 corp: 639/113Kb lim: 4096 exec/s: 4610 rss: 501Mb L: 20/4074 MS: 1 EraseBytes-
#3183310	REDUCE cov: 1083 ft: 3053 corp: 639/113Kb lim: 4096 exec/s: 4606 rss: 501Mb L: 1379/4074 MS: 2 EraseBytes-CopyPart-
#3183497	REDUCE cov: 1083 ft: 3053 corp: 639/113Kb lim: 4096 exec/s: 4607 rss: 501Mb L: 42/4074 MS: 2 ChangeByte-EraseBytes-
#3184508	REDUCE cov: 1083 ft: 3053 corp: 639/113Kb lim: 4096 exec/s: 4608 rss: 501Mb L: 2038/4074 MS: 1 EraseBytes-
#3188565	REDUCE cov: 1083 ft: 3053 corp: 639/113Kb lim: 4096 exec/s: 4607 rss: 501Mb L: 81/4074 MS: 2 ShuffleBytes-EraseBytes-
#3189161	REDUCE cov: 1083 ft: 3053 corp: 639/113Kb lim: 4096 exec/s: 4608 rss: 501Mb L: 313/4074 MS: 1 EraseBytes-
#3190632	REDUCE cov: 1083 ft: 3053 corp: 639/113Kb lim: 4096 exec/s: 4604 rss: 501Mb L: 38/4074 MS: 1 EraseBytes-
#3195934	REDUCE cov: 1083 ft: 3053 corp: 639/113Kb lim: 4096 exec/s: 4605 rss: 501Mb L: 299/4074 MS: 2 PersAutoDict-EraseBytes- DE: "\001\000\000\000"-
#3197217	REDUCE cov: 1083 ft: 3053 corp: 639/113Kb lim: 4096 exec/s: 4600 rss: 501Mb L: 2020/4074 MS: 3 EraseBytes-ChangeASCIIInt-CopyPart-
#3199673	REDUCE cov: 1083 ft: 3053 corp: 639/113Kb lim: 4096 exec/s: 4603 rss: 501Mb L: 286/4074 MS: 1 EraseBytes-
#3200830	REDUCE cov: 1083 ft: 3053 corp: 639/113Kb lim: 4096 exec/s: 4598 rss: 501Mb L: 556/4074 MS: 2 InsertByte-EraseBytes-
#3202396	REDUCE cov: 1083 ft: 3053 corp: 639/113Kb lim: 4096 exec/s: 4601 rss: 501Mb L: 109/4074 MS: 1 EraseBytes-
#3204997	REDUCE cov: 1083 ft: 3053 corp: 639/113Kb lim: 4096 exec/s: 4598 rss: 501Mb L: 259/4074 MS: 1 EraseBytes-
#3207903	REDUCE cov: 1083 ft: 3053 corp: 639/113Kb lim: 4096 exec/s: 4602 rss: 501Mb L: 180/4074 MS: 1 EraseBytes-
#3208795	REDUCE cov: 1083 ft: 3053 corp: 639/113Kb lim: 4096 exec/s: 4597 rss: 501Mb L: 20/4074 MS: 2 ChangeByte-EraseBytes-
#3209151	REDUCE cov: 1083 ft: 3053 corp: 639/113Kb lim: 4096 exec/s: 4597 rss: 501Mb L: 173/4074 MS: 1 EraseBytes-
#3209398	REDUCE cov: 1083 ft: 3053 corp: 639/113Kb lim: 4096 exec/s: 4597 rss: 501Mb L: 52/4074 MS: 2 ChangeByte-EraseBytes-
#3209992	REDUCE cov: 1083 ft: 3053 corp: 639/113Kb lim: 4096 exec/s: 4598 rss: 501Mb L: 203/4074 MS: 4 ChangeBit-ChangeBit-CopyPart-EraseBytes-
#3210683	REDUCE cov: 1083 ft: 3053 corp: 639/113Kb lim: 4096 exec/s: 4599 rss: 501Mb L: 4066/4066 MS: 1 EraseBytes-
#3211604	REDUCE cov: 1083 ft: 3053 corp: 639/113Kb lim: 4096 exec/s: 4601 rss: 501Mb L: 116/4066 MS: 1 EraseBytes-
#3214270	REDUCE cov: 1083 ft: 3053 corp: 639/113Kb lim: 4096 exec/s: 4598 rss: 501Mb L: 76/4066 MS: 1 EraseBytes-
#3215596	REDUCE cov: 1083 ft: 3053 corp: 639/113Kb lim: 4096 exec/s: 4600 rss: 501Mb L: 41/4066 MS: 1 EraseBytes-
#3215918	REDUCE cov: 1083 ft: 3053 corp: 639/113Kb lim: 4096 exec/s: 4600 rss: 501Mb L: 11/4066 MS: 2 ChangeBit-EraseBytes-
#3216030	REDUCE cov: 1083 ft: 3053 corp: 639/113Kb lim: 4096 exec/s: 4600 rss: 501Mb L: 81/4066 MS: 2 ChangeByte-EraseBytes-
#3217103	REDUCE cov: 1083 ft: 3053 corp: 639/112Kb lim: 4096 exec/s: 4595 rss: 501Mb L: 1243/4066 MS: 3 CMP-ChangeBit-EraseBytes- DE: "\377\377\377\377\377\377\377\377"-
#3217634	REDUCE cov: 1083 ft: 3053 corp: 639/112Kb lim: 4096 exec/s: 4596 rss: 501Mb L: 363/4066 MS: 1 EraseBytes-
#3226380	REDUCE cov: 1083 ft: 3053 corp: 639/112Kb lim: 4096 exec/s: 4589 rss: 501Mb L: 23/4066 MS: 1 EraseBytes-
#3226567	REDUCE cov: 1083 ft: 3053 corp: 639/112Kb lim: 4096 exec/s: 4589 rss: 501Mb L: 284/4066 MS: 2 ChangeASCIIInt-EraseBytes-
#3230108	REDUCE cov: 1083 ft: 3053 corp: 639/112Kb lim: 4096 exec/s: 4588 rss: 501Mb L: 361/4066 MS: 1 EraseBytes-
#3230975	REDUCE cov: 1083 ft: 3053 corp: 639/112Kb lim: 4096 exec/s: 4589 rss: 501Mb L: 202/4066 MS: 2 ShuffleBytes-EraseBytes-
#3232023	REDUCE cov: 1083 ft: 3053 corp: 639/112Kb lim: 4096 exec/s: 4590 rss: 501Mb L: 276/4066 MS: 3 ChangeBinInt-ChangeASCIIInt-EraseBytes-
#3232510	REDUCE cov: 1083 ft: 3053 corp: 639/112Kb lim: 4096 exec/s: 4591 rss: 501Mb L: 775/4066 MS: 2 ChangeASCIIInt-EraseBytes-
#3240863	REDUCE cov: 1083 ft: 3053 corp: 639/112Kb lim: 4096 exec/s: 4590 rss: 501Mb L: 1187/4066 MS: 3 ChangeASCIIInt-EraseBytes-CopyPart-
#3241901	REDUCE cov: 1083 ft: 3053 corp: 639/112Kb lim: 4096 exec/s: 4585 rss: 501Mb L: 202/4066 MS: 3 ShuffleBytes-CopyPart-EraseBytes-
#3249768	REDUCE cov: 1083 ft: 3053 corp: 639/112Kb lim: 4096 exec/s: 4583 rss: 501Mb L: 201/4066 MS: 2 ChangeASCIIInt-EraseBytes-
#3249850	REDUCE cov: 1083 ft: 3053 corp: 639/112Kb lim: 4096 exec/s: 4583 rss: 501Mb L: 199/4066 MS: 2 ShuffleBytes-EraseBytes-
#3252848	REDUCE cov: 1083 ft: 3053 corp: 639/112Kb lim: 4096 exec/s: 4581 rss: 501Mb L: 1369/4066 MS: 1 EraseBytes-
#3253159	REDUCE cov: 1083 ft: 3053 corp: 639/112Kb lim: 4096 exec/s: 4581 rss: 501Mb L: 20/4066 MS: 1 EraseBytes-
#3255262	REDUCE cov: 1083 ft: 3053 corp: 639/112Kb lim: 4096 exec/s: 4584 rss: 501Mb L: 209/4066 MS: 2 ChangeBinInt-EraseBytes-
#3256298	REDUCE cov: 1083 ft: 3053 corp: 639/112Kb lim: 4096 exec/s: 4579 rss: 501Mb L: 165/4066 MS: 1 EraseBytes-
#3256306	REDUCE cov: 1083 ft: 3053 corp: 639/112Kb lim: 4096 exec/s: 4579 rss: 501Mb L: 947/4066 MS: 3 InsertByte-ChangeASCIIInt-EraseBytes-
#3260172	REDUCE cov: 1083 ft: 3053 corp: 639/112Kb lim: 4096 exec/s: 4578 rss: 501Mb L: 58/4066 MS: 1 EraseBytes-
#3261453	REDUCE cov: 1083 ft: 3053 corp: 639/112Kb lim: 4096 exec/s: 4580 rss: 501Mb L: 152/4066 MS: 1 EraseBytes-
#3261555	REDUCE cov: 1083 ft: 3053 corp: 639/112Kb lim: 4096 exec/s: 4580 rss: 501Mb L: 1973/4066 MS: 2 CMP-EraseBytes- DE: "\000\000\000\000"-
#3264301	REDUCE cov: 1083 ft: 3053 corp: 639/112Kb lim: 4096 exec/s: 4578 rss: 501Mb L: 80/4066 MS: 1 EraseBytes-
#3266903	REDUCE cov: 1083 ft: 3053 corp: 639/112Kb lim: 4096 exec/s: 4575 rss: 501Mb L: 803/4066 MS: 2 ShuffleBytes-EraseBytes-
#3269641	REDUCE cov: 1083 ft: 3053 corp: 639/112Kb lim: 4096 exec/s: 4572 rss: 501Mb L: 272/4066 MS: 3 ShuffleBytes-InsertByte-EraseBytes-
#3270907	REDUCE cov: 1083 ft: 3053 corp: 639/112Kb lim: 4096 exec/s: 4568 rss: 501Mb L: 32/4066 MS: 1 EraseBytes-
#3271643	REDUCE cov: 1083 ft: 3053 corp: 639/112Kb lim: 4096 exec/s: 4569 rss: 501Mb L: 25/4066 MS: 1 EraseBytes-
#3276279	REDUCE cov: 1083 ft: 3053 corp: 639/112Kb lim: 4096 exec/s: 4569 rss: 501Mb L: 271/4066 MS: 1 EraseBytes-
#3292801	REDUCE cov: 1083 ft: 3053 corp: 639/112Kb lim: 4096 exec/s: 4560 rss: 501Mb L: 35/4066 MS: 2 CrossOver-EraseBytes-
#3293727	REDUCE cov: 1083 ft: 3053 corp: 639/112Kb lim: 4096 exec/s: 4555 rss: 501Mb L: 375/4066 MS: 1 EraseBytes-
#3298888	REDUCE cov: 1083 ft: 3053 corp: 639/112Kb lim: 4096 exec/s: 4556 rss: 501Mb L: 48/4066 MS: 1 EraseBytes-
#3300371	REDUCE cov: 1083 ft: 3053 corp: 639/112Kb lim: 4096 exec/s: 4552 rss: 501Mb L: 268/4066 MS: 3 ChangeBinInt-ChangeBit-EraseBytes-
#3300672	REDUCE cov: 1083 ft: 3053 corp: 639/112Kb lim: 4096 exec/s: 4552 rss: 501Mb L: 19/4066 MS: 1 EraseBytes-
#3300863	REDUCE cov: 1083 ft: 3053 corp: 639/112Kb lim: 4096 exec/s: 4552 rss: 501Mb L: 234/4066 MS: 1 EraseBytes-
#3302975	REDUCE cov: 1083 ft: 3053 corp: 639/112Kb lim: 4096 exec/s: 4549 rss: 501Mb L: 1077/4066 MS: 2 EraseBytes-CopyPart-
#3309730	REDUCE cov: 1083 ft: 3053 corp: 639/112Kb lim: 4096 exec/s: 4546 rss: 501Mb L: 261/4066 MS: 5 ShuffleBytes-ChangeBit-ChangeByte-ChangeBit-EraseBytes-
#3310154	REDUCE cov: 1083 ft: 3053 corp: 639/112Kb lim: 4096 exec/s: 4546 rss: 501Mb L: 1062/4066 MS: 4 ChangeBit-ChangeByte-ChangeByte-EraseBytes-
#3315214	REDUCE cov: 1083 ft: 3053 corp: 639/112Kb lim: 4096 exec/s: 4547 rss: 501Mb L: 50/4066 MS: 4 EraseBytes-InsertByte-EraseBytes-CopyPart-
#3317632	REDUCE cov: 1083 ft: 3053 corp: 639/112Kb lim: 4096 exec/s: 4544 rss: 501Mb L: 861/4066 MS: 3 ShuffleBytes-ChangeASCIIInt-EraseBytes-
#3317717	REDUCE cov: 1083 ft: 3053 corp: 639/112Kb lim: 4096 exec/s: 4544 rss: 501Mb L: 474/4066 MS: 5 ChangeByte-CrossOver-EraseBytes-ChangeASCIIInt-CopyPart-
#3318900	REDUCE cov: 1083 ft: 3053 corp: 639/112Kb lim: 4096 exec/s: 4546 rss: 501Mb L: 355/4066 MS: 3 ChangeBit-ChangeBit-EraseBytes-
#3320106	REDUCE cov: 1083 ft: 3053 corp: 639/112Kb lim: 4096 exec/s: 4548 rss: 501Mb L: 198/4066 MS: 1 EraseBytes-
#3321752	REDUCE cov: 1083 ft: 3053 corp: 639/112Kb lim: 4096 exec/s: 4544 rss: 501Mb L: 15/4066 MS: 1 EraseBytes-
#3322250	REDUCE cov: 1083 ft: 3053 corp: 639/112Kb lim: 4096 exec/s: 4544 rss: 501Mb L: 663/4066 MS: 3 ChangeBit-ShuffleBytes-EraseBytes-
#3333298	REDUCE cov: 1083 ft: 3053 corp: 639/112Kb lim: 4096 exec/s: 4547 rss: 501Mb L: 148/4066 MS: 3 ChangeASCIIInt-CopyPart-EraseBytes-
#3333899	REDUCE cov: 1083 ft: 3053 corp: 639/112Kb lim: 4096 exec/s: 4548 rss: 501Mb L: 40/4066 MS: 1 EraseBytes-
#3340540	REDUCE cov: 1083 ft: 3053 corp: 639/112Kb lim: 4096 exec/s: 4544 rss: 501Mb L: 340/4066 MS: 1 EraseBytes-
#3346526	REDUCE cov: 1083 ft: 3053 corp: 639/112Kb lim: 4096 exec/s: 4540 rss: 501Mb L: 129/4066 MS: 1 EraseBytes-
#3347967	REDUCE cov: 1083 ft: 3053 corp: 639/112Kb lim: 4096 exec/s: 4542 rss: 501Mb L: 256/4066 MS: 1 EraseBytes-
#3350768	REDUCE cov: 1083 ft: 3053 corp: 639/112Kb lim: 4096 exec/s: 4546 rss: 501Mb L: 67/4066 MS: 1 EraseBytes-
#3355687	REDUCE cov: 1083 ft: 3053 corp: 639/112Kb lim: 4096 exec/s: 4547 rss: 501Mb L: 569/4066 MS: 4 ChangeBit-ShuffleBytes-InsertByte-EraseBytes-
#3364165	REDUCE cov: 1083 ft: 3053 corp: 639/112Kb lim: 4096 exec/s: 4540 rss: 501Mb L: 218/4066 MS: 3 ChangeByte-ChangeASCIIInt-EraseBytes-
#3365356	REDUCE cov: 1083 ft: 3053 corp: 639/112Kb lim: 4096 exec/s: 4541 rss: 501Mb L: 1475/4066 MS: 1 EraseBytes-
#3365544	REDUCE cov: 1083 ft: 3053 corp: 639/112Kb lim: 4096 exec/s: 4541 rss: 501Mb L: 359/4066 MS: 3 CopyPart-ShuffleBytes-EraseBytes-
#3365801	REDUCE cov: 1083 ft: 3053 corp: 639/112Kb lim: 4096 exec/s: 4542 rss: 501Mb L: 227/4066 MS: 2 ChangeASCIIInt-EraseBytes-
#3365958	REDUCE cov: 1083 ft: 3053 corp: 639/112Kb lim: 4096 exec/s: 4542 rss: 501Mb L: 942/4066 MS: 2 EraseBytes-CrossOver-
#3367499	REDUCE cov: 1083 ft: 3053 corp: 639/112Kb lim: 4096 exec/s: 4544 rss: 501Mb L: 1454/4066 MS: 1 EraseBytes-
#3368792	REDUCE cov: 1083 ft: 3053 corp: 639/112Kb lim: 4096 exec/s: 4546 rss: 501Mb L: 167/4066 MS: 3 ChangeByte-ChangeBinInt-EraseBytes-
#3370033	REDUCE cov: 1083 ft: 3053 corp: 639/112Kb lim: 4096 exec/s: 4541 rss: 501Mb L: 95/4066 MS: 1 EraseBytes-
#3372634	REDUCE cov: 1083 ft: 3053 corp: 639/112Kb lim: 4096 exec/s: 4545 rss: 501Mb L: 77/4066 MS: 1 EraseBytes-
#3375771	REDUCE cov: 1083 ft: 3053 corp: 639/112Kb lim: 4096 exec/s: 4543 rss: 501Mb L: 28/4066 MS: 2 EraseBytes-InsertByte-
#3386497	REDUCE cov: 1083 ft: 3053 corp: 639/112Kb lim: 4096 exec/s: 4539 rss: 501Mb L: 157/4066 MS: 1 EraseBytes-
#3387825	REDUCE cov: 1083 ft: 3053 corp: 639/112Kb lim: 4096 exec/s: 4541 rss: 501Mb L: 223/4066 MS: 3 PersAutoDict-ChangeBinInt-EraseBytes- DE: "`\000"-
#3389862	REDUCE cov: 1083 ft: 3053 corp: 639/112Kb lim: 4096 exec/s: 4537 rss: 501Mb L: 1401/4066 MS: 2 CopyPart-EraseBytes-
#3392253	REDUCE cov: 1083 ft: 3053 corp: 639/112Kb lim: 4096 exec/s: 4541 rss: 501Mb L: 53/4066 MS: 1 EraseBytes-
#3392527	REDUCE cov: 1083 ft: 3053 corp: 639/112Kb lim: 4096 exec/s: 4541 rss: 501Mb L: 453/4066 MS: 4 CrossOver-ChangeBinInt-ChangeBit-EraseBytes-
#3392694	REDUCE cov: 1083 ft: 3053 corp: 639/112Kb lim: 4096 exec/s: 4541 rss: 501Mb L: 206/4066 MS: 2 ShuffleBytes-EraseBytes-
#3392913	REDUCE cov: 1083 ft: 3053 corp: 639/112Kb lim: 4096 exec/s: 4542 rss: 501Mb L: 2123/4066 MS: 4 ChangeBit-EraseBytes-ChangeBit-CMP- DE: "runtime:cap223"-
#3397346	REDUCE cov: 1083 ft: 3053 corp: 639/112Kb lim: 4096 exec/s: 4541 rss: 501Mb L: 937/4066 MS: 3 EraseBytes-ChangeBit-CopyPart-
#3398033	REDUCE cov: 1083 ft: 3053 corp: 639/112Kb lim: 4096 exec/s: 4536 rss: 501Mb L: 537/4066 MS: 2 ChangeBit-EraseBytes-
#3398159	REDUCE cov: 1083 ft: 3053 corp: 639/112Kb lim: 4096 exec/s: 4536 rss: 501Mb L: 101/4066 MS: 1 EraseBytes-
#3402105	REDUCE cov: 1083 ft: 3053 corp: 639/112Kb lim: 4096 exec/s: 4542 rss: 501Mb L: 122/4066 MS: 1 EraseBytes-
#3402221	REDUCE cov: 1083 ft: 3053 corp: 639/112Kb lim: 4096 exec/s: 4536 rss: 501Mb L: 409/4066 MS: 1 EraseBytes-
#3406752	REDUCE cov: 1083 ft: 3053 corp: 639/112Kb lim: 4096 exec/s: 4536 rss: 501Mb L: 75/4066 MS: 1 EraseBytes-
#3407958	REDUCE cov: 1083 ft: 3053 corp: 639/112Kb lim: 4096 exec/s: 4537 rss: 501Mb L: 254/4066 MS: 1 EraseBytes-
#3408949	REDUCE cov: 1083 ft: 3053 corp: 639/112Kb lim: 4096 exec/s: 4539 rss: 501Mb L: 90/4066 MS: 1 EraseBytes-
#3412440	REDUCE cov: 1083 ft: 3053 corp: 639/112Kb lim: 4096 exec/s: 4537 rss: 501Mb L: 196/4066 MS: 1 EraseBytes-
#3416431	REDUCE cov: 1083 ft: 3053 corp: 639/112Kb lim: 4096 exec/s: 4537 rss: 501Mb L: 293/4066 MS: 1 EraseBytes-
#3426418	REDUCE cov: 1083 ft: 3053 corp: 639/112Kb lim: 4096 exec/s: 4538 rss: 501Mb L: 306/4066 MS: 2 CMP-EraseBytes- DE: "\377\377\377_"-
#3428335	REDUCE cov: 1083 ft: 3053 corp: 639/112Kb lim: 4096 exec/s: 4534 rss: 501Mb L: 50/4066 MS: 2 ChangeBit-EraseBytes-
#3430533	REDUCE cov: 1083 ft: 3053 corp: 639/112Kb lim: 4096 exec/s: 4537 rss: 501Mb L: 108/4066 MS: 3 EraseBytes-EraseBytes-CopyPart-
#3436091	REDUCE cov: 1083 ft: 3053 corp: 639/112Kb lim: 4096 exec/s: 4539 rss: 501Mb L: 215/4066 MS: 3 EraseBytes-CrossOver-CopyPart-
#3436154	REDUCE cov: 1083 ft: 3053 corp: 639/112Kb lim: 4096 exec/s: 4539 rss: 501Mb L: 1968/4066 MS: 3 ChangeASCIIInt-EraseBytes-CopyPart-
#3437877	REDUCE cov: 1083 ft: 3053 corp: 639/112Kb lim: 4096 exec/s: 4535 rss: 501Mb L: 29/4066 MS: 3 ChangeByte-ChangeBit-EraseBytes-
#3441280	REDUCE cov: 1083 ft: 3053 corp: 639/112Kb lim: 4096 exec/s: 4539 rss: 501Mb L: 1422/4066 MS: 3 ChangeASCIIInt-ChangeBit-EraseBytes-
#3441614	REDUCE cov: 1083 ft: 3053 corp: 639/112Kb lim: 4096 exec/s: 4540 rss: 501Mb L: 251/4066 MS: 4 ChangeBit-ChangeByte-ChangeBit-EraseBytes-
#3446070	REDUCE cov: 1083 ft: 3053 corp: 639/112Kb lim: 4096 exec/s: 4540 rss: 501Mb L: 250/4066 MS: 1 EraseBytes-
#3446917	REDUCE cov: 1083 ft: 3053 corp: 639/112Kb lim: 4096 exec/s: 4541 rss: 501Mb L: 227/4066 MS: 2 CopyPart-EraseBytes-
#3447280	REDUCE cov: 1083 ft: 3053 corp: 639/112Kb lim: 4096 exec/s: 4535 rss: 501Mb L: 89/4066 MS: 3 InsertByte-ChangeBit-EraseBytes-
#3447326	REDUCE cov: 1083 ft: 3053 corp: 639/112Kb lim: 4096 exec/s: 4535 rss: 501Mb L: 916/4066 MS: 1 EraseBytes-
#3448254	REDUCE cov: 1083 ft: 3053 corp: 639/112Kb lim: 4096 exec/s: 4537 rss: 501Mb L: 57/4066 MS: 2 ChangeByte-EraseBytes-
#3453165	REDUCE cov: 1083 ft: 3053 corp: 639/112Kb lim: 4096 exec/s: 4537 rss: 501Mb L: 21/4066 MS: 1 EraseBytes-
#3458763	REDUCE cov: 1083 ft: 3053 corp: 639/112Kb lim: 4096 exec/s: 4539 rss: 501Mb L: 98/4066 MS: 3 EraseBytes-ChangeBinInt-CopyPart-
#3458789	REDUCE cov: 1083 ft: 3053 corp: 639/112Kb lim: 4096 exec/s: 4539 rss: 501Mb L: 516/4066 MS: 1 EraseBytes-
#3463045	REDUCE cov: 1083 ft: 3053 corp: 639/112Kb lim: 4096 exec/s: 4544 rss: 501Mb L: 222/4066 MS: 1 EraseBytes-
#3473646	REDUCE cov: 1083 ft: 3053 corp: 639/112Kb lim: 4096 exec/s: 4540 rss: 501Mb L: 120/4066 MS: 1 EraseBytes-
#3473875	REDUCE cov: 1083 ft: 3053 corp: 639/112Kb lim: 4096 exec/s: 4541 rss: 501Mb L: 44/4066 MS: 4 CopyPart-ChangeByte-CrossOver-EraseBytes-
#3478672	REDUCE cov: 1083 ft: 3053 corp: 639/112Kb lim: 4096 exec/s: 4541 rss: 501Mb L: 128/4066 MS: 2 ChangeByte-EraseBytes-
#3479025	REDUCE cov: 1083 ft: 3053 corp: 639/112Kb lim: 4096 exec/s: 4541 rss: 501Mb L: 243/4066 MS: 3 PersAutoDict-CopyPart-EraseBytes- DE: "runtime:cap64"-
#3489801	REDUCE cov: 1083 ft: 3053 corp: 639/112Kb lim: 4096 exec/s: 4544 rss: 501Mb L: 195/4066 MS: 1 EraseBytes-
#3491891	REDUCE cov: 1083 ft: 3053 corp: 639/112Kb lim: 4096 exec/s: 4540 rss: 501Mb L: 327/4066 MS: 5 InsertRepeatedBytes-ChangeBit-EraseBytes-ChangeASCIIInt-CopyPart-
#3497947	REDUCE cov: 1083 ft: 3053 corp: 639/112Kb lim: 4096 exec/s: 4542 rss: 501Mb L: 1749/4066 MS: 1 EraseBytes-
#3498618	REDUCE cov: 1083 ft: 3053 corp: 639/112Kb lim: 4096 exec/s: 4543 rss: 501Mb L: 162/4066 MS: 1 EraseBytes-
#3499014	REDUCE cov: 1083 ft: 3053 corp: 639/112Kb lim: 4096 exec/s: 4544 rss: 501Mb L: 769/4066 MS: 1 EraseBytes-
#3502010	REDUCE cov: 1083 ft: 3053 corp: 639/112Kb lim: 4096 exec/s: 4542 rss: 501Mb L: 179/4066 MS: 1 EraseBytes-
#3502075	REDUCE cov: 1083 ft: 3053 corp: 639/112Kb lim: 4096 exec/s: 4542 rss: 501Mb L: 1227/4066 MS: 5 ChangeASCIIInt-ChangeASCIIInt-ShuffleBytes-EraseBytes-CopyPart-
#3506141	REDUCE cov: 1083 ft: 3053 corp: 639/112Kb lim: 4096 exec/s: 4541 rss: 501Mb L: 945/4066 MS: 1 EraseBytes-
#3506274	REDUCE cov: 1083 ft: 3053 corp: 639/112Kb lim: 4096 exec/s: 4541 rss: 501Mb L: 278/4066 MS: 3 EraseBytes-InsertRepeatedBytes-CrossOver-
#3506960	REDUCE cov: 1083 ft: 3053 corp: 639/112Kb lim: 4096 exec/s: 4542 rss: 501Mb L: 288/4066 MS: 1 EraseBytes-
#3509201	REDUCE cov: 1083 ft: 3053 corp: 639/112Kb lim: 4096 exec/s: 4539 rss: 501Mb L: 169/4066 MS: 1 EraseBytes-
#3510207	REDUCE cov: 1083 ft: 3053 corp: 639/112Kb lim: 4096 exec/s: 4541 rss: 501Mb L: 152/4066 MS: 1 EraseBytes-
#3510477	REDUCE cov: 1083 ft: 3053 corp: 639/112Kb lim: 4096 exec/s: 4541 rss: 501Mb L: 123/4066 MS: 5 CopyPart-ShuffleBytes-CopyPart-EraseBytes-EraseBytes-
#3510954	REDUCE cov: 1083 ft: 3053 corp: 639/112Kb lim: 4096 exec/s: 4541 rss: 501Mb L: 36/4066 MS: 2 EraseBytes-PersAutoDict- DE: "runtime:cap45"-
#3519210	REDUCE cov: 1083 ft: 3053 corp: 639/112Kb lim: 4096 exec/s: 4540 rss: 501Mb L: 49/4066 MS: 1 EraseBytes-
#3519412	REDUCE cov: 1083 ft: 3053 corp: 639/112Kb lim: 4096 exec/s: 4541 rss: 501Mb L: 35/4066 MS: 2 ChangeASCIIInt-EraseBytes-
#3523809	REDUCE cov: 1083 ft: 3053 corp: 639/112Kb lim: 4096 exec/s: 4540 rss: 501Mb L: 282/4066 MS: 2 ChangeASCIIInt-EraseBytes-
#3524740	REDUCE cov: 1083 ft: 3053 corp: 639/112Kb lim: 4096 exec/s: 4542 rss: 501Mb L: 249/4066 MS: 1 EraseBytes-
#3527161	REDUCE cov: 1083 ft: 3053 corp: 639/112Kb lim: 4096 exec/s: 4545 rss: 501Mb L: 1049/4066 MS: 1 EraseBytes-
#3529788	REDUCE cov: 1083 ft: 3053 corp: 639/112Kb lim: 4096 exec/s: 4542 rss: 501Mb L: 77/4066 MS: 2 CopyPart-EraseBytes-
#3531484	REDUCE cov: 1083 ft: 3053 corp: 639/112Kb lim: 4096 exec/s: 4545 rss: 501Mb L: 285/4066 MS: 1 EraseBytes-
#3535758	REDUCE cov: 1083 ft: 3053 corp: 639/112Kb lim: 4096 exec/s: 4544 rss: 501Mb L: 1190/4066 MS: 4 ChangeBit-CrossOver-CMP-EraseBytes- DE: "runtime:cap97"-
#3536631	REDUCE cov: 1083 ft: 3053 corp: 639/112Kb lim: 4096 exec/s: 4545 rss: 501Mb L: 57/4066 MS: 3 CopyPart-ChangeBinInt-EraseBytes-
#3541683	REDUCE cov: 1083 ft: 3053 corp: 639/112Kb lim: 4096 exec/s: 4546 rss: 501Mb L: 24/4066 MS: 2 CopyPart-EraseBytes-
#3544670	REDUCE cov: 1083 ft: 3053 corp: 639/112Kb lim: 4096 exec/s: 4544 rss: 501Mb L: 247/4066 MS: 2 ChangeBinInt-EraseBytes-
#3548512	REDUCE cov: 1083 ft: 3053 corp: 639/112Kb lim: 4096 exec/s: 4549 rss: 501Mb L: 242/4066 MS: 2 ChangeASCIIInt-EraseBytes-
#3550369	REDUCE cov: 1083 ft: 3053 corp: 639/112Kb lim: 4096 exec/s: 4545 rss: 501Mb L: 186/4066 MS: 2 CopyPart-EraseBytes-
#3552591	REDUCE cov: 1083 ft: 3053 corp: 639/112Kb lim: 4096 exec/s: 4548 rss: 501Mb L: 220/4066 MS: 1 EraseBytes-
#3560347	REDUCE cov: 1083 ft: 3053 corp: 639/112Kb lim: 4096 exec/s: 4547 rss: 501Mb L: 21/4066 MS: 1 EraseBytes-
#3561177	REDUCE cov: 1083 ft: 3053 corp: 639/112Kb lim: 4096 exec/s: 4548 rss: 501Mb L: 357/4066 MS: 5 CrossOver-ChangeBit-ChangeByte-EraseBytes-CopyPart-
#3565413	REDUCE cov: 1083 ft: 3053 corp: 639/112Kb lim: 4096 exec/s: 4547 rss: 501Mb L: 18/4066 MS: 1 EraseBytes-
#3569123	REDUCE cov: 1083 ft: 3053 corp: 639/112Kb lim: 4096 exec/s: 4546 rss: 501Mb L: 321/4066 MS: 5 ChangeASCIIInt-ShuffleBytes-ChangeByte-EraseBytes-CrossOver-
#3572160	REDUCE cov: 1083 ft: 3053 corp: 639/112Kb lim: 4096 exec/s: 4544 rss: 501Mb L: 547/4066 MS: 2 CMP-EraseBytes- DE: "\251\000\000\000\000\000\000\000"-
#3574578	REDUCE cov: 1083 ft: 3053 corp: 639/112Kb lim: 4096 exec/s: 4542 rss: 501Mb L: 144/4066 MS: 3 CrossOver-CopyPart-EraseBytes-
#3575200	REDUCE cov: 1083 ft: 3053 corp: 639/112Kb lim: 4096 exec/s: 4542 rss: 501Mb L: 32/4066 MS: 2 ChangeByte-EraseBytes-
#3580147	REDUCE cov: 1083 ft: 3053 corp: 639/112Kb lim: 4096 exec/s: 4537 rss: 501Mb L: 306/4066 MS: 2 EraseBytes-CrossOver-
#3581131	REDUCE cov: 1083 ft: 3053 corp: 639/112Kb lim: 4096 exec/s: 4538 rss: 501Mb L: 142/4066 MS: 4 ChangeByte-CrossOver-InsertRepeatedBytes-EraseBytes-
#3581282	REDUCE cov: 1083 ft: 3053 corp: 639/112Kb lim: 4096 exec/s: 4539 rss: 501Mb L: 13/4066 MS: 1 EraseBytes-
#3586790	REDUCE cov: 1083 ft: 3053 corp: 639/112Kb lim: 4096 exec/s: 4534 rss: 501Mb L: 20/4066 MS: 3 CrossOver-CopyPart-EraseBytes-
#3589671	REDUCE cov: 1083 ft: 3053 corp: 639/112Kb lim: 4096 exec/s: 4532 rss: 501Mb L: 72/4066 MS: 1 EraseBytes-
#3590584	REDUCE cov: 1083 ft: 3053 corp: 639/112Kb lim: 4096 exec/s: 4533 rss: 501Mb L: 1668/4066 MS: 3 CMP-PersAutoDict-CrossOver- DE: "\377,"-"runtime:cap223"-
#3590715	REDUCE cov: 1083 ft: 3053 corp: 639/112Kb lim: 4096 exec/s: 4533 rss: 501Mb L: 54/4066 MS: 1 EraseBytes-
#3592403	REDUCE cov: 1083 ft: 3053 corp: 639/112Kb lim: 4096 exec/s: 4530 rss: 501Mb L: 226/4066 MS: 3 CopyPart-EraseBytes-InsertByte-
#3593724	REDUCE cov: 1083 ft: 3053 corp: 639/112Kb lim: 4096 exec/s: 4531 rss: 501Mb L: 48/4066 MS: 1 EraseBytes-
#3594105	REDUCE cov: 1083 ft: 3053 corp: 639/112Kb lim: 4096 exec/s: 4532 rss: 501Mb L: 186/4066 MS: 1 EraseBytes-
#3600201	REDUCE cov: 1083 ft: 3053 corp: 639/112Kb lim: 4096 exec/s: 4528 rss: 501Mb L: 199/4066 MS: 1 EraseBytes-
#3603447	REDUCE cov: 1083 ft: 3053 corp: 639/112Kb lim: 4096 exec/s: 4526 rss: 501Mb L: 170/4066 MS: 1 EraseBytes-
#3604850	REDUCE cov: 1083 ft: 3053 corp: 639/112Kb lim: 4096 exec/s: 4523 rss: 501Mb L: 78/4066 MS: 3 ChangeASCIIInt-CopyPart-EraseBytes-
#3606141	REDUCE cov: 1083 ft: 3053 corp: 639/111Kb lim: 4096 exec/s: 4524 rss: 501Mb L: 126/4066 MS: 1 EraseBytes-
#3610892	REDUCE cov: 1083 ft: 3053 corp: 639/111Kb lim: 4096 exec/s: 4524 rss: 501Mb L: 241/4066 MS: 1 EraseBytes-
#3610933	REDUCE cov: 1083 ft: 3053 corp: 639/111Kb lim: 4096 exec/s: 4519 rss: 501Mb L: 163/4066 MS: 1 EraseBytes-
#3614850	REDUCE cov: 1083 ft: 3053 corp: 639/111Kb lim: 4096 exec/s: 4518 rss: 501Mb L: 42/4066 MS: 2 ShuffleBytes-EraseBytes-
#3615158	REDUCE cov: 1083 ft: 3053 corp: 639/111Kb lim: 4096 exec/s: 4518 rss: 501Mb L: 239/4066 MS: 3 ShuffleBytes-ChangeBit-EraseBytes-
#3616013	REDUCE cov: 1083 ft: 3053 corp: 639/111Kb lim: 4096 exec/s: 4520 rss: 501Mb L: 20/4066 MS: 4 PersAutoDict-CMP-EraseBytes-EraseBytes- DE: "0\000"-"\006\000\000\000\000\000\000\000"-
#3621803	REDUCE cov: 1083 ft: 3053 corp: 639/111Kb lim: 4096 exec/s: 4515 rss: 501Mb L: 1045/4066 MS: 5 ChangeByte-CMP-PersAutoDict-EraseBytes-CopyPart- DE: "\005\000\000\000\000\000\000\000"-"runtime:cap37"-
#3650284	REDUCE cov: 1083 ft: 3053 corp: 639/111Kb lim: 4096 exec/s: 4506 rss: 501Mb L: 38/4066 MS: 1 EraseBytes-
#3652345	REDUCE cov: 1083 ft: 3053 corp: 639/111Kb lim: 4096 exec/s: 4503 rss: 501Mb L: 69/4066 MS: 1 EraseBytes-
#3663168	REDUCE cov: 1083 ft: 3053 corp: 639/111Kb lim: 4096 exec/s: 4500 rss: 501Mb L: 217/4066 MS: 3 EraseBytes-PersAutoDict-ShuffleBytes- DE: "\000\000\000l"-
#3664647	REDUCE cov: 1083 ft: 3053 corp: 639/111Kb lim: 4096 exec/s: 4502 rss: 501Mb L: 530/4066 MS: 4 ShuffleBytes-InsertByte-InsertByte-EraseBytes-
#3677684	REDUCE cov: 1083 ft: 3053 corp: 639/111Kb lim: 4096 exec/s: 4501 rss: 501Mb L: 176/4066 MS: 2 CopyPart-EraseBytes-
#3678995	REDUCE cov: 1083 ft: 3053 corp: 639/111Kb lim: 4096 exec/s: 4503 rss: 501Mb L: 214/4066 MS: 1 EraseBytes-
#3683372	REDUCE cov: 1083 ft: 3053 corp: 639/111Kb lim: 4096 exec/s: 4502 rss: 501Mb L: 51/4066 MS: 2 ChangeByte-EraseBytes-
#3683378	REDUCE cov: 1083 ft: 3053 corp: 639/111Kb lim: 4096 exec/s: 4502 rss: 501Mb L: 214/4066 MS: 1 EraseBytes-
#3690874	REDUCE cov: 1083 ft: 3053 corp: 639/111Kb lim: 4096 exec/s: 4501 rss: 501Mb L: 401/4066 MS: 1 EraseBytes-
#3691555	REDUCE cov: 1083 ft: 3053 corp: 639/111Kb lim: 4096 exec/s: 4501 rss: 501Mb L: 198/4066 MS: 1 EraseBytes-
#3696228	REDUCE cov: 1083 ft: 3053 corp: 639/111Kb lim: 4096 exec/s: 4496 rss: 501Mb L: 1040/4066 MS: 3 InsertByte-ChangeASCIIInt-EraseBytes-
#3697529	REDUCE cov: 1083 ft: 3053 corp: 639/111Kb lim: 4096 exec/s: 4498 rss: 501Mb L: 414/4066 MS: 1 EraseBytes-
#3698785	REDUCE cov: 1083 ft: 3053 corp: 639/111Kb lim: 4096 exec/s: 4499 rss: 501Mb L: 148/4066 MS: 1 EraseBytes-
#3700936	REDUCE cov: 1083 ft: 3053 corp: 639/111Kb lim: 4096 exec/s: 4496 rss: 501Mb L: 75/4066 MS: 1 EraseBytes-
#3701788	REDUCE cov: 1083 ft: 3053 corp: 639/111Kb lim: 4096 exec/s: 4497 rss: 501Mb L: 56/4066 MS: 2 CopyPart-EraseBytes-
#3702964	REDUCE cov: 1083 ft: 3053 corp: 639/111Kb lim: 4096 exec/s: 4499 rss: 501Mb L: 232/4066 MS: 1 EraseBytes-
#3710341	REDUCE cov: 1083 ft: 3053 corp: 639/111Kb lim: 4096 exec/s: 4497 rss: 501Mb L: 40/4066 MS: 2 ChangeByte-EraseBytes-
#3721761	REDUCE cov: 1083 ft: 3053 corp: 639/111Kb lim: 4096 exec/s: 4494 rss: 501Mb L: 191/4066 MS: 5 CrossOver-CopyPart-EraseBytes-ChangeBinInt-CopyPart-
#3723940	REDUCE cov: 1083 ft: 3053 corp: 639/111Kb lim: 4096 exec/s: 4497 rss: 501Mb L: 384/4066 MS: 4 ChangeBit-EraseBytes-InsertByte-CopyPart-
#3726081	REDUCE cov: 1083 ft: 3053 corp: 639/111Kb lim: 4096 exec/s: 4494 rss: 501Mb L: 3016/4066 MS: 1 EraseBytes-
#3726182	REDUCE cov: 1083 ft: 3053 corp: 639/111Kb lim: 4096 exec/s: 4494 rss: 501Mb L: 189/4066 MS: 1 EraseBytes-
#3727381	REDUCE cov: 1083 ft: 3053 corp: 639/111Kb lim: 4096 exec/s: 4496 rss: 501Mb L: 151/4066 MS: 3 PersAutoDict-InsertByte-EraseBytes- DE: "\001\000\000\000\000\000\000\000"-
#3730507	REDUCE cov: 1083 ft: 3053 corp: 639/111Kb lim: 4096 exec/s: 4494 rss: 501Mb L: 152/4066 MS: 1 EraseBytes-
#3733223	REDUCE cov: 1083 ft: 3053 corp: 639/111Kb lim: 4096 exec/s: 4492 rss: 501Mb L: 89/4066 MS: 1 EraseBytes-
#3734014	REDUCE cov: 1083 ft: 3053 corp: 639/111Kb lim: 4096 exec/s: 4493 rss: 501Mb L: 522/4066 MS: 1 EraseBytes-
#3734785	REDUCE cov: 1083 ft: 3053 corp: 639/111Kb lim: 4096 exec/s: 4494 rss: 501Mb L: 10/4066 MS: 1 EraseBytes-
#3739214	REDUCE cov: 1083 ft: 3053 corp: 639/111Kb lim: 4096 exec/s: 4494 rss: 501Mb L: 183/4066 MS: 4 ChangeBinInt-CopyPart-ChangeASCIIInt-EraseBytes-
#3746870	REDUCE cov: 1083 ft: 3053 corp: 639/111Kb lim: 4096 exec/s: 4498 rss: 501Mb L: 40/4066 MS: 1 EraseBytes-
#3762987	REDUCE cov: 1083 ft: 3053 corp: 639/111Kb lim: 4096 exec/s: 4495 rss: 501Mb L: 214/4066 MS: 2 EraseBytes-CopyPart-
#3763424	REDUCE cov: 1083 ft: 3053 corp: 639/111Kb lim: 4096 exec/s: 4496 rss: 501Mb L: 303/4066 MS: 2 ChangeBit-EraseBytes-
#3764114	REDUCE cov: 1083 ft: 3053 corp: 639/111Kb lim: 4096 exec/s: 4497 rss: 501Mb L: 908/4066 MS: 5 PersAutoDict-ChangeBinInt-CopyPart-ChangeASCIIInt-EraseBytes- DE: "\377\377\3779"-
#3767837	REDUCE cov: 1083 ft: 3053 corp: 639/111Kb lim: 4096 exec/s: 4496 rss: 501Mb L: 287/4066 MS: 3 ChangeByte-ChangeASCIIInt-EraseBytes-
#3774904	REDUCE cov: 1083 ft: 3053 corp: 639/111Kb lim: 4096 exec/s: 4499 rss: 501Mb L: 177/4066 MS: 2 ChangeASCIIInt-EraseBytes-
#3776205	REDUCE cov: 1083 ft: 3053 corp: 639/111Kb lim: 4096 exec/s: 4500 rss: 501Mb L: 14/4066 MS: 1 EraseBytes-
#3777441	REDUCE cov: 1083 ft: 3053 corp: 639/111Kb lim: 4096 exec/s: 4502 rss: 501Mb L: 124/4066 MS: 1 EraseBytes-
#3783422	REDUCE cov: 1083 ft: 3053 corp: 639/111Kb lim: 4096 exec/s: 4504 rss: 501Mb L: 49/4066 MS: 1 EraseBytes-
#3790080	REDUCE cov: 1083 ft: 3053 corp: 639/111Kb lim: 4096 exec/s: 4501 rss: 501Mb L: 900/4066 MS: 3 ChangeBinInt-CrossOver-EraseBytes-
#3790129	REDUCE cov: 1083 ft: 3053 corp: 639/111Kb lim: 4096 exec/s: 4501 rss: 501Mb L: 1024/4066 MS: 4 CMP-ChangeByte-ChangeBit-EraseBytes- DE: "\377\377\377z"-
#3790315	REDUCE cov: 1083 ft: 3053 corp: 639/111Kb lim: 4096 exec/s: 4501 rss: 501Mb L: 413/4066 MS: 1 EraseBytes-
#3791431	REDUCE cov: 1083 ft: 3053 corp: 639/111Kb lim: 4096 exec/s: 4502 rss: 501Mb L: 89/4066 MS: 1 EraseBytes-
#3795973	REDUCE cov: 1083 ft: 3053 corp: 639/111Kb lim: 4096 exec/s: 4502 rss: 501Mb L: 238/4066 MS: 2 InsertByte-EraseBytes-
#3799073	REDUCE cov: 1083 ft: 3053 corp: 639/111Kb lim: 4096 exec/s: 4506 rss: 501Mb L: 182/4066 MS: 5 EraseBytes-EraseBytes-ChangeASCIIInt-ChangeASCIIInt-CopyPart-
#3805654	REDUCE cov: 1083 ft: 3053 corp: 639/111Kb lim: 4096 exec/s: 4503 rss: 501Mb L: 73/4066 MS: 1 EraseBytes-
#3808156	REDUCE cov: 1083 ft: 3053 corp: 639/111Kb lim: 4096 exec/s: 4506 rss: 501Mb L: 99/4066 MS: 2 CopyPart-EraseBytes-
#3810622	REDUCE cov: 1083 ft: 3053 corp: 639/111Kb lim: 4096 exec/s: 4504 rss: 501Mb L: 34/4066 MS: 1 EraseBytes-
#3811674	REDUCE cov: 1083 ft: 3053 corp: 639/111Kb lim: 4096 exec/s: 4505 rss: 501Mb L: 887/4066 MS: 2 EraseBytes-CMP- DE: "runtime:cap14"-
#3815060	REDUCE cov: 1083 ft: 3053 corp: 639/111Kb lim: 4096 exec/s: 4504 rss: 501Mb L: 37/4066 MS: 1 EraseBytes-
#3818587	REDUCE cov: 1083 ft: 3053 corp: 639/111Kb lim: 4096 exec/s: 4508 rss: 501Mb L: 180/4066 MS: 2 ChangeASCIIInt-EraseBytes-
#3821028	REDUCE cov: 1083 ft: 3053 corp: 639/111Kb lim: 4096 exec/s: 4505 rss: 501Mb L: 23/4066 MS: 1 EraseBytes-
#3821720	REDUCE cov: 1083 ft: 3053 corp: 639/111Kb lim: 4096 exec/s: 4506 rss: 501Mb L: 91/4066 MS: 2 ShuffleBytes-EraseBytes-
#3825131	REDUCE cov: 1083 ft: 3053 corp: 639/111Kb lim: 4096 exec/s: 4505 rss: 501Mb L: 39/4066 MS: 1 EraseBytes-
#3826197	REDUCE cov: 1083 ft: 3053 corp: 639/111Kb lim: 4096 exec/s: 4506 rss: 501Mb L: 179/4066 MS: 1 EraseBytes-
#3827888	REDUCE cov: 1083 ft: 3053 corp: 639/111Kb lim: 4096 exec/s: 4508 rss: 501Mb L: 208/4066 MS: 1 EraseBytes-
#3828109	REDUCE cov: 1083 ft: 3053 corp: 639/111Kb lim: 4096 exec/s: 4503 rss: 501Mb L: 411/4066 MS: 1 EraseBytes-
#3830220	REDUCE cov: 1083 ft: 3053 corp: 639/111Kb lim: 4096 exec/s: 4506 rss: 501Mb L: 29/4066 MS: 1 EraseBytes-
#3830366	REDUCE cov: 1083 ft: 3053 corp: 639/111Kb lim: 4096 exec/s: 4506 rss: 501Mb L: 19/4066 MS: 1 EraseBytes-
#3840732	REDUCE cov: 1083 ft: 3053 corp: 639/111Kb lim: 4096 exec/s: 4507 rss: 501Mb L: 235/4066 MS: 1 EraseBytes-
#3864973	REDUCE cov: 1083 ft: 3053 corp: 639/111Kb lim: 4096 exec/s: 4504 rss: 501Mb L: 217/4066 MS: 1 EraseBytes-
#3865559	REDUCE cov: 1083 ft: 3053 corp: 639/111Kb lim: 4096 exec/s: 4505 rss: 501Mb L: 86/4066 MS: 1 EraseBytes-
#3868460	REDUCE cov: 1083 ft: 3053 corp: 639/111Kb lim: 4096 exec/s: 4503 rss: 501Mb L: 1176/4066 MS: 1 EraseBytes-
#3873762	REDUCE cov: 1083 ft: 3053 corp: 639/111Kb lim: 4096 exec/s: 4504 rss: 501Mb L: 26/4066 MS: 2 ChangeBit-EraseBytes-
#3877200	REDUCE cov: 1083 ft: 3053 corp: 639/111Kb lim: 4096 exec/s: 4497 rss: 501Mb L: 183/4066 MS: 3 InsertByte-ChangeASCIIInt-EraseBytes-
#3885806	REDUCE cov: 1083 ft: 3053 corp: 639/111Kb lim: 4096 exec/s: 4497 rss: 501Mb L: 50/4066 MS: 1 EraseBytes-
#3898470	REDUCE cov: 1083 ft: 3053 corp: 639/111Kb lim: 4096 exec/s: 4491 rss: 501Mb L: 234/4066 MS: 4 ChangeBit-ChangeASCIIInt-PersAutoDict-EraseBytes- DE: "k\000\000\000"-
#3899966	REDUCE cov: 1083 ft: 3053 corp: 639/111Kb lim: 4096 exec/s: 4493 rss: 501Mb L: 1474/4066 MS: 1 EraseBytes-
#3902983	REDUCE cov: 1083 ft: 3053 corp: 639/111Kb lim: 4096 exec/s: 4491 rss: 501Mb L: 165/4066 MS: 2 ShuffleBytes-EraseBytes-
#3904380	REDUCE cov: 1083 ft: 3053 corp: 639/111Kb lim: 4096 exec/s: 4492 rss: 501Mb L: 93/4066 MS: 2 ShuffleBytes-EraseBytes-
#3905726	REDUCE cov: 1083 ft: 3053 corp: 639/111Kb lim: 4096 exec/s: 4489 rss: 501Mb L: 1935/4066 MS: 1 EraseBytes-
#3906113	REDUCE cov: 1083 ft: 3053 corp: 639/111Kb lim: 4096 exec/s: 4489 rss: 501Mb L: 74/4066 MS: 2 InsertByte-EraseBytes-
#3916089	REDUCE cov: 1083 ft: 3053 corp: 639/111Kb lim: 4096 exec/s: 4485 rss: 501Mb L: 94/4066 MS: 1 EraseBytes-
#3916511	REDUCE cov: 1083 ft: 3053 corp: 639/111Kb lim: 4096 exec/s: 4486 rss: 501Mb L: 115/4066 MS: 2 ShuffleBytes-EraseBytes-
#3921884	REDUCE cov: 1083 ft: 3053 corp: 639/111Kb lim: 4096 exec/s: 4482 rss: 501Mb L: 131/4066 MS: 3 EraseBytes-InsertByte-PersAutoDict- DE: "runtime:cap10"-
#3923417	REDUCE cov: 1083 ft: 3053 corp: 639/111Kb lim: 4096 exec/s: 4483 rss: 501Mb L: 383/4066 MS: 3 ChangeBinInt-CMP-EraseBytes- DE: "\377\377\377\377\377\377\377\377"-
#3925218	REDUCE cov: 1083 ft: 3053 corp: 639/111Kb lim: 4096 exec/s: 4485 rss: 501Mb L: 793/4066 MS: 1 EraseBytes-
#3928247	REDUCE cov: 1083 ft: 3053 corp: 639/111Kb lim: 4096 exec/s: 4484 rss: 501Mb L: 409/4066 MS: 4 EraseBytes-CrossOver-CopyPart-CrossOver-
#3928894	REDUCE cov: 1083 ft: 3053 corp: 639/111Kb lim: 4096 exec/s: 4485 rss: 501Mb L: 205/4066 MS: 2 CopyPart-EraseBytes-
#3931420	REDUCE cov: 1083 ft: 3053 corp: 639/111Kb lim: 4096 exec/s: 4487 rss: 501Mb L: 75/4066 MS: 1 EraseBytes-
#3931756	REDUCE cov: 1083 ft: 3053 corp: 639/111Kb lim: 4096 exec/s: 4488 rss: 501Mb L: 200/4066 MS: 1 EraseBytes-
#3937394	REDUCE cov: 1083 ft: 3053 corp: 639/111Kb lim: 4096 exec/s: 4484 rss: 501Mb L: 4052/4052 MS: 3 InsertByte-InsertRepeatedBytes-EraseBytes-
#3937936	REDUCE cov: 1083 ft: 3053 corp: 639/111Kb lim: 4096 exec/s: 4485 rss: 501Mb L: 36/4052 MS: 2 ChangeBinInt-EraseBytes-
#3938220	REDUCE cov: 1083 ft: 3053 corp: 639/111Kb lim: 4096 exec/s: 4485 rss: 501Mb L: 396/4052 MS: 4 InsertByte-ChangeByte-ChangeBit-EraseBytes-
#3941151	REDUCE cov: 1083 ft: 3053 corp: 639/111Kb lim: 4096 exec/s: 4488 rss: 501Mb L: 232/4052 MS: 1 EraseBytes-
#3941813	REDUCE cov: 1083 ft: 3053 corp: 639/111Kb lim: 4096 exec/s: 4484 rss: 501Mb L: 367/4052 MS: 2 EraseBytes-CopyPart-
#3943924	REDUCE cov: 1083 ft: 3053 corp: 639/111Kb lim: 4096 exec/s: 4486 rss: 501Mb L: 393/4052 MS: 1 EraseBytes-
#3945745	REDUCE cov: 1083 ft: 3053 corp: 639/111Kb lim: 4096 exec/s: 4488 rss: 501Mb L: 51/4052 MS: 1 EraseBytes-
#3950627	REDUCE cov: 1083 ft: 3053 corp: 639/111Kb lim: 4096 exec/s: 4489 rss: 501Mb L: 404/4052 MS: 1 EraseBytes-
#3960319	REDUCE cov: 1083 ft: 3053 corp: 639/111Kb lim: 4096 exec/s: 4490 rss: 501Mb L: 195/4052 MS: 2 CopyPart-EraseBytes-
#3967300	REDUCE cov: 1083 ft: 3053 corp: 639/111Kb lim: 4096 exec/s: 4492 rss: 501Mb L: 1327/4052 MS: 1 EraseBytes-
#3967516	REDUCE cov: 1083 ft: 3053 corp: 639/111Kb lim: 4096 exec/s: 4493 rss: 501Mb L: 179/4052 MS: 1 EraseBytes-
#3970497	REDUCE cov: 1083 ft: 3053 corp: 639/111Kb lim: 4096 exec/s: 4491 rss: 501Mb L: 12/4052 MS: 1 EraseBytes-
#3972863	REDUCE cov: 1083 ft: 3053 corp: 639/111Kb lim: 4096 exec/s: 4494 rss: 501Mb L: 305/4052 MS: 1 EraseBytes-
#3979274	REDUCE cov: 1083 ft: 3053 corp: 639/111Kb lim: 4096 exec/s: 4496 rss: 501Mb L: 275/4052 MS: 1 EraseBytes-
#3980576	REDUCE cov: 1083 ft: 3053 corp: 639/111Kb lim: 4096 exec/s: 4492 rss: 501Mb L: 22/4052 MS: 2 CopyPart-EraseBytes-
#3980997	REDUCE cov: 1083 ft: 3053 corp: 639/111Kb lim: 4096 exec/s: 4493 rss: 501Mb L: 47/4052 MS: 1 EraseBytes-
#3982348	REDUCE cov: 1083 ft: 3053 corp: 639/111Kb lim: 4096 exec/s: 4494 rss: 501Mb L: 315/4052 MS: 1 EraseBytes-
#3986995	REDUCE cov: 1083 ft: 3053 corp: 639/111Kb lim: 4096 exec/s: 4494 rss: 501Mb L: 1512/4052 MS: 2 ChangeByte-EraseBytes-
#3989856	REDUCE cov: 1083 ft: 3053 corp: 639/111Kb lim: 4096 exec/s: 4498 rss: 501Mb L: 1361/4052 MS: 1 EraseBytes-
#3992382	REDUCE cov: 1083 ft: 3053 corp: 639/111Kb lim: 4096 exec/s: 4495 rss: 501Mb L: 131/4052 MS: 1 EraseBytes-
#4000567	REDUCE cov: 1083 ft: 3053 corp: 639/111Kb lim: 4096 exec/s: 4500 rss: 501Mb L: 197/4052 MS: 5 CMP-EraseBytes-ShuffleBytes-CopyPart-ChangeByte- DE: "a\000\000\000"-
#4002793	REDUCE cov: 1083 ft: 3053 corp: 639/111Kb lim: 4096 exec/s: 4497 rss: 501Mb L: 362/4052 MS: 1 EraseBytes-
#4003464	REDUCE cov: 1083 ft: 3053 corp: 639/111Kb lim: 4096 exec/s: 4498 rss: 501Mb L: 88/4052 MS: 1 EraseBytes-
#4006976	REDUCE cov: 1083 ft: 3053 corp: 639/111Kb lim: 4096 exec/s: 4502 rss: 501Mb L: 160/4052 MS: 2 EraseBytes-CopyPart-
#4008207	REDUCE cov: 1083 ft: 3056 corp: 640/111Kb lim: 4096 exec/s: 4498 rss: 501Mb L: 42/4052 MS: 1 CrossOver-
#4009593	REDUCE cov: 1083 ft: 3056 corp: 640/111Kb lim: 4096 exec/s: 4500 rss: 501Mb L: 124/4052 MS: 1 EraseBytes-
#4012695	REDUCE cov: 1083 ft: 3056 corp: 640/111Kb lim: 4096 exec/s: 4498 rss: 501Mb L: 29/4052 MS: 2 PersAutoDict-EraseBytes- DE: "runtime:cap3"-
#4015312	REDUCE cov: 1083 ft: 3056 corp: 640/111Kb lim: 4096 exec/s: 4501 rss: 501Mb L: 77/4052 MS: 2 CrossOver-EraseBytes-
#4016474	REDUCE cov: 1083 ft: 3056 corp: 640/111Kb lim: 4096 exec/s: 4497 rss: 501Mb L: 194/4052 MS: 2 ChangeByte-EraseBytes-
#4019165	REDUCE cov: 1083 ft: 3056 corp: 640/111Kb lim: 4096 exec/s: 4500 rss: 501Mb L: 114/4052 MS: 1 EraseBytes-
#4027736	REDUCE cov: 1083 ft: 3056 corp: 640/111Kb lim: 4096 exec/s: 4500 rss: 501Mb L: 230/4052 MS: 1 EraseBytes-
#4028880	REDUCE cov: 1083 ft: 3056 corp: 640/111Kb lim: 4096 exec/s: 4496 rss: 501Mb L: 159/4052 MS: 4 ShuffleBytes-CopyPart-ChangeBit-EraseBytes-
#4030199	REDUCE cov: 1083 ft: 3056 corp: 640/111Kb lim: 4096 exec/s: 4497 rss: 501Mb L: 57/4052 MS: 4 EraseBytes-ShuffleBytes-ShuffleBytes-PersAutoDict- DE: "`\000"-
#4030945	REDUCE cov: 1083 ft: 3056 corp: 640/111Kb lim: 4096 exec/s: 4498 rss: 501Mb L: 76/4052 MS: 1 EraseBytes-
#4032096	REDUCE cov: 1083 ft: 3056 corp: 640/111Kb lim: 4096 exec/s: 4495 rss: 501Mb L: 302/4052 MS: 1 EraseBytes-
#4032832	REDUCE cov: 1083 ft: 3056 corp: 640/111Kb lim: 4096 exec/s: 4495 rss: 501Mb L: 59/4052 MS: 1 EraseBytes-
#4040214	REDUCE cov: 1083 ft: 3056 corp: 640/111Kb lim: 4096 exec/s: 4494 rss: 501Mb L: 40/4052 MS: 2 CMP-EraseBytes- DE: "runtime:cap33"-
#4041925	REDUCE cov: 1083 ft: 3056 corp: 640/111Kb lim: 4096 exec/s: 4496 rss: 501Mb L: 192/4052 MS: 1 EraseBytes-
#4044281	REDUCE cov: 1083 ft: 3056 corp: 640/111Kb lim: 4096 exec/s: 4493 rss: 501Mb L: 111/4052 MS: 1 EraseBytes-
#4046661	DONE   cov: 1083 ft: 3056 corp: 640/111Kb lim: 4096 exec/s: 4491 rss: 501Mb
###### Recommended dictionary. ######
"\001\000\000\000" # Uses: 16918
"runtime:cap182" # Uses: 11290
"\000\000\000\000\000\000\000\000" # Uses: 11689
"\377o" # Uses: 10830
"\377_" # Uses: 9986
"\000\000\000\000\000\000\000\003" # Uses: 9488
"z\000\000\000" # Uses: 9402
"\001\000\000\000\000\000\000\001" # Uses: 8926
"\001\000\000n" # Uses: 8711
"7\000\000\000\000\000\000\000" # Uses: 8201
"k\000\000\000" # Uses: 8428
"\002\000\000\000\000\000\000\000" # Uses: 7907
"\377\377\377\377\377\377\377\377" # Uses: 6978
"0\000" # Uses: 7067
"\000\000\000\000\000\000\000\015" # Uses: 6560
"runtime:cap14" # Uses: 6315
"\377\377\377\377\377\377\377\017" # Uses: 6631
"\000\000\000\000\000\000\000\001" # Uses: 6347
"runtime:cap5" # Uses: 6143
"http" # Uses: 6424
"runtime:consol" # Uses: 5840
"\000\000\000\000\000\000\0002" # Uses: 6141
"runtime:cap50" # Uses: 5855
"\017\000\000\000\000\000\000\000" # Uses: 6011
"runtime:cap37" # Uses: 5203
"\001`" # Uses: 5509
"runtime:cap3" # Uses: 4832
"runtime:cap4" # Uses: 4851
"runtime:cap61" # Uses: 4939
"\001\000\000\000\000\000\000\020" # Uses: 4781
"|\000\000\000" # Uses: 5069
"runtime:cap74" # Uses: 4425
"\011\000\000\000\000\000\000\000" # Uses: 4499
"\001\000\000\000\000\000\000\000" # Uses: 4453
"\000{" # Uses: 4865
"runtime:timers" # Uses: 4301
"\377\377\3779" # Uses: 4488
"\177\217\251t\341w\000\000" # Uses: 4261
"runtime:cap1" # Uses: 3934
"\004\000" # Uses: 4446
"runtime:cap45" # Uses: 3933
"\377\377\377\377" # Uses: 4031
"\001\000\001\217\375\377\222\252" # Uses: 3662
"runtime:cap93" # Uses: 3338
"\023\000\000\000\000\000\000\000" # Uses: 3405
"\377\377\377\374" # Uses: 3498
"runtime:cap2" # Uses: 3198
"0\000\000\000\000\000\000\000" # Uses: 2981
"runtime:cap228" # Uses: 2780
"\377z" # Uses: 3015
"\000\000\000\000\000\000\000\004" # Uses: 2795
"y\000\000\000" # Uses: 2906
"runtime:cap24" # Uses: 2686
"runtime:cap68" # Uses: 2469
"\007\000\000\000\000\000\000\000" # Uses: 2408
"\001\000\000\000\000\000\000\014" # Uses: 2269
"`\000" # Uses: 2388
"runtime:cap10" # Uses: 1916
"runtime:cap16" # Uses: 1590
"runtime:cap64" # Uses: 1666
"\377\377\377\377\377\377\377\003" # Uses: 1671
"\000\000\000l" # Uses: 1558
"runtime:cap36" # Uses: 1253
"\377\377\377z" # Uses: 1350
"\000\000\000\000\000\000\000\007" # Uses: 1301
"runtime:cap67" # Uses: 1126
"n\000\000\000" # Uses: 1116
"\006\000\000\000\000\000\000\000" # Uses: 1121
"\000\000\000\000" # Uses: 940
"runtime:cap223" # Uses: 732
"\377\377\377_" # Uses: 732
"runtime:cap97" # Uses: 565
"\251\000\000\000\000\000\000\000" # Uses: 548
"\377," # Uses: 591
"\005\000\000\000\000\000\000\000" # Uses: 477
"a\000\000\000" # Uses: 49
"runtime:cap33" # Uses: 5
###### End of recommended dictionary. ######
Done 4046661 runs in 901 second(s)
stat::number_of_executed_units: 4046661
stat::average_exec_per_sec:     4491
stat::new_units_added:          2149
stat::slowest_unit_time_sec:    0
stat::peak_rss_mb:              501
