warning: binary `bridge_handles` should have a kebab-case name
   |
 1 | /home/ther12k/Workspace/Learning/velqu/fuzz/target/.../bridge_handles
   |                                                        ^^^^^^^^^^^^^^
   |
   = note: `cargo::non_kebab_case_bins` is set to `warn` by default
help: to change the binary name to `bridge-handles`, convert `bin.name`
  --> Cargo.toml:60:8
   |
60 - name = "bridge_handles"
60 + name = "bridge-handles"
   |
warning: binary `capabilities_policy` should have a kebab-case name
   |
 1 | /home/ther12k/Workspace/Learning/velqu/fuzz/target/.../capabilities_policy
   |                                                        ^^^^^^^^^^^^^^^^^^^
   |
help: to change the binary name to `capabilities-policy`, convert `bin.name`
  --> Cargo.toml:74:8
   |
74 - name = "capabilities_policy"
74 + name = "capabilities-policy"
   |
warning: binary `codec_encoders` should have a kebab-case name
   |
 1 | /home/ther12k/Workspace/Learning/velqu/fuzz/target/.../codec_encoders
   |                                                        ^^^^^^^^^^^^^^
   |
help: to change the binary name to `codec-encoders`, convert `bin.name`
  --> Cargo.toml:67:8
   |
67 - name = "codec_encoders"
67 + name = "codec-encoders"
   |
warning: binary `http_decode` should have a kebab-case name
   |
 1 | /home/ther12k/Workspace/Learning/velqu/fuzz/target/.../http_decode
   |                                                        ^^^^^^^^^^^
   |
help: to change the binary name to `http-decode`, convert `bin.name`
  --> Cargo.toml:46:8
   |
46 - name = "http_decode"
46 + name = "http-decode"
   |
warning: binary `pack_verify` should have a kebab-case name
   |
 1 | /home/ther12k/Workspace/Learning/velqu/fuzz/target/.../pack_verify
   |                                                        ^^^^^^^^^^^
   |
help: to change the binary name to `pack-verify`, convert `bin.name`
  --> Cargo.toml:32:8
   |
32 - name = "pack_verify"
32 + name = "pack-verify"
   |
warning: binary `router_match` should have a kebab-case name
   |
 1 | /home/ther12k/Workspace/Learning/velqu/fuzz/target/.../router_match
   |                                                        ^^^^^^^^^^^^
   |
help: to change the binary name to `router-match`, convert `bin.name`
  --> Cargo.toml:39:8
   |
39 - name = "router_match"
39 + name = "router-match"
   |
warning: binary `schema_validate` should have a kebab-case name
   |
 1 | /home/ther12k/Workspace/Learning/velqu/fuzz/target/.../schema_validate
   |                                                        ^^^^^^^^^^^^^^^
   |
help: to change the binary name to `schema-validate`, convert `bin.name`
  --> Cargo.toml:53:8
   |
53 - name = "schema_validate"
53 + name = "schema-validate"
   |
warning: `velqu-runtime-fuzz` (manifest) generated 7 warnings
warning: use of deprecated method `std::sync::atomic::Atomic::<u64>::fetch_update`: renamed to `try_update` for consistency
  --> /home/ther12k/Workspace/Learning/velqu/crates/q-capabilities/src/drain.rs:77:18
   |
77 |                 .fetch_update(Ordering::Relaxed, Ordering::Relaxed, |v| v.checked_add(1));
   |                  ^^^^^^^^^^^^
   |
   = note: `#[warn(deprecated)]` on by default
help: replace the use of the deprecated method
   |
77 -                 .fetch_update(Ordering::Relaxed, Ordering::Relaxed, |v| v.checked_add(1));
77 +                 .try_update(Ordering::Relaxed, Ordering::Relaxed, |v| v.checked_add(1));
   |

warning: use of deprecated method `std::sync::atomic::Atomic::<u64>::fetch_update`: renamed to `try_update` for consistency
   --> /home/ther12k/Workspace/Learning/velqu/crates/q-capabilities/src/load_shed.rs:199:14
    |
199 |             .fetch_update(Ordering::Relaxed, Ordering::Relaxed, |v| v.checked_add(1))
    |              ^^^^^^^^^^^^
    |
help: replace the use of the deprecated method
    |
199 -             .fetch_update(Ordering::Relaxed, Ordering::Relaxed, |v| v.checked_add(1))
199 +             .try_update(Ordering::Relaxed, Ordering::Relaxed, |v| v.checked_add(1))
    |

warning: `q-capabilities` (lib) generated 2 warnings (run `cargo fix --lib -p q-capabilities` to apply 2 suggestions)
   Compiling velqu-runtime-fuzz v0.0.0 (/home/ther12k/Workspace/Learning/velqu/fuzz)
    Finished `release` profile [optimized + debuginfo] target(s) in 2.44s
warning: binary `bridge_handles` should have a kebab-case name
   |
 1 | /home/ther12k/Workspace/Learning/velqu/fuzz/target/.../bridge_handles
   |                                                        ^^^^^^^^^^^^^^
   |
   = note: `cargo::non_kebab_case_bins` is set to `warn` by default
help: to change the binary name to `bridge-handles`, convert `bin.name`
  --> Cargo.toml:60:8
   |
60 - name = "bridge_handles"
60 + name = "bridge-handles"
   |
warning: binary `capabilities_policy` should have a kebab-case name
   |
 1 | /home/ther12k/Workspace/Learning/velqu/fuzz/target/.../capabilities_policy
   |                                                        ^^^^^^^^^^^^^^^^^^^
   |
help: to change the binary name to `capabilities-policy`, convert `bin.name`
  --> Cargo.toml:74:8
   |
74 - name = "capabilities_policy"
74 + name = "capabilities-policy"
   |
warning: binary `codec_encoders` should have a kebab-case name
   |
 1 | /home/ther12k/Workspace/Learning/velqu/fuzz/target/.../codec_encoders
   |                                                        ^^^^^^^^^^^^^^
   |
help: to change the binary name to `codec-encoders`, convert `bin.name`
  --> Cargo.toml:67:8
   |
67 - name = "codec_encoders"
67 + name = "codec-encoders"
   |
warning: binary `http_decode` should have a kebab-case name
   |
 1 | /home/ther12k/Workspace/Learning/velqu/fuzz/target/.../http_decode
   |                                                        ^^^^^^^^^^^
   |
help: to change the binary name to `http-decode`, convert `bin.name`
  --> Cargo.toml:46:8
   |
46 - name = "http_decode"
46 + name = "http-decode"
   |
warning: binary `pack_verify` should have a kebab-case name
   |
 1 | /home/ther12k/Workspace/Learning/velqu/fuzz/target/.../pack_verify
   |                                                        ^^^^^^^^^^^
   |
help: to change the binary name to `pack-verify`, convert `bin.name`
  --> Cargo.toml:32:8
   |
32 - name = "pack_verify"
32 + name = "pack-verify"
   |
warning: binary `router_match` should have a kebab-case name
   |
 1 | /home/ther12k/Workspace/Learning/velqu/fuzz/target/.../router_match
   |                                                        ^^^^^^^^^^^^
   |
help: to change the binary name to `router-match`, convert `bin.name`
  --> Cargo.toml:39:8
   |
39 - name = "router_match"
39 + name = "router-match"
   |
warning: binary `schema_validate` should have a kebab-case name
   |
 1 | /home/ther12k/Workspace/Learning/velqu/fuzz/target/.../schema_validate
   |                                                        ^^^^^^^^^^^^^^^
   |
help: to change the binary name to `schema-validate`, convert `bin.name`
  --> Cargo.toml:53:8
   |
53 - name = "schema_validate"
53 + name = "schema-validate"
   |
warning: `velqu-runtime-fuzz` (manifest) generated 7 warnings
warning: use of deprecated method `std::sync::atomic::Atomic::<u64>::fetch_update`: renamed to `try_update` for consistency
  --> /home/ther12k/Workspace/Learning/velqu/crates/q-capabilities/src/drain.rs:77:18
   |
77 |                 .fetch_update(Ordering::Relaxed, Ordering::Relaxed, |v| v.checked_add(1));
   |                  ^^^^^^^^^^^^
   |
   = note: `#[warn(deprecated)]` on by default
help: replace the use of the deprecated method
   |
77 -                 .fetch_update(Ordering::Relaxed, Ordering::Relaxed, |v| v.checked_add(1));
77 +                 .try_update(Ordering::Relaxed, Ordering::Relaxed, |v| v.checked_add(1));
   |

warning: use of deprecated method `std::sync::atomic::Atomic::<u64>::fetch_update`: renamed to `try_update` for consistency
   --> /home/ther12k/Workspace/Learning/velqu/crates/q-capabilities/src/load_shed.rs:199:14
    |
199 |             .fetch_update(Ordering::Relaxed, Ordering::Relaxed, |v| v.checked_add(1))
    |              ^^^^^^^^^^^^
    |
help: replace the use of the deprecated method
    |
199 -             .fetch_update(Ordering::Relaxed, Ordering::Relaxed, |v| v.checked_add(1))
199 +             .try_update(Ordering::Relaxed, Ordering::Relaxed, |v| v.checked_add(1))
    |

warning: `q-capabilities` (lib) generated 2 warnings (run `cargo fix --lib -p q-capabilities` to apply 2 suggestions)
    Finished `release` profile [optimized + debuginfo] target(s) in 0.06s
     Running `fuzz/target/x86_64-unknown-linux-gnu/release/codec_encoders -artifact_prefix=/home/ther12k/Workspace/Learning/velqu/fuzz/artifacts/codec_encoders/ -max_total_time=900 -rss_limit_mb=4096 -seed=1789214776 -print_final_stats=1 /home/ther12k/Workspace/Learning/velqu/fuzz/corpus/codec_encoders`
INFO: Running with entropic power schedule (0xFF, 100).
INFO: Seed: 1789214776
INFO: Loaded 1 modules   (89545 inline 8-bit counters): 89545 [0x5e9a68a351a0, 0x5e9a68a4af69), 
INFO: Loaded 1 PC tables (89545 PCs): 89545 [0x5e9a68a4af70,0x5e9a68ba8c00), 
INFO:     3314 files found in /home/ther12k/Workspace/Learning/velqu/fuzz/corpus/codec_encoders
INFO: -max_len is not provided; libFuzzer will not generate inputs larger than 4096 bytes
INFO: seed corpus: files: 3314 min: 1b max: 3774b total: 327467b rss: 42Mb
#3315	INITED cov: 1456 ft: 5719 corp: 1209/152Kb exec/s: 0 rss: 126Mb
#6106	REDUCE cov: 1456 ft: 5719 corp: 1209/152Kb lim: 3807 exec/s: 0 rss: 145Mb L: 19/3774 MS: 1 EraseBytes-
#9227	REDUCE cov: 1456 ft: 5719 corp: 1209/152Kb lim: 3829 exec/s: 9227 rss: 171Mb L: 9/3774 MS: 1 EraseBytes-
#11424	REDUCE cov: 1456 ft: 5719 corp: 1209/152Kb lim: 3840 exec/s: 11424 rss: 188Mb L: 41/3774 MS: 2 ChangeByte-EraseBytes-
#11960	REDUCE cov: 1456 ft: 5719 corp: 1209/152Kb lim: 3840 exec/s: 11960 rss: 192Mb L: 51/3774 MS: 1 EraseBytes-
#12861	REDUCE cov: 1456 ft: 5719 corp: 1209/152Kb lim: 3840 exec/s: 12861 rss: 199Mb L: 24/3774 MS: 1 EraseBytes-
#13282	REDUCE cov: 1456 ft: 5719 corp: 1209/152Kb lim: 3840 exec/s: 13282 rss: 202Mb L: 338/3774 MS: 1 EraseBytes-
#13388	REDUCE cov: 1456 ft: 5719 corp: 1209/152Kb lim: 3840 exec/s: 13388 rss: 202Mb L: 29/3774 MS: 1 EraseBytes-
#15370	REDUCE cov: 1456 ft: 5719 corp: 1209/152Kb lim: 3851 exec/s: 15370 rss: 220Mb L: 138/3774 MS: 2 ChangeASCIIInt-EraseBytes-
#15381	REDUCE cov: 1456 ft: 5719 corp: 1209/152Kb lim: 3851 exec/s: 15381 rss: 220Mb L: 18/3774 MS: 1 EraseBytes-
#15567	REDUCE cov: 1456 ft: 5719 corp: 1209/152Kb lim: 3851 exec/s: 15567 rss: 222Mb L: 15/3774 MS: 1 EraseBytes-
#16384	pulse  cov: 1456 ft: 5719 corp: 1209/152Kb lim: 3851 exec/s: 8192 rss: 227Mb
#16718	REDUCE cov: 1456 ft: 5719 corp: 1209/152Kb lim: 3862 exec/s: 8359 rss: 230Mb L: 83/3774 MS: 1 EraseBytes-
#17239	REDUCE cov: 1456 ft: 5719 corp: 1209/152Kb lim: 3862 exec/s: 8619 rss: 235Mb L: 50/3774 MS: 1 EraseBytes-
#17728	REDUCE cov: 1456 ft: 5719 corp: 1209/152Kb lim: 3862 exec/s: 8864 rss: 239Mb L: 45/3774 MS: 4 ChangeBinInt-ChangeBit-CopyPart-EraseBytes-
#19335	REDUCE cov: 1456 ft: 5719 corp: 1209/152Kb lim: 3873 exec/s: 9667 rss: 252Mb L: 17/3774 MS: 2 ShuffleBytes-EraseBytes-
#19596	REDUCE cov: 1456 ft: 5719 corp: 1209/152Kb lim: 3873 exec/s: 9798 rss: 254Mb L: 20/3774 MS: 1 EraseBytes-
#20397	REDUCE cov: 1456 ft: 5719 corp: 1209/152Kb lim: 3873 exec/s: 10198 rss: 259Mb L: 60/3774 MS: 1 EraseBytes-
#20922	NEW    cov: 1456 ft: 5723 corp: 1210/153Kb lim: 3873 exec/s: 10461 rss: 264Mb L: 1347/3774 MS: 5 InsertRepeatedBytes-CMP-InsertRepeatedBytes-EraseBytes-InsertByte- DE: "\001&"-
#21793	REDUCE cov: 1456 ft: 5723 corp: 1210/153Kb lim: 3873 exec/s: 10896 rss: 270Mb L: 30/3774 MS: 1 EraseBytes-
#22277	REDUCE cov: 1456 ft: 5723 corp: 1210/153Kb lim: 3873 exec/s: 11138 rss: 273Mb L: 463/3774 MS: 4 CopyPart-ShuffleBytes-CopyPart-EraseBytes-
#22374	NEW    cov: 1456 ft: 5725 corp: 1211/156Kb lim: 3873 exec/s: 11187 rss: 275Mb L: 2841/3774 MS: 2 ChangeASCIIInt-CopyPart-
#23006	REDUCE cov: 1456 ft: 5725 corp: 1211/156Kb lim: 3873 exec/s: 11503 rss: 280Mb L: 10/3774 MS: 2 CrossOver-EraseBytes-
#24342	REDUCE cov: 1456 ft: 5725 corp: 1211/156Kb lim: 3884 exec/s: 12171 rss: 294Mb L: 70/3774 MS: 1 EraseBytes-
#25909	REDUCE cov: 1456 ft: 5725 corp: 1211/156Kb lim: 3895 exec/s: 12954 rss: 307Mb L: 265/3774 MS: 2 CopyPart-EraseBytes-
#26481	REDUCE cov: 1456 ft: 5725 corp: 1211/156Kb lim: 3895 exec/s: 13240 rss: 312Mb L: 69/3774 MS: 2 ChangeByte-EraseBytes-
#26609	REDUCE cov: 1456 ft: 5725 corp: 1211/155Kb lim: 3895 exec/s: 13304 rss: 314Mb L: 2706/3774 MS: 3 ShuffleBytes-CopyPart-EraseBytes-
#27205	REDUCE cov: 1456 ft: 5725 corp: 1211/155Kb lim: 3895 exec/s: 13602 rss: 323Mb L: 19/3774 MS: 1 EraseBytes-
#27391	REDUCE cov: 1456 ft: 5725 corp: 1211/155Kb lim: 3895 exec/s: 13695 rss: 324Mb L: 902/3774 MS: 1 EraseBytes-
#27527	REDUCE cov: 1456 ft: 5725 corp: 1211/155Kb lim: 3895 exec/s: 13763 rss: 325Mb L: 29/3774 MS: 1 EraseBytes-
#27651	REDUCE cov: 1456 ft: 5725 corp: 1211/155Kb lim: 3895 exec/s: 13825 rss: 326Mb L: 33/3774 MS: 4 EraseBytes-InsertByte-CopyPart-CopyPart-
#28043	REDUCE cov: 1456 ft: 5725 corp: 1211/155Kb lim: 3895 exec/s: 14021 rss: 329Mb L: 264/3774 MS: 2 InsertByte-EraseBytes-
#28749	REDUCE cov: 1456 ft: 5725 corp: 1211/155Kb lim: 3895 exec/s: 14374 rss: 334Mb L: 11/3774 MS: 1 EraseBytes-
#31101	REDUCE cov: 1456 ft: 5725 corp: 1211/155Kb lim: 3917 exec/s: 10367 rss: 351Mb L: 2027/3774 MS: 2 CMP-EraseBytes- DE: "\377\377\377\377\377\377\377\007"-
#32507	REDUCE cov: 1456 ft: 5725 corp: 1211/155Kb lim: 3928 exec/s: 10835 rss: 361Mb L: 8/3774 MS: 1 EraseBytes-
#32768	pulse  cov: 1456 ft: 5725 corp: 1211/155Kb lim: 3928 exec/s: 10922 rss: 363Mb
#33282	REDUCE cov: 1456 ft: 5725 corp: 1211/155Kb lim: 3928 exec/s: 11094 rss: 367Mb L: 22/3774 MS: 5 ChangeByte-ChangeByte-ShuffleBytes-ChangeBit-EraseBytes-
#34613	REDUCE cov: 1456 ft: 5725 corp: 1211/155Kb lim: 3939 exec/s: 11537 rss: 376Mb L: 285/3774 MS: 1 EraseBytes-
#36074	REDUCE cov: 1456 ft: 5725 corp: 1211/155Kb lim: 3950 exec/s: 12024 rss: 387Mb L: 27/3774 MS: 1 EraseBytes-
#36661	REDUCE cov: 1456 ft: 5725 corp: 1211/155Kb lim: 3950 exec/s: 12220 rss: 393Mb L: 39/3774 MS: 2 ShuffleBytes-EraseBytes-
#39683	REDUCE cov: 1456 ft: 5725 corp: 1211/155Kb lim: 3972 exec/s: 13227 rss: 413Mb L: 18/3774 MS: 1 EraseBytes-
#41299	REDUCE cov: 1456 ft: 5725 corp: 1211/155Kb lim: 3983 exec/s: 13766 rss: 419Mb L: 420/3774 MS: 1 EraseBytes-
#41590	REDUCE cov: 1456 ft: 5725 corp: 1211/155Kb lim: 3983 exec/s: 13863 rss: 421Mb L: 512/3774 MS: 1 EraseBytes-
#41796	NEW    cov: 1456 ft: 5726 corp: 1212/155Kb lim: 3983 exec/s: 10449 rss: 422Mb L: 157/3774 MS: 1 CrossOver-
#43129	REDUCE cov: 1456 ft: 5726 corp: 1212/155Kb lim: 3994 exec/s: 10782 rss: 432Mb L: 15/3774 MS: 3 CMP-EraseBytes-CopyPart- DE: ".\257\010\000"-
#43413	REDUCE cov: 1456 ft: 5726 corp: 1212/155Kb lim: 3994 exec/s: 10853 rss: 434Mb L: 16/3774 MS: 4 ChangeASCIIInt-ChangeBinInt-CrossOver-EraseBytes-
#43510	REDUCE cov: 1456 ft: 5726 corp: 1212/155Kb lim: 3994 exec/s: 10877 rss: 434Mb L: 32/3774 MS: 2 ChangeBit-EraseBytes-
#44089	REDUCE cov: 1456 ft: 5726 corp: 1212/155Kb lim: 3994 exec/s: 11022 rss: 434Mb L: 8/3774 MS: 4 ChangeBinInt-CopyPart-InsertByte-EraseBytes-
#44760	REDUCE cov: 1456 ft: 5726 corp: 1212/155Kb lim: 3994 exec/s: 11190 rss: 434Mb L: 143/3774 MS: 1 EraseBytes-
#45092	REDUCE cov: 1456 ft: 5726 corp: 1212/155Kb lim: 3994 exec/s: 11273 rss: 435Mb L: 22/3774 MS: 2 ChangeByte-EraseBytes-
#46663	REDUCE cov: 1456 ft: 5726 corp: 1212/155Kb lim: 4005 exec/s: 11665 rss: 441Mb L: 1728/3774 MS: 1 EraseBytes-
#47385	REDUCE cov: 1456 ft: 5726 corp: 1212/155Kb lim: 4005 exec/s: 11846 rss: 446Mb L: 296/3774 MS: 2 PersAutoDict-EraseBytes- DE: "\377\377\377\377\377\377\377\007"-
#47581	REDUCE cov: 1456 ft: 5726 corp: 1212/155Kb lim: 4005 exec/s: 11895 rss: 448Mb L: 28/3774 MS: 1 EraseBytes-
#47672	REDUCE cov: 1456 ft: 5726 corp: 1212/155Kb lim: 4005 exec/s: 11918 rss: 448Mb L: 29/3774 MS: 1 EraseBytes-
#47883	REDUCE cov: 1456 ft: 5726 corp: 1212/155Kb lim: 4005 exec/s: 11970 rss: 448Mb L: 31/3774 MS: 1 EraseBytes-
#47941	REDUCE cov: 1456 ft: 5726 corp: 1212/155Kb lim: 4005 exec/s: 11985 rss: 448Mb L: 42/3774 MS: 3 ShuffleBytes-CopyPart-EraseBytes-
#48559	REDUCE cov: 1456 ft: 5726 corp: 1212/155Kb lim: 4005 exec/s: 12139 rss: 448Mb L: 146/3774 MS: 3 ChangeByte-InsertByte-EraseBytes-
#48737	REDUCE cov: 1456 ft: 5726 corp: 1212/155Kb lim: 4005 exec/s: 12184 rss: 448Mb L: 72/3774 MS: 3 ShuffleBytes-ShuffleBytes-EraseBytes-
#49145	REDUCE cov: 1456 ft: 5726 corp: 1212/155Kb lim: 4005 exec/s: 12286 rss: 449Mb L: 70/3774 MS: 3 ChangeBit-ChangeASCIIInt-EraseBytes-
#49426	REDUCE cov: 1456 ft: 5726 corp: 1212/155Kb lim: 4005 exec/s: 12356 rss: 449Mb L: 68/3774 MS: 1 EraseBytes-
#51378	REDUCE cov: 1456 ft: 5726 corp: 1212/155Kb lim: 4016 exec/s: 12844 rss: 452Mb L: 479/3774 MS: 2 CopyPart-EraseBytes-
#53439	REDUCE cov: 1456 ft: 5726 corp: 1212/155Kb lim: 4027 exec/s: 13359 rss: 453Mb L: 2471/3774 MS: 1 EraseBytes-
#53592	REDUCE cov: 1456 ft: 5726 corp: 1212/155Kb lim: 4027 exec/s: 13398 rss: 455Mb L: 2693/3774 MS: 3 ShuffleBytes-ChangeASCIIInt-EraseBytes-
#54551	REDUCE cov: 1456 ft: 5726 corp: 1212/155Kb lim: 4027 exec/s: 13637 rss: 457Mb L: 313/3774 MS: 4 CMP-ShuffleBytes-CopyPart-EraseBytes- DE: "\0006"-
#54973	REDUCE cov: 1456 ft: 5726 corp: 1212/155Kb lim: 4027 exec/s: 13743 rss: 458Mb L: 32/3774 MS: 2 ChangeByte-EraseBytes-
#55219	NEW    cov: 1456 ft: 5731 corp: 1213/158Kb lim: 4027 exec/s: 11043 rss: 458Mb L: 3006/3774 MS: 1 CopyPart-
#57295	REDUCE cov: 1456 ft: 5731 corp: 1213/158Kb lim: 4038 exec/s: 11459 rss: 459Mb L: 119/3774 MS: 1 EraseBytes-
#58251	REDUCE cov: 1456 ft: 5731 corp: 1213/158Kb lim: 4038 exec/s: 11650 rss: 460Mb L: 34/3774 MS: 1 EraseBytes-
#58672	REDUCE cov: 1456 ft: 5731 corp: 1213/158Kb lim: 4038 exec/s: 11734 rss: 461Mb L: 23/3774 MS: 1 EraseBytes-
#59881	REDUCE cov: 1456 ft: 5731 corp: 1213/158Kb lim: 4049 exec/s: 11976 rss: 461Mb L: 22/3774 MS: 4 InsertRepeatedBytes-CMP-ChangeBinInt-EraseBytes- DE: "\001\000\000\000\000\000\000\002"-
#60578	REDUCE cov: 1456 ft: 5731 corp: 1213/158Kb lim: 4049 exec/s: 12115 rss: 461Mb L: 492/3774 MS: 2 InsertRepeatedBytes-EraseBytes-
#60815	REDUCE cov: 1456 ft: 5731 corp: 1213/158Kb lim: 4049 exec/s: 12163 rss: 461Mb L: 23/3774 MS: 2 InsertByte-EraseBytes-
#61426	REDUCE cov: 1456 ft: 5731 corp: 1213/158Kb lim: 4049 exec/s: 12285 rss: 461Mb L: 94/3774 MS: 1 EraseBytes-
#63263	REDUCE cov: 1456 ft: 5731 corp: 1213/158Kb lim: 4060 exec/s: 12652 rss: 461Mb L: 27/3774 MS: 2 ChangeBit-EraseBytes-
#63778	NEW    cov: 1456 ft: 5738 corp: 1214/161Kb lim: 4060 exec/s: 12755 rss: 461Mb L: 3551/3774 MS: 5 CrossOver-CopyPart-CrossOver-PersAutoDict-CopyPart- DE: "\001&"-
#65536	pulse  cov: 1456 ft: 5738 corp: 1214/161Kb lim: 4071 exec/s: 13107 rss: 461Mb
#65834	REDUCE cov: 1456 ft: 5738 corp: 1214/161Kb lim: 4071 exec/s: 13166 rss: 461Mb L: 26/3774 MS: 1 EraseBytes-
#65875	REDUCE cov: 1456 ft: 5738 corp: 1214/161Kb lim: 4071 exec/s: 13175 rss: 461Mb L: 15/3774 MS: 1 EraseBytes-
#66407	REDUCE cov: 1456 ft: 5738 corp: 1214/161Kb lim: 4071 exec/s: 13281 rss: 461Mb L: 38/3774 MS: 2 ShuffleBytes-EraseBytes-
#67293	REDUCE cov: 1456 ft: 5738 corp: 1214/161Kb lim: 4071 exec/s: 13458 rss: 461Mb L: 56/3774 MS: 1 EraseBytes-
#67790	REDUCE cov: 1456 ft: 5738 corp: 1214/161Kb lim: 4071 exec/s: 13558 rss: 461Mb L: 74/3774 MS: 2 CrossOver-EraseBytes-
#71757	REDUCE cov: 1456 ft: 5738 corp: 1214/161Kb lim: 4096 exec/s: 11959 rss: 461Mb L: 325/3774 MS: 2 InsertRepeatedBytes-EraseBytes-
#72015	REDUCE cov: 1456 ft: 5738 corp: 1214/161Kb lim: 4096 exec/s: 12002 rss: 461Mb L: 21/3774 MS: 3 ChangeASCIIInt-InsertByte-EraseBytes-
#72376	REDUCE cov: 1456 ft: 5738 corp: 1214/161Kb lim: 4096 exec/s: 12062 rss: 461Mb L: 53/3774 MS: 1 EraseBytes-
#73267	REDUCE cov: 1456 ft: 5738 corp: 1214/161Kb lim: 4096 exec/s: 12211 rss: 461Mb L: 280/3774 MS: 1 EraseBytes-
#73428	NEW    cov: 1456 ft: 5755 corp: 1215/162Kb lim: 4096 exec/s: 12238 rss: 461Mb L: 369/3774 MS: 1 CopyPart-
#74981	REDUCE cov: 1456 ft: 5755 corp: 1215/161Kb lim: 4096 exec/s: 12496 rss: 461Mb L: 174/3774 MS: 3 InsertByte-ChangeASCIIInt-EraseBytes-
#76693	NEW    cov: 1456 ft: 5756 corp: 1216/162Kb lim: 4096 exec/s: 12782 rss: 461Mb L: 391/3774 MS: 2 ChangeByte-ChangeASCIIInt-
#76892	NEW    cov: 1456 ft: 5757 corp: 1217/164Kb lim: 4096 exec/s: 12815 rss: 461Mb L: 2456/3774 MS: 4 ChangeBinInt-ChangeByte-CMP-EraseBytes- DE: "detail"-
#77218	REDUCE cov: 1456 ft: 5757 corp: 1217/164Kb lim: 4096 exec/s: 12869 rss: 461Mb L: 12/3774 MS: 1 EraseBytes-
#77265	REDUCE cov: 1456 ft: 5757 corp: 1217/164Kb lim: 4096 exec/s: 12877 rss: 461Mb L: 3360/3774 MS: 2 CrossOver-EraseBytes-
#77716	REDUCE cov: 1456 ft: 5757 corp: 1217/164Kb lim: 4096 exec/s: 12952 rss: 461Mb L: 146/3774 MS: 1 EraseBytes-
#79717	REDUCE cov: 1456 ft: 5757 corp: 1217/164Kb lim: 4096 exec/s: 13286 rss: 461Mb L: 675/3774 MS: 1 EraseBytes-
#80455	REDUCE cov: 1456 ft: 5757 corp: 1217/164Kb lim: 4096 exec/s: 13409 rss: 461Mb L: 12/3774 MS: 3 ShuffleBytes-ShuffleBytes-EraseBytes-
#80621	REDUCE cov: 1456 ft: 5757 corp: 1217/164Kb lim: 4096 exec/s: 13436 rss: 461Mb L: 1673/3774 MS: 1 EraseBytes-
#82048	REDUCE cov: 1456 ft: 5757 corp: 1217/164Kb lim: 4096 exec/s: 11721 rss: 461Mb L: 21/3774 MS: 2 ChangeBit-EraseBytes-
#82364	NEW    cov: 1456 ft: 5758 corp: 1218/167Kb lim: 4096 exec/s: 11766 rss: 461Mb L: 3264/3774 MS: 1 CopyPart-
#82687	REDUCE cov: 1456 ft: 5758 corp: 1218/167Kb lim: 4096 exec/s: 11812 rss: 461Mb L: 33/3774 MS: 3 InsertByte-ChangeBit-EraseBytes-
#84154	REDUCE cov: 1456 ft: 5758 corp: 1218/167Kb lim: 4096 exec/s: 12022 rss: 461Mb L: 34/3774 MS: 2 CrossOver-EraseBytes-
#84225	REDUCE cov: 1456 ft: 5758 corp: 1218/167Kb lim: 4096 exec/s: 12032 rss: 461Mb L: 479/3774 MS: 1 EraseBytes-
#84886	REDUCE cov: 1456 ft: 5758 corp: 1218/167Kb lim: 4096 exec/s: 12126 rss: 461Mb L: 22/3774 MS: 1 EraseBytes-
#84918	REDUCE cov: 1456 ft: 5758 corp: 1218/167Kb lim: 4096 exec/s: 12131 rss: 461Mb L: 74/3774 MS: 2 ChangeASCIIInt-EraseBytes-
#85299	REDUCE cov: 1456 ft: 5758 corp: 1218/167Kb lim: 4096 exec/s: 12185 rss: 461Mb L: 31/3774 MS: 1 EraseBytes-
#87225	REDUCE cov: 1456 ft: 5758 corp: 1218/167Kb lim: 4096 exec/s: 12460 rss: 461Mb L: 13/3774 MS: 1 EraseBytes-
#88927	REDUCE cov: 1456 ft: 5758 corp: 1218/167Kb lim: 4096 exec/s: 12703 rss: 461Mb L: 443/3774 MS: 2 EraseBytes-InsertByte-
#89098	REDUCE cov: 1456 ft: 5758 corp: 1218/167Kb lim: 4096 exec/s: 12728 rss: 461Mb L: 169/3774 MS: 1 EraseBytes-
#91214	REDUCE cov: 1456 ft: 5758 corp: 1218/167Kb lim: 4096 exec/s: 13030 rss: 461Mb L: 16/3774 MS: 1 EraseBytes-
#91666	REDUCE cov: 1456 ft: 5758 corp: 1218/167Kb lim: 4096 exec/s: 13095 rss: 461Mb L: 175/3774 MS: 2 ChangeBit-EraseBytes-
#93163	REDUCE cov: 1456 ft: 5758 corp: 1218/167Kb lim: 4096 exec/s: 13309 rss: 461Mb L: 192/3774 MS: 2 ChangeASCIIInt-EraseBytes-
#93555	NEW    cov: 1456 ft: 5760 corp: 1219/167Kb lim: 4096 exec/s: 13365 rss: 461Mb L: 161/3774 MS: 2 InsertRepeatedBytes-CopyPart-
#94051	REDUCE cov: 1456 ft: 5760 corp: 1219/167Kb lim: 4096 exec/s: 13435 rss: 461Mb L: 493/3774 MS: 1 EraseBytes-
#94555	NEW    cov: 1456 ft: 5763 corp: 1220/167Kb lim: 4096 exec/s: 13507 rss: 461Mb L: 14/3774 MS: 4 ChangeBinInt-ShuffleBytes-ChangeBit-CrossOver-
#96786	REDUCE cov: 1456 ft: 5763 corp: 1220/167Kb lim: 4096 exec/s: 12098 rss: 461Mb L: 29/3774 MS: 1 EraseBytes-
#98360	REDUCE cov: 1456 ft: 5763 corp: 1220/167Kb lim: 4096 exec/s: 12295 rss: 461Mb L: 389/3774 MS: 4 InsertByte-CopyPart-ChangeByte-EraseBytes-
#101322	REDUCE cov: 1456 ft: 5763 corp: 1220/167Kb lim: 4096 exec/s: 12665 rss: 461Mb L: 142/3774 MS: 2 ShuffleBytes-EraseBytes-
#102619	REDUCE cov: 1456 ft: 5763 corp: 1220/167Kb lim: 4096 exec/s: 12827 rss: 461Mb L: 132/3774 MS: 2 CopyPart-EraseBytes-
#103440	REDUCE cov: 1456 ft: 5763 corp: 1220/167Kb lim: 4096 exec/s: 12930 rss: 461Mb L: 17/3774 MS: 1 EraseBytes-
#103453	REDUCE cov: 1456 ft: 5763 corp: 1220/167Kb lim: 4096 exec/s: 12931 rss: 461Mb L: 65/3774 MS: 3 CrossOver-EraseBytes-CopyPart-
#103465	REDUCE cov: 1456 ft: 5763 corp: 1220/167Kb lim: 4096 exec/s: 12933 rss: 461Mb L: 8/3774 MS: 2 EraseBytes-CopyPart-
#104501	REDUCE cov: 1456 ft: 5763 corp: 1220/167Kb lim: 4096 exec/s: 13062 rss: 461Mb L: 147/3774 MS: 1 EraseBytes-
#105847	REDUCE cov: 1456 ft: 5763 corp: 1220/167Kb lim: 4096 exec/s: 13230 rss: 461Mb L: 649/3774 MS: 1 EraseBytes-
#106493	REDUCE cov: 1456 ft: 5763 corp: 1220/167Kb lim: 4096 exec/s: 13311 rss: 461Mb L: 24/3774 MS: 1 EraseBytes-
#107596	REDUCE cov: 1456 ft: 5763 corp: 1220/167Kb lim: 4096 exec/s: 13449 rss: 461Mb L: 1672/3774 MS: 3 InsertByte-ShuffleBytes-CrossOver-
#109692	REDUCE cov: 1456 ft: 5763 corp: 1220/167Kb lim: 4096 exec/s: 13711 rss: 461Mb L: 12/3774 MS: 1 EraseBytes-
#112223	REDUCE cov: 1456 ft: 5763 corp: 1220/167Kb lim: 4096 exec/s: 12469 rss: 461Mb L: 19/3774 MS: 1 EraseBytes-
#112740	REDUCE cov: 1456 ft: 5763 corp: 1220/167Kb lim: 4096 exec/s: 12526 rss: 461Mb L: 11/3774 MS: 2 ChangeBinInt-EraseBytes-
#113431	REDUCE cov: 1456 ft: 5763 corp: 1220/167Kb lim: 4096 exec/s: 12603 rss: 461Mb L: 84/3774 MS: 1 EraseBytes-
#113452	REDUCE cov: 1456 ft: 5763 corp: 1220/166Kb lim: 4096 exec/s: 12605 rss: 461Mb L: 2826/3774 MS: 1 EraseBytes-
#116694	REDUCE cov: 1456 ft: 5763 corp: 1220/166Kb lim: 4096 exec/s: 12966 rss: 461Mb L: 23/3774 MS: 2 ChangeBit-EraseBytes-
#117490	REDUCE cov: 1456 ft: 5763 corp: 1220/166Kb lim: 4096 exec/s: 13054 rss: 461Mb L: 108/3774 MS: 1 EraseBytes-
#117766	REDUCE cov: 1456 ft: 5763 corp: 1220/166Kb lim: 4096 exec/s: 13085 rss: 461Mb L: 206/3774 MS: 1 EraseBytes-
#118897	REDUCE cov: 1456 ft: 5763 corp: 1220/166Kb lim: 4096 exec/s: 13210 rss: 461Mb L: 43/3774 MS: 1 EraseBytes-
#119244	REDUCE cov: 1456 ft: 5763 corp: 1220/166Kb lim: 4096 exec/s: 13249 rss: 461Mb L: 203/3774 MS: 2 ChangeBit-EraseBytes-
#119741	REDUCE cov: 1456 ft: 5763 corp: 1220/166Kb lim: 4096 exec/s: 13304 rss: 461Mb L: 59/3774 MS: 2 ChangeBit-EraseBytes-
#122557	REDUCE cov: 1456 ft: 5763 corp: 1220/166Kb lim: 4096 exec/s: 13617 rss: 461Mb L: 193/3774 MS: 1 EraseBytes-
#124655	NEW    cov: 1456 ft: 5764 corp: 1221/166Kb lim: 4096 exec/s: 13850 rss: 461Mb L: 107/3774 MS: 2 ChangeBinInt-InsertRepeatedBytes-
#125571	NEW    cov: 1456 ft: 5766 corp: 1222/170Kb lim: 4096 exec/s: 13952 rss: 461Mb L: 3583/3774 MS: 1 CopyPart-
#126032	REDUCE cov: 1456 ft: 5766 corp: 1222/170Kb lim: 4096 exec/s: 14003 rss: 461Mb L: 121/3774 MS: 1 EraseBytes-
#127658	REDUCE cov: 1456 ft: 5766 corp: 1222/170Kb lim: 4096 exec/s: 12765 rss: 461Mb L: 68/3774 MS: 1 EraseBytes-
#129454	REDUCE cov: 1456 ft: 5766 corp: 1222/170Kb lim: 4096 exec/s: 12945 rss: 461Mb L: 2690/3774 MS: 1 EraseBytes-
#129745	REDUCE cov: 1456 ft: 5766 corp: 1222/170Kb lim: 4096 exec/s: 12974 rss: 461Mb L: 167/3774 MS: 1 EraseBytes-
#129937	REDUCE cov: 1456 ft: 5766 corp: 1222/170Kb lim: 4096 exec/s: 12993 rss: 461Mb L: 280/3774 MS: 2 ChangeByte-EraseBytes-
#130328	REDUCE cov: 1456 ft: 5766 corp: 1222/170Kb lim: 4096 exec/s: 13032 rss: 461Mb L: 9/3774 MS: 1 EraseBytes-
#130374	REDUCE cov: 1456 ft: 5766 corp: 1222/170Kb lim: 4096 exec/s: 13037 rss: 461Mb L: 25/3774 MS: 1 EraseBytes-
#131072	pulse  cov: 1456 ft: 5766 corp: 1222/170Kb lim: 4096 exec/s: 13107 rss: 461Mb
#131245	REDUCE cov: 1456 ft: 5766 corp: 1222/170Kb lim: 4096 exec/s: 13124 rss: 461Mb L: 33/3774 MS: 1 EraseBytes-
#131701	REDUCE cov: 1456 ft: 5766 corp: 1222/170Kb lim: 4096 exec/s: 13170 rss: 461Mb L: 20/3774 MS: 1 EraseBytes-
#134207	REDUCE cov: 1456 ft: 5766 corp: 1222/170Kb lim: 4096 exec/s: 13420 rss: 461Mb L: 18/3774 MS: 1 EraseBytes-
#134857	REDUCE cov: 1456 ft: 5766 corp: 1222/170Kb lim: 4096 exec/s: 13485 rss: 461Mb L: 264/3774 MS: 5 ChangeByte-PersAutoDict-ChangeBit-CopyPart-EraseBytes- DE: "\0006"-
#135653	REDUCE cov: 1456 ft: 5766 corp: 1222/170Kb lim: 4096 exec/s: 13565 rss: 461Mb L: 3135/3774 MS: 1 EraseBytes-
#136454	REDUCE cov: 1456 ft: 5766 corp: 1222/168Kb lim: 4096 exec/s: 13645 rss: 461Mb L: 1862/3774 MS: 1 EraseBytes-
#137635	REDUCE cov: 1456 ft: 5766 corp: 1222/168Kb lim: 4096 exec/s: 13763 rss: 461Mb L: 135/3774 MS: 1 EraseBytes-
#138701	REDUCE cov: 1456 ft: 5766 corp: 1222/168Kb lim: 4096 exec/s: 13870 rss: 461Mb L: 26/3774 MS: 1 EraseBytes-
#138702	REDUCE cov: 1456 ft: 5766 corp: 1222/168Kb lim: 4096 exec/s: 13870 rss: 461Mb L: 18/3774 MS: 1 EraseBytes-
#139899	NEW    cov: 1456 ft: 5767 corp: 1223/170Kb lim: 4096 exec/s: 13989 rss: 461Mb L: 1680/3774 MS: 2 CopyPart-CopyPart-
#140457	REDUCE cov: 1456 ft: 5767 corp: 1223/170Kb lim: 4096 exec/s: 14045 rss: 461Mb L: 230/3774 MS: 3 CopyPart-ChangeASCIIInt-EraseBytes-
#142990	REDUCE cov: 1456 ft: 5767 corp: 1223/170Kb lim: 4096 exec/s: 14299 rss: 461Mb L: 15/3774 MS: 2 CrossOver-EraseBytes-
#143198	REDUCE cov: 1456 ft: 5767 corp: 1223/170Kb lim: 4096 exec/s: 14319 rss: 461Mb L: 58/3774 MS: 3 InsertByte-ChangeByte-EraseBytes-
#143305	REDUCE cov: 1456 ft: 5767 corp: 1223/170Kb lim: 4096 exec/s: 13027 rss: 461Mb L: 83/3774 MS: 2 InsertByte-EraseBytes-
#143667	REDUCE cov: 1456 ft: 5767 corp: 1223/170Kb lim: 4096 exec/s: 13060 rss: 461Mb L: 346/3774 MS: 2 ShuffleBytes-EraseBytes-
#144810	REDUCE cov: 1456 ft: 5767 corp: 1223/170Kb lim: 4096 exec/s: 13164 rss: 461Mb L: 20/3774 MS: 3 CopyPart-ChangeBinInt-EraseBytes-
#146536	REDUCE cov: 1456 ft: 5767 corp: 1223/170Kb lim: 4096 exec/s: 13321 rss: 461Mb L: 6/3774 MS: 1 EraseBytes-
#147573	NEW    cov: 1456 ft: 5768 corp: 1224/170Kb lim: 4096 exec/s: 13415 rss: 461Mb L: 143/3774 MS: 2 ChangeBit-CopyPart-
#149984	REDUCE cov: 1456 ft: 5768 corp: 1224/170Kb lim: 4096 exec/s: 13634 rss: 461Mb L: 25/3774 MS: 1 EraseBytes-
#150201	REDUCE cov: 1456 ft: 5768 corp: 1224/170Kb lim: 4096 exec/s: 13654 rss: 461Mb L: 63/3774 MS: 2 ShuffleBytes-EraseBytes-
#150782	REDUCE cov: 1456 ft: 5768 corp: 1224/170Kb lim: 4096 exec/s: 13707 rss: 461Mb L: 17/3774 MS: 1 EraseBytes-
#151321	REDUCE cov: 1456 ft: 5768 corp: 1224/170Kb lim: 4096 exec/s: 13756 rss: 461Mb L: 102/3774 MS: 4 ChangeBit-ShuffleBytes-ChangeASCIIInt-EraseBytes-
#152714	REDUCE cov: 1456 ft: 5768 corp: 1224/170Kb lim: 4096 exec/s: 13883 rss: 461Mb L: 173/3774 MS: 3 ChangeBit-PersAutoDict-EraseBytes- DE: "detail"-
#154355	NEW    cov: 1456 ft: 5769 corp: 1225/170Kb lim: 4096 exec/s: 14032 rss: 461Mb L: 44/3774 MS: 1 CrossOver-
#154461	REDUCE cov: 1456 ft: 5769 corp: 1225/170Kb lim: 4096 exec/s: 14041 rss: 461Mb L: 10/3774 MS: 1 EraseBytes-
#154993	NEW    cov: 1456 ft: 5785 corp: 1226/170Kb lim: 4096 exec/s: 14090 rss: 461Mb L: 269/3774 MS: 2 ChangeASCIIInt-CopyPart-
#155869	REDUCE cov: 1456 ft: 5785 corp: 1226/170Kb lim: 4096 exec/s: 14169 rss: 461Mb L: 165/3774 MS: 1 EraseBytes-
#156171	REDUCE cov: 1456 ft: 5785 corp: 1226/170Kb lim: 4096 exec/s: 13014 rss: 461Mb L: 14/3774 MS: 2 ChangeByte-EraseBytes-
#158347	REDUCE cov: 1456 ft: 5785 corp: 1226/170Kb lim: 4096 exec/s: 13195 rss: 461Mb L: 48/3774 MS: 1 EraseBytes-
#158898	REDUCE cov: 1456 ft: 5785 corp: 1226/170Kb lim: 4096 exec/s: 13241 rss: 461Mb L: 122/3774 MS: 1 EraseBytes-
#160530	REDUCE cov: 1456 ft: 5785 corp: 1226/170Kb lim: 4096 exec/s: 13377 rss: 461Mb L: 39/3774 MS: 2 ShuffleBytes-EraseBytes-
#160641	REDUCE cov: 1456 ft: 5785 corp: 1226/170Kb lim: 4096 exec/s: 13386 rss: 461Mb L: 26/3774 MS: 1 EraseBytes-
#160917	REDUCE cov: 1456 ft: 5785 corp: 1226/170Kb lim: 4096 exec/s: 13409 rss: 461Mb L: 1425/3774 MS: 1 EraseBytes-
#166103	REDUCE cov: 1456 ft: 5785 corp: 1226/170Kb lim: 4096 exec/s: 13841 rss: 461Mb L: 450/3774 MS: 1 EraseBytes-
#167449	REDUCE cov: 1456 ft: 5785 corp: 1226/170Kb lim: 4096 exec/s: 13954 rss: 461Mb L: 17/3774 MS: 1 EraseBytes-
#169070	REDUCE cov: 1456 ft: 5785 corp: 1226/170Kb lim: 4096 exec/s: 14089 rss: 461Mb L: 33/3774 MS: 1 EraseBytes-
#169451	REDUCE cov: 1456 ft: 5785 corp: 1226/170Kb lim: 4096 exec/s: 14120 rss: 461Mb L: 35/3774 MS: 1 EraseBytes-
#169924	REDUCE cov: 1456 ft: 5785 corp: 1226/170Kb lim: 4096 exec/s: 14160 rss: 461Mb L: 458/3774 MS: 3 PersAutoDict-CopyPart-EraseBytes- DE: "detail"-
#170620	REDUCE cov: 1456 ft: 5785 corp: 1226/170Kb lim: 4096 exec/s: 14218 rss: 461Mb L: 16/3774 MS: 1 EraseBytes-
#170911	REDUCE cov: 1456 ft: 5785 corp: 1226/170Kb lim: 4096 exec/s: 14242 rss: 461Mb L: 1439/3774 MS: 1 EraseBytes-
#171147	REDUCE cov: 1456 ft: 5785 corp: 1226/170Kb lim: 4096 exec/s: 13165 rss: 461Mb L: 8/3774 MS: 1 EraseBytes-
#174314	REDUCE cov: 1456 ft: 5785 corp: 1226/170Kb lim: 4096 exec/s: 13408 rss: 461Mb L: 31/3774 MS: 2 ChangeByte-EraseBytes-
#175480	REDUCE cov: 1456 ft: 5785 corp: 1226/170Kb lim: 4096 exec/s: 13498 rss: 461Mb L: 16/3774 MS: 1 EraseBytes-
#181312	REDUCE cov: 1456 ft: 5804 corp: 1227/172Kb lim: 4096 exec/s: 13947 rss: 461Mb L: 2187/3774 MS: 2 CrossOver-CopyPart-
#181939	REDUCE cov: 1456 ft: 5804 corp: 1227/172Kb lim: 4096 exec/s: 13995 rss: 461Mb L: 9/3774 MS: 2 ShuffleBytes-EraseBytes-
#182461	REDUCE cov: 1456 ft: 5804 corp: 1227/172Kb lim: 4096 exec/s: 14035 rss: 461Mb L: 38/3774 MS: 2 PersAutoDict-EraseBytes- DE: "\001&"-
#183669	NEW    cov: 1456 ft: 5806 corp: 1228/172Kb lim: 4096 exec/s: 14128 rss: 461Mb L: 20/3774 MS: 3 ChangeByte-CrossOver-ChangeByte-
#183950	REDUCE cov: 1456 ft: 5806 corp: 1228/172Kb lim: 4096 exec/s: 14150 rss: 461Mb L: 26/3774 MS: 1 EraseBytes-
#184071	REDUCE cov: 1456 ft: 5806 corp: 1228/172Kb lim: 4096 exec/s: 14159 rss: 461Mb L: 212/3774 MS: 1 EraseBytes-
#185097	REDUCE cov: 1456 ft: 5806 corp: 1228/172Kb lim: 4096 exec/s: 14238 rss: 461Mb L: 24/3774 MS: 1 EraseBytes-
#187291	REDUCE cov: 1456 ft: 5806 corp: 1228/172Kb lim: 4096 exec/s: 13377 rss: 461Mb L: 204/3774 MS: 4 ShuffleBytes-ChangeByte-ShuffleBytes-EraseBytes-
#187777	REDUCE cov: 1456 ft: 5806 corp: 1228/172Kb lim: 4096 exec/s: 13412 rss: 461Mb L: 112/3774 MS: 1 EraseBytes-
#188098	REDUCE cov: 1456 ft: 5806 corp: 1228/172Kb lim: 4096 exec/s: 13435 rss: 461Mb L: 16/3774 MS: 1 EraseBytes-
#189429	REDUCE cov: 1456 ft: 5806 corp: 1228/172Kb lim: 4096 exec/s: 13530 rss: 461Mb L: 521/3774 MS: 1 EraseBytes-
#190400	REDUCE cov: 1456 ft: 5806 corp: 1228/172Kb lim: 4096 exec/s: 13600 rss: 461Mb L: 31/3774 MS: 1 EraseBytes-
#191668	REDUCE cov: 1456 ft: 5806 corp: 1228/172Kb lim: 4096 exec/s: 13690 rss: 461Mb L: 36/3774 MS: 3 CrossOver-CrossOver-EraseBytes-
#192064	REDUCE cov: 1456 ft: 5806 corp: 1228/171Kb lim: 4096 exec/s: 13718 rss: 461Mb L: 1460/3774 MS: 1 EraseBytes-
#192095	REDUCE cov: 1456 ft: 5806 corp: 1228/171Kb lim: 4096 exec/s: 13721 rss: 461Mb L: 611/3774 MS: 1 EraseBytes-
#192123	REDUCE cov: 1456 ft: 5806 corp: 1228/171Kb lim: 4096 exec/s: 13723 rss: 461Mb L: 1398/3774 MS: 3 ShuffleBytes-ChangeBinInt-EraseBytes-
#192469	REDUCE cov: 1456 ft: 5806 corp: 1228/171Kb lim: 4096 exec/s: 13747 rss: 461Mb L: 474/3774 MS: 1 EraseBytes-
#193245	REDUCE cov: 1456 ft: 5806 corp: 1228/171Kb lim: 4096 exec/s: 13803 rss: 461Mb L: 104/3774 MS: 1 EraseBytes-
#193914	REDUCE cov: 1456 ft: 5806 corp: 1228/171Kb lim: 4096 exec/s: 13851 rss: 461Mb L: 26/3774 MS: 4 EraseBytes-InsertByte-CopyPart-CopyPart-
#194393	REDUCE cov: 1456 ft: 5806 corp: 1228/171Kb lim: 4096 exec/s: 13885 rss: 461Mb L: 95/3774 MS: 4 ShuffleBytes-ChangeBit-ChangeASCIIInt-EraseBytes-
#195396	REDUCE cov: 1456 ft: 5806 corp: 1228/171Kb lim: 4096 exec/s: 13956 rss: 461Mb L: 423/3774 MS: 3 ChangeASCIIInt-ChangeASCIIInt-EraseBytes-
#195708	REDUCE cov: 1456 ft: 5806 corp: 1228/171Kb lim: 4096 exec/s: 13979 rss: 461Mb L: 18/3774 MS: 2 ChangeByte-EraseBytes-
#197149	REDUCE cov: 1456 ft: 5806 corp: 1228/171Kb lim: 4096 exec/s: 14082 rss: 461Mb L: 10/3774 MS: 1 EraseBytes-
#197280	REDUCE cov: 1456 ft: 5806 corp: 1228/171Kb lim: 4096 exec/s: 14091 rss: 461Mb L: 3198/3774 MS: 1 EraseBytes-
#199972	REDUCE cov: 1456 ft: 5830 corp: 1229/171Kb lim: 4096 exec/s: 14283 rss: 461Mb L: 750/3774 MS: 2 ShuffleBytes-CopyPart-
#201115	REDUCE cov: 1456 ft: 5830 corp: 1229/171Kb lim: 4096 exec/s: 14365 rss: 461Mb L: 15/3774 MS: 1 EraseBytes-
#201466	REDUCE cov: 1456 ft: 5830 corp: 1229/171Kb lim: 4096 exec/s: 14390 rss: 461Mb L: 100/3774 MS: 1 EraseBytes-
#202109	REDUCE cov: 1456 ft: 5830 corp: 1229/171Kb lim: 4096 exec/s: 14436 rss: 461Mb L: 381/3774 MS: 3 CopyPart-InsertRepeatedBytes-EraseBytes-
#203203	REDUCE cov: 1456 ft: 5830 corp: 1229/171Kb lim: 4096 exec/s: 13546 rss: 461Mb L: 83/3774 MS: 4 ChangeByte-InsertByte-CMP-EraseBytes- DE: "\0015"-
#204094	REDUCE cov: 1456 ft: 5830 corp: 1229/171Kb lim: 4096 exec/s: 13606 rss: 461Mb L: 9/3774 MS: 1 EraseBytes-
#205220	NEW    cov: 1456 ft: 5831 corp: 1230/171Kb lim: 4096 exec/s: 13681 rss: 461Mb L: 101/3774 MS: 1 InsertRepeatedBytes-
#205441	REDUCE cov: 1456 ft: 5831 corp: 1230/171Kb lim: 4096 exec/s: 13696 rss: 461Mb L: 428/3774 MS: 1 EraseBytes-
#205812	REDUCE cov: 1456 ft: 5831 corp: 1230/171Kb lim: 4096 exec/s: 13720 rss: 461Mb L: 99/3774 MS: 1 EraseBytes-
#207129	REDUCE cov: 1456 ft: 5831 corp: 1230/171Kb lim: 4096 exec/s: 13808 rss: 461Mb L: 220/3774 MS: 2 ChangeASCIIInt-EraseBytes-
#208365	REDUCE cov: 1456 ft: 5831 corp: 1230/171Kb lim: 4096 exec/s: 13891 rss: 461Mb L: 54/3774 MS: 1 EraseBytes-
#208502	REDUCE cov: 1456 ft: 5831 corp: 1230/171Kb lim: 4096 exec/s: 13900 rss: 461Mb L: 16/3774 MS: 2 ChangeBit-EraseBytes-
#210458	REDUCE cov: 1456 ft: 5831 corp: 1230/171Kb lim: 4096 exec/s: 14030 rss: 461Mb L: 10/3774 MS: 1 EraseBytes-
#211549	REDUCE cov: 1456 ft: 5831 corp: 1230/171Kb lim: 4096 exec/s: 14103 rss: 461Mb L: 28/3774 MS: 1 EraseBytes-
#211660	REDUCE cov: 1456 ft: 5831 corp: 1230/171Kb lim: 4096 exec/s: 14110 rss: 461Mb L: 24/3774 MS: 1 EraseBytes-
#211981	REDUCE cov: 1456 ft: 5831 corp: 1230/171Kb lim: 4096 exec/s: 14132 rss: 461Mb L: 28/3774 MS: 1 EraseBytes-
#213037	REDUCE cov: 1456 ft: 5831 corp: 1230/171Kb lim: 4096 exec/s: 14202 rss: 461Mb L: 328/3774 MS: 1 EraseBytes-
#213946	REDUCE cov: 1456 ft: 5831 corp: 1230/171Kb lim: 4096 exec/s: 14263 rss: 461Mb L: 818/3774 MS: 4 ChangeBinInt-ShuffleBytes-ShuffleBytes-EraseBytes-
#214052	REDUCE cov: 1456 ft: 5831 corp: 1230/171Kb lim: 4096 exec/s: 14270 rss: 461Mb L: 1894/3774 MS: 1 EraseBytes-
#216131	REDUCE cov: 1456 ft: 5831 corp: 1230/171Kb lim: 4096 exec/s: 14408 rss: 461Mb L: 58/3774 MS: 1 EraseBytes-
#216387	REDUCE cov: 1456 ft: 5831 corp: 1230/171Kb lim: 4096 exec/s: 14425 rss: 461Mb L: 23/3774 MS: 1 EraseBytes-
#216543	REDUCE cov: 1456 ft: 5831 corp: 1230/171Kb lim: 4096 exec/s: 14436 rss: 461Mb L: 315/3774 MS: 1 EraseBytes-
#218046	REDUCE cov: 1456 ft: 5831 corp: 1230/171Kb lim: 4096 exec/s: 13627 rss: 461Mb L: 91/3774 MS: 3 PersAutoDict-ShuffleBytes-EraseBytes- DE: "\0015"-
#219567	REDUCE cov: 1456 ft: 5831 corp: 1230/171Kb lim: 4096 exec/s: 13722 rss: 461Mb L: 3163/3774 MS: 1 CrossOver-
#220673	REDUCE cov: 1456 ft: 5831 corp: 1230/171Kb lim: 4096 exec/s: 13792 rss: 461Mb L: 3279/3774 MS: 1 EraseBytes-
#223034	REDUCE cov: 1456 ft: 5831 corp: 1230/171Kb lim: 4096 exec/s: 13939 rss: 461Mb L: 164/3774 MS: 1 EraseBytes-
#223240	REDUCE cov: 1456 ft: 5831 corp: 1230/171Kb lim: 4096 exec/s: 13952 rss: 461Mb L: 88/3774 MS: 1 EraseBytes-
#224671	REDUCE cov: 1456 ft: 5831 corp: 1230/171Kb lim: 4096 exec/s: 14041 rss: 461Mb L: 463/3774 MS: 1 EraseBytes-
#225087	REDUCE cov: 1456 ft: 5831 corp: 1230/171Kb lim: 4096 exec/s: 14067 rss: 461Mb L: 80/3774 MS: 1 EraseBytes-
#226783	REDUCE cov: 1456 ft: 5831 corp: 1230/171Kb lim: 4096 exec/s: 14173 rss: 461Mb L: 20/3774 MS: 1 EraseBytes-
#227168	REDUCE cov: 1456 ft: 5831 corp: 1230/171Kb lim: 4096 exec/s: 14198 rss: 461Mb L: 50/3774 MS: 5 CrossOver-ChangeASCIIInt-ChangeBinInt-ChangeBinInt-EraseBytes-
#227716	REDUCE cov: 1456 ft: 5833 corp: 1231/171Kb lim: 4096 exec/s: 14232 rss: 461Mb L: 31/3774 MS: 3 EraseBytes-CopyPart-PersAutoDict- DE: "detail"-
#228228	REDUCE cov: 1456 ft: 5833 corp: 1231/171Kb lim: 4096 exec/s: 14264 rss: 461Mb L: 305/3774 MS: 2 ChangeASCIIInt-EraseBytes-
#228271	REDUCE cov: 1456 ft: 5833 corp: 1231/171Kb lim: 4096 exec/s: 14266 rss: 461Mb L: 234/3774 MS: 3 ChangeBit-EraseBytes-CopyPart-
#229499	REDUCE cov: 1456 ft: 5833 corp: 1231/171Kb lim: 4096 exec/s: 14343 rss: 461Mb L: 25/3774 MS: 3 InsertByte-InsertByte-EraseBytes-
#231495	REDUCE cov: 1456 ft: 5833 corp: 1231/171Kb lim: 4096 exec/s: 14468 rss: 461Mb L: 902/3774 MS: 1 EraseBytes-
#231769	NEW    cov: 1456 ft: 5834 corp: 1232/174Kb lim: 4096 exec/s: 14485 rss: 461Mb L: 3306/3774 MS: 4 CopyPart-PersAutoDict-ChangeBit-CopyPart- DE: "detail"-
#232015	REDUCE cov: 1456 ft: 5834 corp: 1232/174Kb lim: 4096 exec/s: 14500 rss: 461Mb L: 24/3774 MS: 1 EraseBytes-
#234107	REDUCE cov: 1456 ft: 5834 corp: 1232/174Kb lim: 4096 exec/s: 13771 rss: 461Mb L: 216/3774 MS: 2 InsertByte-EraseBytes-
#234123	REDUCE cov: 1456 ft: 5834 corp: 1232/174Kb lim: 4096 exec/s: 13771 rss: 461Mb L: 22/3774 MS: 1 EraseBytes-
#235166	REDUCE cov: 1456 ft: 5834 corp: 1232/174Kb lim: 4096 exec/s: 13833 rss: 461Mb L: 543/3774 MS: 3 ShuffleBytes-ChangeBinInt-EraseBytes-
#235322	REDUCE cov: 1456 ft: 5834 corp: 1232/174Kb lim: 4096 exec/s: 13842 rss: 461Mb L: 31/3774 MS: 1 EraseBytes-
#238239	NEW    cov: 1456 ft: 5847 corp: 1233/176Kb lim: 4096 exec/s: 14014 rss: 461Mb L: 2503/3774 MS: 2 ChangeBinInt-CopyPart-
#238850	REDUCE cov: 1456 ft: 5847 corp: 1233/176Kb lim: 4096 exec/s: 14050 rss: 461Mb L: 162/3774 MS: 1 EraseBytes-
#242236	REDUCE cov: 1456 ft: 5847 corp: 1233/176Kb lim: 4096 exec/s: 14249 rss: 461Mb L: 294/3774 MS: 1 EraseBytes-
#242682	REDUCE cov: 1456 ft: 5847 corp: 1233/176Kb lim: 4096 exec/s: 14275 rss: 461Mb L: 12/3774 MS: 1 EraseBytes-
#244867	REDUCE cov: 1456 ft: 5847 corp: 1233/176Kb lim: 4096 exec/s: 14403 rss: 461Mb L: 100/3774 MS: 5 ShuffleBytes-EraseBytes-ChangeBit-ChangeASCIIInt-ShuffleBytes-
#246383	REDUCE cov: 1456 ft: 5847 corp: 1233/176Kb lim: 4096 exec/s: 14493 rss: 461Mb L: 2813/3774 MS: 1 EraseBytes-
#248835	NEW    cov: 1456 ft: 5868 corp: 1234/180Kb lim: 4096 exec/s: 14637 rss: 461Mb L: 3749/3774 MS: 1 CopyPart-
#248981	REDUCE cov: 1456 ft: 5871 corp: 1235/181Kb lim: 4096 exec/s: 14645 rss: 461Mb L: 513/3774 MS: 1 CopyPart-
#249585	REDUCE cov: 1456 ft: 5871 corp: 1235/180Kb lim: 4096 exec/s: 13865 rss: 461Mb L: 67/3774 MS: 4 CopyPart-ShuffleBytes-InsertByte-EraseBytes-
#249792	REDUCE cov: 1456 ft: 5871 corp: 1235/180Kb lim: 4096 exec/s: 13877 rss: 461Mb L: 83/3774 MS: 2 CMP-EraseBytes- DE: "code"-
#250005	NEW    cov: 1456 ft: 5872 corp: 1236/184Kb lim: 4096 exec/s: 13889 rss: 461Mb L: 4038/4038 MS: 3 EraseBytes-CopyPart-CopyPart-
#250381	REDUCE cov: 1456 ft: 5872 corp: 1236/184Kb lim: 4096 exec/s: 13910 rss: 461Mb L: 501/4038 MS: 1 EraseBytes-
#256478	REDUCE cov: 1456 ft: 5872 corp: 1236/184Kb lim: 4096 exec/s: 14248 rss: 461Mb L: 15/4038 MS: 2 CrossOver-EraseBytes-
#259827	REDUCE cov: 1456 ft: 5872 corp: 1236/184Kb lim: 4096 exec/s: 14434 rss: 461Mb L: 233/4038 MS: 4 ChangeASCIIInt-InsertByte-CopyPart-EraseBytes-
#260258	NEW    cov: 1456 ft: 5877 corp: 1237/185Kb lim: 4096 exec/s: 14458 rss: 461Mb L: 728/4038 MS: 1 CopyPart-
#261899	REDUCE cov: 1456 ft: 5877 corp: 1237/185Kb lim: 4096 exec/s: 14549 rss: 461Mb L: 377/4038 MS: 1 EraseBytes-
#262144	pulse  cov: 1456 ft: 5877 corp: 1237/185Kb lim: 4096 exec/s: 14563 rss: 461Mb
#263520	REDUCE cov: 1456 ft: 5877 corp: 1237/185Kb lim: 4096 exec/s: 14640 rss: 461Mb L: 17/4038 MS: 1 EraseBytes-
#264131	REDUCE cov: 1456 ft: 5877 corp: 1237/185Kb lim: 4096 exec/s: 13901 rss: 461Mb L: 32/4038 MS: 1 EraseBytes-
#264602	REDUCE cov: 1456 ft: 5877 corp: 1237/185Kb lim: 4096 exec/s: 13926 rss: 461Mb L: 29/4038 MS: 1 EraseBytes-
#264990	REDUCE cov: 1456 ft: 5877 corp: 1237/185Kb lim: 4096 exec/s: 13946 rss: 461Mb L: 15/4038 MS: 3 ChangeBinInt-ChangeBit-EraseBytes-
#266661	REDUCE cov: 1456 ft: 5877 corp: 1237/185Kb lim: 4096 exec/s: 14034 rss: 461Mb L: 14/4038 MS: 1 EraseBytes-
#269882	REDUCE cov: 1456 ft: 5877 corp: 1237/185Kb lim: 4096 exec/s: 14204 rss: 461Mb L: 147/4038 MS: 1 EraseBytes-
#270233	REDUCE cov: 1456 ft: 5877 corp: 1237/185Kb lim: 4096 exec/s: 14222 rss: 461Mb L: 66/4038 MS: 1 EraseBytes-
#271160	REDUCE cov: 1456 ft: 5877 corp: 1237/185Kb lim: 4096 exec/s: 14271 rss: 461Mb L: 33/4038 MS: 2 EraseBytes-CMP- DE: "\357\277\275\357\277\275*"-
#271627	NEW    cov: 1456 ft: 5879 corp: 1238/189Kb lim: 4096 exec/s: 14296 rss: 461Mb L: 3789/4038 MS: 2 ChangeBit-CopyPart-
#272168	REDUCE cov: 1456 ft: 5879 corp: 1238/189Kb lim: 4096 exec/s: 14324 rss: 461Mb L: 16/4038 MS: 1 EraseBytes-
#274319	REDUCE cov: 1456 ft: 5879 corp: 1238/189Kb lim: 4096 exec/s: 14437 rss: 461Mb L: 9/4038 MS: 1 EraseBytes-
#274440	REDUCE cov: 1456 ft: 5879 corp: 1238/189Kb lim: 4096 exec/s: 14444 rss: 461Mb L: 9/4038 MS: 1 EraseBytes-
#276121	REDUCE cov: 1456 ft: 5879 corp: 1238/189Kb lim: 4096 exec/s: 14532 rss: 461Mb L: 48/4038 MS: 1 EraseBytes-
#276472	REDUCE cov: 1456 ft: 5879 corp: 1238/189Kb lim: 4096 exec/s: 14551 rss: 461Mb L: 27/4038 MS: 1 EraseBytes-
#277343	REDUCE cov: 1456 ft: 5879 corp: 1238/189Kb lim: 4096 exec/s: 14597 rss: 461Mb L: 128/4038 MS: 1 EraseBytes-
#277639	REDUCE cov: 1456 ft: 5879 corp: 1238/189Kb lim: 4096 exec/s: 13881 rss: 461Mb L: 6/4038 MS: 1 EraseBytes-
#278435	REDUCE cov: 1456 ft: 5879 corp: 1238/189Kb lim: 4096 exec/s: 13921 rss: 461Mb L: 136/4038 MS: 1 EraseBytes-
#279517	REDUCE cov: 1456 ft: 5879 corp: 1238/189Kb lim: 4096 exec/s: 13975 rss: 461Mb L: 1388/4038 MS: 2 InsertByte-EraseBytes-
#280238	REDUCE cov: 1456 ft: 5879 corp: 1238/189Kb lim: 4096 exec/s: 14011 rss: 461Mb L: 194/4038 MS: 1 EraseBytes-
#282769	REDUCE cov: 1456 ft: 5879 corp: 1238/189Kb lim: 4096 exec/s: 14138 rss: 463Mb L: 414/4038 MS: 1 EraseBytes-
#284553	REDUCE cov: 1456 ft: 5879 corp: 1238/188Kb lim: 4096 exec/s: 14227 rss: 464Mb L: 945/4038 MS: 4 ChangeASCIIInt-CopyPart-CrossOver-EraseBytes-
#284634	REDUCE cov: 1456 ft: 5879 corp: 1238/188Kb lim: 4096 exec/s: 14231 rss: 464Mb L: 17/4038 MS: 1 EraseBytes-
#284658	REDUCE cov: 1456 ft: 5879 corp: 1238/188Kb lim: 4096 exec/s: 14232 rss: 464Mb L: 160/4038 MS: 4 InsertRepeatedBytes-InsertByte-ChangeASCIIInt-EraseBytes-
#285415	NEW    cov: 1456 ft: 5880 corp: 1239/192Kb lim: 4096 exec/s: 14270 rss: 464Mb L: 3563/4038 MS: 2 CopyPart-CopyPart-
#286636	REDUCE cov: 1456 ft: 5880 corp: 1239/192Kb lim: 4096 exec/s: 14331 rss: 464Mb L: 327/4038 MS: 1 EraseBytes-
#286817	REDUCE cov: 1456 ft: 5880 corp: 1239/192Kb lim: 4096 exec/s: 14340 rss: 464Mb L: 24/4038 MS: 1 EraseBytes-
#287308	NEW    cov: 1456 ft: 5883 corp: 1240/193Kb lim: 4096 exec/s: 14365 rss: 464Mb L: 932/4038 MS: 1 CopyPart-
#287900	REDUCE cov: 1456 ft: 5883 corp: 1240/193Kb lim: 4096 exec/s: 14395 rss: 464Mb L: 29/4038 MS: 2 CopyPart-EraseBytes-
#288231	REDUCE cov: 1456 ft: 5883 corp: 1240/193Kb lim: 4096 exec/s: 14411 rss: 464Mb L: 11/4038 MS: 1 EraseBytes-
#290973	REDUCE cov: 1456 ft: 5884 corp: 1241/193Kb lim: 4096 exec/s: 13855 rss: 464Mb L: 301/4038 MS: 1 PersAutoDict- DE: "\357\277\275\357\277\275*"-
#292104	REDUCE cov: 1456 ft: 5884 corp: 1241/193Kb lim: 4096 exec/s: 13909 rss: 464Mb L: 77/4038 MS: 1 EraseBytes-
#293811	REDUCE cov: 1456 ft: 5884 corp: 1241/193Kb lim: 4096 exec/s: 13991 rss: 464Mb L: 42/4038 MS: 2 ShuffleBytes-EraseBytes-
#294639	NEW    cov: 1456 ft: 5885 corp: 1242/193Kb lim: 4096 exec/s: 14030 rss: 464Mb L: 196/4038 MS: 3 InsertRepeatedBytes-InsertByte-InsertRepeatedBytes-
#295036	REDUCE cov: 1456 ft: 5885 corp: 1242/193Kb lim: 4096 exec/s: 14049 rss: 464Mb L: 17/4038 MS: 2 CopyPart-EraseBytes-
#296512	REDUCE cov: 1456 ft: 5885 corp: 1242/193Kb lim: 4096 exec/s: 14119 rss: 464Mb L: 104/4038 MS: 1 EraseBytes-
#296689	REDUCE cov: 1456 ft: 5885 corp: 1242/193Kb lim: 4096 exec/s: 14128 rss: 464Mb L: 13/4038 MS: 2 ChangeBit-EraseBytes-
#298035	REDUCE cov: 1456 ft: 5885 corp: 1242/193Kb lim: 4096 exec/s: 14192 rss: 464Mb L: 82/4038 MS: 1 EraseBytes-
#299286	REDUCE cov: 1456 ft: 5885 corp: 1242/193Kb lim: 4096 exec/s: 14251 rss: 464Mb L: 14/4038 MS: 1 EraseBytes-
#299698	REDUCE cov: 1456 ft: 5885 corp: 1242/193Kb lim: 4096 exec/s: 14271 rss: 464Mb L: 322/4038 MS: 2 ChangeBit-EraseBytes-
#300435	REDUCE cov: 1456 ft: 5885 corp: 1242/193Kb lim: 4096 exec/s: 14306 rss: 464Mb L: 31/4038 MS: 2 EraseBytes-CopyPart-
#300535	REDUCE cov: 1456 ft: 5885 corp: 1242/193Kb lim: 4096 exec/s: 14311 rss: 464Mb L: 202/4038 MS: 5 ChangeBinInt-CrossOver-EraseBytes-CMP-EraseBytes- DE: "\025\000\000\000\000\000\000\000"-
#301806	REDUCE cov: 1456 ft: 5885 corp: 1242/193Kb lim: 4096 exec/s: 14371 rss: 464Mb L: 59/4038 MS: 1 EraseBytes-
#302332	REDUCE cov: 1456 ft: 5885 corp: 1242/193Kb lim: 4096 exec/s: 14396 rss: 464Mb L: 6/4038 MS: 1 EraseBytes-
#302748	REDUCE cov: 1456 ft: 5885 corp: 1242/193Kb lim: 4096 exec/s: 14416 rss: 464Mb L: 225/4038 MS: 1 EraseBytes-
#302879	NEW    cov: 1456 ft: 5886 corp: 1243/193Kb lim: 4096 exec/s: 14422 rss: 464Mb L: 161/4038 MS: 1 ChangeByte-
#304274	REDUCE cov: 1456 ft: 5887 corp: 1244/193Kb lim: 4096 exec/s: 13830 rss: 464Mb L: 514/4038 MS: 2 CrossOver-InsertRepeatedBytes-
#305326	REDUCE cov: 1456 ft: 5887 corp: 1244/193Kb lim: 4096 exec/s: 13878 rss: 464Mb L: 8/4038 MS: 2 InsertByte-EraseBytes-
#305942	REDUCE cov: 1456 ft: 5887 corp: 1244/193Kb lim: 4096 exec/s: 13906 rss: 464Mb L: 132/4038 MS: 1 EraseBytes-
#307823	REDUCE cov: 1456 ft: 5887 corp: 1244/193Kb lim: 4096 exec/s: 13991 rss: 464Mb L: 85/4038 MS: 1 EraseBytes-
#307849	NEW    cov: 1457 ft: 5888 corp: 1245/194Kb lim: 4096 exec/s: 13993 rss: 464Mb L: 202/4038 MS: 1 PersAutoDict- DE: "detail"-
#308580	REDUCE cov: 1457 ft: 5888 corp: 1245/194Kb lim: 4096 exec/s: 14026 rss: 464Mb L: 127/4038 MS: 1 EraseBytes-
#309116	REDUCE cov: 1457 ft: 5888 corp: 1245/194Kb lim: 4096 exec/s: 14050 rss: 464Mb L: 135/4038 MS: 1 EraseBytes-
#311649	REDUCE cov: 1457 ft: 5888 corp: 1245/193Kb lim: 4096 exec/s: 14165 rss: 464Mb L: 2659/4038 MS: 3 InsertRepeatedBytes-EraseBytes-EraseBytes-
#312435	REDUCE cov: 1457 ft: 5888 corp: 1245/193Kb lim: 4096 exec/s: 14201 rss: 464Mb L: 27/4038 MS: 1 EraseBytes-
#312476	REDUCE cov: 1457 ft: 5888 corp: 1245/193Kb lim: 4096 exec/s: 14203 rss: 464Mb L: 24/4038 MS: 1 EraseBytes-
#312482	REDUCE cov: 1457 ft: 5888 corp: 1245/193Kb lim: 4096 exec/s: 14203 rss: 464Mb L: 120/4038 MS: 1 EraseBytes-
#312533	REDUCE cov: 1457 ft: 5888 corp: 1245/193Kb lim: 4096 exec/s: 14206 rss: 464Mb L: 1313/4038 MS: 1 EraseBytes-
#313404	REDUCE cov: 1457 ft: 5888 corp: 1245/193Kb lim: 4096 exec/s: 14245 rss: 464Mb L: 59/4038 MS: 1 EraseBytes-
#313625	REDUCE cov: 1457 ft: 5888 corp: 1245/193Kb lim: 4096 exec/s: 14255 rss: 464Mb L: 115/4038 MS: 1 EraseBytes-
#313919	REDUCE cov: 1457 ft: 5888 corp: 1245/193Kb lim: 4096 exec/s: 14269 rss: 464Mb L: 1281/4038 MS: 4 ShuffleBytes-CopyPart-CrossOver-EraseBytes-
#314506	REDUCE cov: 1457 ft: 5888 corp: 1245/193Kb lim: 4096 exec/s: 14295 rss: 464Mb L: 61/4038 MS: 2 CMP-EraseBytes- DE: "\000\000\000\000"-
#315967	REDUCE cov: 1457 ft: 5888 corp: 1245/193Kb lim: 4096 exec/s: 14362 rss: 464Mb L: 616/4038 MS: 1 EraseBytes-
#316228	REDUCE cov: 1457 ft: 5888 corp: 1245/193Kb lim: 4096 exec/s: 14374 rss: 464Mb L: 71/4038 MS: 1 EraseBytes-
#319611	REDUCE cov: 1457 ft: 5888 corp: 1245/193Kb lim: 4096 exec/s: 13896 rss: 464Mb L: 237/4038 MS: 1 EraseBytes-
#322240	REDUCE cov: 1457 ft: 5888 corp: 1245/193Kb lim: 4096 exec/s: 14010 rss: 464Mb L: 15/4038 MS: 4 EraseBytes-CopyPart-ShuffleBytes-ChangeBit-
#322711	REDUCE cov: 1457 ft: 5888 corp: 1245/193Kb lim: 4096 exec/s: 14030 rss: 464Mb L: 7/4038 MS: 1 EraseBytes-
#325393	REDUCE cov: 1457 ft: 5888 corp: 1245/192Kb lim: 4096 exec/s: 14147 rss: 464Mb L: 525/4038 MS: 2 ChangeByte-EraseBytes-
#325809	REDUCE cov: 1457 ft: 5888 corp: 1245/192Kb lim: 4096 exec/s: 14165 rss: 464Mb L: 9/4038 MS: 1 EraseBytes-
#326695	NEW    cov: 1458 ft: 5889 corp: 1246/193Kb lim: 4096 exec/s: 14204 rss: 464Mb L: 202/4038 MS: 1 ChangeByte-
#327661	REDUCE cov: 1458 ft: 5889 corp: 1246/193Kb lim: 4096 exec/s: 14246 rss: 464Mb L: 147/4038 MS: 1 EraseBytes-
#327667	REDUCE cov: 1458 ft: 5889 corp: 1246/193Kb lim: 4096 exec/s: 14246 rss: 464Mb L: 11/4038 MS: 1 EraseBytes-
#328645	REDUCE cov: 1458 ft: 5889 corp: 1246/193Kb lim: 4096 exec/s: 13693 rss: 464Mb L: 507/4038 MS: 1 EraseBytes-
#328722	REDUCE cov: 1458 ft: 5889 corp: 1246/193Kb lim: 4096 exec/s: 13696 rss: 464Mb L: 529/4038 MS: 2 ChangeASCIIInt-EraseBytes-
#332488	REDUCE cov: 1458 ft: 5889 corp: 1246/193Kb lim: 4096 exec/s: 13853 rss: 464Mb L: 23/4038 MS: 1 EraseBytes-
#333469	REDUCE cov: 1458 ft: 5889 corp: 1246/193Kb lim: 4096 exec/s: 13894 rss: 464Mb L: 15/4038 MS: 1 EraseBytes-
#334165	REDUCE cov: 1458 ft: 5889 corp: 1246/193Kb lim: 4096 exec/s: 13923 rss: 464Mb L: 15/4038 MS: 1 EraseBytes-
#336136	REDUCE cov: 1458 ft: 5889 corp: 1246/192Kb lim: 4096 exec/s: 14005 rss: 464Mb L: 496/4038 MS: 1 EraseBytes-
#336143	REDUCE cov: 1458 ft: 5889 corp: 1246/192Kb lim: 4096 exec/s: 14005 rss: 464Mb L: 2330/4038 MS: 2 ChangeASCIIInt-EraseBytes-
#336389	REDUCE cov: 1458 ft: 5889 corp: 1246/192Kb lim: 4096 exec/s: 14016 rss: 464Mb L: 27/4038 MS: 1 EraseBytes-
#337285	NEW    cov: 1458 ft: 5890 corp: 1247/192Kb lim: 4096 exec/s: 14053 rss: 464Mb L: 42/4038 MS: 1 InsertByte-
#338670	REDUCE cov: 1458 ft: 5890 corp: 1247/192Kb lim: 4096 exec/s: 14111 rss: 464Mb L: 18/4038 MS: 5 ShuffleBytes-EraseBytes-CopyPart-ShuffleBytes-EraseBytes-
#339226	REDUCE cov: 1458 ft: 5890 corp: 1247/192Kb lim: 4096 exec/s: 14134 rss: 464Mb L: 16/4038 MS: 1 EraseBytes-
#340007	REDUCE cov: 1458 ft: 5890 corp: 1247/192Kb lim: 4096 exec/s: 14166 rss: 464Mb L: 1311/4038 MS: 1 EraseBytes-
#340700	REDUCE cov: 1458 ft: 5890 corp: 1247/192Kb lim: 4096 exec/s: 14195 rss: 464Mb L: 119/4038 MS: 3 PersAutoDict-InsertByte-EraseBytes- DE: "detail"-
#340976	REDUCE cov: 1458 ft: 5890 corp: 1247/192Kb lim: 4096 exec/s: 14207 rss: 464Mb L: 196/4038 MS: 1 EraseBytes-
#341053	REDUCE cov: 1458 ft: 5890 corp: 1247/192Kb lim: 4096 exec/s: 14210 rss: 464Mb L: 26/4038 MS: 2 ChangeBit-EraseBytes-
#341575	REDUCE cov: 1458 ft: 5890 corp: 1247/192Kb lim: 4096 exec/s: 14232 rss: 464Mb L: 3187/4038 MS: 2 ChangeASCIIInt-EraseBytes-
#342276	REDUCE cov: 1458 ft: 5890 corp: 1247/192Kb lim: 4096 exec/s: 14261 rss: 464Mb L: 143/4038 MS: 1 EraseBytes-
#343563	REDUCE cov: 1458 ft: 5890 corp: 1247/192Kb lim: 4096 exec/s: 13742 rss: 464Mb L: 24/4038 MS: 2 ChangeByte-EraseBytes-
#343829	REDUCE cov: 1458 ft: 5890 corp: 1247/192Kb lim: 4096 exec/s: 13753 rss: 464Mb L: 90/4038 MS: 1 EraseBytes-
#344045	REDUCE cov: 1458 ft: 5890 corp: 1247/192Kb lim: 4096 exec/s: 13761 rss: 464Mb L: 88/4038 MS: 1 EraseBytes-
#344756	REDUCE cov: 1458 ft: 5890 corp: 1247/192Kb lim: 4096 exec/s: 13790 rss: 464Mb L: 361/4038 MS: 1 EraseBytes-
#346912	REDUCE cov: 1458 ft: 5890 corp: 1247/192Kb lim: 4096 exec/s: 13876 rss: 464Mb L: 259/4038 MS: 1 EraseBytes-
#347534	REDUCE cov: 1458 ft: 5890 corp: 1247/192Kb lim: 4096 exec/s: 13901 rss: 464Mb L: 353/4038 MS: 2 CMP-EraseBytes- DE: "\376\377\377\377"-
#349641	REDUCE cov: 1458 ft: 5893 corp: 1248/195Kb lim: 4096 exec/s: 13985 rss: 464Mb L: 2536/4038 MS: 2 CopyPart-ChangeASCIIInt-
#350542	REDUCE cov: 1458 ft: 5893 corp: 1248/194Kb lim: 4096 exec/s: 14021 rss: 464Mb L: 643/4038 MS: 1 CrossOver-
#351313	REDUCE cov: 1458 ft: 5893 corp: 1248/194Kb lim: 4096 exec/s: 14052 rss: 464Mb L: 132/4038 MS: 1 EraseBytes-
#351870	REDUCE cov: 1458 ft: 5893 corp: 1248/194Kb lim: 4096 exec/s: 14074 rss: 464Mb L: 19/4038 MS: 2 CopyPart-EraseBytes-
#353466	REDUCE cov: 1458 ft: 5893 corp: 1248/194Kb lim: 4096 exec/s: 14138 rss: 464Mb L: 59/4038 MS: 1 EraseBytes-
#355235	NEW    cov: 1460 ft: 5895 corp: 1249/194Kb lim: 4096 exec/s: 14209 rss: 464Mb L: 11/4038 MS: 4 CMP-ShuffleBytes-ChangeByte-ShuffleBytes- DE: "message"-
#355806	REDUCE cov: 1460 ft: 5895 corp: 1249/194Kb lim: 4096 exec/s: 14232 rss: 464Mb L: 36/4038 MS: 1 EraseBytes-
#356677	REDUCE cov: 1460 ft: 5895 corp: 1249/194Kb lim: 4096 exec/s: 14267 rss: 464Mb L: 3532/4038 MS: 1 EraseBytes-
#356783	REDUCE cov: 1460 ft: 5895 corp: 1249/194Kb lim: 4096 exec/s: 14271 rss: 464Mb L: 11/4038 MS: 1 EraseBytes-
#358956	REDUCE cov: 1460 ft: 5895 corp: 1249/194Kb lim: 4096 exec/s: 14358 rss: 464Mb L: 562/4038 MS: 3 ShuffleBytes-ChangeByte-EraseBytes-
#361033	REDUCE cov: 1460 ft: 5895 corp: 1249/194Kb lim: 4096 exec/s: 13885 rss: 464Mb L: 7/4038 MS: 2 CopyPart-EraseBytes-
#361590	REDUCE cov: 1460 ft: 5895 corp: 1249/194Kb lim: 4096 exec/s: 13907 rss: 464Mb L: 22/4038 MS: 2 EraseBytes-CopyPart-
#362651	REDUCE cov: 1460 ft: 5895 corp: 1249/194Kb lim: 4096 exec/s: 13948 rss: 464Mb L: 11/4038 MS: 1 EraseBytes-
#364558	REDUCE cov: 1460 ft: 5895 corp: 1249/194Kb lim: 4096 exec/s: 14021 rss: 464Mb L: 6/4038 MS: 2 ShuffleBytes-EraseBytes-
#366135	REDUCE cov: 1460 ft: 5895 corp: 1249/194Kb lim: 4096 exec/s: 14082 rss: 464Mb L: 7/4038 MS: 2 ChangeBit-EraseBytes-
#366611	REDUCE cov: 1460 ft: 5895 corp: 1249/194Kb lim: 4096 exec/s: 14100 rss: 464Mb L: 86/4038 MS: 1 EraseBytes-
#370901	REDUCE cov: 1460 ft: 5895 corp: 1249/194Kb lim: 4096 exec/s: 14265 rss: 464Mb L: 23/4038 MS: 5 InsertByte-CrossOver-InsertByte-EraseBytes-PersAutoDict- DE: "code"-
#371047	REDUCE cov: 1460 ft: 5895 corp: 1249/194Kb lim: 4096 exec/s: 14271 rss: 464Mb L: 888/4038 MS: 1 EraseBytes-
#371808	REDUCE cov: 1460 ft: 5895 corp: 1249/194Kb lim: 4096 exec/s: 14300 rss: 464Mb L: 1941/4038 MS: 1 EraseBytes-
#372895	REDUCE cov: 1460 ft: 5895 corp: 1249/194Kb lim: 4096 exec/s: 14342 rss: 464Mb L: 15/4038 MS: 2 CrossOver-EraseBytes-
#373602	REDUCE cov: 1460 ft: 5895 corp: 1249/194Kb lim: 4096 exec/s: 14369 rss: 464Mb L: 356/4038 MS: 2 ChangeBinInt-EraseBytes-
#373958	REDUCE cov: 1460 ft: 5895 corp: 1249/194Kb lim: 4096 exec/s: 14383 rss: 464Mb L: 503/4038 MS: 1 EraseBytes-
#374834	REDUCE cov: 1460 ft: 5895 corp: 1249/194Kb lim: 4096 exec/s: 13882 rss: 464Mb L: 14/4038 MS: 1 EraseBytes-
#377101	REDUCE cov: 1460 ft: 5895 corp: 1249/194Kb lim: 4096 exec/s: 13966 rss: 464Mb L: 2734/4038 MS: 2 ChangeASCIIInt-EraseBytes-
#378233	REDUCE cov: 1460 ft: 5895 corp: 1249/194Kb lim: 4096 exec/s: 14008 rss: 464Mb L: 11/4038 MS: 2 InsertByte-EraseBytes-
#378264	REDUCE cov: 1460 ft: 5895 corp: 1249/194Kb lim: 4096 exec/s: 14009 rss: 464Mb L: 68/4038 MS: 1 EraseBytes-
#378517	REDUCE cov: 1460 ft: 5895 corp: 1249/194Kb lim: 4096 exec/s: 14019 rss: 464Mb L: 10/4038 MS: 3 ChangeBit-ChangeASCIIInt-EraseBytes-
#378673	REDUCE cov: 1460 ft: 5895 corp: 1249/194Kb lim: 4096 exec/s: 14024 rss: 464Mb L: 79/4038 MS: 1 EraseBytes-
#379534	REDUCE cov: 1460 ft: 5895 corp: 1249/194Kb lim: 4096 exec/s: 14056 rss: 464Mb L: 133/4038 MS: 1 EraseBytes-
#379690	REDUCE cov: 1460 ft: 5895 corp: 1249/194Kb lim: 4096 exec/s: 14062 rss: 464Mb L: 13/4038 MS: 1 EraseBytes-
#379746	REDUCE cov: 1460 ft: 5895 corp: 1249/194Kb lim: 4096 exec/s: 14064 rss: 464Mb L: 22/4038 MS: 1 EraseBytes-
#382513	REDUCE cov: 1460 ft: 5895 corp: 1249/194Kb lim: 4096 exec/s: 14167 rss: 464Mb L: 757/4038 MS: 2 ChangeBit-EraseBytes-
#383354	REDUCE cov: 1460 ft: 5895 corp: 1249/194Kb lim: 4096 exec/s: 14198 rss: 464Mb L: 6/4038 MS: 1 EraseBytes-
#383625	REDUCE cov: 1460 ft: 5895 corp: 1249/194Kb lim: 4096 exec/s: 14208 rss: 464Mb L: 509/4038 MS: 1 EraseBytes-
#383877	REDUCE cov: 1460 ft: 5895 corp: 1249/194Kb lim: 4096 exec/s: 14217 rss: 464Mb L: 467/4038 MS: 2 ShuffleBytes-EraseBytes-
#384598	REDUCE cov: 1460 ft: 5895 corp: 1249/194Kb lim: 4096 exec/s: 14244 rss: 464Mb L: 269/4038 MS: 1 EraseBytes-
#385429	REDUCE cov: 1460 ft: 5895 corp: 1249/194Kb lim: 4096 exec/s: 14275 rss: 464Mb L: 68/4038 MS: 1 EraseBytes-
#387765	REDUCE cov: 1460 ft: 5895 corp: 1249/194Kb lim: 4096 exec/s: 14361 rss: 464Mb L: 195/4038 MS: 1 EraseBytes-
#388433	REDUCE cov: 1460 ft: 5895 corp: 1249/194Kb lim: 4096 exec/s: 14386 rss: 464Mb L: 36/4038 MS: 3 ChangeASCIIInt-InsertByte-EraseBytes-
#390669	REDUCE cov: 1460 ft: 5895 corp: 1249/194Kb lim: 4096 exec/s: 13952 rss: 464Mb L: 283/4038 MS: 1 EraseBytes-
#391687	REDUCE cov: 1460 ft: 5895 corp: 1249/193Kb lim: 4096 exec/s: 13988 rss: 464Mb L: 160/4038 MS: 3 ChangeBit-InsertRepeatedBytes-EraseBytes-
#392039	REDUCE cov: 1460 ft: 5895 corp: 1249/193Kb lim: 4096 exec/s: 14001 rss: 464Mb L: 133/4038 MS: 2 ChangeBinInt-EraseBytes-
#396835	REDUCE cov: 1460 ft: 5895 corp: 1249/193Kb lim: 4096 exec/s: 14172 rss: 464Mb L: 82/4038 MS: 1 EraseBytes-
#399022	REDUCE cov: 1460 ft: 5895 corp: 1249/193Kb lim: 4096 exec/s: 14250 rss: 464Mb L: 24/4038 MS: 2 ShuffleBytes-EraseBytes-
#399270	REDUCE cov: 1460 ft: 5895 corp: 1249/193Kb lim: 4096 exec/s: 14259 rss: 464Mb L: 19/4038 MS: 3 ChangeBit-CMP-EraseBytes- DE: "\001\000\000\000\000\000\000\200"-
#400981	REDUCE cov: 1460 ft: 5895 corp: 1249/193Kb lim: 4096 exec/s: 14320 rss: 464Mb L: 5/4038 MS: 1 EraseBytes-
#403132	REDUCE cov: 1460 ft: 5895 corp: 1249/193Kb lim: 4096 exec/s: 13901 rss: 464Mb L: 40/4038 MS: 1 EraseBytes-
#403598	REDUCE cov: 1460 ft: 5895 corp: 1249/193Kb lim: 4096 exec/s: 13917 rss: 464Mb L: 799/4038 MS: 1 EraseBytes-
#407549	REDUCE cov: 1460 ft: 5895 corp: 1249/193Kb lim: 4096 exec/s: 14053 rss: 464Mb L: 23/4038 MS: 1 EraseBytes-
#407665	REDUCE cov: 1460 ft: 5895 corp: 1249/193Kb lim: 4096 exec/s: 14057 rss: 464Mb L: 253/4038 MS: 1 EraseBytes-
#408737	REDUCE cov: 1460 ft: 5895 corp: 1249/193Kb lim: 4096 exec/s: 14094 rss: 464Mb L: 17/4038 MS: 2 PersAutoDict-EraseBytes- DE: "\357\277\275\357\277\275*"-
#409314	REDUCE cov: 1460 ft: 5895 corp: 1249/193Kb lim: 4096 exec/s: 14114 rss: 464Mb L: 30/4038 MS: 2 CopyPart-EraseBytes-
#409756	REDUCE cov: 1460 ft: 5895 corp: 1249/193Kb lim: 4096 exec/s: 14129 rss: 464Mb L: 107/4038 MS: 2 ChangeByte-EraseBytes-
#410683	REDUCE cov: 1460 ft: 5895 corp: 1249/193Kb lim: 4096 exec/s: 14161 rss: 464Mb L: 33/4038 MS: 2 CrossOver-EraseBytes-
#414306	REDUCE cov: 1460 ft: 5895 corp: 1249/193Kb lim: 4096 exec/s: 13810 rss: 464Mb L: 471/4038 MS: 3 CopyPart-ChangeByte-EraseBytes-
#414727	REDUCE cov: 1460 ft: 5895 corp: 1249/193Kb lim: 4096 exec/s: 13824 rss: 464Mb L: 2263/4038 MS: 1 EraseBytes-
#416638	REDUCE cov: 1460 ft: 5895 corp: 1249/193Kb lim: 4096 exec/s: 13887 rss: 464Mb L: 84/4038 MS: 1 EraseBytes-
#416804	REDUCE cov: 1460 ft: 5895 corp: 1249/193Kb lim: 4096 exec/s: 13893 rss: 464Mb L: 131/4038 MS: 1 EraseBytes-
#416840	REDUCE cov: 1460 ft: 5895 corp: 1249/193Kb lim: 4096 exec/s: 13894 rss: 464Mb L: 178/4038 MS: 1 EraseBytes-
#417081	REDUCE cov: 1460 ft: 5895 corp: 1249/193Kb lim: 4096 exec/s: 13902 rss: 464Mb L: 60/4038 MS: 1 EraseBytes-
	NEW_FUNC[1/1]: 0x5e9a6850c210  (/home/ther12k/Workspace/Learning/velqu/fuzz/target/x86_64-unknown-linux-gnu/release/codec_encoders+0x564210) (BuildId: ffbab5315636f10f79c36e1592fe877e09efe821)
#417212	REDUCE cov: 1472 ft: 5908 corp: 1250/193Kb lim: 4096 exec/s: 13907 rss: 464Mb L: 4/4038 MS: 1 EraseBytes-
#417628	REDUCE cov: 1472 ft: 5908 corp: 1250/193Kb lim: 4096 exec/s: 13920 rss: 464Mb L: 936/4038 MS: 1 EraseBytes-
#418232	REDUCE cov: 1472 ft: 5908 corp: 1250/193Kb lim: 4096 exec/s: 13941 rss: 464Mb L: 301/4038 MS: 4 ChangeByte-ChangeByte-ChangeASCIIInt-EraseBytes-
#418663	REDUCE cov: 1472 ft: 5908 corp: 1250/193Kb lim: 4096 exec/s: 13955 rss: 464Mb L: 997/4038 MS: 1 EraseBytes-
#419779	REDUCE cov: 1472 ft: 5908 corp: 1250/193Kb lim: 4096 exec/s: 13992 rss: 464Mb L: 384/4038 MS: 1 EraseBytes-
#422521	REDUCE cov: 1472 ft: 5908 corp: 1250/193Kb lim: 4096 exec/s: 14084 rss: 464Mb L: 58/4038 MS: 2 PersAutoDict-EraseBytes- DE: "detail"-
#422887	REDUCE cov: 1472 ft: 5908 corp: 1250/193Kb lim: 4096 exec/s: 14096 rss: 464Mb L: 463/4038 MS: 1 EraseBytes-
#423344	REDUCE cov: 1472 ft: 5908 corp: 1250/193Kb lim: 4096 exec/s: 14111 rss: 464Mb L: 838/4038 MS: 2 EraseBytes-CopyPart-
#425156	REDUCE cov: 1472 ft: 5908 corp: 1250/193Kb lim: 4096 exec/s: 13714 rss: 464Mb L: 226/4038 MS: 2 CrossOver-EraseBytes-
#425457	REDUCE cov: 1472 ft: 5908 corp: 1250/193Kb lim: 4096 exec/s: 13724 rss: 464Mb L: 18/4038 MS: 1 EraseBytes-
#425954	REDUCE cov: 1472 ft: 5908 corp: 1250/192Kb lim: 4096 exec/s: 13740 rss: 464Mb L: 1895/4038 MS: 2 ChangeASCIIInt-EraseBytes-
#427443	REDUCE cov: 1472 ft: 5908 corp: 1250/192Kb lim: 4096 exec/s: 13788 rss: 464Mb L: 19/4038 MS: 4 ChangeBit-ChangeBinInt-CopyPart-EraseBytes-
#427785	REDUCE cov: 1472 ft: 5908 corp: 1250/192Kb lim: 4096 exec/s: 13799 rss: 464Mb L: 57/4038 MS: 2 PersAutoDict-EraseBytes- DE: "\376\377\377\377"-
#428876	REDUCE cov: 1472 ft: 5908 corp: 1250/192Kb lim: 4096 exec/s: 13834 rss: 464Mb L: 23/4038 MS: 1 EraseBytes-
#429843	REDUCE cov: 1472 ft: 5908 corp: 1250/192Kb lim: 4096 exec/s: 13865 rss: 464Mb L: 3/4038 MS: 2 EraseBytes-ChangeBinInt-
#430909	REDUCE cov: 1472 ft: 5908 corp: 1250/192Kb lim: 4096 exec/s: 13900 rss: 464Mb L: 26/4038 MS: 1 EraseBytes-
#431496	REDUCE cov: 1472 ft: 5908 corp: 1250/192Kb lim: 4096 exec/s: 13919 rss: 464Mb L: 261/4038 MS: 2 CopyPart-EraseBytes-
#431517	REDUCE cov: 1472 ft: 5909 corp: 1251/192Kb lim: 4096 exec/s: 13919 rss: 464Mb L: 11/4038 MS: 1 CrossOver-
#433088	REDUCE cov: 1472 ft: 5909 corp: 1251/192Kb lim: 4096 exec/s: 13970 rss: 464Mb L: 1889/4038 MS: 1 EraseBytes-
#433459	REDUCE cov: 1472 ft: 5909 corp: 1251/192Kb lim: 4096 exec/s: 13982 rss: 464Mb L: 93/4038 MS: 1 EraseBytes-
#435330	REDUCE cov: 1472 ft: 5909 corp: 1251/192Kb lim: 4096 exec/s: 14042 rss: 464Mb L: 60/4038 MS: 1 EraseBytes-
#435916	REDUCE cov: 1472 ft: 5909 corp: 1251/192Kb lim: 4096 exec/s: 14061 rss: 464Mb L: 17/4038 MS: 1 EraseBytes-
#439657	REDUCE cov: 1472 ft: 5909 corp: 1251/192Kb lim: 4096 exec/s: 14182 rss: 464Mb L: 107/4038 MS: 1 EraseBytes-
#441545	REDUCE cov: 1472 ft: 5909 corp: 1251/192Kb lim: 4096 exec/s: 13798 rss: 464Mb L: 433/4038 MS: 3 ChangeASCIIInt-InsertRepeatedBytes-EraseBytes-
#442176	REDUCE cov: 1472 ft: 5909 corp: 1251/192Kb lim: 4096 exec/s: 13818 rss: 464Mb L: 15/4038 MS: 1 EraseBytes-
#446375	REDUCE cov: 1472 ft: 5909 corp: 1251/192Kb lim: 4096 exec/s: 13949 rss: 464Mb L: 296/4038 MS: 4 ChangeByte-ChangeBit-PersAutoDict-EraseBytes- DE: "\001&"-
#447028	REDUCE cov: 1472 ft: 5909 corp: 1251/192Kb lim: 4096 exec/s: 13969 rss: 464Mb L: 22/4038 MS: 3 CrossOver-CMP-EraseBytes- DE: "message"-
#449099	NEW    cov: 1479 ft: 5916 corp: 1252/192Kb lim: 4096 exec/s: 14034 rss: 464Mb L: 203/4038 MS: 1 InsertByte-
#449100	REDUCE cov: 1479 ft: 5916 corp: 1252/192Kb lim: 4096 exec/s: 14034 rss: 464Mb L: 8/4038 MS: 1 EraseBytes-
#451422	NEW    cov: 1479 ft: 5917 corp: 1253/193Kb lim: 4096 exec/s: 14106 rss: 464Mb L: 761/4038 MS: 2 ChangeBinInt-CopyPart-
#451959	REDUCE cov: 1479 ft: 5917 corp: 1253/193Kb lim: 4096 exec/s: 14123 rss: 464Mb L: 2658/4038 MS: 2 InsertRepeatedBytes-EraseBytes-
#452956	REDUCE cov: 1479 ft: 5917 corp: 1253/193Kb lim: 4096 exec/s: 13725 rss: 464Mb L: 25/4038 MS: 2 ChangeASCIIInt-EraseBytes-
#455753	REDUCE cov: 1479 ft: 5917 corp: 1253/193Kb lim: 4096 exec/s: 13810 rss: 464Mb L: 10/4038 MS: 2 ChangeBinInt-EraseBytes-
#457125	REDUCE cov: 1479 ft: 5917 corp: 1253/193Kb lim: 4096 exec/s: 13852 rss: 464Mb L: 20/4038 MS: 2 PersAutoDict-EraseBytes- DE: "code"-
#457249	REDUCE cov: 1479 ft: 5917 corp: 1253/193Kb lim: 4096 exec/s: 13856 rss: 464Mb L: 227/4038 MS: 4 ShuffleBytes-ChangeBit-ChangeByte-EraseBytes-
#461117	REDUCE cov: 1479 ft: 5917 corp: 1253/192Kb lim: 4096 exec/s: 13973 rss: 464Mb L: 2150/4038 MS: 3 InsertByte-EraseBytes-CopyPart-
#462038	REDUCE cov: 1479 ft: 5917 corp: 1253/192Kb lim: 4096 exec/s: 14001 rss: 464Mb L: 10/4038 MS: 1 EraseBytes-
#462263	REDUCE cov: 1479 ft: 5917 corp: 1253/192Kb lim: 4096 exec/s: 14007 rss: 464Mb L: 157/4038 MS: 5 ChangeASCIIInt-CMP-ChangeBit-ChangeASCIIInt-EraseBytes- DE: "\0017"-
#462804	REDUCE cov: 1479 ft: 5917 corp: 1253/192Kb lim: 4096 exec/s: 14024 rss: 464Mb L: 5/4038 MS: 1 EraseBytes-
#463455	REDUCE cov: 1479 ft: 5917 corp: 1253/192Kb lim: 4096 exec/s: 14044 rss: 464Mb L: 42/4038 MS: 1 EraseBytes-
#463661	REDUCE cov: 1479 ft: 5917 corp: 1253/192Kb lim: 4096 exec/s: 14050 rss: 464Mb L: 140/4038 MS: 1 EraseBytes-
#464187	REDUCE cov: 1479 ft: 5917 corp: 1253/192Kb lim: 4096 exec/s: 13652 rss: 464Mb L: 14/4038 MS: 1 EraseBytes-
#464528	REDUCE cov: 1479 ft: 5917 corp: 1253/192Kb lim: 4096 exec/s: 13662 rss: 464Mb L: 64/4038 MS: 1 EraseBytes-
#466470	REDUCE cov: 1479 ft: 5917 corp: 1253/192Kb lim: 4096 exec/s: 13719 rss: 464Mb L: 71/4038 MS: 2 CopyPart-EraseBytes-
#466483	REDUCE cov: 1479 ft: 5917 corp: 1253/192Kb lim: 4096 exec/s: 13720 rss: 464Mb L: 1064/4038 MS: 3 InsertByte-ShuffleBytes-EraseBytes-
#470714	REDUCE cov: 1479 ft: 5917 corp: 1253/192Kb lim: 4096 exec/s: 13844 rss: 464Mb L: 79/4038 MS: 1 EraseBytes-
#471256	REDUCE cov: 1479 ft: 5917 corp: 1253/192Kb lim: 4096 exec/s: 13860 rss: 464Mb L: 42/4038 MS: 2 CopyPart-EraseBytes-
#472072	REDUCE cov: 1479 ft: 5917 corp: 1253/192Kb lim: 4096 exec/s: 13884 rss: 464Mb L: 113/4038 MS: 1 EraseBytes-
#472783	REDUCE cov: 1479 ft: 5917 corp: 1253/192Kb lim: 4096 exec/s: 13905 rss: 464Mb L: 9/4038 MS: 1 EraseBytes-
#475359	REDUCE cov: 1479 ft: 5917 corp: 1253/192Kb lim: 4096 exec/s: 13981 rss: 464Mb L: 16/4038 MS: 1 EraseBytes-
#475684	REDUCE cov: 1479 ft: 5917 corp: 1253/192Kb lim: 4096 exec/s: 13990 rss: 464Mb L: 95/4038 MS: 5 ChangeBit-ChangeByte-PersAutoDict-ChangeASCIIInt-EraseBytes- DE: "\357\277\275\357\277\275*"-
#476881	REDUCE cov: 1479 ft: 5917 corp: 1253/192Kb lim: 4096 exec/s: 14025 rss: 464Mb L: 11/4038 MS: 2 EraseBytes-InsertByte-
#478100	REDUCE cov: 1479 ft: 5917 corp: 1253/192Kb lim: 4096 exec/s: 13660 rss: 464Mb L: 87/4038 MS: 4 InsertByte-ChangeBit-ChangeASCIIInt-EraseBytes-
#479376	REDUCE cov: 1479 ft: 5917 corp: 1253/192Kb lim: 4096 exec/s: 13696 rss: 464Mb L: 13/4038 MS: 1 EraseBytes-
#480628	REDUCE cov: 1479 ft: 5917 corp: 1253/192Kb lim: 4096 exec/s: 13732 rss: 464Mb L: 424/4038 MS: 2 ChangeASCIIInt-EraseBytes-
#484822	REDUCE cov: 1479 ft: 5917 corp: 1253/192Kb lim: 4096 exec/s: 13852 rss: 464Mb L: 17/4038 MS: 4 ChangeASCIIInt-ChangeASCIIInt-ChangeASCIIInt-EraseBytes-
#484918	REDUCE cov: 1479 ft: 5917 corp: 1253/192Kb lim: 4096 exec/s: 13854 rss: 464Mb L: 28/4038 MS: 1 EraseBytes-
#486919	REDUCE cov: 1479 ft: 5917 corp: 1253/192Kb lim: 4096 exec/s: 13911 rss: 464Mb L: 994/4038 MS: 1 EraseBytes-
#490290	REDUCE cov: 1479 ft: 5917 corp: 1253/192Kb lim: 4096 exec/s: 14008 rss: 464Mb L: 174/4038 MS: 1 EraseBytes-
#490591	REDUCE cov: 1479 ft: 5917 corp: 1253/192Kb lim: 4096 exec/s: 14016 rss: 464Mb L: 61/4038 MS: 1 EraseBytes-
#493108	REDUCE cov: 1479 ft: 5917 corp: 1253/192Kb lim: 4096 exec/s: 13697 rss: 464Mb L: 23/4038 MS: 2 CopyPart-EraseBytes-
#493456	REDUCE cov: 1479 ft: 5917 corp: 1253/192Kb lim: 4096 exec/s: 13707 rss: 464Mb L: 205/4038 MS: 3 ChangeASCIIInt-ChangeBit-EraseBytes-
#495842	REDUCE cov: 1479 ft: 5917 corp: 1253/192Kb lim: 4096 exec/s: 13773 rss: 464Mb L: 389/4038 MS: 1 EraseBytes-
#496889	NEW    cov: 1479 ft: 5918 corp: 1254/192Kb lim: 4096 exec/s: 13802 rss: 464Mb L: 203/4038 MS: 2 ShuffleBytes-ChangeBit-
#497530	REDUCE cov: 1479 ft: 5918 corp: 1254/192Kb lim: 4096 exec/s: 13820 rss: 464Mb L: 15/4038 MS: 1 EraseBytes-
#501866	REDUCE cov: 1479 ft: 5918 corp: 1254/192Kb lim: 4096 exec/s: 13940 rss: 464Mb L: 24/4038 MS: 1 EraseBytes-
#501880	REDUCE cov: 1479 ft: 5918 corp: 1254/192Kb lim: 4096 exec/s: 13941 rss: 464Mb L: 111/4038 MS: 4 ShuffleBytes-ChangeBit-ChangeASCIIInt-EraseBytes-
#502421	REDUCE cov: 1479 ft: 5918 corp: 1254/192Kb lim: 4096 exec/s: 13956 rss: 464Mb L: 630/4038 MS: 1 EraseBytes-
#504073	REDUCE cov: 1479 ft: 5918 corp: 1254/192Kb lim: 4096 exec/s: 14002 rss: 464Mb L: 552/4038 MS: 2 ChangeASCIIInt-EraseBytes-
#504439	REDUCE cov: 1479 ft: 5918 corp: 1254/192Kb lim: 4096 exec/s: 14012 rss: 464Mb L: 92/4038 MS: 1 EraseBytes-
#505504	REDUCE cov: 1479 ft: 5922 corp: 1255/193Kb lim: 4096 exec/s: 14041 rss: 464Mb L: 1144/4038 MS: 5 ChangeASCIIInt-InsertRepeatedBytes-ChangeByte-ShuffleBytes-CopyPart-
#506041	REDUCE cov: 1479 ft: 5922 corp: 1255/193Kb lim: 4096 exec/s: 14056 rss: 464Mb L: 970/4038 MS: 2 CMP-EraseBytes- DE: "\377\377\377\377\377\377\377\377"-
#509662	REDUCE cov: 1479 ft: 5922 corp: 1255/193Kb lim: 4096 exec/s: 13774 rss: 464Mb L: 73/4038 MS: 1 EraseBytes-
#509854	REDUCE cov: 1479 ft: 5922 corp: 1255/193Kb lim: 4096 exec/s: 13779 rss: 464Mb L: 57/4038 MS: 2 CrossOver-EraseBytes-
#510797	REDUCE cov: 1479 ft: 5922 corp: 1255/193Kb lim: 4096 exec/s: 13805 rss: 464Mb L: 10/4038 MS: 3 ChangeBit-ChangeByte-EraseBytes-
#510809	REDUCE cov: 1479 ft: 5922 corp: 1255/193Kb lim: 4096 exec/s: 13805 rss: 464Mb L: 15/4038 MS: 2 PersAutoDict-EraseBytes- DE: "\376\377\377\377"-
#510972	REDUCE cov: 1479 ft: 5922 corp: 1255/193Kb lim: 4096 exec/s: 13810 rss: 464Mb L: 107/4038 MS: 3 InsertRepeatedBytes-ChangeBit-EraseBytes-
#512078	REDUCE cov: 1479 ft: 5922 corp: 1255/193Kb lim: 4096 exec/s: 13839 rss: 464Mb L: 2227/4038 MS: 1 EraseBytes-
#514714	REDUCE cov: 1479 ft: 5922 corp: 1255/193Kb lim: 4096 exec/s: 13911 rss: 464Mb L: 19/4038 MS: 1 EraseBytes-
#515652	REDUCE cov: 1479 ft: 5922 corp: 1255/193Kb lim: 4096 exec/s: 13936 rss: 464Mb L: 14/4038 MS: 3 ChangeByte-ChangeBinInt-EraseBytes-
#516787	REDUCE cov: 1479 ft: 5922 corp: 1255/193Kb lim: 4096 exec/s: 13967 rss: 464Mb L: 941/4038 MS: 5 ChangeByte-ChangeASCIIInt-ChangeByte-ChangeByte-EraseBytes-
#517164	REDUCE cov: 1479 ft: 5922 corp: 1255/193Kb lim: 4096 exec/s: 13977 rss: 464Mb L: 191/4038 MS: 2 ShuffleBytes-EraseBytes-
#518500	REDUCE cov: 1479 ft: 5922 corp: 1255/193Kb lim: 4096 exec/s: 14013 rss: 464Mb L: 5/4038 MS: 1 EraseBytes-
#521766	REDUCE cov: 1479 ft: 5922 corp: 1255/193Kb lim: 4096 exec/s: 14101 rss: 464Mb L: 30/4038 MS: 1 EraseBytes-
#523292	REDUCE cov: 1479 ft: 5922 corp: 1255/193Kb lim: 4096 exec/s: 14143 rss: 464Mb L: 42/4038 MS: 1 EraseBytes-
#524288	pulse  cov: 1479 ft: 5922 corp: 1255/193Kb lim: 4096 exec/s: 13797 rss: 464Mb
#524518	REDUCE cov: 1479 ft: 5922 corp: 1255/193Kb lim: 4096 exec/s: 13803 rss: 464Mb L: 250/4038 MS: 1 EraseBytes-
#524801	REDUCE cov: 1479 ft: 5922 corp: 1255/193Kb lim: 4096 exec/s: 13810 rss: 464Mb L: 12/4038 MS: 3 ChangeBinInt-CMP-EraseBytes- DE: "#)\357\277\2754e1 "-
#526232	REDUCE cov: 1479 ft: 5922 corp: 1255/193Kb lim: 4096 exec/s: 13848 rss: 464Mb L: 16/4038 MS: 1 EraseBytes-
#526673	NEW    cov: 1479 ft: 5923 corp: 1256/194Kb lim: 4096 exec/s: 13859 rss: 464Mb L: 1252/4038 MS: 1 CopyPart-
#527310	REDUCE cov: 1479 ft: 5923 corp: 1256/194Kb lim: 4096 exec/s: 13876 rss: 464Mb L: 1927/4038 MS: 2 ChangeBinInt-EraseBytes-
#529206	NEW    cov: 1479 ft: 5924 corp: 1257/194Kb lim: 4096 exec/s: 13926 rss: 464Mb L: 21/4038 MS: 1 CopyPart-
#530147	REDUCE cov: 1479 ft: 5924 corp: 1257/194Kb lim: 4096 exec/s: 13951 rss: 464Mb L: 108/4038 MS: 1 EraseBytes-
#530848	REDUCE cov: 1479 ft: 5924 corp: 1257/194Kb lim: 4096 exec/s: 13969 rss: 464Mb L: 232/4038 MS: 1 EraseBytes-
#533209	REDUCE cov: 1479 ft: 5924 corp: 1257/194Kb lim: 4096 exec/s: 14031 rss: 464Mb L: 1293/4038 MS: 1 EraseBytes-
#534120	REDUCE cov: 1479 ft: 5924 corp: 1257/194Kb lim: 4096 exec/s: 14055 rss: 464Mb L: 40/4038 MS: 1 EraseBytes-
#536187	REDUCE cov: 1479 ft: 5924 corp: 1257/194Kb lim: 4096 exec/s: 14110 rss: 464Mb L: 321/4038 MS: 2 ChangeBit-EraseBytes-
#536193	REDUCE cov: 1479 ft: 5924 corp: 1257/194Kb lim: 4096 exec/s: 14110 rss: 464Mb L: 222/4038 MS: 1 EraseBytes-
#536385	REDUCE cov: 1479 ft: 5924 corp: 1257/194Kb lim: 4096 exec/s: 14115 rss: 464Mb L: 21/4038 MS: 2 CopyPart-EraseBytes-
#536752	REDUCE cov: 1479 ft: 5924 corp: 1257/194Kb lim: 4096 exec/s: 14125 rss: 464Mb L: 371/4038 MS: 2 InsertByte-EraseBytes-
#536868	REDUCE cov: 1479 ft: 5924 corp: 1257/194Kb lim: 4096 exec/s: 14128 rss: 464Mb L: 105/4038 MS: 1 EraseBytes-
#537443	REDUCE cov: 1479 ft: 5924 corp: 1257/194Kb lim: 4096 exec/s: 14143 rss: 464Mb L: 1144/4038 MS: 5 ChangeBit-PersAutoDict-CopyPart-ChangeASCIIInt-EraseBytes- DE: "\0006"-
#542509	REDUCE cov: 1479 ft: 5924 corp: 1257/193Kb lim: 4096 exec/s: 13910 rss: 464Mb L: 2607/4038 MS: 1 EraseBytes-
#542530	REDUCE cov: 1479 ft: 5924 corp: 1257/193Kb lim: 4096 exec/s: 13911 rss: 464Mb L: 20/4038 MS: 1 EraseBytes-
#543486	REDUCE cov: 1479 ft: 5924 corp: 1257/193Kb lim: 4096 exec/s: 13935 rss: 464Mb L: 76/4038 MS: 1 EraseBytes-
#544667	REDUCE cov: 1479 ft: 5924 corp: 1257/193Kb lim: 4096 exec/s: 13965 rss: 464Mb L: 96/4038 MS: 1 EraseBytes-
#549548	REDUCE cov: 1479 ft: 5924 corp: 1257/193Kb lim: 4096 exec/s: 14090 rss: 464Mb L: 6/4038 MS: 1 EraseBytes-
#551144	REDUCE cov: 1479 ft: 5924 corp: 1257/193Kb lim: 4096 exec/s: 13778 rss: 464Mb L: 20/4038 MS: 1 EraseBytes-
#551276	REDUCE cov: 1479 ft: 5924 corp: 1257/193Kb lim: 4096 exec/s: 13781 rss: 464Mb L: 1169/4038 MS: 2 InsertByte-EraseBytes-
#552440	REDUCE cov: 1479 ft: 5924 corp: 1257/193Kb lim: 4096 exec/s: 13811 rss: 464Mb L: 30/4038 MS: 4 ChangeByte-ChangeBit-ShuffleBytes-EraseBytes-
#555531	REDUCE cov: 1479 ft: 5924 corp: 1257/193Kb lim: 4096 exec/s: 13888 rss: 464Mb L: 25/4038 MS: 1 EraseBytes-
#556832	REDUCE cov: 1479 ft: 5924 corp: 1257/193Kb lim: 4096 exec/s: 13920 rss: 464Mb L: 23/4038 MS: 1 EraseBytes-
#557224	REDUCE cov: 1479 ft: 5924 corp: 1257/193Kb lim: 4096 exec/s: 13930 rss: 464Mb L: 53/4038 MS: 2 ChangeASCIIInt-EraseBytes-
#557705	REDUCE cov: 1479 ft: 5924 corp: 1257/193Kb lim: 4096 exec/s: 13942 rss: 464Mb L: 92/4038 MS: 1 EraseBytes-
#559386	REDUCE cov: 1479 ft: 5924 corp: 1257/193Kb lim: 4096 exec/s: 13984 rss: 464Mb L: 181/4038 MS: 1 EraseBytes-
#559407	REDUCE cov: 1479 ft: 5924 corp: 1257/193Kb lim: 4096 exec/s: 13985 rss: 464Mb L: 56/4038 MS: 1 EraseBytes-
#561814	REDUCE cov: 1479 ft: 5924 corp: 1257/193Kb lim: 4096 exec/s: 13702 rss: 464Mb L: 29/4038 MS: 2 EraseBytes-CopyPart-
#563246	REDUCE cov: 1479 ft: 5924 corp: 1257/193Kb lim: 4096 exec/s: 13737 rss: 464Mb L: 629/4038 MS: 2 ChangeASCIIInt-EraseBytes-
#564067	REDUCE cov: 1479 ft: 5924 corp: 1257/193Kb lim: 4096 exec/s: 13757 rss: 464Mb L: 3604/4038 MS: 1 EraseBytes-
#564108	REDUCE cov: 1479 ft: 5924 corp: 1257/193Kb lim: 4096 exec/s: 13758 rss: 464Mb L: 255/4038 MS: 1 EraseBytes-
#567829	REDUCE cov: 1479 ft: 5924 corp: 1257/193Kb lim: 4096 exec/s: 13849 rss: 464Mb L: 68/4038 MS: 1 EraseBytes-
#568326	REDUCE cov: 1479 ft: 5924 corp: 1257/193Kb lim: 4096 exec/s: 13861 rss: 464Mb L: 2776/4038 MS: 2 ShuffleBytes-EraseBytes-
#568922	REDUCE cov: 1479 ft: 5924 corp: 1257/193Kb lim: 4096 exec/s: 13876 rss: 464Mb L: 27/4038 MS: 1 EraseBytes-
#570349	REDUCE cov: 1479 ft: 5924 corp: 1257/193Kb lim: 4096 exec/s: 13910 rss: 464Mb L: 21/4038 MS: 2 ChangeASCIIInt-EraseBytes-
#573910	REDUCE cov: 1479 ft: 5924 corp: 1257/193Kb lim: 4096 exec/s: 13664 rss: 464Mb L: 123/4038 MS: 1 EraseBytes-
#575232	REDUCE cov: 1479 ft: 5924 corp: 1257/193Kb lim: 4096 exec/s: 13696 rss: 464Mb L: 2767/4038 MS: 2 ChangeASCIIInt-EraseBytes-
#576231	REDUCE cov: 1479 ft: 5924 corp: 1257/193Kb lim: 4096 exec/s: 13719 rss: 464Mb L: 85/4038 MS: 4 ChangeBit-EraseBytes-ChangeBit-InsertByte-
#577912	REDUCE cov: 1479 ft: 5924 corp: 1257/193Kb lim: 4096 exec/s: 13759 rss: 464Mb L: 22/4038 MS: 1 EraseBytes-
#578168	REDUCE cov: 1479 ft: 5924 corp: 1257/193Kb lim: 4096 exec/s: 13765 rss: 464Mb L: 21/4038 MS: 1 EraseBytes-
#578230	REDUCE cov: 1479 ft: 5924 corp: 1257/193Kb lim: 4096 exec/s: 13767 rss: 464Mb L: 73/4038 MS: 2 ChangeBinInt-EraseBytes-
#578693	REDUCE cov: 1479 ft: 5924 corp: 1257/193Kb lim: 4096 exec/s: 13778 rss: 464Mb L: 416/4038 MS: 3 CrossOver-ChangeBinInt-EraseBytes-
#580529	NEW    cov: 1479 ft: 5925 corp: 1258/193Kb lim: 4096 exec/s: 13822 rss: 464Mb L: 204/4038 MS: 1 InsertByte-
#580595	REDUCE cov: 1479 ft: 5925 corp: 1258/193Kb lim: 4096 exec/s: 13823 rss: 464Mb L: 62/4038 MS: 1 EraseBytes-
#584862	REDUCE cov: 1479 ft: 5925 corp: 1258/193Kb lim: 4096 exec/s: 13925 rss: 464Mb L: 69/4038 MS: 2 CMP-EraseBytes- DE: "\314\314\314\014"-
#585353	NEW    cov: 1479 ft: 5926 corp: 1259/194Kb lim: 4096 exec/s: 13936 rss: 464Mb L: 741/4038 MS: 1 CopyPart-
#585959	REDUCE cov: 1479 ft: 5926 corp: 1259/194Kb lim: 4096 exec/s: 13626 rss: 464Mb L: 199/4038 MS: 1 EraseBytes-
#586675	REDUCE cov: 1479 ft: 5926 corp: 1259/194Kb lim: 4096 exec/s: 13643 rss: 464Mb L: 131/4038 MS: 1 EraseBytes-
#587551	REDUCE cov: 1479 ft: 5926 corp: 1259/193Kb lim: 4096 exec/s: 13663 rss: 464Mb L: 3070/4038 MS: 1 EraseBytes-
#588183	REDUCE cov: 1479 ft: 5926 corp: 1259/193Kb lim: 4096 exec/s: 13678 rss: 464Mb L: 45/4038 MS: 2 ChangeASCIIInt-EraseBytes-
#591939	REDUCE cov: 1479 ft: 5926 corp: 1259/193Kb lim: 4096 exec/s: 13766 rss: 464Mb L: 25/4038 MS: 1 EraseBytes-
#594510	REDUCE cov: 1479 ft: 5926 corp: 1259/193Kb lim: 4096 exec/s: 13825 rss: 464Mb L: 25/4038 MS: 1 EraseBytes-
#600021	REDUCE cov: 1479 ft: 5926 corp: 1259/193Kb lim: 4096 exec/s: 13953 rss: 464Mb L: 3023/4038 MS: 1 EraseBytes-
#602507	REDUCE cov: 1479 ft: 5926 corp: 1259/193Kb lim: 4096 exec/s: 13693 rss: 464Mb L: 26/4038 MS: 1 EraseBytes-
#603038	REDUCE cov: 1479 ft: 5926 corp: 1259/193Kb lim: 4096 exec/s: 13705 rss: 464Mb L: 403/4038 MS: 1 EraseBytes-
#605115	REDUCE cov: 1479 ft: 5926 corp: 1259/193Kb lim: 4096 exec/s: 13752 rss: 464Mb L: 14/4038 MS: 2 ChangeByte-EraseBytes-
#605594	REDUCE cov: 1479 ft: 5926 corp: 1259/193Kb lim: 4096 exec/s: 13763 rss: 464Mb L: 208/4038 MS: 3 ChangeBinInt-InsertByte-EraseBytes-
#608030	REDUCE cov: 1479 ft: 5926 corp: 1259/193Kb lim: 4096 exec/s: 13818 rss: 464Mb L: 103/4038 MS: 1 EraseBytes-
#608801	NEW    cov: 1479 ft: 5928 corp: 1260/194Kb lim: 4096 exec/s: 13836 rss: 464Mb L: 446/4038 MS: 1 CrossOver-
#609688	REDUCE cov: 1479 ft: 5928 corp: 1260/194Kb lim: 4096 exec/s: 13856 rss: 464Mb L: 137/4038 MS: 2 InsertByte-EraseBytes-
#611341	REDUCE cov: 1479 ft: 5928 corp: 1260/194Kb lim: 4096 exec/s: 13894 rss: 464Mb L: 105/4038 MS: 3 ShuffleBytes-EraseBytes-InsertByte-
#611376	REDUCE cov: 1479 ft: 5928 corp: 1260/194Kb lim: 4096 exec/s: 13894 rss: 464Mb L: 1113/4038 MS: 5 ChangeBit-EraseBytes-InsertRepeatedBytes-PersAutoDict-CopyPart- DE: "\377\377\377\377\377\377\377\377"-
#612730	REDUCE cov: 1479 ft: 5928 corp: 1260/194Kb lim: 4096 exec/s: 13925 rss: 464Mb L: 1052/4038 MS: 4 CMP-ChangeBit-InsertByte-EraseBytes- DE: "\377\377\377\364"-
#613221	REDUCE cov: 1479 ft: 5928 corp: 1260/193Kb lim: 4096 exec/s: 13936 rss: 464Mb L: 457/4038 MS: 1 EraseBytes-
#613695	REDUCE cov: 1479 ft: 5928 corp: 1260/193Kb lim: 4096 exec/s: 13947 rss: 464Mb L: 236/4038 MS: 4 ChangeBinInt-ChangeBinInt-ChangeBit-EraseBytes-
#617529	REDUCE cov: 1479 ft: 5928 corp: 1260/193Kb lim: 4096 exec/s: 14034 rss: 464Mb L: 309/4038 MS: 4 EraseBytes-PersAutoDict-ChangeBit-CopyPart- DE: "detail"-
#618273	REDUCE cov: 1479 ft: 5928 corp: 1260/193Kb lim: 4096 exec/s: 13739 rss: 464Mb L: 26/4038 MS: 4 ShuffleBytes-ShuffleBytes-ChangeBit-EraseBytes-
#622062	REDUCE cov: 1479 ft: 5929 corp: 1261/195Kb lim: 4096 exec/s: 13823 rss: 464Mb L: 2187/4038 MS: 4 InsertByte-CrossOver-CrossOver-CopyPart-
#629034	REDUCE cov: 1479 ft: 5929 corp: 1261/195Kb lim: 4096 exec/s: 13978 rss: 464Mb L: 68/4038 MS: 2 ChangeBit-EraseBytes-
#629035	REDUCE cov: 1479 ft: 5929 corp: 1261/195Kb lim: 4096 exec/s: 13978 rss: 464Mb L: 101/4038 MS: 1 EraseBytes-
#629211	REDUCE cov: 1479 ft: 5929 corp: 1261/195Kb lim: 4096 exec/s: 13982 rss: 464Mb L: 1901/4038 MS: 1 EraseBytes-
#631537	REDUCE cov: 1479 ft: 5929 corp: 1261/195Kb lim: 4096 exec/s: 14034 rss: 464Mb L: 22/4038 MS: 1 EraseBytes-
#632018	REDUCE cov: 1479 ft: 5929 corp: 1261/195Kb lim: 4096 exec/s: 14044 rss: 464Mb L: 153/4038 MS: 1 EraseBytes-
#632334	REDUCE cov: 1479 ft: 5929 corp: 1261/195Kb lim: 4096 exec/s: 14051 rss: 464Mb L: 139/4038 MS: 1 EraseBytes-
#632640	REDUCE cov: 1479 ft: 5929 corp: 1261/195Kb lim: 4096 exec/s: 14058 rss: 464Mb L: 64/4038 MS: 1 EraseBytes-
#633021	REDUCE cov: 1479 ft: 5929 corp: 1261/195Kb lim: 4096 exec/s: 14067 rss: 464Mb L: 394/4038 MS: 1 EraseBytes-
#633352	REDUCE cov: 1479 ft: 5929 corp: 1261/195Kb lim: 4096 exec/s: 14074 rss: 464Mb L: 97/4038 MS: 1 EraseBytes-
#634943	REDUCE cov: 1479 ft: 5929 corp: 1261/195Kb lim: 4096 exec/s: 13803 rss: 464Mb L: 23/4038 MS: 1 EraseBytes-
#635494	REDUCE cov: 1479 ft: 5929 corp: 1261/195Kb lim: 4096 exec/s: 13815 rss: 464Mb L: 340/4038 MS: 1 EraseBytes-
#637290	REDUCE cov: 1479 ft: 5929 corp: 1261/195Kb lim: 4096 exec/s: 13854 rss: 464Mb L: 4/4038 MS: 1 EraseBytes-
#637586	REDUCE cov: 1479 ft: 5929 corp: 1261/195Kb lim: 4096 exec/s: 13860 rss: 464Mb L: 950/4038 MS: 1 EraseBytes-
#637602	REDUCE cov: 1479 ft: 5929 corp: 1261/195Kb lim: 4096 exec/s: 13860 rss: 464Mb L: 9/4038 MS: 1 EraseBytes-
#638915	REDUCE cov: 1479 ft: 5929 corp: 1261/195Kb lim: 4096 exec/s: 13889 rss: 464Mb L: 917/4038 MS: 2 ShuffleBytes-EraseBytes-
#640027	REDUCE cov: 1479 ft: 5929 corp: 1261/195Kb lim: 4096 exec/s: 13913 rss: 464Mb L: 227/4038 MS: 2 CopyPart-EraseBytes-
#640318	REDUCE cov: 1479 ft: 5929 corp: 1261/195Kb lim: 4096 exec/s: 13919 rss: 464Mb L: 16/4038 MS: 1 EraseBytes-
#640424	REDUCE cov: 1479 ft: 5929 corp: 1261/195Kb lim: 4096 exec/s: 13922 rss: 464Mb L: 80/4038 MS: 1 EraseBytes-
#640430	REDUCE cov: 1479 ft: 5929 corp: 1261/195Kb lim: 4096 exec/s: 13922 rss: 464Mb L: 12/4038 MS: 1 EraseBytes-
#642511	NEW    cov: 1479 ft: 5930 corp: 1262/195Kb lim: 4096 exec/s: 13967 rss: 464Mb L: 297/4038 MS: 1 CopyPart-
#643247	REDUCE cov: 1479 ft: 5930 corp: 1262/195Kb lim: 4096 exec/s: 13983 rss: 464Mb L: 15/4038 MS: 1 EraseBytes-
#644338	REDUCE cov: 1479 ft: 5930 corp: 1262/195Kb lim: 4096 exec/s: 14007 rss: 464Mb L: 24/4038 MS: 1 EraseBytes-
#645574	NEW    cov: 1479 ft: 5931 corp: 1263/195Kb lim: 4096 exec/s: 14034 rss: 464Mb L: 15/4038 MS: 1 CopyPart-
#645830	REDUCE cov: 1479 ft: 5931 corp: 1263/195Kb lim: 4096 exec/s: 14039 rss: 464Mb L: 15/4038 MS: 1 EraseBytes-
#645939	REDUCE cov: 1479 ft: 5931 corp: 1263/195Kb lim: 4096 exec/s: 14042 rss: 464Mb L: 81/4038 MS: 4 ChangeASCIIInt-ChangeASCIIInt-InsertByte-EraseBytes-
#646390	REDUCE cov: 1479 ft: 5931 corp: 1263/195Kb lim: 4096 exec/s: 14051 rss: 464Mb L: 693/4038 MS: 1 EraseBytes-
#649528	REDUCE cov: 1479 ft: 5931 corp: 1263/195Kb lim: 4096 exec/s: 14120 rss: 464Mb L: 105/4038 MS: 3 ShuffleBytes-CopyPart-EraseBytes-
#649825	REDUCE cov: 1479 ft: 5931 corp: 1263/195Kb lim: 4096 exec/s: 14126 rss: 464Mb L: 402/4038 MS: 2 CopyPart-EraseBytes-
#650036	REDUCE cov: 1479 ft: 5931 corp: 1263/195Kb lim: 4096 exec/s: 14131 rss: 464Mb L: 1554/4038 MS: 1 EraseBytes-
#653967	REDUCE cov: 1479 ft: 5931 corp: 1263/195Kb lim: 4096 exec/s: 13914 rss: 464Mb L: 23/4038 MS: 1 EraseBytes-
#654238	REDUCE cov: 1479 ft: 5931 corp: 1263/194Kb lim: 4096 exec/s: 13919 rss: 464Mb L: 2553/4038 MS: 1 EraseBytes-
#654664	REDUCE cov: 1479 ft: 5931 corp: 1263/194Kb lim: 4096 exec/s: 13929 rss: 464Mb L: 78/4038 MS: 1 EraseBytes-
#654665	REDUCE cov: 1479 ft: 5931 corp: 1263/194Kb lim: 4096 exec/s: 13929 rss: 464Mb L: 329/4038 MS: 1 EraseBytes-
#656206	REDUCE cov: 1479 ft: 5931 corp: 1263/194Kb lim: 4096 exec/s: 13961 rss: 464Mb L: 171/4038 MS: 1 EraseBytes-
#656439	REDUCE cov: 1479 ft: 5931 corp: 1263/194Kb lim: 4096 exec/s: 13966 rss: 464Mb L: 738/4038 MS: 1 EraseBytes-
#658814	REDUCE cov: 1479 ft: 5932 corp: 1264/196Kb lim: 4096 exec/s: 14017 rss: 464Mb L: 1931/4038 MS: 5 ShuffleBytes-InsertRepeatedBytes-ShuffleBytes-ChangeBinInt-ShuffleBytes-
#658896	REDUCE cov: 1479 ft: 5932 corp: 1264/196Kb lim: 4096 exec/s: 14019 rss: 464Mb L: 18/4038 MS: 2 EraseBytes-CopyPart-
#659477	REDUCE cov: 1479 ft: 5932 corp: 1264/196Kb lim: 4096 exec/s: 14031 rss: 464Mb L: 34/4038 MS: 1 EraseBytes-
#659803	REDUCE cov: 1479 ft: 5932 corp: 1264/196Kb lim: 4096 exec/s: 14038 rss: 464Mb L: 295/4038 MS: 1 EraseBytes-
#660598	REDUCE cov: 1479 ft: 5932 corp: 1264/196Kb lim: 4096 exec/s: 14055 rss: 464Mb L: 1033/4038 MS: 5 ShuffleBytes-PersAutoDict-PersAutoDict-ChangeByte-CrossOver- DE: "\001\000\000\000\000\000\000\200"-"message"-
#665654	REDUCE cov: 1479 ft: 5932 corp: 1264/196Kb lim: 4096 exec/s: 13867 rss: 464Mb L: 24/4038 MS: 1 EraseBytes-
#666552	REDUCE cov: 1479 ft: 5932 corp: 1264/196Kb lim: 4096 exec/s: 13886 rss: 464Mb L: 266/4038 MS: 3 CopyPart-InsertByte-EraseBytes-
#667948	REDUCE cov: 1479 ft: 5932 corp: 1264/196Kb lim: 4096 exec/s: 13915 rss: 464Mb L: 1016/4038 MS: 1 EraseBytes-
#668429	REDUCE cov: 1479 ft: 5932 corp: 1264/196Kb lim: 4096 exec/s: 13925 rss: 464Mb L: 132/4038 MS: 1 EraseBytes-
#669395	REDUCE cov: 1479 ft: 5932 corp: 1264/196Kb lim: 4096 exec/s: 13945 rss: 464Mb L: 23/4038 MS: 1 EraseBytes-
#669602	REDUCE cov: 1479 ft: 5932 corp: 1264/196Kb lim: 4096 exec/s: 13950 rss: 464Mb L: 246/4038 MS: 2 ChangeBit-EraseBytes-
#669819	REDUCE cov: 1479 ft: 5932 corp: 1264/196Kb lim: 4096 exec/s: 13954 rss: 464Mb L: 85/4038 MS: 2 CopyPart-EraseBytes-
#670685	REDUCE cov: 1479 ft: 5932 corp: 1264/196Kb lim: 4096 exec/s: 13972 rss: 464Mb L: 34/4038 MS: 1 EraseBytes-
#670791	REDUCE cov: 1479 ft: 5932 corp: 1264/196Kb lim: 4096 exec/s: 13974 rss: 464Mb L: 27/4038 MS: 1 EraseBytes-
#672918	REDUCE cov: 1479 ft: 5932 corp: 1264/196Kb lim: 4096 exec/s: 14019 rss: 464Mb L: 27/4038 MS: 2 EraseBytes-ChangeBinInt-
#674759	REDUCE cov: 1479 ft: 5932 corp: 1264/196Kb lim: 4096 exec/s: 14057 rss: 464Mb L: 11/4038 MS: 1 EraseBytes-
#675636	REDUCE cov: 1479 ft: 5932 corp: 1264/196Kb lim: 4096 exec/s: 14075 rss: 464Mb L: 10/4038 MS: 2 ShuffleBytes-EraseBytes-
#677462	REDUCE cov: 1479 ft: 5932 corp: 1264/196Kb lim: 4096 exec/s: 14113 rss: 464Mb L: 13/4038 MS: 1 EraseBytes-
#679618	REDUCE cov: 1479 ft: 5932 corp: 1264/196Kb lim: 4096 exec/s: 14158 rss: 464Mb L: 50/4038 MS: 1 EraseBytes-
#679770	NEW    cov: 1479 ft: 5933 corp: 1265/200Kb lim: 4096 exec/s: 14161 rss: 464Mb L: 3778/4038 MS: 2 ShuffleBytes-CopyPart-
#680446	REDUCE cov: 1479 ft: 5933 corp: 1265/200Kb lim: 4096 exec/s: 14175 rss: 464Mb L: 28/4038 MS: 1 EraseBytes-
#680702	REDUCE cov: 1479 ft: 5933 corp: 1265/200Kb lim: 4096 exec/s: 14181 rss: 464Mb L: 15/4038 MS: 1 EraseBytes-
#680833	REDUCE cov: 1479 ft: 5933 corp: 1265/200Kb lim: 4096 exec/s: 14184 rss: 464Mb L: 49/4038 MS: 1 EraseBytes-
#681414	REDUCE cov: 1479 ft: 5933 corp: 1265/200Kb lim: 4096 exec/s: 14196 rss: 464Mb L: 25/4038 MS: 1 EraseBytes-
#682890	REDUCE cov: 1479 ft: 5933 corp: 1265/200Kb lim: 4096 exec/s: 14226 rss: 464Mb L: 150/4038 MS: 1 EraseBytes-
#683611	REDUCE cov: 1479 ft: 5933 corp: 1265/200Kb lim: 4096 exec/s: 13951 rss: 464Mb L: 5/4038 MS: 1 EraseBytes-
#685302	REDUCE cov: 1479 ft: 5933 corp: 1265/200Kb lim: 4096 exec/s: 13985 rss: 464Mb L: 15/4038 MS: 1 EraseBytes-
#687009	REDUCE cov: 1479 ft: 5939 corp: 1266/201Kb lim: 4096 exec/s: 14020 rss: 464Mb L: 1905/4038 MS: 2 CMP-CopyPart- DE: "*\357\277\275"-
#687161	REDUCE cov: 1479 ft: 5939 corp: 1266/201Kb lim: 4096 exec/s: 14023 rss: 464Mb L: 362/4038 MS: 2 ChangeASCIIInt-EraseBytes-
#687177	REDUCE cov: 1479 ft: 5939 corp: 1266/201Kb lim: 4096 exec/s: 14024 rss: 464Mb L: 21/4038 MS: 1 EraseBytes-
#688170	REDUCE cov: 1479 ft: 5939 corp: 1266/200Kb lim: 4096 exec/s: 14044 rss: 464Mb L: 1173/4038 MS: 1 EraseBytes-
#688622	REDUCE cov: 1479 ft: 5939 corp: 1266/200Kb lim: 4096 exec/s: 14053 rss: 464Mb L: 36/4038 MS: 2 CopyPart-EraseBytes-
#690533	REDUCE cov: 1479 ft: 5939 corp: 1266/200Kb lim: 4096 exec/s: 14092 rss: 464Mb L: 3203/4038 MS: 1 EraseBytes-
#690999	REDUCE cov: 1479 ft: 5939 corp: 1266/200Kb lim: 4096 exec/s: 14102 rss: 464Mb L: 5/4038 MS: 1 EraseBytes-
#691606	NEW    cov: 1479 ft: 5943 corp: 1267/202Kb lim: 4096 exec/s: 14114 rss: 464Mb L: 1913/4038 MS: 2 ChangeASCIIInt-CMP- DE: "\001\000\000\000\000\000\000\004"-
#692588	REDUCE cov: 1479 ft: 5943 corp: 1267/202Kb lim: 4096 exec/s: 14134 rss: 464Mb L: 33/4038 MS: 2 ShuffleBytes-EraseBytes-
#693131	REDUCE cov: 1479 ft: 5945 corp: 1268/204Kb lim: 4096 exec/s: 14145 rss: 464Mb L: 2237/4038 MS: 3 CMP-CrossOver-CrossOver- DE: "message"-
#694047	REDUCE cov: 1479 ft: 5974 corp: 1269/206Kb lim: 4096 exec/s: 14164 rss: 464Mb L: 1753/4038 MS: 1 CopyPart-
#694428	NEW    cov: 1479 ft: 5975 corp: 1270/206Kb lim: 4096 exec/s: 14172 rss: 464Mb L: 203/4038 MS: 1 InsertByte-
#694844	REDUCE cov: 1479 ft: 5975 corp: 1270/206Kb lim: 4096 exec/s: 14180 rss: 464Mb L: 17/4038 MS: 1 EraseBytes-
#696130	REDUCE cov: 1479 ft: 5975 corp: 1270/206Kb lim: 4096 exec/s: 14206 rss: 464Mb L: 13/4038 MS: 1 EraseBytes-
#697662	REDUCE cov: 1479 ft: 5975 corp: 1270/206Kb lim: 4096 exec/s: 14238 rss: 464Mb L: 140/4038 MS: 2 ShuffleBytes-EraseBytes-
#697715	REDUCE cov: 1479 ft: 5975 corp: 1270/206Kb lim: 4096 exec/s: 14239 rss: 464Mb L: 95/4038 MS: 3 InsertRepeatedBytes-ChangeBit-EraseBytes-
#699771	REDUCE cov: 1479 ft: 5975 corp: 1270/206Kb lim: 4096 exec/s: 14281 rss: 464Mb L: 13/4038 MS: 1 EraseBytes-
#700997	REDUCE cov: 1479 ft: 5975 corp: 1270/206Kb lim: 4096 exec/s: 14019 rss: 464Mb L: 138/4038 MS: 1 EraseBytes-
#703794	REDUCE cov: 1479 ft: 5975 corp: 1270/206Kb lim: 4096 exec/s: 14075 rss: 464Mb L: 144/4038 MS: 2 ChangeBit-EraseBytes-
#704543	REDUCE cov: 1479 ft: 5975 corp: 1270/206Kb lim: 4096 exec/s: 14090 rss: 464Mb L: 44/4038 MS: 4 ChangeASCIIInt-ShuffleBytes-CopyPart-EraseBytes-
#709809	REDUCE cov: 1479 ft: 5975 corp: 1270/206Kb lim: 4096 exec/s: 14196 rss: 464Mb L: 28/4038 MS: 1 EraseBytes-
#709910	REDUCE cov: 1479 ft: 5975 corp: 1270/206Kb lim: 4096 exec/s: 14198 rss: 464Mb L: 14/4038 MS: 1 EraseBytes-
#710361	REDUCE cov: 1479 ft: 5975 corp: 1270/206Kb lim: 4096 exec/s: 14207 rss: 464Mb L: 24/4038 MS: 1 EraseBytes-
#710417	REDUCE cov: 1479 ft: 5975 corp: 1270/206Kb lim: 4096 exec/s: 14208 rss: 464Mb L: 25/4038 MS: 1 EraseBytes-
#710900	REDUCE cov: 1479 ft: 5975 corp: 1270/206Kb lim: 4096 exec/s: 14218 rss: 464Mb L: 5/4038 MS: 3 ShuffleBytes-CopyPart-EraseBytes-
#711311	REDUCE cov: 1479 ft: 5975 corp: 1270/206Kb lim: 4096 exec/s: 14226 rss: 464Mb L: 9/4038 MS: 1 EraseBytes-
#713062	REDUCE cov: 1479 ft: 5975 corp: 1270/206Kb lim: 4096 exec/s: 14261 rss: 464Mb L: 185/4038 MS: 1 EraseBytes-
#714773	REDUCE cov: 1479 ft: 5975 corp: 1270/206Kb lim: 4096 exec/s: 14015 rss: 464Mb L: 801/4038 MS: 1 EraseBytes-
#715064	REDUCE cov: 1479 ft: 5975 corp: 1270/206Kb lim: 4096 exec/s: 14020 rss: 464Mb L: 360/4038 MS: 1 EraseBytes-
#715760	REDUCE cov: 1479 ft: 5975 corp: 1270/205Kb lim: 4096 exec/s: 14034 rss: 464Mb L: 375/4038 MS: 1 EraseBytes-
#716375	REDUCE cov: 1479 ft: 5975 corp: 1270/205Kb lim: 4096 exec/s: 14046 rss: 464Mb L: 50/4038 MS: 5 ChangeByte-ChangeByte-ChangeByte-EraseBytes-EraseBytes-
#717046	REDUCE cov: 1479 ft: 5975 corp: 1270/205Kb lim: 4096 exec/s: 14059 rss: 464Mb L: 209/4038 MS: 1 EraseBytes-
#717267	REDUCE cov: 1479 ft: 5975 corp: 1270/205Kb lim: 4096 exec/s: 14064 rss: 464Mb L: 485/4038 MS: 1 EraseBytes-
#717658	REDUCE cov: 1479 ft: 5975 corp: 1270/205Kb lim: 4096 exec/s: 14071 rss: 464Mb L: 2529/4038 MS: 1 EraseBytes-
#719851	REDUCE cov: 1479 ft: 5975 corp: 1270/205Kb lim: 4096 exec/s: 14114 rss: 464Mb L: 9/4038 MS: 3 CrossOver-CopyPart-EraseBytes-
#722422	REDUCE cov: 1479 ft: 5975 corp: 1270/205Kb lim: 4096 exec/s: 14165 rss: 464Mb L: 155/4038 MS: 1 EraseBytes-
#723973	REDUCE cov: 1479 ft: 5975 corp: 1270/205Kb lim: 4096 exec/s: 14195 rss: 464Mb L: 14/4038 MS: 1 EraseBytes-
#724059	NEW    cov: 1479 ft: 5984 corp: 1271/207Kb lim: 4096 exec/s: 14197 rss: 464Mb L: 2431/4038 MS: 1 CopyPart-
#724324	REDUCE cov: 1479 ft: 5984 corp: 1271/207Kb lim: 4096 exec/s: 14202 rss: 464Mb L: 92/4038 MS: 5 InsertByte-ChangeBit-CMP-CopyPart-EraseBytes- DE: ")\357\277\275\357\277\275"-
#724375	REDUCE cov: 1479 ft: 5984 corp: 1271/207Kb lim: 4096 exec/s: 14203 rss: 464Mb L: 21/4038 MS: 1 EraseBytes-
#726121	REDUCE cov: 1479 ft: 5984 corp: 1271/206Kb lim: 4096 exec/s: 14237 rss: 464Mb L: 1242/4038 MS: 1 EraseBytes-
#729006	NEW    cov: 1479 ft: 6009 corp: 1272/209Kb lim: 4096 exec/s: 14019 rss: 464Mb L: 2766/4038 MS: 5 ChangeByte-CrossOver-ShuffleBytes-ChangeASCIIInt-CopyPart-
#730213	REDUCE cov: 1479 ft: 6009 corp: 1272/209Kb lim: 4096 exec/s: 14042 rss: 464Mb L: 23/4038 MS: 2 ShuffleBytes-EraseBytes-
#732535	REDUCE cov: 1479 ft: 6009 corp: 1272/209Kb lim: 4096 exec/s: 14087 rss: 464Mb L: 212/4038 MS: 2 ChangeASCIIInt-EraseBytes-
#732631	REDUCE cov: 1479 ft: 6009 corp: 1272/208Kb lim: 4096 exec/s: 14089 rss: 464Mb L: 1462/4038 MS: 1 EraseBytes-
#734442	REDUCE cov: 1479 ft: 6009 corp: 1272/208Kb lim: 4096 exec/s: 14123 rss: 464Mb L: 339/4038 MS: 1 EraseBytes-
#734493	REDUCE cov: 1479 ft: 6009 corp: 1272/208Kb lim: 4096 exec/s: 14124 rss: 464Mb L: 16/4038 MS: 1 EraseBytes-
#734601	REDUCE cov: 1479 ft: 6009 corp: 1272/208Kb lim: 4096 exec/s: 14126 rss: 464Mb L: 67/4038 MS: 3 ShuffleBytes-CMP-EraseBytes- DE: "A\000"-
#735083	REDUCE cov: 1479 ft: 6009 corp: 1272/208Kb lim: 4096 exec/s: 14136 rss: 464Mb L: 798/4038 MS: 2 ChangeASCIIInt-EraseBytes-
#735556	REDUCE cov: 1479 ft: 6009 corp: 1272/208Kb lim: 4096 exec/s: 14145 rss: 464Mb L: 232/4038 MS: 3 PersAutoDict-ShuffleBytes-EraseBytes- DE: ")\357\277\275\357\277\275"-
#737660	REDUCE cov: 1479 ft: 6009 corp: 1272/208Kb lim: 4096 exec/s: 14185 rss: 464Mb L: 19/4038 MS: 4 EraseBytes-ChangeASCIIInt-ChangeASCIIInt-PersAutoDict- DE: "\376\377\377\377"-
#740506	REDUCE cov: 1479 ft: 6009 corp: 1272/208Kb lim: 4096 exec/s: 14240 rss: 464Mb L: 400/4038 MS: 1 EraseBytes-
#741097	NEW    cov: 1479 ft: 6012 corp: 1273/210Kb lim: 4096 exec/s: 14251 rss: 464Mb L: 2766/4038 MS: 1 ChangeBinInt-
#741396	REDUCE cov: 1479 ft: 6012 corp: 1273/210Kb lim: 4096 exec/s: 14257 rss: 464Mb L: 11/4038 MS: 4 InsertByte-ChangeByte-ShuffleBytes-EraseBytes-
#742013	REDUCE cov: 1479 ft: 6012 corp: 1273/210Kb lim: 4096 exec/s: 14269 rss: 464Mb L: 3860/3860 MS: 2 ShuffleBytes-EraseBytes-
#742604	REDUCE cov: 1479 ft: 6012 corp: 1273/210Kb lim: 4096 exec/s: 14280 rss: 464Mb L: 220/3860 MS: 1 EraseBytes-
#743080	REDUCE cov: 1479 ft: 6012 corp: 1273/210Kb lim: 4096 exec/s: 14020 rss: 464Mb L: 57/3860 MS: 1 EraseBytes-
#743833	REDUCE cov: 1479 ft: 6012 corp: 1273/210Kb lim: 4096 exec/s: 14034 rss: 464Mb L: 464/3860 MS: 3 ChangeBit-PersAutoDict-EraseBytes- DE: "\377\377\377\377\377\377\377\007"-
#744529	REDUCE cov: 1479 ft: 6012 corp: 1273/210Kb lim: 4096 exec/s: 14047 rss: 464Mb L: 926/3860 MS: 1 EraseBytes-
#744995	REDUCE cov: 1479 ft: 6012 corp: 1273/210Kb lim: 4096 exec/s: 14056 rss: 464Mb L: 115/3860 MS: 1 EraseBytes-
#745781	REDUCE cov: 1479 ft: 6012 corp: 1273/210Kb lim: 4096 exec/s: 14071 rss: 464Mb L: 3289/3860 MS: 1 EraseBytes-
#750017	REDUCE cov: 1479 ft: 6012 corp: 1273/210Kb lim: 4096 exec/s: 14151 rss: 464Mb L: 19/3860 MS: 1 EraseBytes-
#750183	REDUCE cov: 1479 ft: 6012 corp: 1273/210Kb lim: 4096 exec/s: 14154 rss: 464Mb L: 396/3860 MS: 1 EraseBytes-
#750452	REDUCE cov: 1479 ft: 6012 corp: 1273/210Kb lim: 4096 exec/s: 14159 rss: 464Mb L: 722/3860 MS: 4 CopyPart-ChangeBit-ShuffleBytes-EraseBytes-
#750598	REDUCE cov: 1479 ft: 6012 corp: 1273/210Kb lim: 4096 exec/s: 14162 rss: 464Mb L: 368/3860 MS: 1 EraseBytes-
#751825	REDUCE cov: 1479 ft: 6012 corp: 1273/210Kb lim: 4096 exec/s: 14185 rss: 464Mb L: 856/3860 MS: 2 ShuffleBytes-EraseBytes-
#752701	REDUCE cov: 1479 ft: 6012 corp: 1273/210Kb lim: 4096 exec/s: 14201 rss: 464Mb L: 23/3860 MS: 1 EraseBytes-
#753692	REDUCE cov: 1479 ft: 6012 corp: 1273/210Kb lim: 4096 exec/s: 14220 rss: 464Mb L: 194/3860 MS: 1 EraseBytes-
#753789	REDUCE cov: 1479 ft: 6012 corp: 1273/210Kb lim: 4096 exec/s: 14222 rss: 464Mb L: 33/3860 MS: 2 CMP-EraseBytes- DE: "\377\377\377-"-
#754401	REDUCE cov: 1479 ft: 6012 corp: 1273/210Kb lim: 4096 exec/s: 14233 rss: 464Mb L: 146/3860 MS: 2 CMP-EraseBytes- DE: "instance"-
#754679	REDUCE cov: 1479 ft: 6012 corp: 1273/210Kb lim: 4096 exec/s: 14239 rss: 464Mb L: 432/3860 MS: 3 EraseBytes-ChangeBinInt-CopyPart-
#754927	REDUCE cov: 1479 ft: 6012 corp: 1273/210Kb lim: 4096 exec/s: 14243 rss: 464Mb L: 221/3860 MS: 3 ChangeByte-ChangeASCIIInt-EraseBytes-
#756838	REDUCE cov: 1479 ft: 6012 corp: 1273/210Kb lim: 4096 exec/s: 14279 rss: 464Mb L: 22/3860 MS: 1 EraseBytes-
#757109	REDUCE cov: 1479 ft: 6012 corp: 1273/210Kb lim: 4096 exec/s: 14285 rss: 464Mb L: 14/3860 MS: 1 EraseBytes-
#757706	REDUCE cov: 1479 ft: 6012 corp: 1273/210Kb lim: 4096 exec/s: 14031 rss: 464Mb L: 181/3860 MS: 2 InsertByte-EraseBytes-
#759612	REDUCE cov: 1479 ft: 6012 corp: 1273/210Kb lim: 4096 exec/s: 14066 rss: 464Mb L: 39/3860 MS: 1 EraseBytes-
#764429	REDUCE cov: 1479 ft: 6012 corp: 1273/209Kb lim: 4096 exec/s: 14156 rss: 464Mb L: 364/3860 MS: 1 EraseBytes-
#766005	REDUCE cov: 1479 ft: 6012 corp: 1273/209Kb lim: 4096 exec/s: 14185 rss: 464Mb L: 1106/3860 MS: 1 EraseBytes-
#766067	REDUCE cov: 1479 ft: 6012 corp: 1273/209Kb lim: 4096 exec/s: 14186 rss: 464Mb L: 47/3860 MS: 2 EraseBytes-CopyPart-
#766748	NEW    cov: 1479 ft: 6050 corp: 1274/213Kb lim: 4096 exec/s: 14199 rss: 464Mb L: 3872/3872 MS: 1 CopyPart-
#767665	REDUCE cov: 1479 ft: 6050 corp: 1274/213Kb lim: 4096 exec/s: 14216 rss: 464Mb L: 1408/3872 MS: 2 ChangeASCIIInt-EraseBytes-
#768281	REDUCE cov: 1479 ft: 6050 corp: 1274/213Kb lim: 4096 exec/s: 14227 rss: 464Mb L: 7/3872 MS: 1 EraseBytes-
#768677	REDUCE cov: 1479 ft: 6050 corp: 1274/213Kb lim: 4096 exec/s: 14234 rss: 464Mb L: 21/3872 MS: 1 EraseBytes-
#769423	REDUCE cov: 1479 ft: 6050 corp: 1274/213Kb lim: 4096 exec/s: 14248 rss: 464Mb L: 1090/3872 MS: 1 EraseBytes-
#771000	REDUCE cov: 1479 ft: 6050 corp: 1274/213Kb lim: 4096 exec/s: 14277 rss: 464Mb L: 75/3872 MS: 2 CopyPart-EraseBytes-
#772076	REDUCE cov: 1479 ft: 6050 corp: 1274/213Kb lim: 4096 exec/s: 14037 rss: 464Mb L: 1874/3872 MS: 1 EraseBytes-
#775102	REDUCE cov: 1479 ft: 6050 corp: 1274/213Kb lim: 4096 exec/s: 14092 rss: 464Mb L: 1598/3872 MS: 1 EraseBytes-
#775573	NEW    cov: 1480 ft: 6051 corp: 1275/213Kb lim: 4096 exec/s: 14101 rss: 464Mb L: 366/3872 MS: 1 CopyPart-
#775845	REDUCE cov: 1480 ft: 6051 corp: 1275/213Kb lim: 4096 exec/s: 14106 rss: 464Mb L: 172/3872 MS: 2 ChangeByte-EraseBytes-
#776051	NEW    cov: 1480 ft: 6052 corp: 1276/217Kb lim: 4096 exec/s: 14110 rss: 464Mb L: 3906/3906 MS: 1 InsertRepeatedBytes-
#776877	NEW    cov: 1480 ft: 6053 corp: 1277/220Kb lim: 4096 exec/s: 14125 rss: 464Mb L: 3906/3906 MS: 1 CMP- DE: "#)\357\277\275 "-
#778089	REDUCE cov: 1480 ft: 6053 corp: 1277/220Kb lim: 4096 exec/s: 14147 rss: 464Mb L: 19/3906 MS: 1 EraseBytes-
#781777	REDUCE cov: 1480 ft: 6053 corp: 1277/220Kb lim: 4096 exec/s: 14214 rss: 464Mb L: 674/3906 MS: 3 CopyPart-ChangeBinInt-EraseBytes-
#784083	REDUCE cov: 1480 ft: 6053 corp: 1277/220Kb lim: 4096 exec/s: 14001 rss: 464Mb L: 928/3906 MS: 1 EraseBytes-
#784949	REDUCE cov: 1480 ft: 6053 corp: 1277/220Kb lim: 4096 exec/s: 14016 rss: 465Mb L: 24/3906 MS: 1 EraseBytes-
#786012	REDUCE cov: 1480 ft: 6053 corp: 1277/220Kb lim: 4096 exec/s: 14035 rss: 465Mb L: 74/3906 MS: 3 CopyPart-CrossOver-EraseBytes-
#787018	NEW    cov: 1480 ft: 6057 corp: 1278/224Kb lim: 4096 exec/s: 14053 rss: 465Mb L: 3906/3906 MS: 1 PersAutoDict- DE: "\025\000\000\000\000\000\000\000"-
#788630	REDUCE cov: 1480 ft: 6057 corp: 1278/224Kb lim: 4096 exec/s: 14082 rss: 465Mb L: 1027/3906 MS: 1 EraseBytes-
#789498	NEW    cov: 1480 ft: 6058 corp: 1279/228Kb lim: 4096 exec/s: 14098 rss: 465Mb L: 3910/3910 MS: 3 PersAutoDict-ShuffleBytes-CrossOver- DE: "code"-
#790420	REDUCE cov: 1480 ft: 6058 corp: 1279/228Kb lim: 4096 exec/s: 14114 rss: 465Mb L: 18/3910 MS: 2 InsertRepeatedBytes-EraseBytes-
#791656	REDUCE cov: 1480 ft: 6058 corp: 1279/227Kb lim: 4096 exec/s: 14136 rss: 465Mb L: 614/3910 MS: 1 EraseBytes-
#793727	REDUCE cov: 1480 ft: 6058 corp: 1279/227Kb lim: 4096 exec/s: 14173 rss: 465Mb L: 1402/3910 MS: 1 EraseBytes-
#794528	REDUCE cov: 1480 ft: 6058 corp: 1279/227Kb lim: 4096 exec/s: 14188 rss: 465Mb L: 2984/3910 MS: 1 EraseBytes-
#794709	REDUCE cov: 1480 ft: 6058 corp: 1279/227Kb lim: 4096 exec/s: 14191 rss: 465Mb L: 316/3910 MS: 1 EraseBytes-
#796506	REDUCE cov: 1480 ft: 6058 corp: 1279/227Kb lim: 4096 exec/s: 13973 rss: 465Mb L: 15/3910 MS: 2 ChangeBit-EraseBytes-
#798430	REDUCE cov: 1480 ft: 6058 corp: 1279/227Kb lim: 4096 exec/s: 14007 rss: 465Mb L: 64/3910 MS: 4 InsertRepeatedBytes-CrossOver-ChangeBinInt-EraseBytes-
#799071	REDUCE cov: 1480 ft: 6058 corp: 1279/227Kb lim: 4096 exec/s: 14018 rss: 465Mb L: 815/3910 MS: 1 EraseBytes-
#799087	REDUCE cov: 1480 ft: 6058 corp: 1279/227Kb lim: 4096 exec/s: 14019 rss: 465Mb L: 25/3910 MS: 1 EraseBytes-
#800283	REDUCE cov: 1480 ft: 6058 corp: 1279/227Kb lim: 4096 exec/s: 14040 rss: 465Mb L: 265/3910 MS: 1 EraseBytes-
#800369	REDUCE cov: 1480 ft: 6058 corp: 1279/227Kb lim: 4096 exec/s: 14041 rss: 465Mb L: 32/3910 MS: 1 EraseBytes-
#801355	REDUCE cov: 1480 ft: 6058 corp: 1279/227Kb lim: 4096 exec/s: 14058 rss: 465Mb L: 944/3910 MS: 1 EraseBytes-
#802891	REDUCE cov: 1480 ft: 6058 corp: 1279/227Kb lim: 4096 exec/s: 14085 rss: 465Mb L: 206/3910 MS: 1 EraseBytes-
#803449	REDUCE cov: 1480 ft: 6058 corp: 1279/227Kb lim: 4096 exec/s: 14095 rss: 465Mb L: 9/3910 MS: 3 ChangeASCIIInt-ChangeASCIIInt-EraseBytes-
#804385	REDUCE cov: 1480 ft: 6058 corp: 1279/227Kb lim: 4096 exec/s: 14112 rss: 465Mb L: 200/3910 MS: 1 EraseBytes-
#805366	REDUCE cov: 1480 ft: 6058 corp: 1279/227Kb lim: 4096 exec/s: 14129 rss: 465Mb L: 34/3910 MS: 1 EraseBytes-
#806027	REDUCE cov: 1480 ft: 6058 corp: 1279/227Kb lim: 4096 exec/s: 14140 rss: 465Mb L: 9/3910 MS: 1 EraseBytes-
#806289	REDUCE cov: 1480 ft: 6058 corp: 1279/227Kb lim: 4096 exec/s: 14145 rss: 465Mb L: 190/3910 MS: 2 ShuffleBytes-EraseBytes-
#806910	REDUCE cov: 1480 ft: 6058 corp: 1279/227Kb lim: 4096 exec/s: 14156 rss: 465Mb L: 14/3910 MS: 1 EraseBytes-
#807342	REDUCE cov: 1480 ft: 6058 corp: 1279/227Kb lim: 4096 exec/s: 14163 rss: 465Mb L: 2411/3910 MS: 2 ChangeByte-EraseBytes-
#808839	REDUCE cov: 1480 ft: 6058 corp: 1279/227Kb lim: 4096 exec/s: 14190 rss: 465Mb L: 78/3910 MS: 2 PersAutoDict-EraseBytes- DE: "\377\377\377\364"-
#811746	REDUCE cov: 1480 ft: 6058 corp: 1279/227Kb lim: 4096 exec/s: 13995 rss: 465Mb L: 1465/3910 MS: 2 ChangeBinInt-EraseBytes-
#812259	NEW    cov: 1480 ft: 6059 corp: 1280/230Kb lim: 4096 exec/s: 14004 rss: 465Mb L: 3863/3910 MS: 3 ChangeByte-ChangeByte-EraseBytes-
#812401	REDUCE cov: 1480 ft: 6059 corp: 1280/230Kb lim: 4096 exec/s: 14006 rss: 465Mb L: 37/3910 MS: 2 ChangeBit-EraseBytes-
#819129	REDUCE cov: 1480 ft: 6059 corp: 1280/230Kb lim: 4096 exec/s: 14122 rss: 465Mb L: 246/3910 MS: 2 PersAutoDict-EraseBytes- DE: "\357\277\275\357\277\275*"-
#819537	REDUCE cov: 1480 ft: 6059 corp: 1280/230Kb lim: 4096 exec/s: 14129 rss: 465Mb L: 1133/3910 MS: 3 CopyPart-EraseBytes-EraseBytes-
#821324	REDUCE cov: 1480 ft: 6059 corp: 1280/230Kb lim: 4096 exec/s: 14160 rss: 465Mb L: 21/3910 MS: 2 ShuffleBytes-EraseBytes-
#822093	REDUCE cov: 1480 ft: 6059 corp: 1280/230Kb lim: 4096 exec/s: 14174 rss: 465Mb L: 83/3910 MS: 4 ShuffleBytes-ChangeBit-ChangeBinInt-EraseBytes-
#823844	REDUCE cov: 1480 ft: 6059 corp: 1280/230Kb lim: 4096 exec/s: 13963 rss: 465Mb L: 3848/3910 MS: 1 EraseBytes-
#823975	REDUCE cov: 1480 ft: 6059 corp: 1280/230Kb lim: 4096 exec/s: 13965 rss: 465Mb L: 44/3910 MS: 1 EraseBytes-
#824207	REDUCE cov: 1480 ft: 6061 corp: 1281/230Kb lim: 4096 exec/s: 13969 rss: 465Mb L: 167/3910 MS: 2 ChangeBit-CopyPart-
#824344	NEW    cov: 1480 ft: 6063 corp: 1282/234Kb lim: 4096 exec/s: 13971 rss: 465Mb L: 3675/3910 MS: 2 CrossOver-CopyPart-
#825156	REDUCE cov: 1480 ft: 6063 corp: 1282/234Kb lim: 4096 exec/s: 13985 rss: 465Mb L: 341/3910 MS: 2 ChangeBinInt-EraseBytes-
#826392	REDUCE cov: 1480 ft: 6063 corp: 1282/234Kb lim: 4096 exec/s: 14006 rss: 465Mb L: 3698/3910 MS: 1 EraseBytes-
#828910	NEW    cov: 1480 ft: 6066 corp: 1283/234Kb lim: 4096 exec/s: 14049 rss: 465Mb L: 462/3910 MS: 3 ChangeByte-InsertRepeatedBytes-CopyPart-
#829206	REDUCE cov: 1480 ft: 6066 corp: 1283/234Kb lim: 4096 exec/s: 14054 rss: 465Mb L: 19/3910 MS: 1 EraseBytes-
#829882	REDUCE cov: 1480 ft: 6066 corp: 1283/234Kb lim: 4096 exec/s: 14065 rss: 465Mb L: 45/3910 MS: 1 EraseBytes-
#829967	REDUCE cov: 1480 ft: 6066 corp: 1283/234Kb lim: 4096 exec/s: 14067 rss: 465Mb L: 635/3910 MS: 5 ChangeASCIIInt-InsertByte-InsertByte-InsertByte-EraseBytes-
#830268	REDUCE cov: 1480 ft: 6066 corp: 1283/234Kb lim: 4096 exec/s: 14072 rss: 465Mb L: 41/3910 MS: 1 EraseBytes-
#831305	REDUCE cov: 1480 ft: 6066 corp: 1283/234Kb lim: 4096 exec/s: 14089 rss: 465Mb L: 11/3910 MS: 2 ShuffleBytes-EraseBytes-
#831592	REDUCE cov: 1480 ft: 6066 corp: 1283/234Kb lim: 4096 exec/s: 14094 rss: 465Mb L: 289/3910 MS: 2 ChangeASCIIInt-EraseBytes-
	NEW_FUNC[1/1]: 0x5e9a684c7150  (/home/ther12k/Workspace/Learning/velqu/fuzz/target/x86_64-unknown-linux-gnu/release/codec_encoders+0x51f150) (BuildId: ffbab5315636f10f79c36e1592fe877e09efe821)
#832143	REDUCE cov: 1500 ft: 6094 corp: 1284/234Kb lim: 4096 exec/s: 14104 rss: 466Mb L: 10/3910 MS: 1 ChangeBinInt-
#832969	NEW    cov: 1500 ft: 6095 corp: 1285/234Kb lim: 4096 exec/s: 14118 rss: 466Mb L: 98/3910 MS: 1 CopyPart-
#834355	REDUCE cov: 1500 ft: 6095 corp: 1285/234Kb lim: 4096 exec/s: 14141 rss: 466Mb L: 20/3910 MS: 1 EraseBytes-
#835396	REDUCE cov: 1500 ft: 6095 corp: 1285/234Kb lim: 4096 exec/s: 14159 rss: 466Mb L: 49/3910 MS: 1 EraseBytes-
#835460	REDUCE cov: 1500 ft: 6095 corp: 1285/234Kb lim: 4096 exec/s: 14160 rss: 466Mb L: 61/3910 MS: 4 InsertByte-EraseBytes-InsertByte-InsertRepeatedBytes-
#836182	NEW    cov: 1502 ft: 6097 corp: 1286/238Kb lim: 4096 exec/s: 13936 rss: 466Mb L: 3906/3910 MS: 2 ChangeBit-CopyPart-
#841338	REDUCE cov: 1502 ft: 6097 corp: 1286/237Kb lim: 4096 exec/s: 14022 rss: 466Mb L: 2961/3910 MS: 1 EraseBytes-
#843375	REDUCE cov: 1502 ft: 6097 corp: 1286/237Kb lim: 4096 exec/s: 14056 rss: 467Mb L: 453/3910 MS: 2 ChangeByte-EraseBytes-
#845687	REDUCE cov: 1502 ft: 6097 corp: 1286/237Kb lim: 4096 exec/s: 14094 rss: 467Mb L: 1438/3910 MS: 2 ChangeASCIIInt-EraseBytes-
#845840	REDUCE cov: 1502 ft: 6097 corp: 1286/237Kb lim: 4096 exec/s: 14097 rss: 467Mb L: 403/3910 MS: 3 CopyPart-ChangeBinInt-EraseBytes-
#846011	NEW    cov: 1502 ft: 6098 corp: 1287/237Kb lim: 4096 exec/s: 14100 rss: 467Mb L: 367/3910 MS: 1 InsertByte-
#847567	REDUCE cov: 1502 ft: 6098 corp: 1287/237Kb lim: 4096 exec/s: 14126 rss: 467Mb L: 677/3910 MS: 1 EraseBytes-
#849363	REDUCE cov: 1502 ft: 6098 corp: 1287/237Kb lim: 4096 exec/s: 13923 rss: 467Mb L: 127/3910 MS: 1 EraseBytes-
#850034	REDUCE cov: 1502 ft: 6098 corp: 1287/237Kb lim: 4096 exec/s: 13934 rss: 467Mb L: 11/3910 MS: 1 EraseBytes-
#850920	REDUCE cov: 1502 ft: 6098 corp: 1287/237Kb lim: 4096 exec/s: 13949 rss: 467Mb L: 2323/3910 MS: 1 EraseBytes-
#851386	REDUCE cov: 1502 ft: 6098 corp: 1287/237Kb lim: 4096 exec/s: 13957 rss: 467Mb L: 23/3910 MS: 1 EraseBytes-
#853183	REDUCE cov: 1502 ft: 6098 corp: 1287/237Kb lim: 4096 exec/s: 13986 rss: 467Mb L: 189/3910 MS: 2 ShuffleBytes-EraseBytes-
#853219	REDUCE cov: 1502 ft: 6098 corp: 1287/237Kb lim: 4096 exec/s: 13987 rss: 467Mb L: 459/3910 MS: 1 EraseBytes-
#855127	REDUCE cov: 1502 ft: 6098 corp: 1287/237Kb lim: 4096 exec/s: 14018 rss: 467Mb L: 1367/3910 MS: 3 ChangeASCIIInt-ChangeByte-EraseBytes-
#855363	REDUCE cov: 1502 ft: 6098 corp: 1287/237Kb lim: 4096 exec/s: 14022 rss: 467Mb L: 16/3910 MS: 1 EraseBytes-
#855534	REDUCE cov: 1502 ft: 6098 corp: 1287/237Kb lim: 4096 exec/s: 14025 rss: 467Mb L: 22/3910 MS: 1 EraseBytes-
#856410	REDUCE cov: 1502 ft: 6098 corp: 1287/237Kb lim: 4096 exec/s: 14039 rss: 467Mb L: 60/3910 MS: 1 EraseBytes-
#856561	REDUCE cov: 1502 ft: 6098 corp: 1287/237Kb lim: 4096 exec/s: 14041 rss: 467Mb L: 210/3910 MS: 1 EraseBytes-
#856839	REDUCE cov: 1502 ft: 6098 corp: 1287/237Kb lim: 4096 exec/s: 14046 rss: 467Mb L: 200/3910 MS: 3 ShuffleBytes-CrossOver-EraseBytes-
#858111	REDUCE cov: 1502 ft: 6098 corp: 1287/237Kb lim: 4096 exec/s: 14067 rss: 467Mb L: 350/3910 MS: 2 PersAutoDict-EraseBytes- DE: "\377\377\377-"-
#859373	REDUCE cov: 1502 ft: 6098 corp: 1287/237Kb lim: 4096 exec/s: 14088 rss: 467Mb L: 208/3910 MS: 2 InsertByte-EraseBytes-
#860069	REDUCE cov: 1502 ft: 6098 corp: 1287/236Kb lim: 4096 exec/s: 14099 rss: 467Mb L: 406/3910 MS: 1 EraseBytes-
#860137	REDUCE cov: 1502 ft: 6098 corp: 1287/236Kb lim: 4096 exec/s: 14100 rss: 467Mb L: 585/3910 MS: 3 EraseBytes-InsertRepeatedBytes-CopyPart-
#860969	REDUCE cov: 1502 ft: 6098 corp: 1287/236Kb lim: 4096 exec/s: 14114 rss: 467Mb L: 11/3910 MS: 2 ChangeBit-EraseBytes-
#863021	REDUCE cov: 1502 ft: 6098 corp: 1287/236Kb lim: 4096 exec/s: 13919 rss: 467Mb L: 977/3910 MS: 2 ShuffleBytes-EraseBytes-
#864336	REDUCE cov: 1502 ft: 6098 corp: 1287/236Kb lim: 4096 exec/s: 13940 rss: 467Mb L: 1820/3910 MS: 5 ChangeASCIIInt-ChangeByte-InsertRepeatedBytes-CopyPart-EraseBytes-
#864402	REDUCE cov: 1502 ft: 6098 corp: 1287/236Kb lim: 4096 exec/s: 13941 rss: 467Mb L: 22/3910 MS: 1 EraseBytes-
#864990	REDUCE cov: 1502 ft: 6098 corp: 1287/236Kb lim: 4096 exec/s: 13951 rss: 467Mb L: 4/3910 MS: 3 InsertByte-InsertByte-EraseBytes-
#867583	REDUCE cov: 1502 ft: 6098 corp: 1287/236Kb lim: 4096 exec/s: 13993 rss: 467Mb L: 81/3910 MS: 3 ChangeBit-EraseBytes-CopyPart-
#868294	REDUCE cov: 1502 ft: 6098 corp: 1287/236Kb lim: 4096 exec/s: 14004 rss: 467Mb L: 32/3910 MS: 1 EraseBytes-
#869375	REDUCE cov: 1502 ft: 6098 corp: 1287/236Kb lim: 4096 exec/s: 13799 rss: 467Mb L: 341/3910 MS: 1 EraseBytes-
#869458	REDUCE cov: 1502 ft: 6098 corp: 1287/236Kb lim: 4096 exec/s: 13800 rss: 467Mb L: 349/3910 MS: 3 ChangeASCIIInt-ShuffleBytes-EraseBytes-
#871125	REDUCE cov: 1502 ft: 6098 corp: 1287/236Kb lim: 4096 exec/s: 13827 rss: 467Mb L: 22/3910 MS: 2 EraseBytes-ChangeByte-
#871408	REDUCE cov: 1502 ft: 6098 corp: 1287/236Kb lim: 4096 exec/s: 13831 rss: 467Mb L: 48/3910 MS: 3 CopyPart-InsertByte-EraseBytes-
#871955	REDUCE cov: 1502 ft: 6098 corp: 1287/236Kb lim: 4096 exec/s: 13840 rss: 467Mb L: 16/3910 MS: 2 CopyPart-EraseBytes-
#873082	REDUCE cov: 1502 ft: 6098 corp: 1287/236Kb lim: 4096 exec/s: 13858 rss: 467Mb L: 131/3910 MS: 2 ShuffleBytes-EraseBytes-
#873942	NEW    cov: 1502 ft: 6099 corp: 1288/240Kb lim: 4096 exec/s: 13872 rss: 467Mb L: 4088/4088 MS: 5 InsertByte-InsertByte-ChangeBinInt-ChangeByte-CopyPart-
#874448	REDUCE cov: 1502 ft: 6099 corp: 1288/240Kb lim: 4096 exec/s: 13880 rss: 467Mb L: 12/4088 MS: 1 EraseBytes-
#875906	REDUCE cov: 1502 ft: 6099 corp: 1288/240Kb lim: 4096 exec/s: 13903 rss: 467Mb L: 132/4088 MS: 3 ChangeBit-CMP-EraseBytes- DE: "\000\000\000\003"-
#876072	NEW    cov: 1502 ft: 6100 corp: 1289/240Kb lim: 4096 exec/s: 13905 rss: 467Mb L: 144/4088 MS: 1 CopyPart-
#876603	REDUCE cov: 1502 ft: 6100 corp: 1289/240Kb lim: 4096 exec/s: 13914 rss: 467Mb L: 84/4088 MS: 1 EraseBytes-
#876975	REDUCE cov: 1502 ft: 6100 corp: 1289/240Kb lim: 4096 exec/s: 13920 rss: 467Mb L: 639/4088 MS: 2 ChangeASCIIInt-EraseBytes-
#878162	REDUCE cov: 1502 ft: 6100 corp: 1289/240Kb lim: 4096 exec/s: 13939 rss: 467Mb L: 60/4088 MS: 2 CopyPart-EraseBytes-
#879256	REDUCE cov: 1502 ft: 6100 corp: 1289/240Kb lim: 4096 exec/s: 13956 rss: 467Mb L: 381/4088 MS: 4 ChangeASCIIInt-ChangeBit-ChangeASCIIInt-EraseBytes-
#882022	REDUCE cov: 1502 ft: 6100 corp: 1289/240Kb lim: 4096 exec/s: 13781 rss: 467Mb L: 19/4088 MS: 1 EraseBytes-
#882188	REDUCE cov: 1502 ft: 6100 corp: 1289/240Kb lim: 4096 exec/s: 13784 rss: 467Mb L: 1790/4088 MS: 1 EraseBytes-
#882540	REDUCE cov: 1502 ft: 6100 corp: 1289/240Kb lim: 4096 exec/s: 13789 rss: 467Mb L: 13/4088 MS: 2 InsertByte-EraseBytes-
#882597	REDUCE cov: 1502 ft: 6100 corp: 1289/240Kb lim: 4096 exec/s: 13790 rss: 467Mb L: 311/4088 MS: 2 ShuffleBytes-EraseBytes-
#885583	REDUCE cov: 1502 ft: 6101 corp: 1290/242Kb lim: 4096 exec/s: 13837 rss: 467Mb L: 1824/4088 MS: 1 CrossOver-
#886259	NEW    cov: 1502 ft: 6105 corp: 1291/245Kb lim: 4096 exec/s: 13847 rss: 467Mb L: 3509/4088 MS: 1 CopyPart-
#889795	REDUCE cov: 1502 ft: 6105 corp: 1291/245Kb lim: 4096 exec/s: 13903 rss: 467Mb L: 242/4088 MS: 1 EraseBytes-
#890656	REDUCE cov: 1502 ft: 6105 corp: 1291/245Kb lim: 4096 exec/s: 13702 rss: 467Mb L: 16/4088 MS: 1 EraseBytes-
#891992	REDUCE cov: 1502 ft: 6105 corp: 1291/245Kb lim: 4096 exec/s: 13722 rss: 467Mb L: 23/4088 MS: 1 EraseBytes-
#893373	REDUCE cov: 1502 ft: 6105 corp: 1291/245Kb lim: 4096 exec/s: 13744 rss: 467Mb L: 442/4088 MS: 1 EraseBytes-
#893572	REDUCE cov: 1502 ft: 6105 corp: 1291/245Kb lim: 4096 exec/s: 13747 rss: 467Mb L: 40/4088 MS: 4 ChangeASCIIInt-ChangeBit-ShuffleBytes-EraseBytes-
#895369	REDUCE cov: 1502 ft: 6105 corp: 1291/245Kb lim: 4096 exec/s: 13774 rss: 468Mb L: 187/4088 MS: 2 ChangeBit-EraseBytes-
#895936	REDUCE cov: 1502 ft: 6105 corp: 1291/245Kb lim: 4096 exec/s: 13783 rss: 468Mb L: 41/4088 MS: 2 ChangeASCIIInt-EraseBytes-
#896092	REDUCE cov: 1502 ft: 6105 corp: 1291/245Kb lim: 4096 exec/s: 13786 rss: 468Mb L: 147/4088 MS: 1 EraseBytes-
#897003	REDUCE cov: 1502 ft: 6105 corp: 1291/245Kb lim: 4096 exec/s: 13800 rss: 468Mb L: 52/4088 MS: 1 EraseBytes-
#897101	REDUCE cov: 1502 ft: 6105 corp: 1291/244Kb lim: 4096 exec/s: 13801 rss: 468Mb L: 408/4088 MS: 3 CMP-EraseBytes-EraseBytes- DE: "\377\377\377\377\377\377\377\377"-
#897706	REDUCE cov: 1502 ft: 6105 corp: 1291/244Kb lim: 4096 exec/s: 13810 rss: 468Mb L: 3456/4088 MS: 5 ChangeByte-ChangeByte-InsertRepeatedBytes-CopyPart-EraseBytes-
#899418	REDUCE cov: 1502 ft: 6105 corp: 1291/244Kb lim: 4096 exec/s: 13837 rss: 470Mb L: 13/4088 MS: 2 ShuffleBytes-EraseBytes-
#901095	REDUCE cov: 1502 ft: 6105 corp: 1291/244Kb lim: 4096 exec/s: 13863 rss: 470Mb L: 31/4088 MS: 2 ShuffleBytes-EraseBytes-
#901976	REDUCE cov: 1502 ft: 6105 corp: 1291/244Kb lim: 4096 exec/s: 13876 rss: 470Mb L: 315/4088 MS: 1 EraseBytes-
#902189	REDUCE cov: 1502 ft: 6107 corp: 1292/244Kb lim: 4096 exec/s: 13879 rss: 470Mb L: 461/4088 MS: 3 InsertByte-ShuffleBytes-CopyPart-
#903890	REDUCE cov: 1502 ft: 6107 corp: 1292/244Kb lim: 4096 exec/s: 13695 rss: 470Mb L: 303/4088 MS: 1 EraseBytes-
#904081	REDUCE cov: 1502 ft: 6107 corp: 1292/244Kb lim: 4096 exec/s: 13698 rss: 470Mb L: 1381/4088 MS: 1 EraseBytes-
#905533	REDUCE cov: 1502 ft: 6107 corp: 1292/243Kb lim: 4096 exec/s: 13720 rss: 470Mb L: 2602/4088 MS: 2 ShuffleBytes-EraseBytes-
#906595	REDUCE cov: 1502 ft: 6107 corp: 1292/243Kb lim: 4096 exec/s: 13736 rss: 470Mb L: 124/4088 MS: 2 CopyPart-EraseBytes-
#908571	REDUCE cov: 1502 ft: 6107 corp: 1292/243Kb lim: 4096 exec/s: 13766 rss: 470Mb L: 1562/4088 MS: 1 EraseBytes-
#909143	REDUCE cov: 1502 ft: 6107 corp: 1292/243Kb lim: 4096 exec/s: 13774 rss: 470Mb L: 303/4088 MS: 2 CopyPart-EraseBytes-
#909334	REDUCE cov: 1502 ft: 6107 corp: 1292/243Kb lim: 4096 exec/s: 13777 rss: 470Mb L: 130/4088 MS: 1 EraseBytes-
#910891	REDUCE cov: 1502 ft: 6107 corp: 1292/243Kb lim: 4096 exec/s: 13801 rss: 470Mb L: 449/4088 MS: 2 ChangeByte-EraseBytes-
#911903	REDUCE cov: 1502 ft: 6107 corp: 1292/243Kb lim: 4096 exec/s: 13816 rss: 470Mb L: 125/4088 MS: 2 ChangeBinInt-EraseBytes-
#912029	REDUCE cov: 1502 ft: 6107 corp: 1292/243Kb lim: 4096 exec/s: 13818 rss: 470Mb L: 24/4088 MS: 1 EraseBytes-
#913085	REDUCE cov: 1502 ft: 6107 corp: 1292/243Kb lim: 4096 exec/s: 13628 rss: 470Mb L: 359/4088 MS: 1 EraseBytes-
#914231	REDUCE cov: 1502 ft: 6107 corp: 1292/243Kb lim: 4096 exec/s: 13645 rss: 470Mb L: 14/4088 MS: 1 EraseBytes-
#914548	REDUCE cov: 1502 ft: 6107 corp: 1292/243Kb lim: 4096 exec/s: 13649 rss: 470Mb L: 26/4088 MS: 2 CopyPart-EraseBytes-
#915194	REDUCE cov: 1502 ft: 6107 corp: 1292/243Kb lim: 4096 exec/s: 13659 rss: 470Mb L: 49/4088 MS: 1 EraseBytes-
#916462	REDUCE cov: 1502 ft: 6107 corp: 1292/243Kb lim: 4096 exec/s: 13678 rss: 470Mb L: 284/4088 MS: 3 EraseBytes-ChangeASCIIInt-ChangeBit-
#917898	REDUCE cov: 1502 ft: 6107 corp: 1292/243Kb lim: 4096 exec/s: 13699 rss: 470Mb L: 18/4088 MS: 1 EraseBytes-
#918011	REDUCE cov: 1502 ft: 6107 corp: 1292/243Kb lim: 4096 exec/s: 13701 rss: 470Mb L: 1265/4088 MS: 3 CopyPart-InsertByte-EraseBytes-
#919627	REDUCE cov: 1502 ft: 6107 corp: 1292/243Kb lim: 4096 exec/s: 13725 rss: 470Mb L: 26/4088 MS: 1 EraseBytes-
#920129	REDUCE cov: 1502 ft: 6107 corp: 1292/243Kb lim: 4096 exec/s: 13733 rss: 470Mb L: 12/4088 MS: 2 ChangeByte-EraseBytes-
#921079	NEW    cov: 1502 ft: 6108 corp: 1293/247Kb lim: 4096 exec/s: 13747 rss: 470Mb L: 4096/4096 MS: 5 InsertRepeatedBytes-ChangeBinInt-ChangeBit-ChangeBit-CopyPart-
#923975	REDUCE cov: 1502 ft: 6108 corp: 1293/247Kb lim: 4096 exec/s: 13587 rss: 470Mb L: 21/4096 MS: 1 EraseBytes-
#924062	REDUCE cov: 1502 ft: 6108 corp: 1293/247Kb lim: 4096 exec/s: 13589 rss: 470Mb L: 19/4096 MS: 2 EraseBytes-CopyPart-
#928365	NEW    cov: 1502 ft: 6109 corp: 1294/249Kb lim: 4096 exec/s: 13652 rss: 470Mb L: 2117/4096 MS: 3 CrossOver-ChangeASCIIInt-CopyPart-
#928386	REDUCE cov: 1502 ft: 6109 corp: 1294/249Kb lim: 4096 exec/s: 13652 rss: 470Mb L: 20/4096 MS: 1 EraseBytes-
#930277	REDUCE cov: 1502 ft: 6109 corp: 1294/249Kb lim: 4096 exec/s: 13680 rss: 470Mb L: 925/4096 MS: 1 EraseBytes-
#934944	REDUCE cov: 1502 ft: 6109 corp: 1294/248Kb lim: 4096 exec/s: 13749 rss: 470Mb L: 3068/4096 MS: 2 ShuffleBytes-EraseBytes-
#936470	REDUCE cov: 1502 ft: 6109 corp: 1294/248Kb lim: 4096 exec/s: 13572 rss: 470Mb L: 789/4096 MS: 1 EraseBytes-
#939946	REDUCE cov: 1502 ft: 6109 corp: 1294/248Kb lim: 4096 exec/s: 13622 rss: 470Mb L: 129/4096 MS: 1 EraseBytes-
#940053	REDUCE cov: 1502 ft: 6109 corp: 1294/247Kb lim: 4096 exec/s: 13623 rss: 470Mb L: 1583/4096 MS: 2 ChangeBit-EraseBytes-
#940540	REDUCE cov: 1502 ft: 6109 corp: 1294/246Kb lim: 4096 exec/s: 13631 rss: 470Mb L: 2144/4096 MS: 2 ChangeASCIIInt-EraseBytes-
#942562	REDUCE cov: 1502 ft: 6109 corp: 1294/246Kb lim: 4096 exec/s: 13660 rss: 470Mb L: 322/4096 MS: 2 ShuffleBytes-EraseBytes-
#945028	REDUCE cov: 1502 ft: 6109 corp: 1294/246Kb lim: 4096 exec/s: 13696 rss: 471Mb L: 22/4096 MS: 1 EraseBytes-
#945639	REDUCE cov: 1502 ft: 6109 corp: 1294/246Kb lim: 4096 exec/s: 13704 rss: 471Mb L: 281/4096 MS: 1 EraseBytes-
#946615	REDUCE cov: 1502 ft: 6109 corp: 1294/246Kb lim: 4096 exec/s: 13523 rss: 471Mb L: 425/4096 MS: 1 EraseBytes-
#948381	REDUCE cov: 1502 ft: 6109 corp: 1294/245Kb lim: 4096 exec/s: 13548 rss: 471Mb L: 1121/4096 MS: 1 EraseBytes-
#948742	REDUCE cov: 1502 ft: 6109 corp: 1294/245Kb lim: 4096 exec/s: 13553 rss: 471Mb L: 18/4096 MS: 1 EraseBytes-
#948890	REDUCE cov: 1502 ft: 6109 corp: 1294/245Kb lim: 4096 exec/s: 13555 rss: 471Mb L: 125/4096 MS: 3 ChangeBit-ChangeASCIIInt-EraseBytes-
#948892	REDUCE cov: 1502 ft: 6109 corp: 1294/245Kb lim: 4096 exec/s: 13555 rss: 471Mb L: 14/4096 MS: 2 CopyPart-EraseBytes-
#949948	REDUCE cov: 1502 ft: 6109 corp: 1294/245Kb lim: 4096 exec/s: 13570 rss: 471Mb L: 32/4096 MS: 1 EraseBytes-
#950264	REDUCE cov: 1502 ft: 6109 corp: 1294/245Kb lim: 4096 exec/s: 13575 rss: 471Mb L: 21/4096 MS: 1 EraseBytes-
#950571	REDUCE cov: 1502 ft: 6109 corp: 1294/245Kb lim: 4096 exec/s: 13579 rss: 472Mb L: 230/4096 MS: 2 ShuffleBytes-EraseBytes-
#952468	REDUCE cov: 1502 ft: 6109 corp: 1294/245Kb lim: 4096 exec/s: 13606 rss: 472Mb L: 311/4096 MS: 2 ShuffleBytes-EraseBytes-
#953285	REDUCE cov: 1502 ft: 6109 corp: 1294/245Kb lim: 4096 exec/s: 13618 rss: 472Mb L: 2227/4096 MS: 1 EraseBytes-
#954076	REDUCE cov: 1502 ft: 6109 corp: 1294/245Kb lim: 4096 exec/s: 13629 rss: 472Mb L: 79/4096 MS: 1 EraseBytes-
#956097	REDUCE cov: 1502 ft: 6110 corp: 1295/245Kb lim: 4096 exec/s: 13466 rss: 472Mb L: 626/4096 MS: 1 CopyPart-
#958208	REDUCE cov: 1502 ft: 6110 corp: 1295/245Kb lim: 4096 exec/s: 13495 rss: 472Mb L: 2628/4096 MS: 1 EraseBytes-
#958459	REDUCE cov: 1502 ft: 6110 corp: 1295/244Kb lim: 4096 exec/s: 13499 rss: 472Mb L: 683/4096 MS: 1 EraseBytes-
#959195	REDUCE cov: 1502 ft: 6110 corp: 1295/244Kb lim: 4096 exec/s: 13509 rss: 472Mb L: 589/4096 MS: 1 EraseBytes-
#960752	REDUCE cov: 1502 ft: 6110 corp: 1295/244Kb lim: 4096 exec/s: 13531 rss: 472Mb L: 1432/4096 MS: 2 ChangeBit-EraseBytes-
#961118	REDUCE cov: 1502 ft: 6110 corp: 1295/244Kb lim: 4096 exec/s: 13536 rss: 472Mb L: 125/4096 MS: 1 EraseBytes-
#961470	REDUCE cov: 1502 ft: 6110 corp: 1295/244Kb lim: 4096 exec/s: 13541 rss: 472Mb L: 83/4096 MS: 2 ChangeASCIIInt-EraseBytes-
#965066	REDUCE cov: 1502 ft: 6110 corp: 1295/244Kb lim: 4096 exec/s: 13403 rss: 473Mb L: 320/4096 MS: 1 EraseBytes-
#965573	REDUCE cov: 1502 ft: 6110 corp: 1295/244Kb lim: 4096 exec/s: 13410 rss: 473Mb L: 358/4096 MS: 2 CMP-EraseBytes- DE: "2\357\277\275#\357\277\275"-
#966264	REDUCE cov: 1502 ft: 6110 corp: 1295/244Kb lim: 4096 exec/s: 13420 rss: 473Mb L: 28/4096 MS: 1 EraseBytes-
#967920	REDUCE cov: 1502 ft: 6110 corp: 1295/244Kb lim: 4096 exec/s: 13443 rss: 473Mb L: 340/4096 MS: 1 EraseBytes-
#968619	REDUCE cov: 1502 ft: 6110 corp: 1295/244Kb lim: 4096 exec/s: 13453 rss: 473Mb L: 91/4096 MS: 4 ChangeByte-ChangeByte-ChangeBit-EraseBytes-
#969121	REDUCE cov: 1502 ft: 6116 corp: 1296/248Kb lim: 4096 exec/s: 13460 rss: 473Mb L: 3719/4096 MS: 2 CopyPart-CopyPart-
#969839	REDUCE cov: 1502 ft: 6116 corp: 1296/247Kb lim: 4096 exec/s: 13469 rss: 473Mb L: 1353/4096 MS: 3 ChangeByte-CopyPart-EraseBytes-
#979445	REDUCE cov: 1502 ft: 6116 corp: 1296/247Kb lim: 4096 exec/s: 13235 rss: 473Mb L: 9/4096 MS: 1 EraseBytes-
#980176	REDUCE cov: 1502 ft: 6116 corp: 1296/247Kb lim: 4096 exec/s: 13245 rss: 473Mb L: 87/4096 MS: 1 EraseBytes-
#981549	REDUCE cov: 1502 ft: 6116 corp: 1296/247Kb lim: 4096 exec/s: 13264 rss: 473Mb L: 1895/4096 MS: 3 ChangeASCIIInt-ShuffleBytes-EraseBytes-
#983760	REDUCE cov: 1502 ft: 6116 corp: 1296/247Kb lim: 4096 exec/s: 13294 rss: 473Mb L: 12/4096 MS: 1 EraseBytes-
#983797	REDUCE cov: 1502 ft: 6116 corp: 1296/247Kb lim: 4096 exec/s: 13294 rss: 473Mb L: 2753/4096 MS: 2 CopyPart-EraseBytes-
#984183	REDUCE cov: 1502 ft: 6116 corp: 1296/247Kb lim: 4096 exec/s: 13299 rss: 473Mb L: 2053/4096 MS: 1 EraseBytes-
#984494	REDUCE cov: 1502 ft: 6116 corp: 1296/247Kb lim: 4096 exec/s: 13303 rss: 473Mb L: 546/4096 MS: 1 EraseBytes-
#985235	REDUCE cov: 1502 ft: 6116 corp: 1296/247Kb lim: 4096 exec/s: 13136 rss: 473Mb L: 11/4096 MS: 1 EraseBytes-
#985774	REDUCE cov: 1502 ft: 6116 corp: 1296/247Kb lim: 4096 exec/s: 13143 rss: 473Mb L: 890/4096 MS: 4 ShuffleBytes-PersAutoDict-PersAutoDict-EraseBytes- DE: "A\000"-")\357\277\275\357\277\275"-
#987850	REDUCE cov: 1502 ft: 6116 corp: 1296/247Kb lim: 4096 exec/s: 13171 rss: 473Mb L: 22/4096 MS: 1 EraseBytes-
#991306	REDUCE cov: 1502 ft: 6116 corp: 1296/247Kb lim: 4096 exec/s: 13217 rss: 473Mb L: 849/4096 MS: 1 EraseBytes-
#995597	REDUCE cov: 1502 ft: 6116 corp: 1296/247Kb lim: 4096 exec/s: 13099 rss: 473Mb L: 2372/4096 MS: 1 EraseBytes-
#996043	REDUCE cov: 1502 ft: 6116 corp: 1296/246Kb lim: 4096 exec/s: 13105 rss: 473Mb L: 2726/4096 MS: 1 EraseBytes-
#997079	REDUCE cov: 1502 ft: 6116 corp: 1296/246Kb lim: 4096 exec/s: 13119 rss: 473Mb L: 11/4096 MS: 1 EraseBytes-
#997815	REDUCE cov: 1502 ft: 6116 corp: 1296/246Kb lim: 4096 exec/s: 13129 rss: 473Mb L: 16/4096 MS: 1 EraseBytes-
#999342	REDUCE cov: 1502 ft: 6116 corp: 1296/246Kb lim: 4096 exec/s: 13149 rss: 473Mb L: 2350/4096 MS: 2 ChangeASCIIInt-EraseBytes-
#1000063	REDUCE cov: 1502 ft: 6116 corp: 1296/246Kb lim: 4096 exec/s: 13158 rss: 473Mb L: 22/4096 MS: 1 EraseBytes-
#1000655	REDUCE cov: 1502 ft: 6116 corp: 1296/246Kb lim: 4096 exec/s: 13166 rss: 473Mb L: 46/4096 MS: 2 ChangeBit-EraseBytes-
#1000811	REDUCE cov: 1502 ft: 6116 corp: 1296/246Kb lim: 4096 exec/s: 13168 rss: 473Mb L: 67/4096 MS: 1 EraseBytes-
#1000902	REDUCE cov: 1502 ft: 6116 corp: 1296/246Kb lim: 4096 exec/s: 13169 rss: 473Mb L: 74/4096 MS: 1 EraseBytes-
#1002573	REDUCE cov: 1502 ft: 6116 corp: 1296/246Kb lim: 4096 exec/s: 13020 rss: 473Mb L: 2379/4096 MS: 1 EraseBytes-
#1002621	REDUCE cov: 1502 ft: 6116 corp: 1296/246Kb lim: 4096 exec/s: 13021 rss: 473Mb L: 1521/4096 MS: 3 EraseBytes-InsertRepeatedBytes-ShuffleBytes-
#1002762	REDUCE cov: 1502 ft: 6116 corp: 1296/246Kb lim: 4096 exec/s: 13022 rss: 473Mb L: 18/4096 MS: 1 EraseBytes-
#1004703	REDUCE cov: 1502 ft: 6116 corp: 1296/246Kb lim: 4096 exec/s: 13048 rss: 473Mb L: 25/4096 MS: 1 EraseBytes-
#1005294	REDUCE cov: 1502 ft: 6116 corp: 1296/246Kb lim: 4096 exec/s: 13055 rss: 473Mb L: 67/4096 MS: 1 EraseBytes-
#1005340	REDUCE cov: 1502 ft: 6116 corp: 1296/246Kb lim: 4096 exec/s: 13056 rss: 473Mb L: 3067/4096 MS: 1 EraseBytes-
#1005416	REDUCE cov: 1502 ft: 6116 corp: 1296/246Kb lim: 4096 exec/s: 13057 rss: 473Mb L: 39/4096 MS: 1 EraseBytes-
#1007167	REDUCE cov: 1502 ft: 6116 corp: 1296/246Kb lim: 4096 exec/s: 12912 rss: 473Mb L: 338/4096 MS: 1 EraseBytes-
#1010005	REDUCE cov: 1502 ft: 6116 corp: 1296/246Kb lim: 4096 exec/s: 12948 rss: 473Mb L: 21/4096 MS: 3 ShuffleBytes-CMP-EraseBytes- DE: "\001\000\000\000\000\000\000\007"-
#1010501	REDUCE cov: 1502 ft: 6117 corp: 1297/247Kb lim: 4096 exec/s: 12955 rss: 473Mb L: 1383/4096 MS: 1 CrossOver-
#1012512	REDUCE cov: 1502 ft: 6117 corp: 1297/247Kb lim: 4096 exec/s: 12816 rss: 473Mb L: 16/4096 MS: 1 EraseBytes-
#1012885	REDUCE cov: 1502 ft: 6117 corp: 1297/247Kb lim: 4096 exec/s: 12821 rss: 473Mb L: 30/4096 MS: 3 InsertByte-ChangeByte-EraseBytes-
#1014816	REDUCE cov: 1502 ft: 6117 corp: 1297/247Kb lim: 4096 exec/s: 12845 rss: 473Mb L: 7/4096 MS: 1 EraseBytes-
#1014932	REDUCE cov: 1502 ft: 6117 corp: 1297/247Kb lim: 4096 exec/s: 12847 rss: 473Mb L: 127/4096 MS: 1 EraseBytes-
#1015933	REDUCE cov: 1502 ft: 6117 corp: 1297/247Kb lim: 4096 exec/s: 12859 rss: 473Mb L: 4087/4096 MS: 1 EraseBytes-
#1016019	REDUCE cov: 1502 ft: 6117 corp: 1297/247Kb lim: 4096 exec/s: 12861 rss: 473Mb L: 183/4096 MS: 1 EraseBytes-
#1018265	REDUCE cov: 1502 ft: 6117 corp: 1297/247Kb lim: 4096 exec/s: 12889 rss: 473Mb L: 711/4096 MS: 1 EraseBytes-
#1020111	REDUCE cov: 1502 ft: 6117 corp: 1297/247Kb lim: 4096 exec/s: 12912 rss: 473Mb L: 2367/4096 MS: 1 EraseBytes-
#1021774	REDUCE cov: 1502 ft: 6117 corp: 1297/247Kb lim: 4096 exec/s: 12772 rss: 473Mb L: 27/4096 MS: 3 ChangeASCIIInt-ChangeASCIIInt-EraseBytes-
#1021941	REDUCE cov: 1502 ft: 6117 corp: 1297/247Kb lim: 4096 exec/s: 12774 rss: 473Mb L: 18/4096 MS: 2 InsertByte-EraseBytes-
#1022228	REDUCE cov: 1502 ft: 6117 corp: 1297/247Kb lim: 4096 exec/s: 12777 rss: 473Mb L: 44/4096 MS: 2 ChangeByte-EraseBytes-
#1022590	REDUCE cov: 1502 ft: 6117 corp: 1297/247Kb lim: 4096 exec/s: 12782 rss: 473Mb L: 39/4096 MS: 2 CopyPart-EraseBytes-
#1024138	REDUCE cov: 1502 ft: 6117 corp: 1297/247Kb lim: 4096 exec/s: 12801 rss: 473Mb L: 355/4096 MS: 3 ChangeASCIIInt-PersAutoDict-EraseBytes- DE: "#)\357\277\275 "-
#1024839	NEW    cov: 1502 ft: 6118 corp: 1298/247Kb lim: 4096 exec/s: 12810 rss: 473Mb L: 419/4096 MS: 1 EraseBytes-
#1025092	REDUCE cov: 1502 ft: 6118 corp: 1298/247Kb lim: 4096 exec/s: 12813 rss: 473Mb L: 1270/4096 MS: 3 ChangeBit-PersAutoDict-EraseBytes- DE: "message"-
#1025513	REDUCE cov: 1502 ft: 6118 corp: 1298/247Kb lim: 4096 exec/s: 12818 rss: 473Mb L: 55/4096 MS: 1 EraseBytes-
#1026287	REDUCE cov: 1502 ft: 6124 corp: 1299/251Kb lim: 4096 exec/s: 12828 rss: 473Mb L: 3973/4096 MS: 4 ShuffleBytes-CopyPart-ShuffleBytes-CopyPart-
#1026762	REDUCE cov: 1502 ft: 6124 corp: 1299/251Kb lim: 4096 exec/s: 12834 rss: 473Mb L: 1216/4096 MS: 5 CMP-ChangeByte-InsertRepeatedBytes-CrossOver-EraseBytes- DE: "b\000\000\000\000\000\000\000"-
#1027283	REDUCE cov: 1502 ft: 6124 corp: 1299/251Kb lim: 4096 exec/s: 12841 rss: 473Mb L: 23/4096 MS: 1 EraseBytes-
#1027821	REDUCE cov: 1502 ft: 6124 corp: 1299/251Kb lim: 4096 exec/s: 12847 rss: 473Mb L: 25/4096 MS: 3 ChangeASCIIInt-ChangeASCIIInt-EraseBytes-
#1028712	REDUCE cov: 1502 ft: 6124 corp: 1299/251Kb lim: 4096 exec/s: 12858 rss: 473Mb L: 26/4096 MS: 1 EraseBytes-
#1029133	REDUCE cov: 1502 ft: 6124 corp: 1299/251Kb lim: 4096 exec/s: 12864 rss: 473Mb L: 16/4096 MS: 1 EraseBytes-
#1035825	REDUCE cov: 1502 ft: 6124 corp: 1299/251Kb lim: 4096 exec/s: 12787 rss: 473Mb L: 20/4096 MS: 2 InsertByte-EraseBytes-
#1038456	REDUCE cov: 1502 ft: 6124 corp: 1299/251Kb lim: 4096 exec/s: 12664 rss: 473Mb L: 928/4096 MS: 1 EraseBytes-
#1039267	REDUCE cov: 1502 ft: 6124 corp: 1299/251Kb lim: 4096 exec/s: 12673 rss: 473Mb L: 229/4096 MS: 1 EraseBytes-
#1041023	REDUCE cov: 1502 ft: 6124 corp: 1299/251Kb lim: 4096 exec/s: 12542 rss: 473Mb L: 59/4096 MS: 1 EraseBytes-
#1041769	REDUCE cov: 1502 ft: 6124 corp: 1299/251Kb lim: 4096 exec/s: 12551 rss: 473Mb L: 73/4096 MS: 1 EraseBytes-
#1042275	NEW    cov: 1502 ft: 6126 corp: 1300/251Kb lim: 4096 exec/s: 12557 rss: 473Mb L: 264/4096 MS: 1 InsertRepeatedBytes-
#1042447	REDUCE cov: 1502 ft: 6127 corp: 1301/251Kb lim: 4096 exec/s: 12559 rss: 473Mb L: 501/4096 MS: 2 ChangeBit-CopyPart-
#1043933	REDUCE cov: 1502 ft: 6127 corp: 1301/251Kb lim: 4096 exec/s: 12577 rss: 473Mb L: 199/4096 MS: 1 EraseBytes-
#1044399	REDUCE cov: 1502 ft: 6127 corp: 1301/251Kb lim: 4096 exec/s: 12583 rss: 473Mb L: 187/4096 MS: 1 EraseBytes-
#1045051	REDUCE cov: 1502 ft: 6127 corp: 1301/251Kb lim: 4096 exec/s: 12590 rss: 473Mb L: 246/4096 MS: 2 CMP-EraseBytes- DE: "\177\033\023\351K\022\000\000"-
#1045332	REDUCE cov: 1502 ft: 6127 corp: 1301/251Kb lim: 4096 exec/s: 12594 rss: 473Mb L: 3879/4096 MS: 1 EraseBytes-
#1045983	REDUCE cov: 1502 ft: 6127 corp: 1301/251Kb lim: 4096 exec/s: 12602 rss: 473Mb L: 48/4096 MS: 1 EraseBytes-
#1047740	REDUCE cov: 1502 ft: 6127 corp: 1301/251Kb lim: 4096 exec/s: 12473 rss: 473Mb L: 177/4096 MS: 2 ChangeBinInt-EraseBytes-
#1047777	REDUCE cov: 1502 ft: 6127 corp: 1301/251Kb lim: 4096 exec/s: 12473 rss: 473Mb L: 477/4096 MS: 2 ChangeBinInt-EraseBytes-
#1048576	pulse  cov: 1502 ft: 6127 corp: 1301/251Kb lim: 4096 exec/s: 12483 rss: 473Mb
#1050305	REDUCE cov: 1502 ft: 6127 corp: 1301/251Kb lim: 4096 exec/s: 12503 rss: 473Mb L: 65/4096 MS: 2 ChangeBinInt-EraseBytes-
#1050776	REDUCE cov: 1502 ft: 6127 corp: 1301/251Kb lim: 4096 exec/s: 12509 rss: 473Mb L: 35/4096 MS: 1 EraseBytes-
#1053632	REDUCE cov: 1502 ft: 6127 corp: 1301/251Kb lim: 4096 exec/s: 12543 rss: 473Mb L: 313/4096 MS: 1 EraseBytes-
#1054403	REDUCE cov: 1502 ft: 6127 corp: 1301/251Kb lim: 4096 exec/s: 12552 rss: 473Mb L: 326/4096 MS: 1 EraseBytes-
#1054770	REDUCE cov: 1502 ft: 6127 corp: 1301/251Kb lim: 4096 exec/s: 12556 rss: 473Mb L: 55/4096 MS: 2 EraseBytes-InsertByte-
#1054881	REDUCE cov: 1502 ft: 6127 corp: 1301/251Kb lim: 4096 exec/s: 12558 rss: 473Mb L: 77/4096 MS: 1 EraseBytes-
#1057787	REDUCE cov: 1502 ft: 6127 corp: 1301/251Kb lim: 4096 exec/s: 12444 rss: 473Mb L: 47/4096 MS: 1 EraseBytes-
#1057823	REDUCE cov: 1502 ft: 6127 corp: 1301/251Kb lim: 4096 exec/s: 12444 rss: 473Mb L: 86/4096 MS: 1 EraseBytes-
#1058480	REDUCE cov: 1502 ft: 6127 corp: 1301/251Kb lim: 4096 exec/s: 12452 rss: 473Mb L: 29/4096 MS: 2 ShuffleBytes-EraseBytes-
#1058506	REDUCE cov: 1502 ft: 6127 corp: 1301/251Kb lim: 4096 exec/s: 12453 rss: 473Mb L: 13/4096 MS: 1 EraseBytes-
#1058715	REDUCE cov: 1502 ft: 6127 corp: 1301/251Kb lim: 4096 exec/s: 12455 rss: 473Mb L: 828/4096 MS: 3 ChangeBinInt-ChangeBinInt-EraseBytes-
#1061647	REDUCE cov: 1502 ft: 6127 corp: 1301/251Kb lim: 4096 exec/s: 12489 rss: 473Mb L: 20/4096 MS: 2 EraseBytes-ChangeByte-
#1063953	REDUCE cov: 1502 ft: 6127 corp: 1301/250Kb lim: 4096 exec/s: 12517 rss: 473Mb L: 850/4096 MS: 1 EraseBytes-
#1064105	REDUCE cov: 1502 ft: 6127 corp: 1301/250Kb lim: 4096 exec/s: 12518 rss: 473Mb L: 59/4096 MS: 2 ChangeBit-EraseBytes-
#1065312	REDUCE cov: 1502 ft: 6127 corp: 1301/250Kb lim: 4096 exec/s: 12533 rss: 473Mb L: 25/4096 MS: 2 ChangeByte-EraseBytes-
#1066026	REDUCE cov: 1502 ft: 6127 corp: 1301/250Kb lim: 4096 exec/s: 12541 rss: 473Mb L: 432/4096 MS: 4 ChangeASCIIInt-InsertByte-ChangeASCIIInt-EraseBytes-
#1067442	REDUCE cov: 1502 ft: 6127 corp: 1301/250Kb lim: 4096 exec/s: 12412 rss: 473Mb L: 180/4096 MS: 1 EraseBytes-
#1071201	REDUCE cov: 1502 ft: 6127 corp: 1301/250Kb lim: 4096 exec/s: 12455 rss: 473Mb L: 2117/4096 MS: 4 InsertByte-ChangeASCIIInt-CopyPart-EraseBytes-
#1072207	REDUCE cov: 1502 ft: 6127 corp: 1301/250Kb lim: 4096 exec/s: 12467 rss: 473Mb L: 1402/4096 MS: 1 EraseBytes-
#1072253	REDUCE cov: 1502 ft: 6127 corp: 1301/250Kb lim: 4096 exec/s: 12468 rss: 473Mb L: 2004/4096 MS: 1 EraseBytes-
#1075754	REDUCE cov: 1502 ft: 6127 corp: 1301/249Kb lim: 4096 exec/s: 12508 rss: 473Mb L: 208/4096 MS: 1 EraseBytes-
#1076215	REDUCE cov: 1502 ft: 6127 corp: 1301/249Kb lim: 4096 exec/s: 12370 rss: 473Mb L: 867/4096 MS: 1 EraseBytes-
#1076616	REDUCE cov: 1502 ft: 6127 corp: 1301/249Kb lim: 4096 exec/s: 12374 rss: 473Mb L: 216/4096 MS: 1 EraseBytes-
#1076662	REDUCE cov: 1502 ft: 6127 corp: 1301/249Kb lim: 4096 exec/s: 12375 rss: 473Mb L: 25/4096 MS: 1 EraseBytes-
#1077348	REDUCE cov: 1502 ft: 6127 corp: 1301/249Kb lim: 4096 exec/s: 12383 rss: 473Mb L: 96/4096 MS: 1 EraseBytes-
#1079204	REDUCE cov: 1502 ft: 6127 corp: 1301/249Kb lim: 4096 exec/s: 12404 rss: 473Mb L: 1297/4096 MS: 1 EraseBytes-
#1082030	REDUCE cov: 1502 ft: 6127 corp: 1301/249Kb lim: 4096 exec/s: 12437 rss: 473Mb L: 60/4096 MS: 1 EraseBytes-
#1082466	REDUCE cov: 1502 ft: 6127 corp: 1301/249Kb lim: 4096 exec/s: 12442 rss: 473Mb L: 1887/4096 MS: 1 EraseBytes-
#1082952	REDUCE cov: 1502 ft: 6127 corp: 1301/249Kb lim: 4096 exec/s: 12447 rss: 473Mb L: 3704/4096 MS: 1 EraseBytes-
#1083254	NEW    cov: 1502 ft: 6129 corp: 1302/249Kb lim: 4096 exec/s: 12451 rss: 473Mb L: 526/4096 MS: 2 ShuffleBytes-CopyPart-
#1084251	REDUCE cov: 1502 ft: 6129 corp: 1302/249Kb lim: 4096 exec/s: 12462 rss: 473Mb L: 310/4096 MS: 2 EraseBytes-CopyPart-
#1084417	REDUCE cov: 1502 ft: 6129 corp: 1302/249Kb lim: 4096 exec/s: 12464 rss: 473Mb L: 22/4096 MS: 1 EraseBytes-
#1084493	REDUCE cov: 1502 ft: 6129 corp: 1302/249Kb lim: 4096 exec/s: 12465 rss: 473Mb L: 108/4096 MS: 1 EraseBytes-
#1084615	REDUCE cov: 1502 ft: 6129 corp: 1302/249Kb lim: 4096 exec/s: 12466 rss: 473Mb L: 215/4096 MS: 2 CopyPart-EraseBytes-
#1087287	REDUCE cov: 1502 ft: 6129 corp: 1302/249Kb lim: 4096 exec/s: 12497 rss: 473Mb L: 339/4096 MS: 2 CopyPart-EraseBytes-
#1087289	REDUCE cov: 1502 ft: 6129 corp: 1302/249Kb lim: 4096 exec/s: 12497 rss: 473Mb L: 75/4096 MS: 2 ChangeByte-EraseBytes-
#1088635	REDUCE cov: 1502 ft: 6129 corp: 1302/249Kb lim: 4096 exec/s: 12370 rss: 473Mb L: 20/4096 MS: 1 EraseBytes-
#1090041	REDUCE cov: 1502 ft: 6129 corp: 1302/249Kb lim: 4096 exec/s: 12386 rss: 473Mb L: 70/4096 MS: 1 EraseBytes-
#1093337	REDUCE cov: 1502 ft: 6129 corp: 1302/249Kb lim: 4096 exec/s: 12424 rss: 473Mb L: 205/4096 MS: 1 EraseBytes-
#1096313	REDUCE cov: 1502 ft: 6129 corp: 1302/249Kb lim: 4096 exec/s: 12318 rss: 473Mb L: 66/4096 MS: 1 EraseBytes-
#1096799	REDUCE cov: 1502 ft: 6129 corp: 1302/249Kb lim: 4096 exec/s: 12323 rss: 473Mb L: 491/4096 MS: 1 EraseBytes-
#1097115	REDUCE cov: 1502 ft: 6129 corp: 1302/249Kb lim: 4096 exec/s: 12327 rss: 473Mb L: 52/4096 MS: 1 EraseBytes-
#1097756	REDUCE cov: 1502 ft: 6129 corp: 1302/249Kb lim: 4096 exec/s: 12334 rss: 473Mb L: 494/4096 MS: 1 EraseBytes-
#1101119	REDUCE cov: 1502 ft: 6129 corp: 1302/249Kb lim: 4096 exec/s: 12372 rss: 473Mb L: 16/4096 MS: 2 ChangeBit-EraseBytes-
#1102069	REDUCE cov: 1502 ft: 6129 corp: 1302/248Kb lim: 4096 exec/s: 12382 rss: 473Mb L: 1420/4096 MS: 5 CrossOver-ChangeBit-InsertRepeatedBytes-InsertByte-EraseBytes-
#1102326	REDUCE cov: 1502 ft: 6129 corp: 1302/248Kb lim: 4096 exec/s: 12385 rss: 473Mb L: 137/4096 MS: 2 ChangeASCIIInt-EraseBytes-
#1103134	REDUCE cov: 1502 ft: 6129 corp: 1302/248Kb lim: 4096 exec/s: 12394 rss: 473Mb L: 1195/4096 MS: 3 CopyPart-PersAutoDict-EraseBytes- DE: "\177\033\023\351K\022\000\000"-
#1104420	REDUCE cov: 1502 ft: 6129 corp: 1302/248Kb lim: 4096 exec/s: 12409 rss: 473Mb L: 1259/4096 MS: 1 EraseBytes-
#1104506	REDUCE cov: 1502 ft: 6129 corp: 1302/248Kb lim: 4096 exec/s: 12410 rss: 473Mb L: 3057/4096 MS: 1 EraseBytes-
#1105372	REDUCE cov: 1502 ft: 6129 corp: 1302/248Kb lim: 4096 exec/s: 12419 rss: 473Mb L: 27/4096 MS: 1 EraseBytes-
#1111488	REDUCE cov: 1502 ft: 6129 corp: 1302/248Kb lim: 4096 exec/s: 12349 rss: 473Mb L: 3567/4096 MS: 1 EraseBytes-
#1111829	REDUCE cov: 1502 ft: 6129 corp: 1302/248Kb lim: 4096 exec/s: 12353 rss: 473Mb L: 207/4096 MS: 1 EraseBytes-
#1112430	REDUCE cov: 1502 ft: 6129 corp: 1302/248Kb lim: 4096 exec/s: 12360 rss: 473Mb L: 38/4096 MS: 1 EraseBytes-
#1114131	REDUCE cov: 1502 ft: 6129 corp: 1302/248Kb lim: 4096 exec/s: 12379 rss: 473Mb L: 9/4096 MS: 1 EraseBytes-
#1114857	REDUCE cov: 1502 ft: 6129 corp: 1302/248Kb lim: 4096 exec/s: 12387 rss: 473Mb L: 14/4096 MS: 1 EraseBytes-
#1118008	REDUCE cov: 1502 ft: 6129 corp: 1302/248Kb lim: 4096 exec/s: 12422 rss: 473Mb L: 40/4096 MS: 1 EraseBytes-
#1119689	REDUCE cov: 1502 ft: 6129 corp: 1302/248Kb lim: 4096 exec/s: 12304 rss: 473Mb L: 45/4096 MS: 1 EraseBytes-
#1122121	REDUCE cov: 1502 ft: 6129 corp: 1302/248Kb lim: 4096 exec/s: 12331 rss: 473Mb L: 200/4096 MS: 1 EraseBytes-
#1123077	REDUCE cov: 1502 ft: 6129 corp: 1302/248Kb lim: 4096 exec/s: 12341 rss: 473Mb L: 25/4096 MS: 1 EraseBytes-
#1123914	REDUCE cov: 1502 ft: 6129 corp: 1302/248Kb lim: 4096 exec/s: 12350 rss: 473Mb L: 1480/4096 MS: 2 ShuffleBytes-EraseBytes-
#1124153	REDUCE cov: 1502 ft: 6129 corp: 1302/248Kb lim: 4096 exec/s: 12353 rss: 473Mb L: 149/4096 MS: 4 CrossOver-CrossOver-ChangeBit-EraseBytes-
#1128460	REDUCE cov: 1502 ft: 6129 corp: 1302/248Kb lim: 4096 exec/s: 12400 rss: 473Mb L: 320/4096 MS: 2 ChangeBit-EraseBytes-
#1129651	REDUCE cov: 1502 ft: 6129 corp: 1302/248Kb lim: 4096 exec/s: 12413 rss: 473Mb L: 984/4096 MS: 1 EraseBytes-
#1131860	REDUCE cov: 1502 ft: 6129 corp: 1302/247Kb lim: 4096 exec/s: 12302 rss: 473Mb L: 775/4096 MS: 4 ChangeBit-EraseBytes-ChangeBinInt-EraseBytes-
#1131866	REDUCE cov: 1502 ft: 6129 corp: 1302/247Kb lim: 4096 exec/s: 12302 rss: 473Mb L: 145/4096 MS: 1 EraseBytes-
#1133057	REDUCE cov: 1502 ft: 6129 corp: 1302/247Kb lim: 4096 exec/s: 12315 rss: 473Mb L: 33/4096 MS: 1 EraseBytes-
#1134815	REDUCE cov: 1502 ft: 6129 corp: 1302/247Kb lim: 4096 exec/s: 12334 rss: 473Mb L: 2457/4096 MS: 3 EraseBytes-ChangeASCIIInt-CopyPart-
#1134981	REDUCE cov: 1502 ft: 6129 corp: 1302/247Kb lim: 4096 exec/s: 12336 rss: 473Mb L: 27/4096 MS: 1 EraseBytes-
#1136175	REDUCE cov: 1502 ft: 6129 corp: 1302/247Kb lim: 4096 exec/s: 12349 rss: 473Mb L: 231/4096 MS: 4 ChangeByte-ChangeASCIIInt-InsertByte-EraseBytes-
#1139348	REDUCE cov: 1502 ft: 6129 corp: 1302/247Kb lim: 4096 exec/s: 12384 rss: 473Mb L: 12/4096 MS: 3 PersAutoDict-ChangeBinInt-EraseBytes- DE: "\0017"-
#1140964	REDUCE cov: 1502 ft: 6129 corp: 1302/247Kb lim: 4096 exec/s: 12268 rss: 473Mb L: 10/4096 MS: 1 EraseBytes-
#1141850	REDUCE cov: 1502 ft: 6129 corp: 1302/247Kb lim: 4096 exec/s: 12277 rss: 473Mb L: 20/4096 MS: 1 EraseBytes-
#1142003	REDUCE cov: 1502 ft: 6129 corp: 1302/247Kb lim: 4096 exec/s: 12279 rss: 473Mb L: 306/4096 MS: 3 ShuffleBytes-InsertByte-EraseBytes-
#1142011	REDUCE cov: 1502 ft: 6129 corp: 1302/247Kb lim: 4096 exec/s: 12279 rss: 473Mb L: 1085/4096 MS: 3 ChangeBinInt-ChangeASCIIInt-EraseBytes-
#1143398	REDUCE cov: 1502 ft: 6129 corp: 1302/247Kb lim: 4096 exec/s: 12294 rss: 473Mb L: 159/4096 MS: 2 CMP-EraseBytes- DE: "\002\000\000\000\000\000\000\000"-
#1144727	REDUCE cov: 1502 ft: 6129 corp: 1302/247Kb lim: 4096 exec/s: 12308 rss: 473Mb L: 2344/4096 MS: 4 CrossOver-ShuffleBytes-ChangeBit-EraseBytes-
#1145238	REDUCE cov: 1502 ft: 6129 corp: 1302/247Kb lim: 4096 exec/s: 12314 rss: 473Mb L: 536/4096 MS: 1 EraseBytes-
#1148274	REDUCE cov: 1502 ft: 6129 corp: 1302/247Kb lim: 4096 exec/s: 12347 rss: 473Mb L: 451/4096 MS: 1 EraseBytes-
#1148486	REDUCE cov: 1502 ft: 6129 corp: 1302/247Kb lim: 4096 exec/s: 12349 rss: 473Mb L: 208/4096 MS: 2 CopyPart-EraseBytes-
#1149652	REDUCE cov: 1502 ft: 6129 corp: 1302/247Kb lim: 4096 exec/s: 12230 rss: 473Mb L: 15/4096 MS: 1 EraseBytes-
#1152759	REDUCE cov: 1502 ft: 6129 corp: 1302/247Kb lim: 4096 exec/s: 12263 rss: 473Mb L: 38/4096 MS: 2 EraseBytes-CopyPart-
#1154011	REDUCE cov: 1502 ft: 6129 corp: 1302/247Kb lim: 4096 exec/s: 12276 rss: 473Mb L: 15/4096 MS: 2 ChangeBit-EraseBytes-
#1154023	REDUCE cov: 1502 ft: 6129 corp: 1302/247Kb lim: 4096 exec/s: 12276 rss: 473Mb L: 14/4096 MS: 2 CopyPart-EraseBytes-
#1154194	REDUCE cov: 1502 ft: 6129 corp: 1302/247Kb lim: 4096 exec/s: 12278 rss: 473Mb L: 173/4096 MS: 1 EraseBytes-
#1155355	REDUCE cov: 1502 ft: 6129 corp: 1302/247Kb lim: 4096 exec/s: 12291 rss: 473Mb L: 20/4096 MS: 1 EraseBytes-
#1156441	REDUCE cov: 1502 ft: 6129 corp: 1302/246Kb lim: 4096 exec/s: 12302 rss: 473Mb L: 707/4096 MS: 1 EraseBytes-
#1157972	REDUCE cov: 1502 ft: 6129 corp: 1302/246Kb lim: 4096 exec/s: 12318 rss: 473Mb L: 2562/4096 MS: 1 EraseBytes-
#1159025	REDUCE cov: 1502 ft: 6129 corp: 1302/246Kb lim: 4096 exec/s: 12200 rss: 473Mb L: 137/4096 MS: 3 ShuffleBytes-ChangeASCIIInt-EraseBytes-
#1161720	REDUCE cov: 1502 ft: 6129 corp: 1302/246Kb lim: 4096 exec/s: 12228 rss: 473Mb L: 39/4096 MS: 5 ShuffleBytes-InsertByte-CopyPart-CopyPart-EraseBytes-
#1162292	REDUCE cov: 1502 ft: 6129 corp: 1302/246Kb lim: 4096 exec/s: 12234 rss: 473Mb L: 1360/4096 MS: 2 ChangeByte-EraseBytes-
#1162928	REDUCE cov: 1502 ft: 6129 corp: 1302/246Kb lim: 4096 exec/s: 12241 rss: 473Mb L: 15/4096 MS: 1 EraseBytes-
#1163084	REDUCE cov: 1502 ft: 6129 corp: 1302/246Kb lim: 4096 exec/s: 12242 rss: 473Mb L: 262/4096 MS: 1 EraseBytes-
#1163805	REDUCE cov: 1502 ft: 6129 corp: 1302/246Kb lim: 4096 exec/s: 12250 rss: 473Mb L: 34/4096 MS: 1 EraseBytes-
#1165202	REDUCE cov: 1502 ft: 6129 corp: 1302/246Kb lim: 4096 exec/s: 12265 rss: 473Mb L: 10/4096 MS: 2 CopyPart-EraseBytes-
#1169408	REDUCE cov: 1502 ft: 6129 corp: 1302/246Kb lim: 4096 exec/s: 12181 rss: 473Mb L: 15/4096 MS: 1 EraseBytes-
#1170740	REDUCE cov: 1502 ft: 6129 corp: 1302/246Kb lim: 4096 exec/s: 12195 rss: 473Mb L: 355/4096 MS: 2 ChangeBit-EraseBytes-
#1171526	REDUCE cov: 1502 ft: 6129 corp: 1302/246Kb lim: 4096 exec/s: 12203 rss: 473Mb L: 158/4096 MS: 1 EraseBytes-
#1172077	REDUCE cov: 1502 ft: 6129 corp: 1302/246Kb lim: 4096 exec/s: 12209 rss: 473Mb L: 15/4096 MS: 1 EraseBytes-
#1172653	REDUCE cov: 1502 ft: 6129 corp: 1302/246Kb lim: 4096 exec/s: 12215 rss: 473Mb L: 12/4096 MS: 1 EraseBytes-
#1174475	REDUCE cov: 1502 ft: 6129 corp: 1302/246Kb lim: 4096 exec/s: 12234 rss: 473Mb L: 824/4096 MS: 2 ChangeByte-EraseBytes-
#1174631	REDUCE cov: 1502 ft: 6129 corp: 1302/246Kb lim: 4096 exec/s: 12235 rss: 473Mb L: 14/4096 MS: 1 EraseBytes-
#1175478	REDUCE cov: 1502 ft: 6129 corp: 1302/246Kb lim: 4096 exec/s: 12244 rss: 473Mb L: 2131/4096 MS: 2 CopyPart-EraseBytes-
#1176059	REDUCE cov: 1502 ft: 6129 corp: 1302/246Kb lim: 4096 exec/s: 12250 rss: 473Mb L: 12/4096 MS: 1 EraseBytes-
#1177115	REDUCE cov: 1502 ft: 6129 corp: 1302/246Kb lim: 4096 exec/s: 12135 rss: 473Mb L: 439/4096 MS: 1 EraseBytes-
#1181127	NEW    cov: 1502 ft: 6132 corp: 1303/246Kb lim: 4096 exec/s: 12176 rss: 473Mb L: 722/4096 MS: 2 ChangeASCIIInt-CopyPart-
#1181655	REDUCE cov: 1502 ft: 6132 corp: 1303/246Kb lim: 4096 exec/s: 12182 rss: 473Mb L: 565/4096 MS: 3 ChangeByte-ChangeBinInt-EraseBytes-
#1182566	REDUCE cov: 1502 ft: 6132 corp: 1303/246Kb lim: 4096 exec/s: 12191 rss: 473Mb L: 94/4096 MS: 1 EraseBytes-
#1182702	REDUCE cov: 1502 ft: 6132 corp: 1303/246Kb lim: 4096 exec/s: 12192 rss: 473Mb L: 157/4096 MS: 1 EraseBytes-
#1182808	REDUCE cov: 1502 ft: 6132 corp: 1303/246Kb lim: 4096 exec/s: 12193 rss: 473Mb L: 44/4096 MS: 1 EraseBytes-
#1183395	REDUCE cov: 1502 ft: 6132 corp: 1303/246Kb lim: 4096 exec/s: 12199 rss: 473Mb L: 628/4096 MS: 2 CopyPart-EraseBytes-
#1183592	REDUCE cov: 1502 ft: 6132 corp: 1303/246Kb lim: 4096 exec/s: 12201 rss: 473Mb L: 13/4096 MS: 2 ChangeASCIIInt-EraseBytes-
#1184964	REDUCE cov: 1502 ft: 6132 corp: 1303/246Kb lim: 4096 exec/s: 12216 rss: 473Mb L: 4022/4087 MS: 2 ChangeASCIIInt-EraseBytes-
#1185127	REDUCE cov: 1502 ft: 6132 corp: 1303/246Kb lim: 4096 exec/s: 12217 rss: 473Mb L: 3284/4087 MS: 3 InsertByte-ShuffleBytes-EraseBytes-
#1186384	REDUCE cov: 1502 ft: 6132 corp: 1303/246Kb lim: 4096 exec/s: 12230 rss: 473Mb L: 209/4087 MS: 2 ShuffleBytes-EraseBytes-
#1188870	REDUCE cov: 1502 ft: 6132 corp: 1303/246Kb lim: 4096 exec/s: 12131 rss: 473Mb L: 22/4087 MS: 1 EraseBytes-
#1189201	REDUCE cov: 1502 ft: 6132 corp: 1303/246Kb lim: 4096 exec/s: 12134 rss: 473Mb L: 35/4087 MS: 1 EraseBytes-
#1189547	REDUCE cov: 1502 ft: 6132 corp: 1303/246Kb lim: 4096 exec/s: 12138 rss: 473Mb L: 621/4087 MS: 1 EraseBytes-
#1189848	REDUCE cov: 1502 ft: 6132 corp: 1303/246Kb lim: 4096 exec/s: 12141 rss: 473Mb L: 402/4087 MS: 1 EraseBytes-
#1190344	REDUCE cov: 1502 ft: 6132 corp: 1303/246Kb lim: 4096 exec/s: 12146 rss: 473Mb L: 21/4087 MS: 1 EraseBytes-
#1191621	REDUCE cov: 1502 ft: 6132 corp: 1303/246Kb lim: 4096 exec/s: 12159 rss: 473Mb L: 410/4087 MS: 2 ChangeBit-EraseBytes-
#1191707	REDUCE cov: 1502 ft: 6132 corp: 1303/246Kb lim: 4096 exec/s: 12160 rss: 473Mb L: 31/4087 MS: 1 EraseBytes-
#1191858	REDUCE cov: 1502 ft: 6132 corp: 1303/246Kb lim: 4096 exec/s: 12161 rss: 473Mb L: 314/4087 MS: 1 EraseBytes-
#1192240	REDUCE cov: 1502 ft: 6132 corp: 1303/246Kb lim: 4096 exec/s: 12165 rss: 473Mb L: 91/4087 MS: 2 ChangeByte-EraseBytes-
#1192333	REDUCE cov: 1502 ft: 6132 corp: 1303/246Kb lim: 4096 exec/s: 12166 rss: 473Mb L: 989/4087 MS: 3 ChangeByte-ShuffleBytes-EraseBytes-
#1193989	REDUCE cov: 1502 ft: 6132 corp: 1303/246Kb lim: 4096 exec/s: 12183 rss: 473Mb L: 380/4087 MS: 1 EraseBytes-
#1194680	REDUCE cov: 1502 ft: 6133 corp: 1304/247Kb lim: 4096 exec/s: 12190 rss: 473Mb L: 1205/4087 MS: 1 CrossOver-
#1194681	REDUCE cov: 1502 ft: 6133 corp: 1304/247Kb lim: 4096 exec/s: 12190 rss: 473Mb L: 39/4087 MS: 1 EraseBytes-
#1197234	REDUCE cov: 1502 ft: 6133 corp: 1304/247Kb lim: 4096 exec/s: 12216 rss: 473Mb L: 691/4087 MS: 3 ChangeASCIIInt-PersAutoDict-EraseBytes- DE: "\377\377\377\377\377\377\377\377"-
#1199470	REDUCE cov: 1502 ft: 6133 corp: 1304/247Kb lim: 4096 exec/s: 12239 rss: 473Mb L: 25/4087 MS: 1 EraseBytes-
#1205231	REDUCE cov: 1502 ft: 6133 corp: 1304/247Kb lim: 4096 exec/s: 12174 rss: 473Mb L: 1723/4087 MS: 1 EraseBytes-
#1205472	REDUCE cov: 1502 ft: 6133 corp: 1304/247Kb lim: 4096 exec/s: 12176 rss: 473Mb L: 22/4087 MS: 1 EraseBytes-
#1207719	REDUCE cov: 1502 ft: 6133 corp: 1304/247Kb lim: 4096 exec/s: 12199 rss: 473Mb L: 37/4087 MS: 2 CopyPart-EraseBytes-
#1212310	NEW    cov: 1503 ft: 6134 corp: 1305/247Kb lim: 4096 exec/s: 12245 rss: 473Mb L: 45/4087 MS: 1 CopyPart-
#1213496	REDUCE cov: 1503 ft: 6143 corp: 1306/248Kb lim: 4096 exec/s: 12257 rss: 473Mb L: 1323/4087 MS: 1 CopyPart-
#1216023	REDUCE cov: 1503 ft: 6143 corp: 1306/248Kb lim: 4096 exec/s: 12160 rss: 473Mb L: 66/4087 MS: 2 ChangeBinInt-EraseBytes-
#1216174	REDUCE cov: 1503 ft: 6143 corp: 1306/248Kb lim: 4096 exec/s: 12161 rss: 473Mb L: 202/4087 MS: 1 EraseBytes-
#1218580	REDUCE cov: 1503 ft: 6143 corp: 1306/248Kb lim: 4096 exec/s: 12185 rss: 473Mb L: 60/4087 MS: 1 EraseBytes-
#1219211	REDUCE cov: 1503 ft: 6143 corp: 1306/248Kb lim: 4096 exec/s: 12192 rss: 473Mb L: 708/4087 MS: 1 EraseBytes-
#1220282	REDUCE cov: 1503 ft: 6143 corp: 1306/248Kb lim: 4096 exec/s: 12202 rss: 473Mb L: 22/4087 MS: 1 EraseBytes-
#1222578	REDUCE cov: 1503 ft: 6143 corp: 1306/248Kb lim: 4096 exec/s: 12225 rss: 473Mb L: 207/4087 MS: 1 EraseBytes-
#1224074	REDUCE cov: 1503 ft: 6143 corp: 1306/248Kb lim: 4096 exec/s: 12240 rss: 473Mb L: 355/4087 MS: 1 EraseBytes-
#1224155	REDUCE cov: 1503 ft: 6143 corp: 1306/247Kb lim: 4096 exec/s: 12241 rss: 473Mb L: 104/4087 MS: 1 EraseBytes-
#1226246	REDUCE cov: 1503 ft: 6143 corp: 1306/247Kb lim: 4096 exec/s: 12262 rss: 473Mb L: 778/4087 MS: 1 EraseBytes-
#1226637	REDUCE cov: 1503 ft: 6143 corp: 1306/247Kb lim: 4096 exec/s: 12266 rss: 473Mb L: 15/4087 MS: 1 EraseBytes-
#1227185	REDUCE cov: 1503 ft: 6143 corp: 1306/247Kb lim: 4096 exec/s: 12150 rss: 473Mb L: 23/4087 MS: 3 ChangeBinInt-ShuffleBytes-EraseBytes-
#1228981	REDUCE cov: 1503 ft: 6143 corp: 1306/247Kb lim: 4096 exec/s: 12168 rss: 473Mb L: 400/4087 MS: 1 EraseBytes-
#1229447	REDUCE cov: 1503 ft: 6143 corp: 1306/247Kb lim: 4096 exec/s: 12172 rss: 473Mb L: 67/4087 MS: 1 EraseBytes-
#1230544	REDUCE cov: 1503 ft: 6143 corp: 1306/247Kb lim: 4096 exec/s: 12183 rss: 473Mb L: 39/4087 MS: 2 ChangeBinInt-EraseBytes-
#1231862	REDUCE cov: 1503 ft: 6143 corp: 1306/247Kb lim: 4096 exec/s: 12196 rss: 474Mb L: 171/4087 MS: 3 ChangeASCIIInt-ShuffleBytes-EraseBytes-
#1232109	REDUCE cov: 1503 ft: 6143 corp: 1306/247Kb lim: 4096 exec/s: 12199 rss: 474Mb L: 236/4087 MS: 2 ChangeByte-EraseBytes-
#1233945	REDUCE cov: 1503 ft: 6143 corp: 1306/247Kb lim: 4096 exec/s: 12217 rss: 474Mb L: 652/4087 MS: 1 EraseBytes-
#1239196	REDUCE cov: 1503 ft: 6143 corp: 1306/247Kb lim: 4096 exec/s: 12269 rss: 474Mb L: 3161/4087 MS: 1 EraseBytes-
#1241222	REDUCE cov: 1503 ft: 6143 corp: 1306/247Kb lim: 4096 exec/s: 12168 rss: 474Mb L: 12/4087 MS: 1 EraseBytes-
#1243423	REDUCE cov: 1503 ft: 6143 corp: 1306/247Kb lim: 4096 exec/s: 12190 rss: 474Mb L: 1999/4087 MS: 1 EraseBytes-
#1245015	REDUCE cov: 1503 ft: 6143 corp: 1306/247Kb lim: 4096 exec/s: 12206 rss: 474Mb L: 70/4087 MS: 2 ChangeBinInt-EraseBytes-
#1245361	REDUCE cov: 1503 ft: 6143 corp: 1306/247Kb lim: 4096 exec/s: 12209 rss: 475Mb L: 66/4087 MS: 1 EraseBytes-
#1245972	REDUCE cov: 1503 ft: 6143 corp: 1306/247Kb lim: 4096 exec/s: 12215 rss: 475Mb L: 22/4087 MS: 1 EraseBytes-
#1248465	REDUCE cov: 1503 ft: 6143 corp: 1306/246Kb lim: 4096 exec/s: 12239 rss: 476Mb L: 2195/4087 MS: 3 ChangeASCIIInt-CMP-EraseBytes- DE: "instance"-
#1248516	REDUCE cov: 1503 ft: 6143 corp: 1306/246Kb lim: 4096 exec/s: 12240 rss: 476Mb L: 19/4087 MS: 1 EraseBytes-
#1250102	REDUCE cov: 1503 ft: 6143 corp: 1306/246Kb lim: 4096 exec/s: 12255 rss: 476Mb L: 2171/4087 MS: 1 EraseBytes-
#1250524	REDUCE cov: 1503 ft: 6144 corp: 1307/247Kb lim: 4096 exec/s: 12260 rss: 476Mb L: 937/4087 MS: 2 ChangeBinInt-InsertRepeatedBytes-
#1252020	REDUCE cov: 1503 ft: 6144 corp: 1307/247Kb lim: 4096 exec/s: 12274 rss: 476Mb L: 13/4087 MS: 1 EraseBytes-
#1252561	REDUCE cov: 1503 ft: 6144 corp: 1307/247Kb lim: 4096 exec/s: 12280 rss: 476Mb L: 867/4087 MS: 1 EraseBytes-
#1253414	REDUCE cov: 1503 ft: 6144 corp: 1307/247Kb lim: 4096 exec/s: 12288 rss: 476Mb L: 22/4087 MS: 3 EraseBytes-CrossOver-EraseBytes-
#1254595	REDUCE cov: 1503 ft: 6144 corp: 1307/247Kb lim: 4096 exec/s: 12180 rss: 476Mb L: 17/4087 MS: 1 EraseBytes-
#1255961	REDUCE cov: 1503 ft: 6144 corp: 1307/247Kb lim: 4096 exec/s: 12193 rss: 476Mb L: 1641/4087 MS: 1 EraseBytes-
#1257807	REDUCE cov: 1503 ft: 6144 corp: 1307/247Kb lim: 4096 exec/s: 12211 rss: 476Mb L: 8/4087 MS: 1 EraseBytes-
#1257878	REDUCE cov: 1503 ft: 6144 corp: 1307/247Kb lim: 4096 exec/s: 12212 rss: 476Mb L: 209/4087 MS: 1 EraseBytes-
#1259914	REDUCE cov: 1503 ft: 6144 corp: 1307/247Kb lim: 4096 exec/s: 12232 rss: 476Mb L: 213/4087 MS: 1 EraseBytes-
#1260575	REDUCE cov: 1503 ft: 6144 corp: 1307/247Kb lim: 4096 exec/s: 12238 rss: 476Mb L: 28/4087 MS: 1 EraseBytes-
#1260724	REDUCE cov: 1503 ft: 6144 corp: 1307/247Kb lim: 4096 exec/s: 12240 rss: 476Mb L: 17/4087 MS: 4 InsertByte-EraseBytes-InsertByte-ChangeBit-
#1261620	REDUCE cov: 1503 ft: 6144 corp: 1307/247Kb lim: 4096 exec/s: 12248 rss: 476Mb L: 2774/4087 MS: 1 EraseBytes-
#1265885	REDUCE cov: 1503 ft: 6144 corp: 1307/247Kb lim: 4096 exec/s: 12290 rss: 476Mb L: 1928/4087 MS: 5 ChangeBit-EraseBytes-CopyPart-InsertByte-ChangeBinInt-
#1266251	REDUCE cov: 1503 ft: 6144 corp: 1307/247Kb lim: 4096 exec/s: 12293 rss: 476Mb L: 23/4087 MS: 1 EraseBytes-
#1266823	REDUCE cov: 1503 ft: 6144 corp: 1307/246Kb lim: 4096 exec/s: 12299 rss: 476Mb L: 3757/4087 MS: 2 ShuffleBytes-EraseBytes-
#1268354	REDUCE cov: 1503 ft: 6144 corp: 1307/246Kb lim: 4096 exec/s: 12195 rss: 476Mb L: 1442/4087 MS: 1 EraseBytes-
#1271955	REDUCE cov: 1503 ft: 6144 corp: 1307/246Kb lim: 4096 exec/s: 12230 rss: 476Mb L: 21/4087 MS: 1 EraseBytes-
#1272076	REDUCE cov: 1503 ft: 6144 corp: 1307/246Kb lim: 4096 exec/s: 12231 rss: 476Mb L: 765/4087 MS: 1 EraseBytes-
#1273012	NEW    cov: 1503 ft: 6150 corp: 1308/247Kb lim: 4096 exec/s: 12240 rss: 476Mb L: 434/4087 MS: 1 CopyPart-
#1274248	REDUCE cov: 1503 ft: 6150 corp: 1308/247Kb lim: 4096 exec/s: 12252 rss: 476Mb L: 154/4087 MS: 1 EraseBytes-
#1274614	REDUCE cov: 1503 ft: 6150 corp: 1308/246Kb lim: 4096 exec/s: 12255 rss: 476Mb L: 1527/4087 MS: 1 EraseBytes-
#1274857	REDUCE cov: 1503 ft: 6150 corp: 1308/246Kb lim: 4096 exec/s: 12258 rss: 476Mb L: 456/4087 MS: 3 InsertByte-EraseBytes-CopyPart-
#1275648	REDUCE cov: 1503 ft: 6150 corp: 1308/246Kb lim: 4096 exec/s: 12265 rss: 476Mb L: 881/4087 MS: 1 EraseBytes-
#1277024	REDUCE cov: 1503 ft: 6150 corp: 1308/246Kb lim: 4096 exec/s: 12279 rss: 476Mb L: 11/4087 MS: 1 EraseBytes-
#1278415	REDUCE cov: 1503 ft: 6150 corp: 1308/246Kb lim: 4096 exec/s: 12292 rss: 476Mb L: 136/4087 MS: 1 EraseBytes-
#1279396	REDUCE cov: 1503 ft: 6150 corp: 1308/246Kb lim: 4096 exec/s: 12301 rss: 476Mb L: 21/4087 MS: 1 EraseBytes-
#1282617	REDUCE cov: 1503 ft: 6150 corp: 1308/246Kb lim: 4096 exec/s: 12215 rss: 476Mb L: 78/4087 MS: 1 EraseBytes-
#1284274	REDUCE cov: 1503 ft: 6150 corp: 1308/246Kb lim: 4096 exec/s: 12231 rss: 476Mb L: 21/4087 MS: 2 InsertByte-EraseBytes-
#1285920	REDUCE cov: 1503 ft: 6150 corp: 1308/246Kb lim: 4096 exec/s: 12246 rss: 476Mb L: 1274/4087 MS: 1 EraseBytes-
#1286301	REDUCE cov: 1503 ft: 6150 corp: 1308/246Kb lim: 4096 exec/s: 12250 rss: 476Mb L: 13/4087 MS: 1 EraseBytes-
#1288377	REDUCE cov: 1503 ft: 6150 corp: 1308/246Kb lim: 4096 exec/s: 12270 rss: 476Mb L: 22/4087 MS: 1 EraseBytes-
#1288773	REDUCE cov: 1503 ft: 6150 corp: 1308/246Kb lim: 4096 exec/s: 12274 rss: 476Mb L: 413/4087 MS: 1 EraseBytes-
#1289759	REDUCE cov: 1503 ft: 6150 corp: 1308/246Kb lim: 4096 exec/s: 12283 rss: 476Mb L: 20/4087 MS: 1 EraseBytes-
#1290382	REDUCE cov: 1503 ft: 6150 corp: 1308/246Kb lim: 4096 exec/s: 12289 rss: 476Mb L: 422/4087 MS: 3 EraseBytes-InsertByte-EraseBytes-
#1292245	REDUCE cov: 1503 ft: 6150 corp: 1308/245Kb lim: 4096 exec/s: 12307 rss: 476Mb L: 604/4087 MS: 3 ChangeBit-ShuffleBytes-EraseBytes-
#1295778	REDUCE cov: 1503 ft: 6150 corp: 1308/245Kb lim: 4096 exec/s: 12340 rss: 476Mb L: 76/4087 MS: 3 CopyPart-EraseBytes-EraseBytes-
#1295890	REDUCE cov: 1503 ft: 6150 corp: 1308/245Kb lim: 4096 exec/s: 12341 rss: 476Mb L: 20/4087 MS: 2 ChangeByte-EraseBytes-
#1295946	REDUCE cov: 1503 ft: 6150 corp: 1308/245Kb lim: 4096 exec/s: 12342 rss: 476Mb L: 299/4087 MS: 1 EraseBytes-
#1297182	REDUCE cov: 1503 ft: 6150 corp: 1308/245Kb lim: 4096 exec/s: 12237 rss: 476Mb L: 397/4087 MS: 1 EraseBytes-
#1299465	REDUCE cov: 1503 ft: 6150 corp: 1308/245Kb lim: 4096 exec/s: 12259 rss: 476Mb L: 24/4087 MS: 3 ShuffleBytes-ChangeByte-EraseBytes-
#1299911	REDUCE cov: 1503 ft: 6150 corp: 1308/245Kb lim: 4096 exec/s: 12263 rss: 476Mb L: 31/4087 MS: 1 EraseBytes-
#1300492	REDUCE cov: 1504 ft: 6151 corp: 1309/245Kb lim: 4096 exec/s: 12268 rss: 476Mb L: 22/4087 MS: 1 ChangeByte-
#1304503	REDUCE cov: 1504 ft: 6151 corp: 1309/245Kb lim: 4096 exec/s: 12306 rss: 476Mb L: 57/4087 MS: 1 EraseBytes-
#1304535	REDUCE cov: 1504 ft: 6151 corp: 1309/245Kb lim: 4096 exec/s: 12306 rss: 476Mb L: 860/4087 MS: 2 ChangeASCIIInt-EraseBytes-
#1305816	REDUCE cov: 1504 ft: 6151 corp: 1309/245Kb lim: 4096 exec/s: 12203 rss: 476Mb L: 384/4087 MS: 1 EraseBytes-
#1306542	REDUCE cov: 1504 ft: 6151 corp: 1309/245Kb lim: 4096 exec/s: 12210 rss: 476Mb L: 390/4087 MS: 1 EraseBytes-
#1307588	REDUCE cov: 1504 ft: 6151 corp: 1309/245Kb lim: 4096 exec/s: 12220 rss: 476Mb L: 32/4087 MS: 1 EraseBytes-
#1308042	REDUCE cov: 1504 ft: 6151 corp: 1309/245Kb lim: 4096 exec/s: 12224 rss: 476Mb L: 679/4087 MS: 4 ChangeBit-InsertByte-ChangeBinInt-EraseBytes-
#1308563	REDUCE cov: 1504 ft: 6151 corp: 1309/245Kb lim: 4096 exec/s: 12229 rss: 476Mb L: 21/4087 MS: 1 EraseBytes-
#1308749	REDUCE cov: 1504 ft: 6151 corp: 1309/245Kb lim: 4096 exec/s: 12231 rss: 476Mb L: 204/4087 MS: 1 EraseBytes-
#1309523	REDUCE cov: 1504 ft: 6151 corp: 1309/245Kb lim: 4096 exec/s: 12238 rss: 476Mb L: 252/4087 MS: 4 ChangeASCIIInt-InsertByte-ShuffleBytes-EraseBytes-
#1310854	REDUCE cov: 1504 ft: 6151 corp: 1309/245Kb lim: 4096 exec/s: 12250 rss: 476Mb L: 133/4087 MS: 1 EraseBytes-
#1311775	REDUCE cov: 1504 ft: 6151 corp: 1309/245Kb lim: 4096 exec/s: 12259 rss: 476Mb L: 1997/4087 MS: 1 EraseBytes-
#1313052	REDUCE cov: 1504 ft: 6151 corp: 1309/245Kb lim: 4096 exec/s: 12271 rss: 476Mb L: 204/4087 MS: 2 ChangeBit-EraseBytes-
#1313744	REDUCE cov: 1504 ft: 6151 corp: 1309/245Kb lim: 4096 exec/s: 12277 rss: 476Mb L: 154/4087 MS: 2 ChangeBinInt-EraseBytes-
#1314230	REDUCE cov: 1504 ft: 6151 corp: 1309/245Kb lim: 4096 exec/s: 12282 rss: 476Mb L: 17/4087 MS: 1 EraseBytes-
#1315526	REDUCE cov: 1504 ft: 6151 corp: 1309/245Kb lim: 4096 exec/s: 12180 rss: 476Mb L: 419/4087 MS: 1 EraseBytes-
#1315922	REDUCE cov: 1504 ft: 6151 corp: 1309/245Kb lim: 4096 exec/s: 12184 rss: 476Mb L: 249/4087 MS: 1 EraseBytes-
#1316833	REDUCE cov: 1504 ft: 6151 corp: 1309/245Kb lim: 4096 exec/s: 12192 rss: 476Mb L: 23/4087 MS: 1 EraseBytes-
#1316984	REDUCE cov: 1504 ft: 6151 corp: 1309/245Kb lim: 4096 exec/s: 12194 rss: 476Mb L: 116/4087 MS: 1 EraseBytes-
#1320401	REDUCE cov: 1504 ft: 6151 corp: 1309/245Kb lim: 4096 exec/s: 12225 rss: 476Mb L: 492/4087 MS: 2 ShuffleBytes-EraseBytes-
#1321277	REDUCE cov: 1504 ft: 6151 corp: 1309/245Kb lim: 4096 exec/s: 12234 rss: 476Mb L: 14/4087 MS: 1 EraseBytes-
#1321793	REDUCE cov: 1504 ft: 6151 corp: 1309/245Kb lim: 4096 exec/s: 12238 rss: 476Mb L: 2240/4087 MS: 1 EraseBytes-
#1323399	REDUCE cov: 1504 ft: 6151 corp: 1309/245Kb lim: 4096 exec/s: 12253 rss: 476Mb L: 289/4087 MS: 1 EraseBytes-
#1323571	REDUCE cov: 1504 ft: 6151 corp: 1309/245Kb lim: 4096 exec/s: 12255 rss: 476Mb L: 137/4087 MS: 2 CrossOver-EraseBytes-
#1325384	REDUCE cov: 1504 ft: 6151 corp: 1309/245Kb lim: 4096 exec/s: 12159 rss: 476Mb L: 20/4087 MS: 3 ChangeBit-ShuffleBytes-EraseBytes-
#1325810	REDUCE cov: 1504 ft: 6151 corp: 1309/245Kb lim: 4096 exec/s: 12163 rss: 476Mb L: 17/4087 MS: 1 EraseBytes-
#1326961	REDUCE cov: 1504 ft: 6151 corp: 1309/245Kb lim: 4096 exec/s: 12173 rss: 476Mb L: 112/4087 MS: 1 EraseBytes-
#1329638	REDUCE cov: 1504 ft: 6152 corp: 1310/249Kb lim: 4096 exec/s: 12198 rss: 476Mb L: 4023/4087 MS: 2 ChangeByte-InsertByte-
#1330784	REDUCE cov: 1504 ft: 6152 corp: 1310/249Kb lim: 4096 exec/s: 12209 rss: 476Mb L: 58/4087 MS: 1 EraseBytes-
#1331440	REDUCE cov: 1504 ft: 6152 corp: 1310/248Kb lim: 4096 exec/s: 12215 rss: 476Mb L: 1323/4087 MS: 1 EraseBytes-
#1331541	REDUCE cov: 1504 ft: 6152 corp: 1310/248Kb lim: 4096 exec/s: 12215 rss: 476Mb L: 73/4087 MS: 1 EraseBytes-
#1335083	REDUCE cov: 1504 ft: 6152 corp: 1310/248Kb lim: 4096 exec/s: 12137 rss: 476Mb L: 249/4087 MS: 2 ChangeASCIIInt-EraseBytes-
#1335269	REDUCE cov: 1504 ft: 6152 corp: 1310/248Kb lim: 4096 exec/s: 12138 rss: 476Mb L: 205/4087 MS: 1 EraseBytes-
#1336755	REDUCE cov: 1504 ft: 6153 corp: 1311/250Kb lim: 4096 exec/s: 12152 rss: 476Mb L: 1611/4087 MS: 1 CopyPart-
#1339956	REDUCE cov: 1504 ft: 6153 corp: 1311/250Kb lim: 4096 exec/s: 12181 rss: 476Mb L: 36/4087 MS: 1 EraseBytes-
#1340558	REDUCE cov: 1504 ft: 6153 corp: 1311/250Kb lim: 4096 exec/s: 12186 rss: 476Mb L: 57/4087 MS: 2 ChangeASCIIInt-EraseBytes-
#1341624	REDUCE cov: 1504 ft: 6153 corp: 1311/250Kb lim: 4096 exec/s: 12196 rss: 476Mb L: 173/4087 MS: 1 EraseBytes-
#1342031	REDUCE cov: 1504 ft: 6153 corp: 1311/250Kb lim: 4096 exec/s: 12200 rss: 476Mb L: 69/4087 MS: 2 InsertByte-EraseBytes-
#1342257	REDUCE cov: 1504 ft: 6153 corp: 1311/250Kb lim: 4096 exec/s: 12202 rss: 476Mb L: 52/4087 MS: 1 EraseBytes-
#1342858	REDUCE cov: 1504 ft: 6153 corp: 1311/250Kb lim: 4096 exec/s: 12207 rss: 476Mb L: 85/4087 MS: 1 EraseBytes-
#1343941	REDUCE cov: 1504 ft: 6153 corp: 1311/250Kb lim: 4096 exec/s: 12217 rss: 476Mb L: 104/4087 MS: 3 CopyPart-CrossOver-EraseBytes-
#1345554	REDUCE cov: 1504 ft: 6153 corp: 1311/250Kb lim: 4096 exec/s: 12122 rss: 476Mb L: 517/4087 MS: 3 ChangeASCIIInt-ChangeBinInt-EraseBytes-
#1345621	REDUCE cov: 1504 ft: 6153 corp: 1311/250Kb lim: 4096 exec/s: 12122 rss: 476Mb L: 43/4087 MS: 2 InsertByte-EraseBytes-
#1345967	REDUCE cov: 1504 ft: 6153 corp: 1311/250Kb lim: 4096 exec/s: 12125 rss: 476Mb L: 27/4087 MS: 1 EraseBytes-
#1348247	REDUCE cov: 1504 ft: 6153 corp: 1311/250Kb lim: 4096 exec/s: 12146 rss: 476Mb L: 138/4087 MS: 5 ChangeByte-ChangeBit-InsertByte-InsertRepeatedBytes-EraseBytes-
#1348589	REDUCE cov: 1504 ft: 6153 corp: 1311/250Kb lim: 4096 exec/s: 12149 rss: 476Mb L: 245/4087 MS: 2 ChangeBit-EraseBytes-
#1349860	REDUCE cov: 1504 ft: 6153 corp: 1311/250Kb lim: 4096 exec/s: 12160 rss: 476Mb L: 250/4087 MS: 1 EraseBytes-
#1350496	REDUCE cov: 1504 ft: 6156 corp: 1312/254Kb lim: 4096 exec/s: 12166 rss: 476Mb L: 3913/4087 MS: 1 CopyPart-
#1351767	REDUCE cov: 1504 ft: 6156 corp: 1312/254Kb lim: 4096 exec/s: 12178 rss: 476Mb L: 109/4087 MS: 1 EraseBytes-
#1352564	REDUCE cov: 1504 ft: 6156 corp: 1312/254Kb lim: 4096 exec/s: 12185 rss: 476Mb L: 359/4087 MS: 2 InsertByte-EraseBytes-
#1354221	REDUCE cov: 1504 ft: 6156 corp: 1312/254Kb lim: 4096 exec/s: 12091 rss: 476Mb L: 364/4087 MS: 2 CopyPart-EraseBytes-
#1356012	REDUCE cov: 1504 ft: 6156 corp: 1312/253Kb lim: 4096 exec/s: 12107 rss: 476Mb L: 3503/4087 MS: 1 EraseBytes-
#1356158	REDUCE cov: 1504 ft: 6156 corp: 1312/253Kb lim: 4096 exec/s: 12108 rss: 476Mb L: 7/4087 MS: 1 EraseBytes-
#1356999	REDUCE cov: 1504 ft: 6156 corp: 1312/253Kb lim: 4096 exec/s: 12116 rss: 476Mb L: 345/4087 MS: 1 EraseBytes-
#1358085	REDUCE cov: 1504 ft: 6156 corp: 1312/253Kb lim: 4096 exec/s: 12125 rss: 476Mb L: 29/4087 MS: 1 EraseBytes-
#1359022	REDUCE cov: 1504 ft: 6156 corp: 1312/253Kb lim: 4096 exec/s: 12134 rss: 476Mb L: 511/4087 MS: 2 ShuffleBytes-EraseBytes-
#1359073	REDUCE cov: 1504 ft: 6156 corp: 1312/253Kb lim: 4096 exec/s: 12134 rss: 476Mb L: 12/4087 MS: 1 EraseBytes-
#1360834	REDUCE cov: 1504 ft: 6156 corp: 1312/253Kb lim: 4096 exec/s: 12150 rss: 476Mb L: 10/4087 MS: 1 EraseBytes-
#1361258	REDUCE cov: 1504 ft: 6156 corp: 1312/253Kb lim: 4096 exec/s: 12154 rss: 476Mb L: 1079/4087 MS: 4 ChangeBit-ChangeBit-ChangeBinInt-EraseBytes-
#1361569	REDUCE cov: 1504 ft: 6156 corp: 1312/253Kb lim: 4096 exec/s: 12156 rss: 476Mb L: 777/4087 MS: 1 EraseBytes-
#1361795	REDUCE cov: 1504 ft: 6156 corp: 1312/253Kb lim: 4096 exec/s: 12158 rss: 476Mb L: 21/4087 MS: 1 EraseBytes-
#1362434	REDUCE cov: 1504 ft: 6159 corp: 1313/253Kb lim: 4096 exec/s: 12164 rss: 476Mb L: 93/4087 MS: 4 EraseBytes-InsertByte-CrossOver-CopyPart-
#1362553	REDUCE cov: 1504 ft: 6159 corp: 1313/253Kb lim: 4096 exec/s: 12165 rss: 476Mb L: 345/4087 MS: 4 ChangeByte-InsertByte-ChangeBit-EraseBytes-
#1362989	REDUCE cov: 1504 ft: 6159 corp: 1313/253Kb lim: 4096 exec/s: 12169 rss: 476Mb L: 542/4087 MS: 1 EraseBytes-
#1364446	REDUCE cov: 1504 ft: 6161 corp: 1314/254Kb lim: 4096 exec/s: 12182 rss: 476Mb L: 726/4087 MS: 2 CopyPart-CopyPart-
#1364708	REDUCE cov: 1504 ft: 6161 corp: 1314/254Kb lim: 4096 exec/s: 12184 rss: 476Mb L: 9/4087 MS: 2 EraseBytes-CopyPart-
#1364925	REDUCE cov: 1504 ft: 6161 corp: 1314/254Kb lim: 4096 exec/s: 12186 rss: 476Mb L: 1525/4087 MS: 2 CrossOver-EraseBytes-
#1365410	REDUCE cov: 1504 ft: 6161 corp: 1314/254Kb lim: 4096 exec/s: 12083 rss: 476Mb L: 197/4087 MS: 5 CopyPart-CopyPart-PersAutoDict-ChangeByte-EraseBytes- DE: "2\357\277\275#\357\277\275"-
#1366441	REDUCE cov: 1504 ft: 6161 corp: 1314/254Kb lim: 4096 exec/s: 12092 rss: 476Mb L: 13/4087 MS: 1 EraseBytes-
#1367392	REDUCE cov: 1504 ft: 6161 corp: 1314/254Kb lim: 4096 exec/s: 12100 rss: 476Mb L: 19/4087 MS: 1 EraseBytes-
#1368023	REDUCE cov: 1504 ft: 6161 corp: 1314/254Kb lim: 4096 exec/s: 12106 rss: 476Mb L: 52/4087 MS: 1 EraseBytes-
#1368205	REDUCE cov: 1504 ft: 6161 corp: 1314/254Kb lim: 4096 exec/s: 12108 rss: 476Mb L: 692/4087 MS: 2 CopyPart-EraseBytes-
#1368506	REDUCE cov: 1504 ft: 6161 corp: 1314/254Kb lim: 4096 exec/s: 12110 rss: 476Mb L: 423/4087 MS: 1 EraseBytes-
#1369403	REDUCE cov: 1504 ft: 6161 corp: 1314/254Kb lim: 4096 exec/s: 12118 rss: 476Mb L: 141/4087 MS: 2 CrossOver-EraseBytes-
#1369809	REDUCE cov: 1504 ft: 6161 corp: 1314/253Kb lim: 4096 exec/s: 12122 rss: 476Mb L: 3034/4087 MS: 1 CrossOver-
#1369880	REDUCE cov: 1504 ft: 6166 corp: 1315/256Kb lim: 4096 exec/s: 12122 rss: 476Mb L: 2189/4087 MS: 1 CopyPart-
#1370856	NEW    cov: 1504 ft: 6169 corp: 1316/259Kb lim: 4096 exec/s: 12131 rss: 476Mb L: 3311/4087 MS: 1 CopyPart-
#1373472	REDUCE cov: 1504 ft: 6169 corp: 1316/259Kb lim: 4096 exec/s: 12154 rss: 476Mb L: 507/4087 MS: 1 EraseBytes-
#1374418	NEW    cov: 1504 ft: 6171 corp: 1317/259Kb lim: 4096 exec/s: 12162 rss: 476Mb L: 93/4087 MS: 1 ChangeByte-
#1374474	REDUCE cov: 1504 ft: 6171 corp: 1317/259Kb lim: 4096 exec/s: 12163 rss: 476Mb L: 97/4087 MS: 1 EraseBytes-
#1375665	REDUCE cov: 1504 ft: 6171 corp: 1317/259Kb lim: 4096 exec/s: 12174 rss: 476Mb L: 316/4087 MS: 1 EraseBytes-
#1376941	REDUCE cov: 1504 ft: 6171 corp: 1317/259Kb lim: 4096 exec/s: 12185 rss: 476Mb L: 132/4087 MS: 1 EraseBytes-
#1377177	REDUCE cov: 1504 ft: 6171 corp: 1317/259Kb lim: 4096 exec/s: 12187 rss: 476Mb L: 37/4087 MS: 1 EraseBytes-
#1378438	REDUCE cov: 1504 ft: 6171 corp: 1317/259Kb lim: 4096 exec/s: 12091 rss: 476Mb L: 901/4087 MS: 1 EraseBytes-
#1378814	REDUCE cov: 1504 ft: 6171 corp: 1317/259Kb lim: 4096 exec/s: 12094 rss: 476Mb L: 128/4087 MS: 1 EraseBytes-
#1379415	REDUCE cov: 1504 ft: 6171 corp: 1317/258Kb lim: 4096 exec/s: 12100 rss: 476Mb L: 431/4087 MS: 1 EraseBytes-
#1380732	REDUCE cov: 1504 ft: 6171 corp: 1317/258Kb lim: 4096 exec/s: 12111 rss: 476Mb L: 23/4087 MS: 2 InsertByte-EraseBytes-
#1380753	REDUCE cov: 1504 ft: 6171 corp: 1317/258Kb lim: 4096 exec/s: 12111 rss: 476Mb L: 797/4087 MS: 1 EraseBytes-
#1381314	REDUCE cov: 1504 ft: 6171 corp: 1317/258Kb lim: 4096 exec/s: 12116 rss: 476Mb L: 85/4087 MS: 1 EraseBytes-
#1381956	REDUCE cov: 1504 ft: 6171 corp: 1317/258Kb lim: 4096 exec/s: 12122 rss: 476Mb L: 13/4087 MS: 2 CopyPart-EraseBytes-
#1382467	REDUCE cov: 1504 ft: 6171 corp: 1317/258Kb lim: 4096 exec/s: 12126 rss: 476Mb L: 349/4087 MS: 1 EraseBytes-
#1383693	REDUCE cov: 1504 ft: 6171 corp: 1317/258Kb lim: 4096 exec/s: 12137 rss: 476Mb L: 20/4087 MS: 1 EraseBytes-
#1383829	REDUCE cov: 1504 ft: 6171 corp: 1317/258Kb lim: 4096 exec/s: 12138 rss: 476Mb L: 15/4087 MS: 1 EraseBytes-
#1385705	REDUCE cov: 1504 ft: 6171 corp: 1317/258Kb lim: 4096 exec/s: 12155 rss: 476Mb L: 833/4087 MS: 1 EraseBytes-
#1386393	NEW    cov: 1504 ft: 6172 corp: 1318/259Kb lim: 4096 exec/s: 12161 rss: 476Mb L: 709/4087 MS: 3 CopyPart-InsertRepeatedBytes-EraseBytes-
#1386751	REDUCE cov: 1504 ft: 6172 corp: 1318/259Kb lim: 4096 exec/s: 12164 rss: 476Mb L: 27/4087 MS: 3 ChangeByte-ChangeBinInt-EraseBytes-
#1386752	REDUCE cov: 1504 ft: 6172 corp: 1318/259Kb lim: 4096 exec/s: 12164 rss: 476Mb L: 1850/4087 MS: 1 EraseBytes-
#1387113	REDUCE cov: 1504 ft: 6172 corp: 1318/259Kb lim: 4096 exec/s: 12167 rss: 476Mb L: 108/4087 MS: 1 EraseBytes-
#1387460	REDUCE cov: 1504 ft: 6172 corp: 1318/259Kb lim: 4096 exec/s: 12170 rss: 476Mb L: 22/4087 MS: 2 ChangeBit-EraseBytes-
#1387511	REDUCE cov: 1504 ft: 6172 corp: 1318/259Kb lim: 4096 exec/s: 12171 rss: 476Mb L: 28/4087 MS: 1 EraseBytes-
#1389767	REDUCE cov: 1504 ft: 6172 corp: 1318/258Kb lim: 4096 exec/s: 12190 rss: 476Mb L: 2866/4087 MS: 1 EraseBytes-
#1390573	REDUCE cov: 1504 ft: 6172 corp: 1318/258Kb lim: 4096 exec/s: 12198 rss: 476Mb L: 263/4087 MS: 1 EraseBytes-
#1390694	REDUCE cov: 1504 ft: 6172 corp: 1318/258Kb lim: 4096 exec/s: 12199 rss: 476Mb L: 11/4087 MS: 1 EraseBytes-
#1391587	REDUCE cov: 1504 ft: 6172 corp: 1318/258Kb lim: 4096 exec/s: 12100 rss: 476Mb L: 1376/4087 MS: 3 PersAutoDict-ShuffleBytes-CrossOver- DE: "\0015"-
#1392028	REDUCE cov: 1504 ft: 6172 corp: 1318/258Kb lim: 4096 exec/s: 12104 rss: 476Mb L: 1022/4087 MS: 1 EraseBytes-
#1392165	REDUCE cov: 1504 ft: 6172 corp: 1318/257Kb lim: 4096 exec/s: 12105 rss: 476Mb L: 338/4087 MS: 2 InsertRepeatedBytes-EraseBytes-
#1392633	REDUCE cov: 1504 ft: 6172 corp: 1318/257Kb lim: 4096 exec/s: 12109 rss: 476Mb L: 57/4087 MS: 3 EraseBytes-ChangeBit-ChangeByte-
#1393169	REDUCE cov: 1504 ft: 6172 corp: 1318/257Kb lim: 4096 exec/s: 12114 rss: 476Mb L: 136/4087 MS: 1 EraseBytes-
#1394025	REDUCE cov: 1504 ft: 6172 corp: 1318/257Kb lim: 4096 exec/s: 12121 rss: 476Mb L: 679/4087 MS: 1 EraseBytes-
#1394956	REDUCE cov: 1504 ft: 6172 corp: 1318/257Kb lim: 4096 exec/s: 12130 rss: 476Mb L: 452/4087 MS: 1 EraseBytes-
#1394977	REDUCE cov: 1504 ft: 6172 corp: 1318/257Kb lim: 4096 exec/s: 12130 rss: 476Mb L: 340/4087 MS: 1 EraseBytes-
#1395533	REDUCE cov: 1504 ft: 6172 corp: 1318/257Kb lim: 4096 exec/s: 12135 rss: 476Mb L: 89/4087 MS: 1 EraseBytes-
#1397715	REDUCE cov: 1504 ft: 6172 corp: 1318/257Kb lim: 4096 exec/s: 12154 rss: 476Mb L: 11/4087 MS: 2 ChangeASCIIInt-EraseBytes-
#1399391	REDUCE cov: 1504 ft: 6172 corp: 1318/257Kb lim: 4096 exec/s: 12168 rss: 476Mb L: 43/4087 MS: 1 EraseBytes-
#1400702	REDUCE cov: 1504 ft: 6172 corp: 1318/257Kb lim: 4096 exec/s: 12180 rss: 476Mb L: 243/4087 MS: 1 EraseBytes-
#1400786	REDUCE cov: 1504 ft: 6172 corp: 1318/257Kb lim: 4096 exec/s: 12180 rss: 476Mb L: 83/4087 MS: 4 ChangeASCIIInt-InsertRepeatedBytes-ChangeByte-EraseBytes-
#1403783	REDUCE cov: 1504 ft: 6172 corp: 1318/257Kb lim: 4096 exec/s: 12101 rss: 477Mb L: 54/4087 MS: 2 CopyPart-EraseBytes-
#1405760	REDUCE cov: 1504 ft: 6172 corp: 1318/257Kb lim: 4096 exec/s: 12118 rss: 477Mb L: 25/4087 MS: 2 CrossOver-EraseBytes-
#1407276	REDUCE cov: 1504 ft: 6172 corp: 1318/257Kb lim: 4096 exec/s: 12131 rss: 477Mb L: 147/4087 MS: 1 EraseBytes-
#1408147	REDUCE cov: 1504 ft: 6172 corp: 1318/257Kb lim: 4096 exec/s: 12139 rss: 477Mb L: 147/4087 MS: 1 EraseBytes-
#1408693	REDUCE cov: 1504 ft: 6172 corp: 1318/257Kb lim: 4096 exec/s: 12143 rss: 477Mb L: 74/4087 MS: 1 EraseBytes-
#1411260	REDUCE cov: 1504 ft: 6172 corp: 1318/257Kb lim: 4096 exec/s: 12166 rss: 479Mb L: 11/4087 MS: 2 ChangeASCIIInt-EraseBytes-
#1412541	REDUCE cov: 1504 ft: 6172 corp: 1318/257Kb lim: 4096 exec/s: 12177 rss: 479Mb L: 19/4087 MS: 1 EraseBytes-
#1413047	REDUCE cov: 1504 ft: 6172 corp: 1318/257Kb lim: 4096 exec/s: 12181 rss: 479Mb L: 42/4087 MS: 1 EraseBytes-
#1413749	REDUCE cov: 1504 ft: 6172 corp: 1318/257Kb lim: 4096 exec/s: 12187 rss: 479Mb L: 90/4087 MS: 2 ChangeBit-EraseBytes-
#1414096	REDUCE cov: 1504 ft: 6172 corp: 1318/257Kb lim: 4096 exec/s: 12190 rss: 479Mb L: 9/4087 MS: 2 ShuffleBytes-EraseBytes-
#1415717	REDUCE cov: 1504 ft: 6172 corp: 1318/257Kb lim: 4096 exec/s: 12204 rss: 479Mb L: 192/4087 MS: 1 EraseBytes-
#1416553	REDUCE cov: 1504 ft: 6172 corp: 1318/257Kb lim: 4096 exec/s: 12211 rss: 479Mb L: 22/4087 MS: 1 EraseBytes-
#1419975	REDUCE cov: 1504 ft: 6172 corp: 1318/257Kb lim: 4096 exec/s: 12136 rss: 480Mb L: 17/4087 MS: 2 ChangeBit-EraseBytes-
#1422891	REDUCE cov: 1504 ft: 6172 corp: 1318/257Kb lim: 4096 exec/s: 12161 rss: 481Mb L: 719/4087 MS: 1 EraseBytes-
#1424107	REDUCE cov: 1504 ft: 6172 corp: 1318/257Kb lim: 4096 exec/s: 12171 rss: 481Mb L: 12/4087 MS: 1 EraseBytes-
#1424564	REDUCE cov: 1504 ft: 6172 corp: 1318/257Kb lim: 4096 exec/s: 12175 rss: 481Mb L: 107/4087 MS: 2 ShuffleBytes-EraseBytes-
#1425660	REDUCE cov: 1504 ft: 6172 corp: 1318/257Kb lim: 4096 exec/s: 12185 rss: 481Mb L: 93/4087 MS: 1 EraseBytes-
#1425896	REDUCE cov: 1504 ft: 6172 corp: 1318/257Kb lim: 4096 exec/s: 12187 rss: 481Mb L: 56/4087 MS: 1 EraseBytes-
#1426403	NEW    cov: 1504 ft: 6175 corp: 1319/261Kb lim: 4096 exec/s: 12191 rss: 481Mb L: 3940/4087 MS: 1 InsertRepeatedBytes-
#1427599	REDUCE cov: 1504 ft: 6175 corp: 1319/261Kb lim: 4096 exec/s: 12201 rss: 481Mb L: 82/4087 MS: 1 EraseBytes-
#1428266	REDUCE cov: 1504 ft: 6175 corp: 1319/261Kb lim: 4096 exec/s: 12207 rss: 481Mb L: 10/4087 MS: 2 ShuffleBytes-EraseBytes-
#1428277	REDUCE cov: 1504 ft: 6175 corp: 1319/261Kb lim: 4096 exec/s: 12207 rss: 481Mb L: 34/4087 MS: 1 EraseBytes-
#1429358	REDUCE cov: 1504 ft: 6175 corp: 1319/261Kb lim: 4096 exec/s: 12113 rss: 482Mb L: 201/4087 MS: 1 EraseBytes-
#1433165	REDUCE cov: 1504 ft: 6175 corp: 1319/261Kb lim: 4096 exec/s: 12145 rss: 482Mb L: 921/4087 MS: 2 ChangeByte-EraseBytes-
#1433701	REDUCE cov: 1504 ft: 6175 corp: 1319/261Kb lim: 4096 exec/s: 12150 rss: 482Mb L: 575/4087 MS: 1 EraseBytes-
#1434277	REDUCE cov: 1504 ft: 6175 corp: 1319/261Kb lim: 4096 exec/s: 12154 rss: 482Mb L: 778/4087 MS: 1 EraseBytes-
#1434709	REDUCE cov: 1504 ft: 6175 corp: 1319/261Kb lim: 4096 exec/s: 12158 rss: 482Mb L: 68/4087 MS: 2 ShuffleBytes-EraseBytes-
#1435296	REDUCE cov: 1504 ft: 6175 corp: 1319/261Kb lim: 4096 exec/s: 12163 rss: 482Mb L: 267/4087 MS: 2 PersAutoDict-EraseBytes- DE: "\377\377\377\364"-
#1435538	REDUCE cov: 1504 ft: 6175 corp: 1319/260Kb lim: 4096 exec/s: 12165 rss: 482Mb L: 1583/4087 MS: 2 ChangeByte-EraseBytes-
#1439585	REDUCE cov: 1504 ft: 6175 corp: 1319/260Kb lim: 4096 exec/s: 12199 rss: 482Mb L: 292/4087 MS: 1 EraseBytes-
#1442231	REDUCE cov: 1504 ft: 6175 corp: 1319/260Kb lim: 4096 exec/s: 12119 rss: 482Mb L: 19/4087 MS: 1 EraseBytes-
#1442953	REDUCE cov: 1504 ft: 6175 corp: 1319/260Kb lim: 4096 exec/s: 12125 rss: 482Mb L: 301/4087 MS: 2 CrossOver-EraseBytes-
#1445160	REDUCE cov: 1504 ft: 6175 corp: 1319/260Kb lim: 4096 exec/s: 12144 rss: 482Mb L: 5/4087 MS: 2 EraseBytes-EraseBytes-
#1445252	REDUCE cov: 1504 ft: 6175 corp: 1319/260Kb lim: 4096 exec/s: 12144 rss: 482Mb L: 2252/4087 MS: 2 ChangeBinInt-EraseBytes-
#1445939	REDUCE cov: 1504 ft: 6175 corp: 1319/260Kb lim: 4096 exec/s: 12150 rss: 482Mb L: 73/4087 MS: 2 ChangeASCIIInt-EraseBytes-
#1447670	REDUCE cov: 1504 ft: 6175 corp: 1319/260Kb lim: 4096 exec/s: 12165 rss: 482Mb L: 126/4087 MS: 1 EraseBytes-
#1448891	REDUCE cov: 1504 ft: 6175 corp: 1319/260Kb lim: 4096 exec/s: 12175 rss: 482Mb L: 132/4087 MS: 1 EraseBytes-
#1449289	REDUCE cov: 1504 ft: 6175 corp: 1319/260Kb lim: 4096 exec/s: 12178 rss: 482Mb L: 29/4087 MS: 3 ChangeBit-ShuffleBytes-EraseBytes-
#1449926	REDUCE cov: 1504 ft: 6175 corp: 1319/260Kb lim: 4096 exec/s: 12184 rss: 482Mb L: 11/4087 MS: 2 ChangeBit-EraseBytes-
#1452653	REDUCE cov: 1504 ft: 6175 corp: 1319/260Kb lim: 4096 exec/s: 12207 rss: 482Mb L: 326/4087 MS: 2 ShuffleBytes-EraseBytes-
#1452684	REDUCE cov: 1504 ft: 6175 corp: 1319/260Kb lim: 4096 exec/s: 12207 rss: 482Mb L: 438/4087 MS: 1 EraseBytes-
#1454600	REDUCE cov: 1504 ft: 6175 corp: 1319/260Kb lim: 4096 exec/s: 12223 rss: 482Mb L: 325/4087 MS: 1 EraseBytes-
#1454986	REDUCE cov: 1504 ft: 6175 corp: 1319/260Kb lim: 4096 exec/s: 12124 rss: 482Mb L: 8/4087 MS: 1 EraseBytes-
#1457332	REDUCE cov: 1504 ft: 6175 corp: 1319/260Kb lim: 4096 exec/s: 12144 rss: 482Mb L: 643/4087 MS: 1 EraseBytes-
#1457608	REDUCE cov: 1504 ft: 6175 corp: 1319/260Kb lim: 4096 exec/s: 12146 rss: 482Mb L: 26/4087 MS: 1 EraseBytes-
#1458329	REDUCE cov: 1504 ft: 6175 corp: 1319/260Kb lim: 4096 exec/s: 12152 rss: 482Mb L: 56/4087 MS: 1 EraseBytes-
#1458483	REDUCE cov: 1504 ft: 6175 corp: 1319/260Kb lim: 4096 exec/s: 12154 rss: 482Mb L: 41/4087 MS: 4 ChangeASCIIInt-ChangeBit-ChangeASCIIInt-EraseBytes-
#1458586	REDUCE cov: 1504 ft: 6175 corp: 1319/260Kb lim: 4096 exec/s: 12154 rss: 482Mb L: 51/4087 MS: 3 ChangeBit-EraseBytes-CopyPart-
#1458632	REDUCE cov: 1504 ft: 6175 corp: 1319/260Kb lim: 4096 exec/s: 12155 rss: 482Mb L: 635/4087 MS: 1 EraseBytes-
#1459253	REDUCE cov: 1504 ft: 6175 corp: 1319/260Kb lim: 4096 exec/s: 12160 rss: 482Mb L: 221/4087 MS: 1 EraseBytes-
#1459734	REDUCE cov: 1504 ft: 6175 corp: 1319/260Kb lim: 4096 exec/s: 12164 rss: 482Mb L: 217/4087 MS: 1 EraseBytes-
#1460705	REDUCE cov: 1504 ft: 6175 corp: 1319/260Kb lim: 4096 exec/s: 12172 rss: 482Mb L: 1291/4087 MS: 1 CrossOver-
#1461496	REDUCE cov: 1504 ft: 6175 corp: 1319/260Kb lim: 4096 exec/s: 12179 rss: 482Mb L: 10/4087 MS: 1 EraseBytes-
#1462232	REDUCE cov: 1504 ft: 6175 corp: 1319/260Kb lim: 4096 exec/s: 12185 rss: 482Mb L: 9/4087 MS: 1 EraseBytes-
#1464173	REDUCE cov: 1504 ft: 6175 corp: 1319/260Kb lim: 4096 exec/s: 12201 rss: 482Mb L: 85/4087 MS: 1 EraseBytes-
#1465529	REDUCE cov: 1504 ft: 6175 corp: 1319/260Kb lim: 4096 exec/s: 12212 rss: 482Mb L: 137/4087 MS: 1 EraseBytes-
#1467592	REDUCE cov: 1504 ft: 6175 corp: 1319/260Kb lim: 4096 exec/s: 12229 rss: 482Mb L: 104/4087 MS: 2 EraseBytes-CopyPart-
#1471588	REDUCE cov: 1504 ft: 6175 corp: 1319/260Kb lim: 4096 exec/s: 12161 rss: 482Mb L: 279/4087 MS: 1 EraseBytes-
#1473060	REDUCE cov: 1504 ft: 6175 corp: 1319/260Kb lim: 4096 exec/s: 12174 rss: 482Mb L: 436/4087 MS: 2 ChangeASCIIInt-EraseBytes-
#1473937	REDUCE cov: 1504 ft: 6175 corp: 1319/260Kb lim: 4096 exec/s: 12181 rss: 482Mb L: 38/4087 MS: 2 InsertByte-EraseBytes-
#1474978	REDUCE cov: 1504 ft: 6175 corp: 1319/260Kb lim: 4096 exec/s: 12189 rss: 482Mb L: 1204/4087 MS: 1 EraseBytes-
#1477234	REDUCE cov: 1504 ft: 6176 corp: 1320/261Kb lim: 4096 exec/s: 12208 rss: 482Mb L: 587/4087 MS: 1 CopyPart-
#1479526	REDUCE cov: 1504 ft: 6176 corp: 1320/261Kb lim: 4096 exec/s: 12227 rss: 482Mb L: 185/4087 MS: 2 ChangeByte-EraseBytes-
#1479617	REDUCE cov: 1504 ft: 6176 corp: 1320/261Kb lim: 4096 exec/s: 12228 rss: 482Mb L: 12/4087 MS: 1 EraseBytes-
#1480785	REDUCE cov: 1504 ft: 6176 corp: 1320/261Kb lim: 4096 exec/s: 12237 rss: 482Mb L: 15/4087 MS: 2 ChangeBit-EraseBytes-
#1484001	REDUCE cov: 1504 ft: 6176 corp: 1320/261Kb lim: 4096 exec/s: 12163 rss: 482Mb L: 87/4087 MS: 1 EraseBytes-
#1484292	REDUCE cov: 1504 ft: 6176 corp: 1320/261Kb lim: 4096 exec/s: 12166 rss: 482Mb L: 104/4087 MS: 1 EraseBytes-
#1484633	REDUCE cov: 1504 ft: 6176 corp: 1320/261Kb lim: 4096 exec/s: 12169 rss: 482Mb L: 24/4087 MS: 1 EraseBytes-
#1486249	REDUCE cov: 1504 ft: 6176 corp: 1320/261Kb lim: 4096 exec/s: 12182 rss: 482Mb L: 474/4087 MS: 1 EraseBytes-
#1486615	REDUCE cov: 1504 ft: 6176 corp: 1320/260Kb lim: 4096 exec/s: 12185 rss: 482Mb L: 2997/4087 MS: 1 EraseBytes-
#1487863	REDUCE cov: 1504 ft: 6176 corp: 1320/260Kb lim: 4096 exec/s: 12195 rss: 482Mb L: 235/4087 MS: 3 ChangeASCIIInt-InsertByte-EraseBytes-
#1488664	REDUCE cov: 1504 ft: 6176 corp: 1320/260Kb lim: 4096 exec/s: 12202 rss: 482Mb L: 143/4087 MS: 1 EraseBytes-
#1490330	REDUCE cov: 1504 ft: 6176 corp: 1320/260Kb lim: 4096 exec/s: 12215 rss: 482Mb L: 179/4087 MS: 1 EraseBytes-
#1490776	REDUCE cov: 1504 ft: 6176 corp: 1320/260Kb lim: 4096 exec/s: 12219 rss: 482Mb L: 267/4087 MS: 1 EraseBytes-
#1493432	REDUCE cov: 1504 ft: 6176 corp: 1320/260Kb lim: 4096 exec/s: 12141 rss: 482Mb L: 564/4087 MS: 1 EraseBytes-
#1496014	REDUCE cov: 1504 ft: 6176 corp: 1320/260Kb lim: 4096 exec/s: 12162 rss: 482Mb L: 1990/4087 MS: 2 ChangeASCIIInt-EraseBytes-
#1498122	REDUCE cov: 1504 ft: 6176 corp: 1320/260Kb lim: 4096 exec/s: 12179 rss: 482Mb L: 68/4087 MS: 3 ChangeBit-ChangeASCIIInt-EraseBytes-
#1498844	REDUCE cov: 1504 ft: 6176 corp: 1320/260Kb lim: 4096 exec/s: 12185 rss: 482Mb L: 2935/4087 MS: 2 ChangeASCIIInt-EraseBytes-
#1499150	REDUCE cov: 1504 ft: 6176 corp: 1320/260Kb lim: 4096 exec/s: 12188 rss: 482Mb L: 10/4087 MS: 1 EraseBytes-
#1499346	REDUCE cov: 1504 ft: 6176 corp: 1320/260Kb lim: 4096 exec/s: 12189 rss: 482Mb L: 702/4087 MS: 1 EraseBytes-
#1499877	REDUCE cov: 1504 ft: 6176 corp: 1320/260Kb lim: 4096 exec/s: 12194 rss: 482Mb L: 28/4087 MS: 1 EraseBytes-
#1500798	REDUCE cov: 1504 ft: 6176 corp: 1320/260Kb lim: 4096 exec/s: 12201 rss: 482Mb L: 245/4087 MS: 1 EraseBytes-
#1501154	REDUCE cov: 1504 ft: 6176 corp: 1320/260Kb lim: 4096 exec/s: 12204 rss: 482Mb L: 170/4087 MS: 1 EraseBytes-
#1501545	REDUCE cov: 1504 ft: 6176 corp: 1320/260Kb lim: 4096 exec/s: 12207 rss: 482Mb L: 3877/4087 MS: 1 EraseBytes-
#1502518	REDUCE cov: 1504 ft: 6176 corp: 1320/260Kb lim: 4096 exec/s: 12215 rss: 482Mb L: 46/4087 MS: 3 EraseBytes-ChangeBit-CopyPart-
#1503034	REDUCE cov: 1504 ft: 6176 corp: 1320/260Kb lim: 4096 exec/s: 12219 rss: 482Mb L: 399/4087 MS: 1 EraseBytes-
#1504615	REDUCE cov: 1504 ft: 6176 corp: 1320/260Kb lim: 4096 exec/s: 12232 rss: 482Mb L: 22/4087 MS: 1 EraseBytes-
#1505121	REDUCE cov: 1504 ft: 6176 corp: 1320/260Kb lim: 4096 exec/s: 12138 rss: 482Mb L: 919/4087 MS: 1 EraseBytes-
#1508492	REDUCE cov: 1504 ft: 6176 corp: 1320/259Kb lim: 4096 exec/s: 12165 rss: 482Mb L: 1913/4087 MS: 1 EraseBytes-
#1510013	REDUCE cov: 1504 ft: 6176 corp: 1320/259Kb lim: 4096 exec/s: 12177 rss: 482Mb L: 13/4087 MS: 1 EraseBytes-
#1510854	REDUCE cov: 1504 ft: 6176 corp: 1320/259Kb lim: 4096 exec/s: 12184 rss: 482Mb L: 499/4087 MS: 1 EraseBytes-
#1512830	REDUCE cov: 1504 ft: 6176 corp: 1320/259Kb lim: 4096 exec/s: 12200 rss: 482Mb L: 158/4087 MS: 1 EraseBytes-
#1514586	REDUCE cov: 1504 ft: 6176 corp: 1320/259Kb lim: 4096 exec/s: 12214 rss: 482Mb L: 81/4087 MS: 1 EraseBytes-
#1517097	REDUCE cov: 1504 ft: 6176 corp: 1320/259Kb lim: 4096 exec/s: 12136 rss: 482Mb L: 26/4087 MS: 1 EraseBytes-
#1519504	REDUCE cov: 1504 ft: 6176 corp: 1320/259Kb lim: 4096 exec/s: 12156 rss: 482Mb L: 14/4087 MS: 2 ShuffleBytes-EraseBytes-
#1519600	REDUCE cov: 1504 ft: 6176 corp: 1320/259Kb lim: 4096 exec/s: 12156 rss: 482Mb L: 127/4087 MS: 1 EraseBytes-
#1519811	REDUCE cov: 1504 ft: 6176 corp: 1320/259Kb lim: 4096 exec/s: 12158 rss: 482Mb L: 120/4087 MS: 1 EraseBytes-
#1520577	REDUCE cov: 1504 ft: 6176 corp: 1320/259Kb lim: 4096 exec/s: 12164 rss: 482Mb L: 773/4087 MS: 1 EraseBytes-
#1522034	REDUCE cov: 1504 ft: 6176 corp: 1320/259Kb lim: 4096 exec/s: 12176 rss: 482Mb L: 413/4087 MS: 2 ChangeASCIIInt-EraseBytes-
#1523985	REDUCE cov: 1504 ft: 6176 corp: 1320/259Kb lim: 4096 exec/s: 12191 rss: 482Mb L: 1114/4087 MS: 1 EraseBytes-
#1524432	REDUCE cov: 1504 ft: 6176 corp: 1320/259Kb lim: 4096 exec/s: 12195 rss: 482Mb L: 18/4087 MS: 2 ChangeByte-EraseBytes-
#1524445	REDUCE cov: 1504 ft: 6176 corp: 1320/259Kb lim: 4096 exec/s: 12195 rss: 482Mb L: 467/4087 MS: 3 ChangeBit-EraseBytes-CopyPart-
#1526411	REDUCE cov: 1504 ft: 6176 corp: 1320/259Kb lim: 4096 exec/s: 12211 rss: 482Mb L: 73/4087 MS: 1 EraseBytes-
#1526592	REDUCE cov: 1504 ft: 6176 corp: 1320/259Kb lim: 4096 exec/s: 12212 rss: 482Mb L: 140/4087 MS: 1 EraseBytes-
#1527823	REDUCE cov: 1504 ft: 6176 corp: 1320/259Kb lim: 4096 exec/s: 12222 rss: 482Mb L: 30/4087 MS: 1 EraseBytes-
#1529504	REDUCE cov: 1504 ft: 6176 corp: 1320/259Kb lim: 4096 exec/s: 12138 rss: 482Mb L: 51/4087 MS: 1 EraseBytes-
#1529580	REDUCE cov: 1504 ft: 6176 corp: 1320/259Kb lim: 4096 exec/s: 12139 rss: 482Mb L: 1169/4087 MS: 1 EraseBytes-
#1529581	REDUCE cov: 1504 ft: 6176 corp: 1320/259Kb lim: 4096 exec/s: 12139 rss: 482Mb L: 91/4087 MS: 1 EraseBytes-
#1530723	REDUCE cov: 1504 ft: 6176 corp: 1320/259Kb lim: 4096 exec/s: 12148 rss: 482Mb L: 1019/4087 MS: 2 ChangeASCIIInt-EraseBytes-
#1530900	REDUCE cov: 1504 ft: 6176 corp: 1320/259Kb lim: 4096 exec/s: 12150 rss: 482Mb L: 61/4087 MS: 2 EraseBytes-EraseBytes-
#1531168	REDUCE cov: 1504 ft: 6176 corp: 1320/259Kb lim: 4096 exec/s: 12152 rss: 482Mb L: 135/4087 MS: 3 ShuffleBytes-ChangeBit-EraseBytes-
#1532134	REDUCE cov: 1504 ft: 6176 corp: 1320/259Kb lim: 4096 exec/s: 12159 rss: 482Mb L: 18/4087 MS: 1 EraseBytes-
#1533202	REDUCE cov: 1504 ft: 6176 corp: 1320/259Kb lim: 4096 exec/s: 12168 rss: 482Mb L: 28/4087 MS: 3 ChangeBinInt-EraseBytes-InsertByte-
#1535548	REDUCE cov: 1504 ft: 6176 corp: 1320/259Kb lim: 4096 exec/s: 12186 rss: 482Mb L: 3270/4087 MS: 1 EraseBytes-
#1536699	REDUCE cov: 1504 ft: 6176 corp: 1320/259Kb lim: 4096 exec/s: 12196 rss: 482Mb L: 56/4087 MS: 1 EraseBytes-
#1540255	REDUCE cov: 1504 ft: 6176 corp: 1320/259Kb lim: 4096 exec/s: 12127 rss: 482Mb L: 323/4087 MS: 1 EraseBytes-
#1541451	REDUCE cov: 1504 ft: 6176 corp: 1320/259Kb lim: 4096 exec/s: 12137 rss: 482Mb L: 367/4087 MS: 1 EraseBytes-
#1545298	REDUCE cov: 1504 ft: 6176 corp: 1320/259Kb lim: 4096 exec/s: 12167 rss: 482Mb L: 107/4087 MS: 2 ChangeASCIIInt-EraseBytes-
#1550619	REDUCE cov: 1504 ft: 6176 corp: 1320/258Kb lim: 4096 exec/s: 12114 rss: 482Mb L: 563/4087 MS: 1 EraseBytes-
#1550631	REDUCE cov: 1504 ft: 6177 corp: 1321/259Kb lim: 4096 exec/s: 12114 rss: 482Mb L: 1016/4087 MS: 2 InsertRepeatedBytes-CopyPart-
#1553048	REDUCE cov: 1504 ft: 6177 corp: 1321/259Kb lim: 4096 exec/s: 12133 rss: 482Mb L: 541/4087 MS: 2 ChangeASCIIInt-EraseBytes-
#1553064	REDUCE cov: 1504 ft: 6177 corp: 1321/259Kb lim: 4096 exec/s: 12133 rss: 482Mb L: 61/4087 MS: 1 EraseBytes-
#1553771	REDUCE cov: 1504 ft: 6177 corp: 1321/259Kb lim: 4096 exec/s: 12138 rss: 482Mb L: 54/4087 MS: 2 ChangeByte-EraseBytes-
#1554178	REDUCE cov: 1504 ft: 6177 corp: 1321/259Kb lim: 4096 exec/s: 12142 rss: 482Mb L: 162/4087 MS: 2 CopyPart-EraseBytes-
#1556489	REDUCE cov: 1504 ft: 6177 corp: 1321/259Kb lim: 4096 exec/s: 12065 rss: 482Mb L: 31/4087 MS: 1 EraseBytes-
#1561305	REDUCE cov: 1504 ft: 6177 corp: 1321/259Kb lim: 4096 exec/s: 12103 rss: 482Mb L: 317/4087 MS: 1 EraseBytes-
#1562792	REDUCE cov: 1504 ft: 6177 corp: 1321/259Kb lim: 4096 exec/s: 12114 rss: 482Mb L: 568/4087 MS: 2 CopyPart-EraseBytes-
#1567913	REDUCE cov: 1504 ft: 6177 corp: 1321/259Kb lim: 4096 exec/s: 12060 rss: 482Mb L: 686/4087 MS: 1 EraseBytes-
#1570574	REDUCE cov: 1504 ft: 6177 corp: 1321/259Kb lim: 4096 exec/s: 12081 rss: 482Mb L: 471/4087 MS: 1 EraseBytes-
#1571226	REDUCE cov: 1504 ft: 6177 corp: 1321/259Kb lim: 4096 exec/s: 12086 rss: 482Mb L: 64/4087 MS: 2 CopyPart-EraseBytes-
#1572967	REDUCE cov: 1504 ft: 6177 corp: 1321/259Kb lim: 4096 exec/s: 12099 rss: 482Mb L: 221/4087 MS: 1 EraseBytes-
#1573458	REDUCE cov: 1504 ft: 6177 corp: 1321/259Kb lim: 4096 exec/s: 12011 rss: 482Mb L: 74/4087 MS: 1 EraseBytes-
#1574334	REDUCE cov: 1504 ft: 6177 corp: 1321/259Kb lim: 4096 exec/s: 12017 rss: 482Mb L: 472/4087 MS: 1 EraseBytes-
#1574645	REDUCE cov: 1504 ft: 6177 corp: 1321/259Kb lim: 4096 exec/s: 12020 rss: 482Mb L: 807/4087 MS: 1 EraseBytes-
#1576902	REDUCE cov: 1504 ft: 6177 corp: 1321/259Kb lim: 4096 exec/s: 12037 rss: 482Mb L: 183/4087 MS: 2 ChangeByte-EraseBytes-
#1579203	REDUCE cov: 1504 ft: 6177 corp: 1321/259Kb lim: 4096 exec/s: 12054 rss: 482Mb L: 276/4087 MS: 1 EraseBytes-
#1580324	REDUCE cov: 1504 ft: 6177 corp: 1321/259Kb lim: 4096 exec/s: 12063 rss: 482Mb L: 28/4087 MS: 1 EraseBytes-
#1580466	REDUCE cov: 1504 ft: 6177 corp: 1321/259Kb lim: 4096 exec/s: 12064 rss: 482Mb L: 203/4087 MS: 2 EraseBytes-CopyPart-
#1581882	REDUCE cov: 1504 ft: 6177 corp: 1321/259Kb lim: 4096 exec/s: 11983 rss: 482Mb L: 174/4087 MS: 1 EraseBytes-
#1582098	REDUCE cov: 1504 ft: 6177 corp: 1321/259Kb lim: 4096 exec/s: 11985 rss: 482Mb L: 78/4087 MS: 1 EraseBytes-
#1582152	REDUCE cov: 1504 ft: 6177 corp: 1321/259Kb lim: 4096 exec/s: 11986 rss: 482Mb L: 812/4087 MS: 4 ShuffleBytes-InsertByte-CMP-EraseBytes- DE: "=\357\277\275"-
#1582958	REDUCE cov: 1504 ft: 6177 corp: 1321/259Kb lim: 4096 exec/s: 11992 rss: 482Mb L: 770/4087 MS: 1 EraseBytes-
#1583424	REDUCE cov: 1504 ft: 6177 corp: 1321/259Kb lim: 4096 exec/s: 11995 rss: 482Mb L: 65/4087 MS: 1 EraseBytes-
#1584800	REDUCE cov: 1504 ft: 6177 corp: 1321/259Kb lim: 4096 exec/s: 12006 rss: 482Mb L: 25/4087 MS: 1 EraseBytes-
#1584838	REDUCE cov: 1504 ft: 6177 corp: 1321/259Kb lim: 4096 exec/s: 12006 rss: 482Mb L: 372/4087 MS: 3 ChangeBinInt-EraseBytes-CopyPart-
#1590374	REDUCE cov: 1504 ft: 6177 corp: 1321/259Kb lim: 4096 exec/s: 12048 rss: 482Mb L: 43/4087 MS: 1 EraseBytes-
#1590895	REDUCE cov: 1504 ft: 6177 corp: 1321/258Kb lim: 4096 exec/s: 11961 rss: 482Mb L: 584/4087 MS: 1 EraseBytes-
#1594896	REDUCE cov: 1504 ft: 6177 corp: 1321/258Kb lim: 4096 exec/s: 11991 rss: 482Mb L: 131/4087 MS: 1 EraseBytes-
#1596012	REDUCE cov: 1504 ft: 6177 corp: 1321/258Kb lim: 4096 exec/s: 12000 rss: 482Mb L: 383/4087 MS: 1 EraseBytes-
#1596074	REDUCE cov: 1504 ft: 6177 corp: 1321/258Kb lim: 4096 exec/s: 12000 rss: 482Mb L: 449/4087 MS: 2 ShuffleBytes-CrossOver-
#1598055	REDUCE cov: 1504 ft: 6177 corp: 1321/258Kb lim: 4096 exec/s: 12015 rss: 482Mb L: 1011/4087 MS: 1 EraseBytes-
#1599687	REDUCE cov: 1504 ft: 6177 corp: 1321/258Kb lim: 4096 exec/s: 11937 rss: 482Mb L: 24/4087 MS: 2 EraseBytes-CMP- DE: "\377\377\377\377\377\377\377\001"-
#1599754	REDUCE cov: 1504 ft: 6177 corp: 1321/258Kb lim: 4096 exec/s: 11938 rss: 482Mb L: 212/4087 MS: 2 ChangeBit-EraseBytes-
#1599927	REDUCE cov: 1504 ft: 6177 corp: 1321/258Kb lim: 4096 exec/s: 11939 rss: 482Mb L: 22/4087 MS: 3 ChangeASCIIInt-ChangeASCIIInt-EraseBytes-
#1600333	REDUCE cov: 1504 ft: 6177 corp: 1321/258Kb lim: 4096 exec/s: 11942 rss: 482Mb L: 180/4087 MS: 1 EraseBytes-
#1600524	REDUCE cov: 1504 ft: 6177 corp: 1321/258Kb lim: 4096 exec/s: 11944 rss: 482Mb L: 3725/4087 MS: 1 EraseBytes-
#1602000	REDUCE cov: 1504 ft: 6177 corp: 1321/258Kb lim: 4096 exec/s: 11955 rss: 482Mb L: 332/4087 MS: 1 EraseBytes-
#1602191	REDUCE cov: 1504 ft: 6177 corp: 1321/258Kb lim: 4096 exec/s: 11956 rss: 482Mb L: 45/4087 MS: 1 EraseBytes-
#1603535	REDUCE cov: 1504 ft: 6177 corp: 1321/258Kb lim: 4096 exec/s: 11966 rss: 482Mb L: 3878/4087 MS: 4 ChangeASCIIInt-InsertRepeatedBytes-ChangeBit-EraseBytes-
#1610991	REDUCE cov: 1504 ft: 6177 corp: 1321/258Kb lim: 4096 exec/s: 12022 rss: 482Mb L: 191/4087 MS: 1 EraseBytes-
#1613084	REDUCE cov: 1504 ft: 6177 corp: 1321/258Kb lim: 4096 exec/s: 11948 rss: 482Mb L: 828/4087 MS: 3 InsertByte-InsertByte-EraseBytes-
#1613425	REDUCE cov: 1504 ft: 6177 corp: 1321/258Kb lim: 4096 exec/s: 11951 rss: 482Mb L: 420/4087 MS: 1 EraseBytes-
#1614148	REDUCE cov: 1504 ft: 6177 corp: 1321/258Kb lim: 4096 exec/s: 11956 rss: 482Mb L: 30/4087 MS: 3 ChangeBit-ChangeBinInt-EraseBytes-
#1614757	REDUCE cov: 1504 ft: 6177 corp: 1321/258Kb lim: 4096 exec/s: 11961 rss: 482Mb L: 7/4087 MS: 4 ChangeBinInt-ChangeBit-ShuffleBytes-EraseBytes-
#1616593	REDUCE cov: 1504 ft: 6177 corp: 1321/258Kb lim: 4096 exec/s: 11974 rss: 482Mb L: 72/4087 MS: 1 EraseBytes-
#1616889	REDUCE cov: 1504 ft: 6177 corp: 1321/258Kb lim: 4096 exec/s: 11976 rss: 482Mb L: 266/4087 MS: 1 EraseBytes-
#1618225	REDUCE cov: 1504 ft: 6177 corp: 1321/258Kb lim: 4096 exec/s: 11986 rss: 482Mb L: 17/4087 MS: 1 EraseBytes-
#1624546	REDUCE cov: 1504 ft: 6177 corp: 1321/258Kb lim: 4096 exec/s: 12033 rss: 482Mb L: 377/4087 MS: 1 EraseBytes-
#1625779	REDUCE cov: 1504 ft: 6177 corp: 1321/258Kb lim: 4096 exec/s: 11954 rss: 482Mb L: 8/4087 MS: 3 ShuffleBytes-EraseBytes-InsertByte-
#1628900	REDUCE cov: 1504 ft: 6177 corp: 1321/258Kb lim: 4096 exec/s: 11977 rss: 482Mb L: 370/4087 MS: 1 EraseBytes-
#1629918	REDUCE cov: 1504 ft: 6177 corp: 1321/257Kb lim: 4096 exec/s: 11984 rss: 482Mb L: 777/4087 MS: 3 ChangeASCIIInt-ChangeASCIIInt-EraseBytes-
#1632044	REDUCE cov: 1504 ft: 6177 corp: 1321/257Kb lim: 4096 exec/s: 12000 rss: 482Mb L: 331/4087 MS: 1 EraseBytes-
#1632266	REDUCE cov: 1504 ft: 6177 corp: 1321/257Kb lim: 4096 exec/s: 12001 rss: 482Mb L: 41/4087 MS: 2 ChangeASCIIInt-EraseBytes-
#1635847	REDUCE cov: 1504 ft: 6177 corp: 1321/257Kb lim: 4096 exec/s: 12028 rss: 482Mb L: 107/4087 MS: 1 EraseBytes-
#1637098	REDUCE cov: 1504 ft: 6177 corp: 1321/257Kb lim: 4096 exec/s: 12037 rss: 482Mb L: 442/4087 MS: 1 EraseBytes-
#1637509	REDUCE cov: 1504 ft: 6177 corp: 1321/257Kb lim: 4096 exec/s: 12040 rss: 482Mb L: 289/4087 MS: 1 EraseBytes-
#1638335	REDUCE cov: 1504 ft: 6177 corp: 1321/257Kb lim: 4096 exec/s: 11958 rss: 482Mb L: 939/4087 MS: 1 EraseBytes-
#1638431	REDUCE cov: 1504 ft: 6177 corp: 1321/257Kb lim: 4096 exec/s: 11959 rss: 482Mb L: 68/4087 MS: 1 EraseBytes-
#1638479	REDUCE cov: 1504 ft: 6177 corp: 1321/257Kb lim: 4096 exec/s: 11959 rss: 482Mb L: 120/4087 MS: 3 ChangeByte-ShuffleBytes-EraseBytes-
#1639166	REDUCE cov: 1504 ft: 6177 corp: 1321/257Kb lim: 4096 exec/s: 11964 rss: 482Mb L: 269/4087 MS: 2 CrossOver-EraseBytes-
#1640549	REDUCE cov: 1504 ft: 6177 corp: 1321/257Kb lim: 4096 exec/s: 11974 rss: 482Mb L: 39/4087 MS: 3 CopyPart-EraseBytes-CMP- DE: "\001\220"-
#1646562	REDUCE cov: 1504 ft: 6177 corp: 1321/257Kb lim: 4096 exec/s: 12018 rss: 482Mb L: 546/4087 MS: 3 EraseBytes-PersAutoDict-ChangeByte- DE: "\357\277\275\357\277\275*"-
#1651778	REDUCE cov: 1504 ft: 6177 corp: 1321/257Kb lim: 4096 exec/s: 11969 rss: 482Mb L: 11/4087 MS: 1 EraseBytes-
#1652566	REDUCE cov: 1504 ft: 6177 corp: 1321/257Kb lim: 4096 exec/s: 11975 rss: 482Mb L: 29/4087 MS: 3 ChangeByte-ChangeBit-EraseBytes-
#1654453	REDUCE cov: 1504 ft: 6177 corp: 1321/257Kb lim: 4096 exec/s: 11988 rss: 482Mb L: 290/4087 MS: 2 ChangeBit-EraseBytes-
#1654972	REDUCE cov: 1504 ft: 6177 corp: 1321/257Kb lim: 4096 exec/s: 11992 rss: 482Mb L: 12/4087 MS: 4 ChangeBit-CopyPart-InsertByte-EraseBytes-
#1656569	REDUCE cov: 1504 ft: 6177 corp: 1321/257Kb lim: 4096 exec/s: 12004 rss: 482Mb L: 88/4087 MS: 2 CopyPart-EraseBytes-
#1657025	REDUCE cov: 1504 ft: 6177 corp: 1321/257Kb lim: 4096 exec/s: 12007 rss: 482Mb L: 20/4087 MS: 1 EraseBytes-
#1657282	REDUCE cov: 1504 ft: 6177 corp: 1321/257Kb lim: 4096 exec/s: 12009 rss: 482Mb L: 50/4087 MS: 2 InsertByte-EraseBytes-
#1657435	REDUCE cov: 1504 ft: 6177 corp: 1321/257Kb lim: 4096 exec/s: 12010 rss: 482Mb L: 171/4087 MS: 3 InsertByte-ChangeBinInt-EraseBytes-
#1660151	REDUCE cov: 1504 ft: 6177 corp: 1321/257Kb lim: 4096 exec/s: 12030 rss: 482Mb L: 97/4087 MS: 1 EraseBytes-
#1662112	REDUCE cov: 1504 ft: 6177 corp: 1321/257Kb lim: 4096 exec/s: 12044 rss: 482Mb L: 831/4087 MS: 1 EraseBytes-
#1662160	REDUCE cov: 1504 ft: 6177 corp: 1321/257Kb lim: 4096 exec/s: 12044 rss: 482Mb L: 54/4087 MS: 3 ChangeASCIIInt-EraseBytes-InsertByte-
#1667416	REDUCE cov: 1504 ft: 6177 corp: 1321/257Kb lim: 4096 exec/s: 11995 rss: 482Mb L: 292/4087 MS: 1 EraseBytes-
#1668324	REDUCE cov: 1504 ft: 6177 corp: 1321/257Kb lim: 4096 exec/s: 12002 rss: 482Mb L: 36/4087 MS: 3 ShuffleBytes-PersAutoDict-EraseBytes- DE: "\0006"-
#1671395	REDUCE cov: 1504 ft: 6177 corp: 1321/257Kb lim: 4096 exec/s: 12024 rss: 482Mb L: 51/4087 MS: 1 EraseBytes-
#1671658	REDUCE cov: 1504 ft: 6177 corp: 1321/257Kb lim: 4096 exec/s: 12026 rss: 482Mb L: 10/4087 MS: 3 PersAutoDict-ChangeByte-EraseBytes- DE: ")\357\277\275\357\277\275"-
#1674636	REDUCE cov: 1504 ft: 6177 corp: 1321/257Kb lim: 4096 exec/s: 12047 rss: 482Mb L: 17/4087 MS: 3 InsertByte-ChangeBit-EraseBytes-
#1676762	REDUCE cov: 1504 ft: 6177 corp: 1321/257Kb lim: 4096 exec/s: 12063 rss: 482Mb L: 1566/4087 MS: 1 EraseBytes-
#1677033	REDUCE cov: 1504 ft: 6177 corp: 1321/257Kb lim: 4096 exec/s: 12064 rss: 482Mb L: 53/4087 MS: 1 EraseBytes-
#1678244	REDUCE cov: 1504 ft: 6177 corp: 1321/257Kb lim: 4096 exec/s: 12073 rss: 482Mb L: 3289/4087 MS: 1 EraseBytes-
#1682576	REDUCE cov: 1504 ft: 6177 corp: 1321/257Kb lim: 4096 exec/s: 12018 rss: 482Mb L: 12/4087 MS: 1 EraseBytes-
#1683080	REDUCE cov: 1504 ft: 6177 corp: 1321/257Kb lim: 4096 exec/s: 12022 rss: 482Mb L: 401/4087 MS: 4 ChangeBinInt-ShuffleBytes-CopyPart-EraseBytes-
#1683217	REDUCE cov: 1504 ft: 6177 corp: 1321/257Kb lim: 4096 exec/s: 12022 rss: 482Mb L: 556/4087 MS: 2 InsertByte-EraseBytes-
#1684548	REDUCE cov: 1504 ft: 6177 corp: 1321/257Kb lim: 4096 exec/s: 12032 rss: 482Mb L: 47/4087 MS: 1 EraseBytes-
#1688084	REDUCE cov: 1504 ft: 6177 corp: 1321/257Kb lim: 4096 exec/s: 12057 rss: 482Mb L: 300/4087 MS: 1 EraseBytes-
#1688480	REDUCE cov: 1504 ft: 6177 corp: 1321/257Kb lim: 4096 exec/s: 12060 rss: 482Mb L: 673/4087 MS: 1 EraseBytes-
#1688791	REDUCE cov: 1504 ft: 6177 corp: 1321/257Kb lim: 4096 exec/s: 12062 rss: 482Mb L: 262/4087 MS: 1 EraseBytes-
#1689062	REDUCE cov: 1504 ft: 6177 corp: 1321/257Kb lim: 4096 exec/s: 12064 rss: 482Mb L: 22/4087 MS: 1 EraseBytes-
#1689568	REDUCE cov: 1504 ft: 6177 corp: 1321/257Kb lim: 4096 exec/s: 12068 rss: 482Mb L: 462/4087 MS: 1 EraseBytes-
#1693246	REDUCE cov: 1504 ft: 6177 corp: 1321/257Kb lim: 4096 exec/s: 12008 rss: 482Mb L: 12/4087 MS: 3 CrossOver-EraseBytes-InsertByte-
#1696267	REDUCE cov: 1504 ft: 6177 corp: 1321/257Kb lim: 4096 exec/s: 12030 rss: 482Mb L: 2658/4087 MS: 1 EraseBytes-
#1697913	REDUCE cov: 1504 ft: 6177 corp: 1321/256Kb lim: 4096 exec/s: 12041 rss: 482Mb L: 309/4087 MS: 1 EraseBytes-
#1698234	REDUCE cov: 1504 ft: 6179 corp: 1322/257Kb lim: 4096 exec/s: 12044 rss: 482Mb L: 529/4087 MS: 1 CopyPart-
#1698440	REDUCE cov: 1504 ft: 6179 corp: 1322/257Kb lim: 4096 exec/s: 12045 rss: 482Mb L: 134/4087 MS: 1 EraseBytes-
#1698731	REDUCE cov: 1504 ft: 6179 corp: 1322/257Kb lim: 4096 exec/s: 12047 rss: 482Mb L: 15/4087 MS: 1 EraseBytes-
#1700562	REDUCE cov: 1504 ft: 6179 corp: 1322/257Kb lim: 4096 exec/s: 12060 rss: 482Mb L: 1588/4087 MS: 1 EraseBytes-
#1700623	REDUCE cov: 1504 ft: 6179 corp: 1322/257Kb lim: 4096 exec/s: 12061 rss: 482Mb L: 7/4087 MS: 1 EraseBytes-
#1700654	REDUCE cov: 1504 ft: 6179 corp: 1322/257Kb lim: 4096 exec/s: 12061 rss: 482Mb L: 20/4087 MS: 1 EraseBytes-
#1701055	REDUCE cov: 1504 ft: 6179 corp: 1322/257Kb lim: 4096 exec/s: 12064 rss: 482Mb L: 47/4087 MS: 1 EraseBytes-
#1704556	REDUCE cov: 1504 ft: 6179 corp: 1322/257Kb lim: 4096 exec/s: 12003 rss: 482Mb L: 197/4087 MS: 1 EraseBytes-
#1706192	REDUCE cov: 1504 ft: 6179 corp: 1322/257Kb lim: 4096 exec/s: 12015 rss: 482Mb L: 2530/4087 MS: 1 EraseBytes-
#1708253	REDUCE cov: 1504 ft: 6180 corp: 1323/257Kb lim: 4096 exec/s: 12029 rss: 482Mb L: 201/4087 MS: 1 InsertByte-
#1708304	REDUCE cov: 1504 ft: 6180 corp: 1323/257Kb lim: 4096 exec/s: 12030 rss: 482Mb L: 85/4087 MS: 1 EraseBytes-
#1708685	REDUCE cov: 1504 ft: 6180 corp: 1323/257Kb lim: 4096 exec/s: 12032 rss: 482Mb L: 78/4087 MS: 1 EraseBytes-
#1709877	REDUCE cov: 1504 ft: 6180 corp: 1323/257Kb lim: 4096 exec/s: 12041 rss: 482Mb L: 19/4087 MS: 2 ChangeASCIIInt-EraseBytes-
#1711828	REDUCE cov: 1504 ft: 6180 corp: 1323/257Kb lim: 4096 exec/s: 12055 rss: 482Mb L: 68/4087 MS: 1 EraseBytes-
#1712142	REDUCE cov: 1504 ft: 6180 corp: 1323/257Kb lim: 4096 exec/s: 12057 rss: 482Mb L: 79/4087 MS: 4 ShuffleBytes-InsertByte-CopyPart-EraseBytes-
#1714356	REDUCE cov: 1504 ft: 6181 corp: 1324/257Kb lim: 4096 exec/s: 12072 rss: 482Mb L: 85/4087 MS: 4 InsertRepeatedBytes-InsertRepeatedBytes-CopyPart-EraseBytes-
#1718852	REDUCE cov: 1504 ft: 6181 corp: 1324/257Kb lim: 4096 exec/s: 12019 rss: 482Mb L: 519/4087 MS: 1 EraseBytes-
#1719369	REDUCE cov: 1504 ft: 6181 corp: 1324/257Kb lim: 4096 exec/s: 12023 rss: 482Mb L: 206/4087 MS: 2 ShuffleBytes-EraseBytes-
#1721035	REDUCE cov: 1504 ft: 6181 corp: 1324/257Kb lim: 4096 exec/s: 12035 rss: 482Mb L: 9/4087 MS: 1 EraseBytes-
#1722646	REDUCE cov: 1504 ft: 6181 corp: 1324/257Kb lim: 4096 exec/s: 12046 rss: 482Mb L: 22/4087 MS: 1 EraseBytes-
#1723169	REDUCE cov: 1504 ft: 6181 corp: 1324/257Kb lim: 4096 exec/s: 12050 rss: 482Mb L: 182/4087 MS: 3 CMP-CopyPart-EraseBytes- DE: "\357\277\275#\357\277\275."-
#1723707	REDUCE cov: 1504 ft: 6181 corp: 1324/257Kb lim: 4096 exec/s: 12053 rss: 482Mb L: 507/4087 MS: 3 EraseBytes-InsertByte-CopyPart-
#1724008	REDUCE cov: 1504 ft: 6181 corp: 1324/257Kb lim: 4096 exec/s: 12056 rss: 482Mb L: 297/4087 MS: 1 EraseBytes-
#1725130	REDUCE cov: 1504 ft: 6181 corp: 1324/257Kb lim: 4096 exec/s: 12063 rss: 482Mb L: 92/4087 MS: 2 ChangeBinInt-EraseBytes-
#1726281	REDUCE cov: 1504 ft: 6181 corp: 1324/257Kb lim: 4096 exec/s: 12071 rss: 482Mb L: 24/4087 MS: 1 EraseBytes-
#1728242	REDUCE cov: 1504 ft: 6181 corp: 1324/257Kb lim: 4096 exec/s: 12085 rss: 482Mb L: 20/4087 MS: 1 EraseBytes-
#1728958	REDUCE cov: 1504 ft: 6181 corp: 1324/257Kb lim: 4096 exec/s: 12090 rss: 482Mb L: 123/4087 MS: 1 EraseBytes-
#1729244	REDUCE cov: 1504 ft: 6181 corp: 1324/257Kb lim: 4096 exec/s: 12092 rss: 482Mb L: 21/4087 MS: 1 EraseBytes-
#1729455	REDUCE cov: 1504 ft: 6181 corp: 1324/257Kb lim: 4096 exec/s: 12094 rss: 482Mb L: 307/4087 MS: 1 EraseBytes-
#1730926	REDUCE cov: 1504 ft: 6181 corp: 1324/257Kb lim: 4096 exec/s: 12104 rss: 482Mb L: 2315/4087 MS: 1 EraseBytes-
#1731978	REDUCE cov: 1504 ft: 6181 corp: 1324/257Kb lim: 4096 exec/s: 12027 rss: 482Mb L: 303/4087 MS: 2 PersAutoDict-EraseBytes- DE: "\376\377\377\377"-
#1735644	REDUCE cov: 1504 ft: 6181 corp: 1324/257Kb lim: 4096 exec/s: 12053 rss: 482Mb L: 6/4087 MS: 1 EraseBytes-
#1740485	REDUCE cov: 1504 ft: 6181 corp: 1324/257Kb lim: 4096 exec/s: 12086 rss: 482Mb L: 65/4087 MS: 1 EraseBytes-
#1741042	REDUCE cov: 1504 ft: 6181 corp: 1324/257Kb lim: 4096 exec/s: 12090 rss: 482Mb L: 486/4087 MS: 2 ShuffleBytes-EraseBytes-
#1741056	REDUCE cov: 1504 ft: 6181 corp: 1324/257Kb lim: 4096 exec/s: 12090 rss: 482Mb L: 11/4087 MS: 4 ChangeBit-ChangeASCIIInt-ChangeASCIIInt-EraseBytes-
#1741067	REDUCE cov: 1504 ft: 6181 corp: 1324/257Kb lim: 4096 exec/s: 12090 rss: 482Mb L: 73/4087 MS: 1 EraseBytes-
#1741334	REDUCE cov: 1504 ft: 6181 corp: 1324/256Kb lim: 4096 exec/s: 12092 rss: 482Mb L: 1738/4087 MS: 2 ChangeASCIIInt-EraseBytes-
#1741415	REDUCE cov: 1504 ft: 6181 corp: 1324/256Kb lim: 4096 exec/s: 12093 rss: 482Mb L: 131/4087 MS: 1 EraseBytes-
#1741421	REDUCE cov: 1504 ft: 6181 corp: 1324/256Kb lim: 4096 exec/s: 12093 rss: 482Mb L: 21/4087 MS: 1 EraseBytes-
#1742662	REDUCE cov: 1504 ft: 6181 corp: 1324/256Kb lim: 4096 exec/s: 12018 rss: 482Mb L: 93/4087 MS: 1 EraseBytes-
#1743213	REDUCE cov: 1504 ft: 6181 corp: 1324/256Kb lim: 4096 exec/s: 12022 rss: 482Mb L: 396/4087 MS: 1 EraseBytes-
#1744604	REDUCE cov: 1504 ft: 6181 corp: 1324/256Kb lim: 4096 exec/s: 12031 rss: 482Mb L: 43/4087 MS: 1 EraseBytes-
#1745421	REDUCE cov: 1504 ft: 6181 corp: 1324/256Kb lim: 4096 exec/s: 12037 rss: 482Mb L: 14/4087 MS: 2 EraseBytes-CopyPart-
#1745427	REDUCE cov: 1504 ft: 6181 corp: 1324/256Kb lim: 4096 exec/s: 12037 rss: 482Mb L: 51/4087 MS: 1 EraseBytes-
#1746623	REDUCE cov: 1504 ft: 6181 corp: 1324/256Kb lim: 4096 exec/s: 12045 rss: 482Mb L: 327/4087 MS: 1 EraseBytes-
#1747611	REDUCE cov: 1504 ft: 6181 corp: 1324/256Kb lim: 4096 exec/s: 12052 rss: 482Mb L: 40/4087 MS: 3 ChangeASCIIInt-ChangeBinInt-EraseBytes-
#1748359	REDUCE cov: 1504 ft: 6181 corp: 1324/256Kb lim: 4096 exec/s: 12057 rss: 482Mb L: 163/4087 MS: 3 InsertRepeatedBytes-ChangeBit-EraseBytes-
#1749997	REDUCE cov: 1504 ft: 6181 corp: 1324/256Kb lim: 4096 exec/s: 12068 rss: 482Mb L: 114/4087 MS: 3 CopyPart-InsertRepeatedBytes-EraseBytes-
#1750643	REDUCE cov: 1504 ft: 6181 corp: 1324/256Kb lim: 4096 exec/s: 12073 rss: 482Mb L: 379/4087 MS: 1 EraseBytes-
#1751840	REDUCE cov: 1504 ft: 6181 corp: 1324/256Kb lim: 4096 exec/s: 12081 rss: 482Mb L: 127/4087 MS: 2 CopyPart-EraseBytes-
#1751911	REDUCE cov: 1504 ft: 6181 corp: 1324/256Kb lim: 4096 exec/s: 12082 rss: 482Mb L: 56/4087 MS: 1 EraseBytes-
#1752862	REDUCE cov: 1504 ft: 6181 corp: 1324/256Kb lim: 4096 exec/s: 12088 rss: 482Mb L: 161/4087 MS: 1 EraseBytes-
#1755533	REDUCE cov: 1504 ft: 6181 corp: 1324/256Kb lim: 4096 exec/s: 12024 rss: 482Mb L: 392/4087 MS: 1 EraseBytes-
#1756154	REDUCE cov: 1504 ft: 6181 corp: 1324/256Kb lim: 4096 exec/s: 12028 rss: 482Mb L: 13/4087 MS: 1 EraseBytes-
#1757465	REDUCE cov: 1504 ft: 6181 corp: 1324/256Kb lim: 4096 exec/s: 12037 rss: 482Mb L: 1231/4087 MS: 1 EraseBytes-
#1757977	REDUCE cov: 1504 ft: 6181 corp: 1324/256Kb lim: 4096 exec/s: 12040 rss: 482Mb L: 2434/4087 MS: 2 CopyPart-EraseBytes-
#1761148	REDUCE cov: 1504 ft: 6181 corp: 1324/256Kb lim: 4096 exec/s: 12062 rss: 482Mb L: 89/4087 MS: 1 EraseBytes-
#1761279	REDUCE cov: 1504 ft: 6181 corp: 1324/256Kb lim: 4096 exec/s: 12063 rss: 482Mb L: 20/4087 MS: 1 EraseBytes-
#1761510	REDUCE cov: 1504 ft: 6181 corp: 1324/256Kb lim: 4096 exec/s: 12065 rss: 482Mb L: 263/4087 MS: 1 EraseBytes-
#1762963	REDUCE cov: 1504 ft: 6181 corp: 1324/256Kb lim: 4096 exec/s: 12075 rss: 482Mb L: 15/4087 MS: 3 ChangeByte-ChangeByte-EraseBytes-
#1763664	REDUCE cov: 1504 ft: 6181 corp: 1324/256Kb lim: 4096 exec/s: 11997 rss: 482Mb L: 1244/4087 MS: 1 EraseBytes-
#1764800	REDUCE cov: 1504 ft: 6181 corp: 1324/256Kb lim: 4096 exec/s: 12005 rss: 482Mb L: 41/4087 MS: 1 EraseBytes-
#1768701	REDUCE cov: 1504 ft: 6181 corp: 1324/256Kb lim: 4096 exec/s: 12031 rss: 482Mb L: 17/4087 MS: 1 EraseBytes-
#1773127	REDUCE cov: 1504 ft: 6181 corp: 1324/256Kb lim: 4096 exec/s: 11980 rss: 482Mb L: 43/4087 MS: 1 EraseBytes-
#1773287	REDUCE cov: 1504 ft: 6181 corp: 1324/256Kb lim: 4096 exec/s: 11981 rss: 482Mb L: 666/4087 MS: 5 PersAutoDict-InsertRepeatedBytes-ChangeBit-ChangeBinInt-EraseBytes- DE: "\377\377\377-"-
#1774664	REDUCE cov: 1504 ft: 6181 corp: 1324/256Kb lim: 4096 exec/s: 11990 rss: 482Mb L: 319/4087 MS: 2 ShuffleBytes-EraseBytes-
#1775701	REDUCE cov: 1504 ft: 6181 corp: 1324/255Kb lim: 4096 exec/s: 11997 rss: 482Mb L: 2032/4087 MS: 2 ShuffleBytes-EraseBytes-
#1776207	REDUCE cov: 1504 ft: 6181 corp: 1324/255Kb lim: 4096 exec/s: 12001 rss: 482Mb L: 125/4087 MS: 1 EraseBytes-
#1779559	REDUCE cov: 1504 ft: 6181 corp: 1324/255Kb lim: 4096 exec/s: 12024 rss: 482Mb L: 998/4087 MS: 2 EraseBytes-CopyPart-
#1779982	REDUCE cov: 1504 ft: 6181 corp: 1324/255Kb lim: 4096 exec/s: 12026 rss: 482Mb L: 1835/4087 MS: 3 CopyPart-ChangeASCIIInt-EraseBytes-
#1782693	REDUCE cov: 1504 ft: 6181 corp: 1324/255Kb lim: 4096 exec/s: 11964 rss: 482Mb L: 236/4087 MS: 1 EraseBytes-
#1783285	REDUCE cov: 1504 ft: 6181 corp: 1324/255Kb lim: 4096 exec/s: 11968 rss: 482Mb L: 223/4087 MS: 2 ChangeASCIIInt-EraseBytes-
#1783661	REDUCE cov: 1504 ft: 6181 corp: 1324/255Kb lim: 4096 exec/s: 11970 rss: 482Mb L: 160/4087 MS: 1 EraseBytes-
#1785768	REDUCE cov: 1504 ft: 6181 corp: 1324/255Kb lim: 4096 exec/s: 11985 rss: 482Mb L: 176/4087 MS: 2 ChangeByte-EraseBytes-
#1786234	REDUCE cov: 1504 ft: 6181 corp: 1324/255Kb lim: 4096 exec/s: 11988 rss: 482Mb L: 3677/4087 MS: 1 EraseBytes-
#1787705	REDUCE cov: 1504 ft: 6181 corp: 1324/255Kb lim: 4096 exec/s: 11998 rss: 482Mb L: 62/4087 MS: 1 EraseBytes-
#1787722	REDUCE cov: 1504 ft: 6181 corp: 1324/255Kb lim: 4096 exec/s: 11998 rss: 482Mb L: 606/4087 MS: 2 InsertByte-EraseBytes-
#1787889	REDUCE cov: 1504 ft: 6181 corp: 1324/255Kb lim: 4096 exec/s: 11999 rss: 482Mb L: 138/4087 MS: 2 ChangeBit-EraseBytes-
#1788155	REDUCE cov: 1504 ft: 6181 corp: 1324/255Kb lim: 4096 exec/s: 12001 rss: 482Mb L: 49/4087 MS: 1 EraseBytes-
#1789476	REDUCE cov: 1504 ft: 6181 corp: 1324/255Kb lim: 4096 exec/s: 12009 rss: 482Mb L: 1235/4087 MS: 1 EraseBytes-
#1790232	REDUCE cov: 1504 ft: 6181 corp: 1324/255Kb lim: 4096 exec/s: 11934 rss: 482Mb L: 22/4087 MS: 1 EraseBytes-
#1790853	REDUCE cov: 1504 ft: 6181 corp: 1324/255Kb lim: 4096 exec/s: 11939 rss: 482Mb L: 11/4087 MS: 1 EraseBytes-
#1791309	REDUCE cov: 1504 ft: 6181 corp: 1324/255Kb lim: 4096 exec/s: 11942 rss: 482Mb L: 28/4087 MS: 1 EraseBytes-
#1792245	REDUCE cov: 1504 ft: 6181 corp: 1324/255Kb lim: 4096 exec/s: 11948 rss: 482Mb L: 252/4087 MS: 1 EraseBytes-
#1795741	REDUCE cov: 1504 ft: 6181 corp: 1324/255Kb lim: 4096 exec/s: 11971 rss: 482Mb L: 808/4087 MS: 1 EraseBytes-
#1795962	REDUCE cov: 1504 ft: 6181 corp: 1324/255Kb lim: 4096 exec/s: 11973 rss: 482Mb L: 296/4087 MS: 1 EraseBytes-
#1797383	REDUCE cov: 1504 ft: 6181 corp: 1324/255Kb lim: 4096 exec/s: 11982 rss: 482Mb L: 198/4087 MS: 1 EraseBytes-
#1798019	REDUCE cov: 1504 ft: 6181 corp: 1324/255Kb lim: 4096 exec/s: 11986 rss: 482Mb L: 49/4087 MS: 1 EraseBytes-
#1798260	REDUCE cov: 1504 ft: 6181 corp: 1324/255Kb lim: 4096 exec/s: 11909 rss: 482Mb L: 63/4087 MS: 1 EraseBytes-
#1799112	REDUCE cov: 1504 ft: 6181 corp: 1324/255Kb lim: 4096 exec/s: 11914 rss: 482Mb L: 6/4087 MS: 2 CopyPart-EraseBytes-
#1799633	REDUCE cov: 1504 ft: 6181 corp: 1324/255Kb lim: 4096 exec/s: 11918 rss: 482Mb L: 1099/4087 MS: 1 EraseBytes-
#1800336	REDUCE cov: 1504 ft: 6181 corp: 1324/255Kb lim: 4096 exec/s: 11922 rss: 482Mb L: 61/4087 MS: 3 ChangeBinInt-EraseBytes-CopyPart-
#1802162	REDUCE cov: 1504 ft: 6181 corp: 1324/255Kb lim: 4096 exec/s: 11934 rss: 482Mb L: 1472/4087 MS: 1 EraseBytes-
#1806223	REDUCE cov: 1504 ft: 6181 corp: 1324/255Kb lim: 4096 exec/s: 11961 rss: 482Mb L: 21/4087 MS: 1 EraseBytes-
#1807089	REDUCE cov: 1504 ft: 6181 corp: 1324/255Kb lim: 4096 exec/s: 11967 rss: 482Mb L: 60/4087 MS: 1 EraseBytes-
#1807635	REDUCE cov: 1504 ft: 6181 corp: 1324/255Kb lim: 4096 exec/s: 11892 rss: 482Mb L: 140/4087 MS: 1 EraseBytes-
#1808876	REDUCE cov: 1504 ft: 6181 corp: 1324/255Kb lim: 4096 exec/s: 11900 rss: 482Mb L: 205/4087 MS: 1 EraseBytes-
#1811377	REDUCE cov: 1504 ft: 6181 corp: 1324/255Kb lim: 4096 exec/s: 11916 rss: 482Mb L: 608/4087 MS: 1 EraseBytes-
#1813548	REDUCE cov: 1504 ft: 6181 corp: 1324/255Kb lim: 4096 exec/s: 11931 rss: 482Mb L: 83/4087 MS: 1 EraseBytes-
#1813874	REDUCE cov: 1504 ft: 6181 corp: 1324/254Kb lim: 4096 exec/s: 11933 rss: 482Mb L: 301/4087 MS: 1 EraseBytes-
#1815210	REDUCE cov: 1504 ft: 6181 corp: 1324/254Kb lim: 4096 exec/s: 11942 rss: 482Mb L: 32/4087 MS: 1 EraseBytes-
#1815891	REDUCE cov: 1504 ft: 6181 corp: 1324/254Kb lim: 4096 exec/s: 11868 rss: 482Mb L: 116/4087 MS: 1 EraseBytes-
#1816443	REDUCE cov: 1504 ft: 6184 corp: 1325/255Kb lim: 4096 exec/s: 11872 rss: 482Mb L: 46/4087 MS: 2 EraseBytes-CopyPart-
#1818814	NEW    cov: 1504 ft: 6185 corp: 1326/255Kb lim: 4096 exec/s: 11887 rss: 482Mb L: 83/4087 MS: 1 InsertRepeatedBytes-
#1819495	REDUCE cov: 1504 ft: 6185 corp: 1326/255Kb lim: 4096 exec/s: 11892 rss: 482Mb L: 17/4087 MS: 1 EraseBytes-
#1820746	REDUCE cov: 1504 ft: 6185 corp: 1326/255Kb lim: 4096 exec/s: 11900 rss: 482Mb L: 6/4087 MS: 1 EraseBytes-
#1821042	REDUCE cov: 1504 ft: 6185 corp: 1326/255Kb lim: 4096 exec/s: 11902 rss: 482Mb L: 326/4087 MS: 1 EraseBytes-
#1823523	REDUCE cov: 1504 ft: 6185 corp: 1326/255Kb lim: 4096 exec/s: 11918 rss: 482Mb L: 17/4087 MS: 1 EraseBytes-
#1824246	REDUCE cov: 1504 ft: 6185 corp: 1326/255Kb lim: 4096 exec/s: 11923 rss: 482Mb L: 2339/4087 MS: 3 ChangeBinInt-ShuffleBytes-EraseBytes-
#1825327	REDUCE cov: 1504 ft: 6185 corp: 1326/255Kb lim: 4096 exec/s: 11852 rss: 482Mb L: 48/4087 MS: 1 EraseBytes-
#1828285	REDUCE cov: 1504 ft: 6185 corp: 1326/255Kb lim: 4096 exec/s: 11871 rss: 482Mb L: 44/4087 MS: 3 ChangeBit-CopyPart-EraseBytes-
#1829382	REDUCE cov: 1504 ft: 6185 corp: 1326/255Kb lim: 4096 exec/s: 11879 rss: 482Mb L: 3650/4087 MS: 2 ChangeASCIIInt-EraseBytes-
#1832578	REDUCE cov: 1504 ft: 6185 corp: 1326/255Kb lim: 4096 exec/s: 11899 rss: 482Mb L: 25/4087 MS: 1 EraseBytes-
#1832769	REDUCE cov: 1504 ft: 6185 corp: 1326/255Kb lim: 4096 exec/s: 11901 rss: 482Mb L: 259/4087 MS: 1 EraseBytes-
#1832825	REDUCE cov: 1504 ft: 6185 corp: 1326/255Kb lim: 4096 exec/s: 11901 rss: 482Mb L: 30/4087 MS: 1 EraseBytes-
#1835532	REDUCE cov: 1504 ft: 6185 corp: 1326/254Kb lim: 4096 exec/s: 11842 rss: 482Mb L: 370/4087 MS: 2 ChangeByte-EraseBytes-
#1836628	NEW    cov: 1504 ft: 6193 corp: 1327/255Kb lim: 4096 exec/s: 11849 rss: 482Mb L: 1009/4087 MS: 1 CopyPart-
#1836934	REDUCE cov: 1504 ft: 6193 corp: 1327/255Kb lim: 4096 exec/s: 11851 rss: 482Mb L: 6/4087 MS: 1 EraseBytes-
#1837685	REDUCE cov: 1504 ft: 6193 corp: 1327/255Kb lim: 4096 exec/s: 11856 rss: 482Mb L: 9/4087 MS: 1 EraseBytes-
#1838766	REDUCE cov: 1504 ft: 6193 corp: 1327/255Kb lim: 4096 exec/s: 11863 rss: 482Mb L: 195/4087 MS: 1 EraseBytes-
#1842259	REDUCE cov: 1504 ft: 6193 corp: 1327/255Kb lim: 4096 exec/s: 11885 rss: 482Mb L: 21/4087 MS: 3 ChangeBinInt-CopyPart-EraseBytes-
#1843886	REDUCE cov: 1504 ft: 6193 corp: 1327/255Kb lim: 4096 exec/s: 11819 rss: 482Mb L: 16/4087 MS: 2 EraseBytes-CopyPart-
#1845132	REDUCE cov: 1504 ft: 6193 corp: 1327/255Kb lim: 4096 exec/s: 11827 rss: 482Mb L: 1164/4087 MS: 1 EraseBytes-
#1845568	REDUCE cov: 1504 ft: 6193 corp: 1327/255Kb lim: 4096 exec/s: 11830 rss: 482Mb L: 409/4087 MS: 1 EraseBytes-
#1845581	REDUCE cov: 1504 ft: 6194 corp: 1328/257Kb lim: 4096 exec/s: 11830 rss: 482Mb L: 2137/4087 MS: 3 InsertByte-CopyPart-CopyPart-
#1845762	REDUCE cov: 1504 ft: 6194 corp: 1328/257Kb lim: 4096 exec/s: 11831 rss: 482Mb L: 37/4087 MS: 1 EraseBytes-
#1848983	REDUCE cov: 1504 ft: 6194 corp: 1328/257Kb lim: 4096 exec/s: 11852 rss: 482Mb L: 280/4087 MS: 1 EraseBytes-
#1849505	REDUCE cov: 1504 ft: 6194 corp: 1328/257Kb lim: 4096 exec/s: 11855 rss: 482Mb L: 11/4087 MS: 2 CrossOver-EraseBytes-
#1850242	REDUCE cov: 1504 ft: 6194 corp: 1328/257Kb lim: 4096 exec/s: 11860 rss: 482Mb L: 81/4087 MS: 2 PersAutoDict-EraseBytes- DE: "\001\000\000\000\000\000\000\004"-
#1854939	REDUCE cov: 1504 ft: 6194 corp: 1328/257Kb lim: 4096 exec/s: 11890 rss: 482Mb L: 19/4087 MS: 2 EraseBytes-CopyPart-
#1855775	REDUCE cov: 1504 ft: 6194 corp: 1328/257Kb lim: 4096 exec/s: 11895 rss: 482Mb L: 19/4087 MS: 1 EraseBytes-
#1857082	REDUCE cov: 1504 ft: 6194 corp: 1328/257Kb lim: 4096 exec/s: 11828 rss: 482Mb L: 101/4087 MS: 2 CrossOver-EraseBytes-
#1857143	REDUCE cov: 1504 ft: 6194 corp: 1328/257Kb lim: 4096 exec/s: 11828 rss: 482Mb L: 999/4087 MS: 1 EraseBytes-
#1858054	REDUCE cov: 1504 ft: 6194 corp: 1328/257Kb lim: 4096 exec/s: 11834 rss: 482Mb L: 19/4087 MS: 1 EraseBytes-
#1858991	REDUCE cov: 1504 ft: 6194 corp: 1328/257Kb lim: 4096 exec/s: 11840 rss: 482Mb L: 534/4087 MS: 2 CopyPart-EraseBytes-
#1859442	REDUCE cov: 1504 ft: 6194 corp: 1328/257Kb lim: 4096 exec/s: 11843 rss: 482Mb L: 236/4087 MS: 1 EraseBytes-
#1859823	REDUCE cov: 1504 ft: 6194 corp: 1328/257Kb lim: 4096 exec/s: 11846 rss: 482Mb L: 230/4087 MS: 1 EraseBytes-
#1859844	REDUCE cov: 1504 ft: 6194 corp: 1328/257Kb lim: 4096 exec/s: 11846 rss: 482Mb L: 289/4087 MS: 1 EraseBytes-
#1861106	REDUCE cov: 1504 ft: 6194 corp: 1328/257Kb lim: 4096 exec/s: 11854 rss: 482Mb L: 130/4087 MS: 2 ShuffleBytes-EraseBytes-
#1861679	REDUCE cov: 1504 ft: 6194 corp: 1328/257Kb lim: 4096 exec/s: 11857 rss: 482Mb L: 135/4087 MS: 3 InsertByte-CopyPart-EraseBytes-
#1862766	REDUCE cov: 1504 ft: 6194 corp: 1328/257Kb lim: 4096 exec/s: 11864 rss: 482Mb L: 45/4087 MS: 2 InsertRepeatedBytes-EraseBytes-
#1863072	REDUCE cov: 1504 ft: 6194 corp: 1328/257Kb lim: 4096 exec/s: 11866 rss: 482Mb L: 205/4087 MS: 1 EraseBytes-
#1863899	REDUCE cov: 1504 ft: 6194 corp: 1328/257Kb lim: 4096 exec/s: 11871 rss: 482Mb L: 3841/4087 MS: 2 InsertRepeatedBytes-EraseBytes-
#1865217	REDUCE cov: 1504 ft: 6194 corp: 1328/257Kb lim: 4096 exec/s: 11880 rss: 482Mb L: 433/4087 MS: 3 ChangeBinInt-EraseBytes-CopyPart-
#1865333	REDUCE cov: 1504 ft: 6194 corp: 1328/257Kb lim: 4096 exec/s: 11881 rss: 482Mb L: 584/4087 MS: 1 EraseBytes-
#1867011	REDUCE cov: 1504 ft: 6194 corp: 1328/257Kb lim: 4096 exec/s: 11891 rss: 482Mb L: 1758/4087 MS: 3 ChangeASCIIInt-ShuffleBytes-EraseBytes-
#1868087	REDUCE cov: 1504 ft: 6194 corp: 1328/257Kb lim: 4096 exec/s: 11898 rss: 482Mb L: 31/4087 MS: 1 EraseBytes-
#1868428	REDUCE cov: 1504 ft: 6194 corp: 1328/257Kb lim: 4096 exec/s: 11825 rss: 482Mb L: 84/4087 MS: 1 EraseBytes-
#1869944	REDUCE cov: 1504 ft: 6194 corp: 1328/257Kb lim: 4096 exec/s: 11835 rss: 482Mb L: 119/4087 MS: 1 EraseBytes-
#1871534	REDUCE cov: 1504 ft: 6194 corp: 1328/257Kb lim: 4096 exec/s: 11845 rss: 482Mb L: 12/4087 MS: 5 ChangeByte-EraseBytes-ChangeASCIIInt-EraseBytes-InsertByte-
#1872950	REDUCE cov: 1504 ft: 6194 corp: 1328/257Kb lim: 4096 exec/s: 11854 rss: 482Mb L: 153/4087 MS: 1 EraseBytes-
#1873076	REDUCE cov: 1504 ft: 6194 corp: 1328/257Kb lim: 4096 exec/s: 11854 rss: 482Mb L: 18/4087 MS: 1 EraseBytes-
#1873747	REDUCE cov: 1504 ft: 6194 corp: 1328/257Kb lim: 4096 exec/s: 11859 rss: 482Mb L: 456/4087 MS: 1 EraseBytes-
#1874383	REDUCE cov: 1504 ft: 6194 corp: 1328/256Kb lim: 4096 exec/s: 11863 rss: 482Mb L: 2211/4087 MS: 1 EraseBytes-
#1878384	REDUCE cov: 1504 ft: 6194 corp: 1328/256Kb lim: 4096 exec/s: 11888 rss: 482Mb L: 10/4087 MS: 1 EraseBytes-
#1878662	REDUCE cov: 1504 ft: 6194 corp: 1328/256Kb lim: 4096 exec/s: 11890 rss: 482Mb L: 325/4087 MS: 3 CMP-ChangeByte-EraseBytes- DE: "\377\377\377\377\377\377\377\377"-
#1879568	REDUCE cov: 1504 ft: 6194 corp: 1328/256Kb lim: 4096 exec/s: 11896 rss: 482Mb L: 2099/4087 MS: 1 EraseBytes-
#1880860	REDUCE cov: 1504 ft: 6194 corp: 1328/256Kb lim: 4096 exec/s: 11904 rss: 482Mb L: 990/4087 MS: 2 ChangeASCIIInt-EraseBytes-
#1881911	REDUCE cov: 1504 ft: 6194 corp: 1328/256Kb lim: 4096 exec/s: 11835 rss: 482Mb L: 246/4087 MS: 1 EraseBytes-
#1882072	REDUCE cov: 1504 ft: 6194 corp: 1328/256Kb lim: 4096 exec/s: 11836 rss: 482Mb L: 8/4087 MS: 1 EraseBytes-
#1882118	REDUCE cov: 1504 ft: 6194 corp: 1328/256Kb lim: 4096 exec/s: 11837 rss: 482Mb L: 429/4087 MS: 1 EraseBytes-
#1882997	REDUCE cov: 1504 ft: 6194 corp: 1328/256Kb lim: 4096 exec/s: 11842 rss: 482Mb L: 123/4087 MS: 4 ChangeByte-InsertByte-ChangeBinInt-EraseBytes-
#1886774	REDUCE cov: 1504 ft: 6194 corp: 1328/256Kb lim: 4096 exec/s: 11866 rss: 482Mb L: 1712/4087 MS: 2 CopyPart-EraseBytes-
#1888705	REDUCE cov: 1504 ft: 6194 corp: 1328/256Kb lim: 4096 exec/s: 11878 rss: 482Mb L: 120/4087 MS: 1 EraseBytes-
#1889846	REDUCE cov: 1504 ft: 6194 corp: 1328/256Kb lim: 4096 exec/s: 11885 rss: 482Mb L: 19/4087 MS: 1 EraseBytes-
#1892027	REDUCE cov: 1504 ft: 6194 corp: 1328/256Kb lim: 4096 exec/s: 11899 rss: 482Mb L: 38/4087 MS: 1 EraseBytes-
#1895498	REDUCE cov: 1504 ft: 6194 corp: 1328/256Kb lim: 4096 exec/s: 11846 rss: 482Mb L: 3662/4087 MS: 1 EraseBytes-
#1896034	REDUCE cov: 1504 ft: 6194 corp: 1328/256Kb lim: 4096 exec/s: 11850 rss: 482Mb L: 64/4087 MS: 1 EraseBytes-
#1896600	REDUCE cov: 1504 ft: 6194 corp: 1328/256Kb lim: 4096 exec/s: 11853 rss: 482Mb L: 69/4087 MS: 1 EraseBytes-
#1897461	REDUCE cov: 1504 ft: 6194 corp: 1328/256Kb lim: 4096 exec/s: 11859 rss: 482Mb L: 3802/4087 MS: 1 EraseBytes-
#1897748	REDUCE cov: 1504 ft: 6194 corp: 1328/256Kb lim: 4096 exec/s: 11860 rss: 482Mb L: 38/4087 MS: 2 ChangeASCIIInt-EraseBytes-
#1898964	REDUCE cov: 1504 ft: 6194 corp: 1328/256Kb lim: 4096 exec/s: 11868 rss: 482Mb L: 994/4087 MS: 1 EraseBytes-
#1901845	REDUCE cov: 1504 ft: 6194 corp: 1328/256Kb lim: 4096 exec/s: 11886 rss: 482Mb L: 215/4087 MS: 1 EraseBytes-
#1902356	REDUCE cov: 1504 ft: 6194 corp: 1328/256Kb lim: 4096 exec/s: 11889 rss: 482Mb L: 414/4087 MS: 1 EraseBytes-
#1903207	REDUCE cov: 1504 ft: 6195 corp: 1329/256Kb lim: 4096 exec/s: 11895 rss: 482Mb L: 142/4087 MS: 1 InsertRepeatedBytes-
#1903850	REDUCE cov: 1504 ft: 6195 corp: 1329/256Kb lim: 4096 exec/s: 11899 rss: 482Mb L: 162/4087 MS: 3 ShuffleBytes-ChangeBit-EraseBytes-
#1904223	REDUCE cov: 1504 ft: 6195 corp: 1329/256Kb lim: 4096 exec/s: 11901 rss: 482Mb L: 21/4087 MS: 3 ChangeBinInt-EraseBytes-ChangeByte-
#1904989	REDUCE cov: 1504 ft: 6195 corp: 1329/256Kb lim: 4096 exec/s: 11906 rss: 482Mb L: 56/4087 MS: 1 EraseBytes-
#1908362	REDUCE cov: 1504 ft: 6195 corp: 1329/256Kb lim: 4096 exec/s: 11853 rss: 482Mb L: 63/4087 MS: 3 InsertByte-InsertByte-EraseBytes-
#1908833	REDUCE cov: 1504 ft: 6195 corp: 1329/256Kb lim: 4096 exec/s: 11856 rss: 482Mb L: 133/4087 MS: 1 EraseBytes-
#1911279	REDUCE cov: 1504 ft: 6195 corp: 1329/256Kb lim: 4096 exec/s: 11871 rss: 482Mb L: 362/4087 MS: 1 EraseBytes-
#1913880	REDUCE cov: 1504 ft: 6195 corp: 1329/256Kb lim: 4096 exec/s: 11887 rss: 482Mb L: 53/4087 MS: 1 EraseBytes-
#1915087	REDUCE cov: 1504 ft: 6195 corp: 1329/256Kb lim: 4096 exec/s: 11894 rss: 482Mb L: 18/4087 MS: 2 ChangeByte-EraseBytes-
#1919413	REDUCE cov: 1504 ft: 6195 corp: 1329/256Kb lim: 4096 exec/s: 11848 rss: 482Mb L: 36/4087 MS: 1 EraseBytes-
#1919727	REDUCE cov: 1504 ft: 6195 corp: 1329/256Kb lim: 4096 exec/s: 11850 rss: 482Mb L: 25/4087 MS: 4 CrossOver-EraseBytes-ShuffleBytes-CopyPart-
#1921098	REDUCE cov: 1504 ft: 6197 corp: 1330/256Kb lim: 4096 exec/s: 11858 rss: 482Mb L: 45/4087 MS: 1 CopyPart-
#1923460	REDUCE cov: 1504 ft: 6197 corp: 1330/256Kb lim: 4096 exec/s: 11873 rss: 482Mb L: 875/4087 MS: 2 ChangeASCIIInt-EraseBytes-
#1925806	REDUCE cov: 1504 ft: 6197 corp: 1330/256Kb lim: 4096 exec/s: 11887 rss: 482Mb L: 269/4087 MS: 1 EraseBytes-
#1926081	REDUCE cov: 1504 ft: 6197 corp: 1330/256Kb lim: 4096 exec/s: 11889 rss: 482Mb L: 2576/4087 MS: 5 ShuffleBytes-ChangeASCIIInt-CopyPart-CopyPart-EraseBytes-
#1926307	REDUCE cov: 1504 ft: 6197 corp: 1330/256Kb lim: 4096 exec/s: 11890 rss: 482Mb L: 45/4087 MS: 1 EraseBytes-
#1927383	REDUCE cov: 1504 ft: 6197 corp: 1330/256Kb lim: 4096 exec/s: 11897 rss: 482Mb L: 84/4087 MS: 1 EraseBytes-
#1927436	REDUCE cov: 1504 ft: 6197 corp: 1330/256Kb lim: 4096 exec/s: 11897 rss: 482Mb L: 207/4087 MS: 3 InsertRepeatedBytes-CopyPart-EraseBytes-
#1928808	REDUCE cov: 1504 ft: 6197 corp: 1330/256Kb lim: 4096 exec/s: 11906 rss: 482Mb L: 44/4087 MS: 2 ShuffleBytes-EraseBytes-
#1929424	REDUCE cov: 1504 ft: 6197 corp: 1330/256Kb lim: 4096 exec/s: 11910 rss: 482Mb L: 466/4087 MS: 1 EraseBytes-
#1933655	REDUCE cov: 1504 ft: 6197 corp: 1330/256Kb lim: 4096 exec/s: 11862 rss: 482Mb L: 12/4087 MS: 1 EraseBytes-
#1938386	REDUCE cov: 1504 ft: 6197 corp: 1330/256Kb lim: 4096 exec/s: 11891 rss: 482Mb L: 126/4087 MS: 1 EraseBytes-
#1939207	REDUCE cov: 1504 ft: 6197 corp: 1330/256Kb lim: 4096 exec/s: 11896 rss: 482Mb L: 498/4087 MS: 1 EraseBytes-
#1939864	REDUCE cov: 1504 ft: 6197 corp: 1330/256Kb lim: 4096 exec/s: 11901 rss: 482Mb L: 24/4087 MS: 2 ShuffleBytes-EraseBytes-
#1943770	REDUCE cov: 1504 ft: 6197 corp: 1330/256Kb lim: 4096 exec/s: 11924 rss: 482Mb L: 119/4087 MS: 1 EraseBytes-
#1944991	REDUCE cov: 1504 ft: 6197 corp: 1330/256Kb lim: 4096 exec/s: 11932 rss: 482Mb L: 98/4087 MS: 1 EraseBytes-
#1947812	REDUCE cov: 1504 ft: 6211 corp: 1331/256Kb lim: 4096 exec/s: 11876 rss: 482Mb L: 556/4087 MS: 1 CopyPart-
#1948338	REDUCE cov: 1504 ft: 6211 corp: 1331/256Kb lim: 4096 exec/s: 11880 rss: 482Mb L: 9/4087 MS: 1 EraseBytes-
#1949024	REDUCE cov: 1504 ft: 6211 corp: 1331/256Kb lim: 4096 exec/s: 11884 rss: 482Mb L: 136/4087 MS: 1 EraseBytes-
#1951282	REDUCE cov: 1504 ft: 6212 corp: 1332/260Kb lim: 4096 exec/s: 11898 rss: 482Mb L: 4047/4087 MS: 3 CopyPart-InsertRepeatedBytes-CopyPart-
#1952695	REDUCE cov: 1504 ft: 6212 corp: 1332/260Kb lim: 4096 exec/s: 11906 rss: 482Mb L: 57/4087 MS: 3 ShuffleBytes-ChangeBit-EraseBytes-
#1956952	REDUCE cov: 1504 ft: 6212 corp: 1332/260Kb lim: 4096 exec/s: 11932 rss: 482Mb L: 91/4087 MS: 2 ChangeBit-EraseBytes-
#1957338	REDUCE cov: 1504 ft: 6212 corp: 1332/260Kb lim: 4096 exec/s: 11934 rss: 482Mb L: 2208/4087 MS: 1 EraseBytes-
#1959754	REDUCE cov: 1504 ft: 6212 corp: 1332/260Kb lim: 4096 exec/s: 11877 rss: 482Mb L: 3729/4087 MS: 1 EraseBytes-
#1962480	REDUCE cov: 1504 ft: 6212 corp: 1332/260Kb lim: 4096 exec/s: 11893 rss: 482Mb L: 9/4087 MS: 1 EraseBytes-
#1962686	REDUCE cov: 1504 ft: 6212 corp: 1332/260Kb lim: 4096 exec/s: 11895 rss: 482Mb L: 39/4087 MS: 1 EraseBytes-
#1964843	REDUCE cov: 1504 ft: 6212 corp: 1332/260Kb lim: 4096 exec/s: 11908 rss: 482Mb L: 290/4087 MS: 2 InsertByte-EraseBytes-
#1964925	REDUCE cov: 1504 ft: 6212 corp: 1332/260Kb lim: 4096 exec/s: 11908 rss: 482Mb L: 11/4087 MS: 2 ChangeBit-EraseBytes-
#1965501	REDUCE cov: 1504 ft: 6212 corp: 1332/260Kb lim: 4096 exec/s: 11912 rss: 482Mb L: 281/4087 MS: 1 EraseBytes-
#1966892	REDUCE cov: 1504 ft: 6212 corp: 1332/260Kb lim: 4096 exec/s: 11920 rss: 482Mb L: 78/4087 MS: 1 EraseBytes-
#1968479	REDUCE cov: 1504 ft: 6212 corp: 1332/260Kb lim: 4096 exec/s: 11930 rss: 482Mb L: 98/4087 MS: 2 CMP-EraseBytes- DE: "instance"-
#1968741	REDUCE cov: 1504 ft: 6212 corp: 1332/260Kb lim: 4096 exec/s: 11931 rss: 482Mb L: 449/4087 MS: 2 ChangeByte-EraseBytes-
#1968844	REDUCE cov: 1504 ft: 6212 corp: 1332/260Kb lim: 4096 exec/s: 11932 rss: 482Mb L: 301/4087 MS: 3 ShuffleBytes-ChangeByte-EraseBytes-
#1970774	REDUCE cov: 1504 ft: 6212 corp: 1332/260Kb lim: 4096 exec/s: 11944 rss: 482Mb L: 394/4087 MS: 5 ShuffleBytes-CopyPart-InsertRepeatedBytes-ChangeByte-EraseBytes-
#1972593	REDUCE cov: 1504 ft: 6212 corp: 1332/260Kb lim: 4096 exec/s: 11955 rss: 482Mb L: 205/4087 MS: 4 CopyPart-ChangeByte-CopyPart-EraseBytes-
#1975234	REDUCE cov: 1504 ft: 6212 corp: 1332/260Kb lim: 4096 exec/s: 11899 rss: 482Mb L: 54/4087 MS: 1 EraseBytes-
#1977327	REDUCE cov: 1504 ft: 6212 corp: 1332/260Kb lim: 4096 exec/s: 11911 rss: 482Mb L: 250/4087 MS: 3 ChangeBit-InsertByte-EraseBytes-
#1978328	REDUCE cov: 1504 ft: 6212 corp: 1332/260Kb lim: 4096 exec/s: 11917 rss: 482Mb L: 32/4087 MS: 1 EraseBytes-
#1982684	REDUCE cov: 1504 ft: 6212 corp: 1332/260Kb lim: 4096 exec/s: 11943 rss: 482Mb L: 173/4087 MS: 1 EraseBytes-
#1982810	REDUCE cov: 1504 ft: 6212 corp: 1332/260Kb lim: 4096 exec/s: 11944 rss: 482Mb L: 45/4087 MS: 1 EraseBytes-
#1983983	REDUCE cov: 1504 ft: 6212 corp: 1332/260Kb lim: 4096 exec/s: 11951 rss: 482Mb L: 300/4087 MS: 3 EraseBytes-ChangeByte-CopyPart-
#1984214	REDUCE cov: 1504 ft: 6212 corp: 1332/260Kb lim: 4096 exec/s: 11953 rss: 482Mb L: 322/4087 MS: 1 EraseBytes-
#1984242	REDUCE cov: 1504 ft: 6212 corp: 1332/260Kb lim: 4096 exec/s: 11953 rss: 482Mb L: 129/4087 MS: 3 ChangeBinInt-ShuffleBytes-EraseBytes-
#1984613	REDUCE cov: 1504 ft: 6212 corp: 1332/260Kb lim: 4096 exec/s: 11955 rss: 482Mb L: 19/4087 MS: 1 EraseBytes-
#1986309	REDUCE cov: 1504 ft: 6212 corp: 1332/260Kb lim: 4096 exec/s: 11894 rss: 482Mb L: 19/4087 MS: 1 EraseBytes-
#1987215	REDUCE cov: 1504 ft: 6212 corp: 1332/260Kb lim: 4096 exec/s: 11899 rss: 482Mb L: 204/4087 MS: 1 EraseBytes-
#1988151	REDUCE cov: 1504 ft: 6212 corp: 1332/260Kb lim: 4096 exec/s: 11905 rss: 482Mb L: 18/4087 MS: 1 EraseBytes-
#1988717	REDUCE cov: 1504 ft: 6212 corp: 1332/260Kb lim: 4096 exec/s: 11908 rss: 482Mb L: 68/4087 MS: 1 EraseBytes-
#1992983	REDUCE cov: 1504 ft: 6212 corp: 1332/260Kb lim: 4096 exec/s: 11934 rss: 482Mb L: 20/4087 MS: 1 EraseBytes-
#1994404	REDUCE cov: 1504 ft: 6212 corp: 1332/260Kb lim: 4096 exec/s: 11942 rss: 482Mb L: 662/4087 MS: 1 EraseBytes-
#1995626	REDUCE cov: 1504 ft: 6212 corp: 1332/260Kb lim: 4096 exec/s: 11949 rss: 482Mb L: 10/4087 MS: 2 ShuffleBytes-EraseBytes-
#1996247	REDUCE cov: 1504 ft: 6212 corp: 1332/260Kb lim: 4096 exec/s: 11953 rss: 482Mb L: 54/4087 MS: 1 EraseBytes-
#1997163	REDUCE cov: 1504 ft: 6212 corp: 1332/260Kb lim: 4096 exec/s: 11959 rss: 482Mb L: 132/4087 MS: 1 EraseBytes-
#1997939	REDUCE cov: 1504 ft: 6212 corp: 1332/260Kb lim: 4096 exec/s: 11963 rss: 482Mb L: 72/4087 MS: 1 EraseBytes-
#1998602	REDUCE cov: 1504 ft: 6212 corp: 1332/260Kb lim: 4096 exec/s: 11896 rss: 482Mb L: 37/4087 MS: 3 InsertByte-EraseBytes-CopyPart-
#1998836	REDUCE cov: 1504 ft: 6212 corp: 1332/260Kb lim: 4096 exec/s: 11897 rss: 482Mb L: 2016/4087 MS: 4 PersAutoDict-ChangeByte-EraseBytes-CopyPart- DE: "\0006"-
#1999297	REDUCE cov: 1504 ft: 6212 corp: 1332/260Kb lim: 4096 exec/s: 11900 rss: 482Mb L: 622/4087 MS: 1 EraseBytes-
#2002375	REDUCE cov: 1504 ft: 6212 corp: 1332/260Kb lim: 4096 exec/s: 11918 rss: 482Mb L: 24/4087 MS: 3 ShuffleBytes-ChangeByte-EraseBytes-
#2004497	REDUCE cov: 1504 ft: 6212 corp: 1332/260Kb lim: 4096 exec/s: 11931 rss: 482Mb L: 27/4087 MS: 2 ChangeASCIIInt-EraseBytes-
#2006233	REDUCE cov: 1504 ft: 6212 corp: 1332/260Kb lim: 4096 exec/s: 11941 rss: 482Mb L: 62/4087 MS: 1 EraseBytes-
#2007839	REDUCE cov: 1504 ft: 6212 corp: 1332/260Kb lim: 4096 exec/s: 11951 rss: 482Mb L: 77/4087 MS: 1 EraseBytes-
#2008116	REDUCE cov: 1504 ft: 6212 corp: 1332/260Kb lim: 4096 exec/s: 11953 rss: 482Mb L: 8/4087 MS: 2 ChangeBinInt-EraseBytes-
#2009367	REDUCE cov: 1504 ft: 6212 corp: 1332/260Kb lim: 4096 exec/s: 11960 rss: 482Mb L: 141/4087 MS: 1 EraseBytes-
#2011038	REDUCE cov: 1504 ft: 6212 corp: 1332/260Kb lim: 4096 exec/s: 11970 rss: 482Mb L: 374/4087 MS: 1 EraseBytes-
#2011589	REDUCE cov: 1504 ft: 6212 corp: 1332/259Kb lim: 4096 exec/s: 11973 rss: 482Mb L: 228/4087 MS: 1 EraseBytes-
#2011840	REDUCE cov: 1504 ft: 6212 corp: 1332/259Kb lim: 4096 exec/s: 11975 rss: 482Mb L: 47/4087 MS: 1 EraseBytes-
#2012041	NEW    cov: 1506 ft: 6214 corp: 1333/259Kb lim: 4096 exec/s: 11976 rss: 482Mb L: 7/4087 MS: 1 InsertByte-
#2012775	REDUCE cov: 1506 ft: 6214 corp: 1333/259Kb lim: 4096 exec/s: 11909 rss: 482Mb L: 460/4087 MS: 4 ChangeASCIIInt-ChangeASCIIInt-ChangeBit-EraseBytes-
#2015521	REDUCE cov: 1506 ft: 6214 corp: 1333/259Kb lim: 4096 exec/s: 11926 rss: 482Mb L: 6/4087 MS: 1 EraseBytes-
#2017807	REDUCE cov: 1506 ft: 6214 corp: 1333/259Kb lim: 4096 exec/s: 11939 rss: 482Mb L: 52/4087 MS: 1 EraseBytes-
#2018846	REDUCE cov: 1506 ft: 6214 corp: 1333/259Kb lim: 4096 exec/s: 11945 rss: 482Mb L: 555/4087 MS: 4 ShuffleBytes-InsertByte-ChangeBinInt-CrossOver-
#2019948	REDUCE cov: 1507 ft: 6215 corp: 1334/259Kb lim: 4096 exec/s: 11952 rss: 482Mb L: 8/4087 MS: 2 InsertByte-InsertByte-
#2020369	REDUCE cov: 1507 ft: 6215 corp: 1334/259Kb lim: 4096 exec/s: 11954 rss: 482Mb L: 254/4087 MS: 1 EraseBytes-
#2023560	REDUCE cov: 1507 ft: 6215 corp: 1334/259Kb lim: 4096 exec/s: 11973 rss: 482Mb L: 182/4087 MS: 1 EraseBytes-
#2024021	REDUCE cov: 1507 ft: 6215 corp: 1334/259Kb lim: 4096 exec/s: 11976 rss: 482Mb L: 4/4087 MS: 1 EraseBytes-
#2024082	REDUCE cov: 1507 ft: 6215 corp: 1334/259Kb lim: 4096 exec/s: 11976 rss: 482Mb L: 180/4087 MS: 1 EraseBytes-
#2025214	REDUCE cov: 1507 ft: 6215 corp: 1334/259Kb lim: 4096 exec/s: 11913 rss: 482Mb L: 56/4087 MS: 2 PersAutoDict-EraseBytes- DE: "\0017"-
#2026250	REDUCE cov: 1507 ft: 6215 corp: 1334/259Kb lim: 4096 exec/s: 11919 rss: 482Mb L: 11/4087 MS: 1 EraseBytes-
#2026301	REDUCE cov: 1507 ft: 6215 corp: 1334/259Kb lim: 4096 exec/s: 11919 rss: 482Mb L: 191/4087 MS: 1 EraseBytes-
#2026349	REDUCE cov: 1507 ft: 6215 corp: 1334/259Kb lim: 4096 exec/s: 11919 rss: 482Mb L: 43/4087 MS: 3 ShuffleBytes-CMP-EraseBytes- DE: "code"-
#2026990	REDUCE cov: 1507 ft: 6215 corp: 1334/259Kb lim: 4096 exec/s: 11923 rss: 482Mb L: 20/4087 MS: 1 EraseBytes-
#2029996	REDUCE cov: 1507 ft: 6215 corp: 1334/259Kb lim: 4096 exec/s: 11941 rss: 482Mb L: 60/4087 MS: 1 EraseBytes-
#2031122	REDUCE cov: 1507 ft: 6215 corp: 1334/259Kb lim: 4096 exec/s: 11947 rss: 482Mb L: 192/4087 MS: 1 EraseBytes-
#2032598	REDUCE cov: 1507 ft: 6215 corp: 1334/259Kb lim: 4096 exec/s: 11956 rss: 482Mb L: 1454/4087 MS: 1 EraseBytes-
#2033069	REDUCE cov: 1507 ft: 6215 corp: 1334/259Kb lim: 4096 exec/s: 11959 rss: 482Mb L: 72/4087 MS: 1 EraseBytes-
#2037102	REDUCE cov: 1507 ft: 6215 corp: 1334/259Kb lim: 4096 exec/s: 11982 rss: 482Mb L: 239/4087 MS: 3 ChangeASCIIInt-CrossOver-EraseBytes-
#2037879	REDUCE cov: 1507 ft: 6216 corp: 1335/263Kb lim: 4096 exec/s: 11917 rss: 482Mb L: 3879/4087 MS: 2 ChangeByte-ChangeASCIIInt-
#2038400	REDUCE cov: 1507 ft: 6216 corp: 1335/263Kb lim: 4096 exec/s: 11920 rss: 482Mb L: 225/4087 MS: 1 EraseBytes-
#2039272	REDUCE cov: 1507 ft: 6216 corp: 1335/263Kb lim: 4096 exec/s: 11925 rss: 482Mb L: 195/4087 MS: 2 ChangeASCIIInt-EraseBytes-
#2040083	REDUCE cov: 1507 ft: 6216 corp: 1335/263Kb lim: 4096 exec/s: 11930 rss: 482Mb L: 156/4087 MS: 1 EraseBytes-
#2041464	REDUCE cov: 1507 ft: 6216 corp: 1335/263Kb lim: 4096 exec/s: 11938 rss: 482Mb L: 155/4087 MS: 1 EraseBytes-
#2041575	REDUCE cov: 1507 ft: 6216 corp: 1335/263Kb lim: 4096 exec/s: 11939 rss: 482Mb L: 191/4087 MS: 1 EraseBytes-
#2042721	REDUCE cov: 1507 ft: 6216 corp: 1335/263Kb lim: 4096 exec/s: 11945 rss: 482Mb L: 13/4087 MS: 1 EraseBytes-
#2043147	REDUCE cov: 1507 ft: 6216 corp: 1335/263Kb lim: 4096 exec/s: 11948 rss: 482Mb L: 144/4087 MS: 1 EraseBytes-
#2047884	REDUCE cov: 1507 ft: 6216 corp: 1335/263Kb lim: 4096 exec/s: 11975 rss: 482Mb L: 347/4087 MS: 2 ChangeByte-EraseBytes-
#2048865	REDUCE cov: 1507 ft: 6216 corp: 1335/263Kb lim: 4096 exec/s: 11981 rss: 482Mb L: 21/4087 MS: 1 EraseBytes-
#2049296	REDUCE cov: 1507 ft: 6216 corp: 1335/263Kb lim: 4096 exec/s: 11984 rss: 482Mb L: 159/4087 MS: 1 EraseBytes-
#2050027	REDUCE cov: 1507 ft: 6216 corp: 1335/263Kb lim: 4096 exec/s: 11988 rss: 482Mb L: 5/4087 MS: 1 EraseBytes-
#2053668	REDUCE cov: 1507 ft: 6216 corp: 1335/263Kb lim: 4096 exec/s: 11939 rss: 482Mb L: 85/4087 MS: 1 EraseBytes-
#2055309	REDUCE cov: 1507 ft: 6216 corp: 1335/263Kb lim: 4096 exec/s: 11949 rss: 482Mb L: 152/4087 MS: 1 EraseBytes-
#2061361	REDUCE cov: 1507 ft: 6216 corp: 1335/263Kb lim: 4096 exec/s: 11984 rss: 482Mb L: 2227/4087 MS: 2 EraseBytes-CopyPart-
#2062122	REDUCE cov: 1507 ft: 6216 corp: 1335/263Kb lim: 4096 exec/s: 11989 rss: 482Mb L: 26/4087 MS: 1 EraseBytes-
#2063464	REDUCE cov: 1507 ft: 6216 corp: 1335/263Kb lim: 4096 exec/s: 11927 rss: 482Mb L: 84/4087 MS: 2 ChangeByte-EraseBytes-
#2064465	REDUCE cov: 1507 ft: 6216 corp: 1335/263Kb lim: 4096 exec/s: 11933 rss: 482Mb L: 68/4087 MS: 1 EraseBytes-
#2066736	REDUCE cov: 1507 ft: 6216 corp: 1335/263Kb lim: 4096 exec/s: 11946 rss: 482Mb L: 268/4087 MS: 1 EraseBytes-
#2067457	REDUCE cov: 1507 ft: 6216 corp: 1335/263Kb lim: 4096 exec/s: 11950 rss: 482Mb L: 3597/4087 MS: 1 EraseBytes-
#2070908	REDUCE cov: 1507 ft: 6216 corp: 1335/263Kb lim: 4096 exec/s: 11970 rss: 482Mb L: 115/4087 MS: 1 EraseBytes-
#2071974	REDUCE cov: 1507 ft: 6216 corp: 1335/263Kb lim: 4096 exec/s: 11976 rss: 482Mb L: 2796/4087 MS: 1 EraseBytes-
#2072155	REDUCE cov: 1507 ft: 6216 corp: 1335/263Kb lim: 4096 exec/s: 11977 rss: 482Mb L: 44/4087 MS: 1 EraseBytes-
#2077141	REDUCE cov: 1507 ft: 6216 corp: 1335/263Kb lim: 4096 exec/s: 11937 rss: 482Mb L: 77/4087 MS: 1 EraseBytes-
#2078498	REDUCE cov: 1507 ft: 6216 corp: 1335/263Kb lim: 4096 exec/s: 11945 rss: 482Mb L: 23/4087 MS: 2 ChangeASCIIInt-EraseBytes-
#2078664	REDUCE cov: 1507 ft: 6216 corp: 1335/262Kb lim: 4096 exec/s: 11946 rss: 482Mb L: 1557/4087 MS: 1 EraseBytes-
#2079810	REDUCE cov: 1507 ft: 6216 corp: 1335/262Kb lim: 4096 exec/s: 11952 rss: 482Mb L: 11/4087 MS: 1 EraseBytes-
#2080987	REDUCE cov: 1507 ft: 6216 corp: 1335/262Kb lim: 4096 exec/s: 11959 rss: 482Mb L: 11/4087 MS: 2 ShuffleBytes-EraseBytes-
#2083768	REDUCE cov: 1507 ft: 6216 corp: 1335/262Kb lim: 4096 exec/s: 11975 rss: 482Mb L: 101/4087 MS: 1 EraseBytes-
#2084194	REDUCE cov: 1507 ft: 6216 corp: 1335/262Kb lim: 4096 exec/s: 11978 rss: 482Mb L: 373/4087 MS: 1 EraseBytes-
#2084345	REDUCE cov: 1507 ft: 6216 corp: 1335/262Kb lim: 4096 exec/s: 11978 rss: 482Mb L: 89/4087 MS: 1 EraseBytes-
#2085871	REDUCE cov: 1507 ft: 6216 corp: 1335/262Kb lim: 4096 exec/s: 11987 rss: 482Mb L: 43/4087 MS: 1 EraseBytes-
#2086877	REDUCE cov: 1507 ft: 6216 corp: 1335/262Kb lim: 4096 exec/s: 11993 rss: 482Mb L: 22/4087 MS: 1 EraseBytes-
#2087040	REDUCE cov: 1507 ft: 6226 corp: 1336/266Kb lim: 4096 exec/s: 11994 rss: 482Mb L: 4027/4087 MS: 3 CrossOver-CopyPart-CopyPart-
#2088326	REDUCE cov: 1507 ft: 6226 corp: 1336/266Kb lim: 4096 exec/s: 12001 rss: 482Mb L: 22/4087 MS: 1 EraseBytes-
#2092972	REDUCE cov: 1507 ft: 6226 corp: 1336/266Kb lim: 4096 exec/s: 11959 rss: 482Mb L: 152/4087 MS: 1 EraseBytes-
#2094113	REDUCE cov: 1507 ft: 6226 corp: 1336/266Kb lim: 4096 exec/s: 11966 rss: 482Mb L: 278/4087 MS: 1 EraseBytes-
#2094380	REDUCE cov: 1507 ft: 6227 corp: 1337/268Kb lim: 4096 exec/s: 11967 rss: 482Mb L: 1954/4087 MS: 2 ChangeBinInt-EraseBytes-
#2095852	REDUCE cov: 1507 ft: 6227 corp: 1337/268Kb lim: 4096 exec/s: 11976 rss: 482Mb L: 36/4087 MS: 2 CopyPart-EraseBytes-
#2097152	pulse  cov: 1507 ft: 6227 corp: 1337/268Kb lim: 4096 exec/s: 11983 rss: 482Mb
#2097374	REDUCE cov: 1507 ft: 6227 corp: 1337/268Kb lim: 4096 exec/s: 11984 rss: 482Mb L: 543/4087 MS: 2 PersAutoDict-EraseBytes- DE: "#)\357\277\275 "-
#2097535	REDUCE cov: 1507 ft: 6227 corp: 1337/268Kb lim: 4096 exec/s: 11985 rss: 482Mb L: 42/4087 MS: 1 EraseBytes-
#2098156	REDUCE cov: 1507 ft: 6227 corp: 1337/268Kb lim: 4096 exec/s: 11989 rss: 482Mb L: 66/4087 MS: 1 EraseBytes-
#2098183	REDUCE cov: 1507 ft: 6227 corp: 1337/268Kb lim: 4096 exec/s: 11989 rss: 482Mb L: 3621/4087 MS: 2 ShuffleBytes-EraseBytes-
#2100574	REDUCE cov: 1507 ft: 6227 corp: 1337/268Kb lim: 4096 exec/s: 12003 rss: 482Mb L: 48/4087 MS: 1 EraseBytes-
#2101822	REDUCE cov: 1507 ft: 6227 corp: 1337/268Kb lim: 4096 exec/s: 11942 rss: 482Mb L: 18/4087 MS: 3 ShuffleBytes-PersAutoDict-EraseBytes- DE: "\001&"-
#2105933	REDUCE cov: 1507 ft: 6227 corp: 1337/268Kb lim: 4096 exec/s: 11965 rss: 482Mb L: 13/4087 MS: 1 EraseBytes-
#2108024	REDUCE cov: 1507 ft: 6227 corp: 1337/268Kb lim: 4096 exec/s: 11977 rss: 482Mb L: 9/4087 MS: 1 EraseBytes-
#2108220	REDUCE cov: 1507 ft: 6229 corp: 1338/268Kb lim: 4096 exec/s: 11978 rss: 482Mb L: 211/4087 MS: 1 CopyPart-
#2111647	REDUCE cov: 1507 ft: 6229 corp: 1338/268Kb lim: 4096 exec/s: 11997 rss: 482Mb L: 103/4087 MS: 2 ShuffleBytes-EraseBytes-
#2119688	REDUCE cov: 1507 ft: 6229 corp: 1338/268Kb lim: 4096 exec/s: 11975 rss: 482Mb L: 286/4087 MS: 1 EraseBytes-
#2119885	REDUCE cov: 1507 ft: 6229 corp: 1338/268Kb lim: 4096 exec/s: 11976 rss: 482Mb L: 11/4087 MS: 2 ChangeASCIIInt-EraseBytes-
#2120101	REDUCE cov: 1507 ft: 6229 corp: 1338/268Kb lim: 4096 exec/s: 11977 rss: 482Mb L: 8/4087 MS: 1 EraseBytes-
#2123457	REDUCE cov: 1507 ft: 6229 corp: 1338/268Kb lim: 4096 exec/s: 11996 rss: 482Mb L: 23/4087 MS: 1 EraseBytes-
#2125113	REDUCE cov: 1507 ft: 6229 corp: 1338/268Kb lim: 4096 exec/s: 12006 rss: 482Mb L: 216/4087 MS: 1 EraseBytes-
#2125435	REDUCE cov: 1507 ft: 6229 corp: 1338/268Kb lim: 4096 exec/s: 12008 rss: 482Mb L: 2308/4087 MS: 2 ChangeASCIIInt-EraseBytes-
#2130906	REDUCE cov: 1507 ft: 6229 corp: 1338/268Kb lim: 4096 exec/s: 11971 rss: 482Mb L: 8/4087 MS: 1 EraseBytes-
#2133452	REDUCE cov: 1507 ft: 6229 corp: 1338/268Kb lim: 4096 exec/s: 11985 rss: 482Mb L: 385/4087 MS: 1 EraseBytes-
#2133453	REDUCE cov: 1507 ft: 6229 corp: 1338/268Kb lim: 4096 exec/s: 11985 rss: 482Mb L: 30/4087 MS: 1 EraseBytes-
#2134544	REDUCE cov: 1508 ft: 6230 corp: 1339/268Kb lim: 4096 exec/s: 11991 rss: 482Mb L: 3/4087 MS: 1 EraseBytes-
#2134910	REDUCE cov: 1508 ft: 6230 corp: 1339/268Kb lim: 4096 exec/s: 11993 rss: 482Mb L: 17/4087 MS: 1 EraseBytes-
#2134982	REDUCE cov: 1508 ft: 6230 corp: 1339/268Kb lim: 4096 exec/s: 11994 rss: 482Mb L: 1682/4087 MS: 2 ChangeBit-EraseBytes-
#2137044	REDUCE cov: 1508 ft: 6230 corp: 1339/268Kb lim: 4096 exec/s: 12005 rss: 482Mb L: 41/4087 MS: 2 PersAutoDict-EraseBytes- DE: "\357\277\275\357\277\275*"-
#2137765	REDUCE cov: 1508 ft: 6230 corp: 1339/267Kb lim: 4096 exec/s: 12009 rss: 482Mb L: 1381/4087 MS: 1 EraseBytes-
#2139137	REDUCE cov: 1508 ft: 6230 corp: 1339/267Kb lim: 4096 exec/s: 12017 rss: 482Mb L: 38/4087 MS: 2 InsertByte-EraseBytes-
#2139603	REDUCE cov: 1508 ft: 6230 corp: 1339/267Kb lim: 4096 exec/s: 12020 rss: 482Mb L: 131/4087 MS: 1 EraseBytes-
#2141649	REDUCE cov: 1508 ft: 6230 corp: 1339/267Kb lim: 4096 exec/s: 11964 rss: 482Mb L: 18/4087 MS: 1 EraseBytes-
#2142625	REDUCE cov: 1508 ft: 6230 corp: 1339/267Kb lim: 4096 exec/s: 11969 rss: 482Mb L: 282/4087 MS: 1 EraseBytes-
#2147641	REDUCE cov: 1508 ft: 6230 corp: 1339/267Kb lim: 4096 exec/s: 11997 rss: 482Mb L: 318/4087 MS: 1 EraseBytes-
#2148007	REDUCE cov: 1508 ft: 6230 corp: 1339/267Kb lim: 4096 exec/s: 12000 rss: 482Mb L: 244/4087 MS: 1 EraseBytes-
#2150043	REDUCE cov: 1508 ft: 6230 corp: 1339/267Kb lim: 4096 exec/s: 12011 rss: 482Mb L: 10/4087 MS: 1 EraseBytes-
#2152796	REDUCE cov: 1508 ft: 6232 corp: 1340/267Kb lim: 4096 exec/s: 11959 rss: 482Mb L: 123/4087 MS: 3 EraseBytes-CrossOver-CopyPart-
#2153337	REDUCE cov: 1508 ft: 6232 corp: 1340/267Kb lim: 4096 exec/s: 11962 rss: 482Mb L: 54/4087 MS: 1 EraseBytes-
#2154998	REDUCE cov: 1508 ft: 6232 corp: 1340/267Kb lim: 4096 exec/s: 11972 rss: 482Mb L: 298/4087 MS: 1 EraseBytes-
#2156425	REDUCE cov: 1508 ft: 6232 corp: 1340/267Kb lim: 4096 exec/s: 11980 rss: 482Mb L: 125/4087 MS: 2 CopyPart-EraseBytes-
#2156878	REDUCE cov: 1508 ft: 6232 corp: 1340/267Kb lim: 4096 exec/s: 11982 rss: 482Mb L: 2730/4087 MS: 3 InsertByte-EraseBytes-CMP- DE: "p\000\000\020"-
#2158210	REDUCE cov: 1508 ft: 6232 corp: 1340/267Kb lim: 4096 exec/s: 11990 rss: 482Mb L: 16/4087 MS: 2 ChangeBinInt-EraseBytes-
#2158421	REDUCE cov: 1508 ft: 6232 corp: 1340/267Kb lim: 4096 exec/s: 11991 rss: 482Mb L: 114/4087 MS: 1 EraseBytes-
#2160032	REDUCE cov: 1508 ft: 6232 corp: 1340/267Kb lim: 4096 exec/s: 12000 rss: 482Mb L: 81/4087 MS: 1 EraseBytes-
#2160163	REDUCE cov: 1508 ft: 6232 corp: 1340/267Kb lim: 4096 exec/s: 12000 rss: 482Mb L: 198/4087 MS: 1 EraseBytes-
#2163729	REDUCE cov: 1508 ft: 6232 corp: 1340/267Kb lim: 4096 exec/s: 12020 rss: 482Mb L: 115/4087 MS: 1 EraseBytes-
#2167230	REDUCE cov: 1508 ft: 6232 corp: 1340/267Kb lim: 4096 exec/s: 11973 rss: 482Mb L: 35/4087 MS: 1 EraseBytes-
#2167403	REDUCE cov: 1508 ft: 6232 corp: 1340/267Kb lim: 4096 exec/s: 11974 rss: 482Mb L: 17/4087 MS: 3 CopyPart-InsertByte-EraseBytes-
#2169204	REDUCE cov: 1508 ft: 6232 corp: 1340/267Kb lim: 4096 exec/s: 11984 rss: 482Mb L: 113/4087 MS: 1 EraseBytes-
#2171285	REDUCE cov: 1508 ft: 6232 corp: 1340/267Kb lim: 4096 exec/s: 11996 rss: 482Mb L: 18/4087 MS: 1 EraseBytes-
#2172937	REDUCE cov: 1508 ft: 6232 corp: 1340/267Kb lim: 4096 exec/s: 12005 rss: 482Mb L: 184/4087 MS: 2 CMP-EraseBytes- DE: "=\012\000\000"-
#2173690	REDUCE cov: 1508 ft: 6232 corp: 1340/267Kb lim: 4096 exec/s: 12009 rss: 482Mb L: 3626/4087 MS: 3 ChangeASCIIInt-InsertByte-EraseBytes-
#2174581	REDUCE cov: 1508 ft: 6232 corp: 1340/267Kb lim: 4096 exec/s: 12014 rss: 482Mb L: 15/4087 MS: 1 EraseBytes-
#2175987	REDUCE cov: 1508 ft: 6232 corp: 1340/267Kb lim: 4096 exec/s: 12022 rss: 482Mb L: 18/4087 MS: 1 EraseBytes-
#2177278	REDUCE cov: 1508 ft: 6232 corp: 1340/267Kb lim: 4096 exec/s: 12029 rss: 482Mb L: 5/4087 MS: 1 EraseBytes-
#2177964	REDUCE cov: 1508 ft: 6232 corp: 1340/267Kb lim: 4096 exec/s: 12032 rss: 482Mb L: 14/4087 MS: 1 EraseBytes-
#2181350	REDUCE cov: 1508 ft: 6232 corp: 1340/267Kb lim: 4096 exec/s: 11985 rss: 482Mb L: 193/4087 MS: 1 EraseBytes-
#2185471	REDUCE cov: 1508 ft: 6232 corp: 1340/267Kb lim: 4096 exec/s: 12008 rss: 482Mb L: 26/4087 MS: 1 EraseBytes-
#2187373	REDUCE cov: 1508 ft: 6232 corp: 1340/267Kb lim: 4096 exec/s: 12018 rss: 482Mb L: 196/4087 MS: 2 CrossOver-EraseBytes-
#2190489	REDUCE cov: 1508 ft: 6232 corp: 1340/267Kb lim: 4096 exec/s: 11969 rss: 482Mb L: 819/4087 MS: 1 EraseBytes-
#2191035	REDUCE cov: 1508 ft: 6232 corp: 1340/267Kb lim: 4096 exec/s: 11972 rss: 482Mb L: 18/4087 MS: 1 EraseBytes-
#2192832	REDUCE cov: 1508 ft: 6232 corp: 1340/267Kb lim: 4096 exec/s: 11982 rss: 482Mb L: 100/4087 MS: 2 ShuffleBytes-EraseBytes-
#2193403	REDUCE cov: 1508 ft: 6232 corp: 1340/267Kb lim: 4096 exec/s: 11985 rss: 482Mb L: 61/4087 MS: 1 EraseBytes-
#2195306	REDUCE cov: 1508 ft: 6232 corp: 1340/267Kb lim: 4096 exec/s: 11996 rss: 482Mb L: 53/4087 MS: 3 ShuffleBytes-ChangeByte-EraseBytes-
#2195617	REDUCE cov: 1508 ft: 6232 corp: 1340/267Kb lim: 4096 exec/s: 11997 rss: 482Mb L: 1017/4087 MS: 1 EraseBytes-
#2197434	REDUCE cov: 1508 ft: 6232 corp: 1340/267Kb lim: 4096 exec/s: 12007 rss: 482Mb L: 84/4087 MS: 2 ChangeBit-EraseBytes-
#2199041	REDUCE cov: 1508 ft: 6232 corp: 1340/267Kb lim: 4096 exec/s: 12016 rss: 482Mb L: 1639/4087 MS: 2 PersAutoDict-EraseBytes- DE: "\357\277\275#\357\277\275."-
#2202163	REDUCE cov: 1508 ft: 6232 corp: 1340/267Kb lim: 4096 exec/s: 11968 rss: 482Mb L: 234/4087 MS: 2 CopyPart-EraseBytes-
#2202456	REDUCE cov: 1508 ft: 6232 corp: 1340/267Kb lim: 4096 exec/s: 11969 rss: 482Mb L: 8/4087 MS: 3 EraseBytes-ChangeASCIIInt-ChangeASCIIInt-
#2202618	REDUCE cov: 1508 ft: 6232 corp: 1340/267Kb lim: 4096 exec/s: 11970 rss: 482Mb L: 293/4087 MS: 2 ShuffleBytes-EraseBytes-
#2202899	REDUCE cov: 1508 ft: 6232 corp: 1340/267Kb lim: 4096 exec/s: 11972 rss: 482Mb L: 10/4087 MS: 1 EraseBytes-
#2204008	REDUCE cov: 1508 ft: 6232 corp: 1340/267Kb lim: 4096 exec/s: 11978 rss: 482Mb L: 462/4087 MS: 4 EraseBytes-CopyPart-InsertRepeatedBytes-CopyPart-
#2204129	REDUCE cov: 1508 ft: 6232 corp: 1340/267Kb lim: 4096 exec/s: 11978 rss: 482Mb L: 1530/4087 MS: 1 EraseBytes-
#2204355	REDUCE cov: 1508 ft: 6232 corp: 1340/267Kb lim: 4096 exec/s: 11980 rss: 482Mb L: 2367/4087 MS: 1 EraseBytes-
#2205926	REDUCE cov: 1508 ft: 6232 corp: 1340/267Kb lim: 4096 exec/s: 11988 rss: 482Mb L: 123/4087 MS: 1 EraseBytes-
#2206058	REDUCE cov: 1508 ft: 6232 corp: 1340/267Kb lim: 4096 exec/s: 11989 rss: 482Mb L: 22/4087 MS: 2 ShuffleBytes-EraseBytes-
#2206979	REDUCE cov: 1508 ft: 6232 corp: 1340/267Kb lim: 4096 exec/s: 11994 rss: 482Mb L: 8/4087 MS: 1 EraseBytes-
#2209200	REDUCE cov: 1508 ft: 6232 corp: 1340/267Kb lim: 4096 exec/s: 12006 rss: 482Mb L: 59/4087 MS: 1 EraseBytes-
#2209446	REDUCE cov: 1508 ft: 6232 corp: 1340/267Kb lim: 4096 exec/s: 12007 rss: 482Mb L: 39/4087 MS: 1 EraseBytes-
#2209987	REDUCE cov: 1508 ft: 6232 corp: 1340/267Kb lim: 4096 exec/s: 12010 rss: 482Mb L: 736/4087 MS: 1 EraseBytes-
#2213028	REDUCE cov: 1508 ft: 6232 corp: 1340/267Kb lim: 4096 exec/s: 12027 rss: 484Mb L: 52/4087 MS: 1 EraseBytes-
#2214260	REDUCE cov: 1508 ft: 6232 corp: 1340/267Kb lim: 4096 exec/s: 12034 rss: 484Mb L: 3/4087 MS: 2 CopyPart-EraseBytes-
#2214621	REDUCE cov: 1508 ft: 6232 corp: 1340/266Kb lim: 4096 exec/s: 12035 rss: 484Mb L: 231/4087 MS: 1 EraseBytes-
#2215347	REDUCE cov: 1508 ft: 6232 corp: 1340/266Kb lim: 4096 exec/s: 11974 rss: 484Mb L: 2013/4087 MS: 1 EraseBytes-
#2216978	REDUCE cov: 1508 ft: 6232 corp: 1340/266Kb lim: 4096 exec/s: 11983 rss: 484Mb L: 21/4087 MS: 1 EraseBytes-
#2217360	REDUCE cov: 1508 ft: 6232 corp: 1340/266Kb lim: 4096 exec/s: 11985 rss: 484Mb L: 1232/4087 MS: 2 ChangeBinInt-EraseBytes-
#2217396	REDUCE cov: 1508 ft: 6232 corp: 1340/266Kb lim: 4096 exec/s: 11985 rss: 484Mb L: 56/4087 MS: 1 EraseBytes-
#2219682	REDUCE cov: 1508 ft: 6232 corp: 1340/266Kb lim: 4096 exec/s: 11998 rss: 484Mb L: 28/4087 MS: 1 EraseBytes-
#2222264	REDUCE cov: 1508 ft: 6232 corp: 1340/266Kb lim: 4096 exec/s: 12012 rss: 484Mb L: 38/4087 MS: 2 ChangeASCIIInt-EraseBytes-
#2223630	REDUCE cov: 1508 ft: 6232 corp: 1340/266Kb lim: 4096 exec/s: 12019 rss: 484Mb L: 75/4087 MS: 1 EraseBytes-
#2223777	REDUCE cov: 1508 ft: 6232 corp: 1340/266Kb lim: 4096 exec/s: 12020 rss: 484Mb L: 14/4087 MS: 2 EraseBytes-PersAutoDict- DE: "\377\377\377\364"-
#2227594	REDUCE cov: 1508 ft: 6232 corp: 1340/266Kb lim: 4096 exec/s: 11976 rss: 484Mb L: 1008/4087 MS: 1 EraseBytes-
#2229285	REDUCE cov: 1508 ft: 6232 corp: 1340/266Kb lim: 4096 exec/s: 11985 rss: 484Mb L: 761/4087 MS: 1 EraseBytes-
#2230556	REDUCE cov: 1508 ft: 6232 corp: 1340/266Kb lim: 4096 exec/s: 11992 rss: 484Mb L: 16/4087 MS: 1 EraseBytes-
#2230842	REDUCE cov: 1508 ft: 6232 corp: 1340/266Kb lim: 4096 exec/s: 11993 rss: 484Mb L: 209/4087 MS: 1 EraseBytes-
#2230893	REDUCE cov: 1508 ft: 6232 corp: 1340/266Kb lim: 4096 exec/s: 11994 rss: 484Mb L: 62/4087 MS: 1 EraseBytes-
#2231424	REDUCE cov: 1508 ft: 6232 corp: 1340/266Kb lim: 4096 exec/s: 11996 rss: 484Mb L: 3470/4087 MS: 1 EraseBytes-
#2234647	REDUCE cov: 1508 ft: 6232 corp: 1340/266Kb lim: 4096 exec/s: 12014 rss: 484Mb L: 170/4087 MS: 3 ChangeASCIIInt-ShuffleBytes-EraseBytes-
#2234934	REDUCE cov: 1508 ft: 6232 corp: 1340/266Kb lim: 4096 exec/s: 12015 rss: 484Mb L: 146/4087 MS: 2 ChangeByte-EraseBytes-
#2235100	REDUCE cov: 1508 ft: 6232 corp: 1340/266Kb lim: 4096 exec/s: 12016 rss: 484Mb L: 2/4087 MS: 1 EraseBytes-
#2237131	REDUCE cov: 1508 ft: 6232 corp: 1340/266Kb lim: 4096 exec/s: 12027 rss: 484Mb L: 219/4087 MS: 1 EraseBytes-
#2237537	REDUCE cov: 1508 ft: 6232 corp: 1340/266Kb lim: 4096 exec/s: 12029 rss: 484Mb L: 36/4087 MS: 1 EraseBytes-
#2242749	REDUCE cov: 1508 ft: 6232 corp: 1340/266Kb lim: 4096 exec/s: 11993 rss: 484Mb L: 577/4087 MS: 2 ChangeBit-EraseBytes-
#2244235	REDUCE cov: 1508 ft: 6232 corp: 1340/266Kb lim: 4096 exec/s: 12001 rss: 484Mb L: 540/4087 MS: 1 EraseBytes-
#2245774	REDUCE cov: 1508 ft: 6232 corp: 1340/266Kb lim: 4096 exec/s: 12009 rss: 484Mb L: 375/4087 MS: 4 ChangeASCIIInt-InsertRepeatedBytes-ChangeBinInt-EraseBytes-
#2246475	REDUCE cov: 1508 ft: 6232 corp: 1340/266Kb lim: 4096 exec/s: 12013 rss: 484Mb L: 10/4087 MS: 1 EraseBytes-
#2248662	REDUCE cov: 1508 ft: 6232 corp: 1340/266Kb lim: 4096 exec/s: 12024 rss: 484Mb L: 177/4087 MS: 2 InsertByte-EraseBytes-
#2249869	REDUCE cov: 1508 ft: 6232 corp: 1340/266Kb lim: 4096 exec/s: 12031 rss: 484Mb L: 17/4087 MS: 2 EraseBytes-InsertByte-
#2257526	REDUCE cov: 1508 ft: 6232 corp: 1340/266Kb lim: 4096 exec/s: 12008 rss: 484Mb L: 1589/4087 MS: 2 ChangeASCIIInt-EraseBytes-
#2258372	REDUCE cov: 1510 ft: 6234 corp: 1341/266Kb lim: 4096 exec/s: 12012 rss: 484Mb L: 124/4087 MS: 1 InsertRepeatedBytes-
#2258398	REDUCE cov: 1510 ft: 6234 corp: 1341/266Kb lim: 4096 exec/s: 12012 rss: 484Mb L: 336/4087 MS: 1 EraseBytes-
#2259814	REDUCE cov: 1510 ft: 6234 corp: 1341/266Kb lim: 4096 exec/s: 12020 rss: 484Mb L: 26/4087 MS: 1 EraseBytes-
#2260385	REDUCE cov: 1510 ft: 6234 corp: 1341/266Kb lim: 4096 exec/s: 12023 rss: 484Mb L: 78/4087 MS: 1 EraseBytes-
#2261621	REDUCE cov: 1510 ft: 6234 corp: 1341/266Kb lim: 4096 exec/s: 11966 rss: 484Mb L: 77/4087 MS: 1 EraseBytes-
#2262278	REDUCE cov: 1510 ft: 6234 corp: 1341/266Kb lim: 4096 exec/s: 11969 rss: 484Mb L: 3178/4087 MS: 2 ChangeBit-EraseBytes-
#2262479	REDUCE cov: 1510 ft: 6234 corp: 1341/266Kb lim: 4096 exec/s: 11970 rss: 484Mb L: 94/4087 MS: 1 EraseBytes-
#2267950	REDUCE cov: 1510 ft: 6234 corp: 1341/266Kb lim: 4096 exec/s: 11999 rss: 484Mb L: 21/4087 MS: 1 EraseBytes-
#2269921	REDUCE cov: 1510 ft: 6234 corp: 1341/266Kb lim: 4096 exec/s: 12010 rss: 484Mb L: 23/4087 MS: 1 EraseBytes-
#2270077	REDUCE cov: 1510 ft: 6234 corp: 1341/266Kb lim: 4096 exec/s: 12010 rss: 484Mb L: 7/4087 MS: 1 EraseBytes-
#2272214	REDUCE cov: 1510 ft: 6236 corp: 1342/270Kb lim: 4096 exec/s: 12022 rss: 484Mb L: 3877/4087 MS: 2 CopyPart-CopyPart-
#2273501	REDUCE cov: 1511 ft: 6237 corp: 1343/270Kb lim: 4096 exec/s: 11965 rss: 484Mb L: 95/4087 MS: 2 ShuffleBytes-InsertByte-
#2275894	REDUCE cov: 1511 ft: 6237 corp: 1343/270Kb lim: 4096 exec/s: 11978 rss: 484Mb L: 62/4087 MS: 3 InsertByte-EraseBytes-CopyPart-
#2276505	REDUCE cov: 1511 ft: 6237 corp: 1343/270Kb lim: 4096 exec/s: 11981 rss: 484Mb L: 5/4087 MS: 1 EraseBytes-
#2277481	REDUCE cov: 1511 ft: 6237 corp: 1343/270Kb lim: 4096 exec/s: 11986 rss: 484Mb L: 16/4087 MS: 1 EraseBytes-
#2278267	REDUCE cov: 1511 ft: 6237 corp: 1343/270Kb lim: 4096 exec/s: 11990 rss: 484Mb L: 187/4087 MS: 1 EraseBytes-
#2278571	REDUCE cov: 1511 ft: 6237 corp: 1343/270Kb lim: 4096 exec/s: 11992 rss: 484Mb L: 92/4087 MS: 4 PersAutoDict-ChangeByte-InsertByte-EraseBytes- DE: "A\000"-
#2279307	REDUCE cov: 1511 ft: 6237 corp: 1343/270Kb lim: 4096 exec/s: 11996 rss: 484Mb L: 234/4087 MS: 1 EraseBytes-
#2284058	REDUCE cov: 1511 ft: 6237 corp: 1343/270Kb lim: 4096 exec/s: 12021 rss: 484Mb L: 257/4087 MS: 1 EraseBytes-
#2284254	REDUCE cov: 1511 ft: 6237 corp: 1343/270Kb lim: 4096 exec/s: 12022 rss: 484Mb L: 48/4087 MS: 1 EraseBytes-
#2284310	REDUCE cov: 1511 ft: 6237 corp: 1343/270Kb lim: 4096 exec/s: 12022 rss: 484Mb L: 119/4087 MS: 1 CrossOver-
#2288826	REDUCE cov: 1511 ft: 6237 corp: 1343/270Kb lim: 4096 exec/s: 11983 rss: 484Mb L: 106/4087 MS: 1 EraseBytes-
#2288923	REDUCE cov: 1511 ft: 6237 corp: 1343/270Kb lim: 4096 exec/s: 11983 rss: 484Mb L: 129/4087 MS: 2 ShuffleBytes-EraseBytes-
#2289004	REDUCE cov: 1511 ft: 6237 corp: 1343/270Kb lim: 4096 exec/s: 11984 rss: 484Mb L: 32/4087 MS: 1 EraseBytes-
#2291500	REDUCE cov: 1511 ft: 6237 corp: 1343/270Kb lim: 4096 exec/s: 11997 rss: 484Mb L: 397/4087 MS: 1 EraseBytes-
#2294276	REDUCE cov: 1511 ft: 6237 corp: 1343/270Kb lim: 4096 exec/s: 12011 rss: 484Mb L: 178/4087 MS: 1 EraseBytes-
#2295998	REDUCE cov: 1511 ft: 6237 corp: 1343/270Kb lim: 4096 exec/s: 12020 rss: 484Mb L: 67/4087 MS: 2 ChangeBit-EraseBytes-
#2296348	REDUCE cov: 1511 ft: 6237 corp: 1343/270Kb lim: 4096 exec/s: 12022 rss: 484Mb L: 49/4087 MS: 5 CMP-CopyPart-InsertByte-InsertByte-EraseBytes- DE: "<\012\000\000"-
#2299085	REDUCE cov: 1511 ft: 6237 corp: 1343/270Kb lim: 4096 exec/s: 11974 rss: 484Mb L: 18/4087 MS: 2 ChangeBinInt-EraseBytes-
#2304232	REDUCE cov: 1511 ft: 6237 corp: 1343/270Kb lim: 4096 exec/s: 12001 rss: 484Mb L: 24/4087 MS: 2 ChangeASCIIInt-EraseBytes-
#2305434	REDUCE cov: 1511 ft: 6237 corp: 1343/270Kb lim: 4096 exec/s: 12007 rss: 484Mb L: 932/4087 MS: 2 ChangeBinInt-EraseBytes-
#2307645	REDUCE cov: 1511 ft: 6237 corp: 1343/270Kb lim: 4096 exec/s: 12018 rss: 484Mb L: 483/4087 MS: 1 EraseBytes-
#2309018	REDUCE cov: 1511 ft: 6237 corp: 1343/270Kb lim: 4096 exec/s: 11963 rss: 484Mb L: 409/4087 MS: 3 CMP-CrossOver-EraseBytes- DE: "message"-
#2309049	REDUCE cov: 1511 ft: 6237 corp: 1343/270Kb lim: 4096 exec/s: 11963 rss: 484Mb L: 100/4087 MS: 1 EraseBytes-
#2309315	REDUCE cov: 1511 ft: 6237 corp: 1343/269Kb lim: 4096 exec/s: 11965 rss: 484Mb L: 29/4087 MS: 1 EraseBytes-
#2313482	REDUCE cov: 1511 ft: 6237 corp: 1343/269Kb lim: 4096 exec/s: 11986 rss: 484Mb L: 187/4087 MS: 2 CrossOver-EraseBytes-
#2315263	REDUCE cov: 1511 ft: 6237 corp: 1343/269Kb lim: 4096 exec/s: 11996 rss: 484Mb L: 27/4087 MS: 1 EraseBytes-
#2317439	REDUCE cov: 1511 ft: 6237 corp: 1343/269Kb lim: 4096 exec/s: 11945 rss: 484Mb L: 82/4087 MS: 1 EraseBytes-
#2317480	REDUCE cov: 1511 ft: 6237 corp: 1343/269Kb lim: 4096 exec/s: 11945 rss: 484Mb L: 21/4087 MS: 1 EraseBytes-
#2319712	REDUCE cov: 1511 ft: 6237 corp: 1343/269Kb lim: 4096 exec/s: 11957 rss: 484Mb L: 9/4087 MS: 2 ChangeBinInt-EraseBytes-
#2322913	REDUCE cov: 1511 ft: 6237 corp: 1343/269Kb lim: 4096 exec/s: 11973 rss: 484Mb L: 21/4087 MS: 1 EraseBytes-
#2324960	REDUCE cov: 1511 ft: 6237 corp: 1343/269Kb lim: 4096 exec/s: 11984 rss: 484Mb L: 18/4087 MS: 2 ShuffleBytes-EraseBytes-
#2325311	REDUCE cov: 1511 ft: 6237 corp: 1343/269Kb lim: 4096 exec/s: 11986 rss: 484Mb L: 34/4087 MS: 1 EraseBytes-
#2325583	REDUCE cov: 1511 ft: 6237 corp: 1343/269Kb lim: 4096 exec/s: 11987 rss: 484Mb L: 734/4087 MS: 2 CrossOver-EraseBytes-
#2326879	REDUCE cov: 1511 ft: 6237 corp: 1343/269Kb lim: 4096 exec/s: 11994 rss: 484Mb L: 16/4087 MS: 1 EraseBytes-
#2328412	REDUCE cov: 1511 ft: 6237 corp: 1343/269Kb lim: 4096 exec/s: 11940 rss: 484Mb L: 44/4087 MS: 3 ShuffleBytes-CopyPart-EraseBytes-
#2330203	REDUCE cov: 1511 ft: 6237 corp: 1343/269Kb lim: 4096 exec/s: 11949 rss: 484Mb L: 7/4087 MS: 1 EraseBytes-
#2331294	REDUCE cov: 1511 ft: 6237 corp: 1343/269Kb lim: 4096 exec/s: 11955 rss: 484Mb L: 10/4087 MS: 1 EraseBytes-
#2331846	REDUCE cov: 1511 ft: 6237 corp: 1343/269Kb lim: 4096 exec/s: 11958 rss: 484Mb L: 654/4087 MS: 2 ShuffleBytes-EraseBytes-
#2332822	REDUCE cov: 1511 ft: 6237 corp: 1343/269Kb lim: 4096 exec/s: 11963 rss: 484Mb L: 21/4087 MS: 1 EraseBytes-
#2332944	REDUCE cov: 1511 ft: 6237 corp: 1343/269Kb lim: 4096 exec/s: 11963 rss: 484Mb L: 117/4087 MS: 2 InsertByte-EraseBytes-
#2333360	REDUCE cov: 1511 ft: 6237 corp: 1343/269Kb lim: 4096 exec/s: 11965 rss: 484Mb L: 599/4087 MS: 1 EraseBytes-
#2335707	REDUCE cov: 1511 ft: 6237 corp: 1343/269Kb lim: 4096 exec/s: 11977 rss: 484Mb L: 137/4087 MS: 2 ShuffleBytes-EraseBytes-
#2338633	REDUCE cov: 1511 ft: 6237 corp: 1343/269Kb lim: 4096 exec/s: 11992 rss: 484Mb L: 29/4087 MS: 1 EraseBytes-
#2338784	REDUCE cov: 1511 ft: 6237 corp: 1343/269Kb lim: 4096 exec/s: 11993 rss: 484Mb L: 392/4087 MS: 1 EraseBytes-
#2341850	REDUCE cov: 1511 ft: 6237 corp: 1343/269Kb lim: 4096 exec/s: 11948 rss: 484Mb L: 983/4087 MS: 1 EraseBytes-
#2342197	REDUCE cov: 1511 ft: 6237 corp: 1343/269Kb lim: 4096 exec/s: 11949 rss: 484Mb L: 134/4087 MS: 2 CopyPart-EraseBytes-
#2342363	REDUCE cov: 1511 ft: 6237 corp: 1343/269Kb lim: 4096 exec/s: 11950 rss: 484Mb L: 81/4087 MS: 1 EraseBytes-
#2342984	REDUCE cov: 1511 ft: 6237 corp: 1343/269Kb lim: 4096 exec/s: 11954 rss: 484Mb L: 103/4087 MS: 1 EraseBytes-
#2344040	REDUCE cov: 1511 ft: 6237 corp: 1343/269Kb lim: 4096 exec/s: 11959 rss: 484Mb L: 92/4087 MS: 1 EraseBytes-
#2347751	REDUCE cov: 1511 ft: 6237 corp: 1343/269Kb lim: 4096 exec/s: 11978 rss: 484Mb L: 41/4087 MS: 1 EraseBytes-
#2349132	REDUCE cov: 1511 ft: 6237 corp: 1343/269Kb lim: 4096 exec/s: 11985 rss: 484Mb L: 13/4087 MS: 1 EraseBytes-
#2349449	REDUCE cov: 1511 ft: 6237 corp: 1343/269Kb lim: 4096 exec/s: 11986 rss: 484Mb L: 2858/4087 MS: 2 ChangeBinInt-EraseBytes-
#2349830	REDUCE cov: 1511 ft: 6237 corp: 1343/269Kb lim: 4096 exec/s: 11988 rss: 484Mb L: 8/4087 MS: 1 EraseBytes-
#2349979	REDUCE cov: 1511 ft: 6237 corp: 1343/269Kb lim: 4096 exec/s: 11989 rss: 484Mb L: 22/4087 MS: 4 CopyPart-PersAutoDict-ChangeBit-EraseBytes- DE: "code"-
#2351155	REDUCE cov: 1511 ft: 6237 corp: 1343/269Kb lim: 4096 exec/s: 11995 rss: 484Mb L: 31/4087 MS: 1 EraseBytes-
#2351446	REDUCE cov: 1511 ft: 6237 corp: 1343/269Kb lim: 4096 exec/s: 11997 rss: 484Mb L: 35/4087 MS: 1 EraseBytes-
#2353762	REDUCE cov: 1511 ft: 6237 corp: 1343/269Kb lim: 4096 exec/s: 11948 rss: 484Mb L: 8/4087 MS: 1 EraseBytes-
#2353828	REDUCE cov: 1511 ft: 6237 corp: 1343/269Kb lim: 4096 exec/s: 11948 rss: 484Mb L: 50/4087 MS: 1 EraseBytes-
#2355385	REDUCE cov: 1511 ft: 6237 corp: 1343/269Kb lim: 4096 exec/s: 11956 rss: 484Mb L: 97/4087 MS: 2 EraseBytes-CopyPart-
#2356266	REDUCE cov: 1511 ft: 6237 corp: 1343/269Kb lim: 4096 exec/s: 11960 rss: 484Mb L: 15/4087 MS: 1 EraseBytes-
#2357179	REDUCE cov: 1511 ft: 6237 corp: 1343/269Kb lim: 4096 exec/s: 11965 rss: 484Mb L: 1182/4087 MS: 3 ChangeBinInt-ShuffleBytes-EraseBytes-
#2357185	REDUCE cov: 1511 ft: 6237 corp: 1343/269Kb lim: 4096 exec/s: 11965 rss: 484Mb L: 22/4087 MS: 1 EraseBytes-
#2357597	REDUCE cov: 1511 ft: 6237 corp: 1343/269Kb lim: 4096 exec/s: 11967 rss: 484Mb L: 225/4087 MS: 2 ShuffleBytes-EraseBytes-
#2359260	REDUCE cov: 1511 ft: 6237 corp: 1343/269Kb lim: 4096 exec/s: 11975 rss: 484Mb L: 9/4087 MS: 3 CMP-CrossOver-EraseBytes- DE: "\357\277\275#\357\277\275."-
#2359961	REDUCE cov: 1511 ft: 6237 corp: 1343/269Kb lim: 4096 exec/s: 11979 rss: 484Mb L: 226/4087 MS: 1 EraseBytes-
#2359977	REDUCE cov: 1511 ft: 6237 corp: 1343/269Kb lim: 4096 exec/s: 11979 rss: 484Mb L: 41/4087 MS: 1 EraseBytes-
#2362763	REDUCE cov: 1511 ft: 6237 corp: 1343/269Kb lim: 4096 exec/s: 11993 rss: 484Mb L: 13/4087 MS: 1 EraseBytes-
#2363745	REDUCE cov: 1511 ft: 6237 corp: 1343/269Kb lim: 4096 exec/s: 11998 rss: 484Mb L: 118/4087 MS: 2 ChangeASCIIInt-EraseBytes-
#2363936	REDUCE cov: 1511 ft: 6237 corp: 1343/269Kb lim: 4096 exec/s: 11999 rss: 484Mb L: 82/4087 MS: 1 EraseBytes-
#2364055	REDUCE cov: 1511 ft: 6237 corp: 1343/269Kb lim: 4096 exec/s: 12000 rss: 484Mb L: 321/4087 MS: 4 ChangeASCIIInt-EraseBytes-ChangeBit-ChangeByte-
#2365201	REDUCE cov: 1511 ft: 6237 corp: 1343/269Kb lim: 4096 exec/s: 12006 rss: 484Mb L: 15/4087 MS: 1 EraseBytes-
#2365257	REDUCE cov: 1511 ft: 6237 corp: 1343/269Kb lim: 4096 exec/s: 12006 rss: 484Mb L: 279/4087 MS: 1 EraseBytes-
#2366988	REDUCE cov: 1511 ft: 6237 corp: 1343/269Kb lim: 4096 exec/s: 11954 rss: 484Mb L: 854/4087 MS: 1 EraseBytes-
#2367859	REDUCE cov: 1511 ft: 6237 corp: 1343/269Kb lim: 4096 exec/s: 11958 rss: 484Mb L: 46/4087 MS: 1 EraseBytes-
#2368460	REDUCE cov: 1511 ft: 6237 corp: 1343/269Kb lim: 4096 exec/s: 11961 rss: 484Mb L: 18/4087 MS: 1 EraseBytes-
#2369341	REDUCE cov: 1511 ft: 6237 corp: 1343/269Kb lim: 4096 exec/s: 11966 rss: 484Mb L: 161/4087 MS: 1 EraseBytes-
#2372937	REDUCE cov: 1511 ft: 6237 corp: 1343/269Kb lim: 4096 exec/s: 11984 rss: 484Mb L: 357/4087 MS: 1 EraseBytes-
#2373999	REDUCE cov: 1511 ft: 6237 corp: 1343/269Kb lim: 4096 exec/s: 11989 rss: 484Mb L: 13/4087 MS: 2 PersAutoDict-EraseBytes- DE: "\377\377\377-"-
#2375055	REDUCE cov: 1511 ft: 6237 corp: 1343/269Kb lim: 4096 exec/s: 11995 rss: 484Mb L: 640/4087 MS: 1 EraseBytes-
#2379413	REDUCE cov: 1511 ft: 6237 corp: 1343/269Kb lim: 4096 exec/s: 12017 rss: 484Mb L: 75/4087 MS: 3 ChangeASCIIInt-EraseBytes-CopyPart-
#2379612	REDUCE cov: 1511 ft: 6237 corp: 1343/269Kb lim: 4096 exec/s: 12018 rss: 484Mb L: 1320/4087 MS: 4 CopyPart-ChangeASCIIInt-CopyPart-EraseBytes-
#2379773	REDUCE cov: 1511 ft: 6237 corp: 1343/268Kb lim: 4096 exec/s: 11958 rss: 484Mb L: 3663/4087 MS: 1 EraseBytes-
#2380159	REDUCE cov: 1511 ft: 6237 corp: 1343/268Kb lim: 4096 exec/s: 11960 rss: 484Mb L: 7/4087 MS: 1 EraseBytes-
#2381030	REDUCE cov: 1511 ft: 6237 corp: 1343/268Kb lim: 4096 exec/s: 11964 rss: 484Mb L: 984/4087 MS: 1 EraseBytes-
#2382006	REDUCE cov: 1511 ft: 6237 corp: 1343/268Kb lim: 4096 exec/s: 11969 rss: 484Mb L: 139/4087 MS: 1 EraseBytes-
#2383297	REDUCE cov: 1511 ft: 6237 corp: 1343/268Kb lim: 4096 exec/s: 11976 rss: 484Mb L: 8/4087 MS: 1 EraseBytes-
#2386378	REDUCE cov: 1511 ft: 6237 corp: 1343/268Kb lim: 4096 exec/s: 11991 rss: 484Mb L: 27/4087 MS: 1 EraseBytes-
#2387669	REDUCE cov: 1511 ft: 6237 corp: 1343/268Kb lim: 4096 exec/s: 11998 rss: 484Mb L: 106/4087 MS: 1 EraseBytes-
#2388440	REDUCE cov: 1511 ft: 6237 corp: 1343/268Kb lim: 4096 exec/s: 12002 rss: 484Mb L: 397/4087 MS: 1 EraseBytes-
#2389726	REDUCE cov: 1511 ft: 6237 corp: 1343/268Kb lim: 4096 exec/s: 12008 rss: 484Mb L: 14/4087 MS: 1 EraseBytes-
#2394308	REDUCE cov: 1511 ft: 6237 corp: 1343/268Kb lim: 4096 exec/s: 11971 rss: 484Mb L: 160/4087 MS: 2 ShuffleBytes-EraseBytes-
#2396594	REDUCE cov: 1511 ft: 6237 corp: 1343/268Kb lim: 4096 exec/s: 11982 rss: 484Mb L: 9/4087 MS: 1 EraseBytes-
#2397185	REDUCE cov: 1511 ft: 6237 corp: 1343/268Kb lim: 4096 exec/s: 11985 rss: 484Mb L: 129/4087 MS: 1 EraseBytes-
#2402152	REDUCE cov: 1511 ft: 6237 corp: 1343/268Kb lim: 4096 exec/s: 12010 rss: 484Mb L: 129/4087 MS: 2 ChangeByte-EraseBytes-
#2403025	REDUCE cov: 1511 ft: 6237 corp: 1343/268Kb lim: 4096 exec/s: 12015 rss: 484Mb L: 132/4087 MS: 3 ChangeBit-ChangeBinInt-EraseBytes-
#2403902	REDUCE cov: 1511 ft: 6237 corp: 1343/268Kb lim: 4096 exec/s: 12019 rss: 484Mb L: 1238/4087 MS: 2 CrossOver-EraseBytes-
#2406153	REDUCE cov: 1511 ft: 6237 corp: 1343/268Kb lim: 4096 exec/s: 11970 rss: 484Mb L: 204/4087 MS: 1 EraseBytes-
#2411024	REDUCE cov: 1511 ft: 6237 corp: 1343/268Kb lim: 4096 exec/s: 11995 rss: 484Mb L: 159/4087 MS: 1 EraseBytes-
#2411480	REDUCE cov: 1511 ft: 6237 corp: 1343/268Kb lim: 4096 exec/s: 11997 rss: 484Mb L: 40/4087 MS: 1 EraseBytes-
#2411552	REDUCE cov: 1511 ft: 6237 corp: 1343/268Kb lim: 4096 exec/s: 11997 rss: 484Mb L: 434/4087 MS: 2 CopyPart-EraseBytes-
#2412084	REDUCE cov: 1511 ft: 6237 corp: 1343/268Kb lim: 4096 exec/s: 12000 rss: 484Mb L: 53/4087 MS: 2 ChangeByte-EraseBytes-
#2413162	REDUCE cov: 1511 ft: 6237 corp: 1343/268Kb lim: 4096 exec/s: 12005 rss: 484Mb L: 79/4087 MS: 3 EraseBytes-ChangeByte-ChangeBit-
#2413918	REDUCE cov: 1511 ft: 6237 corp: 1343/268Kb lim: 4096 exec/s: 12009 rss: 484Mb L: 705/4087 MS: 1 EraseBytes-
#2415554	REDUCE cov: 1512 ft: 6238 corp: 1344/268Kb lim: 4096 exec/s: 12017 rss: 484Mb L: 7/4087 MS: 1 ChangeBinInt-
#2422030	REDUCE cov: 1512 ft: 6238 corp: 1344/268Kb lim: 4096 exec/s: 11990 rss: 484Mb L: 42/4087 MS: 1 EraseBytes-
#2426591	REDUCE cov: 1512 ft: 6238 corp: 1344/268Kb lim: 4096 exec/s: 12012 rss: 484Mb L: 39/4087 MS: 1 EraseBytes-
#2435282	REDUCE cov: 1512 ft: 6238 corp: 1344/268Kb lim: 4096 exec/s: 11996 rss: 484Mb L: 163/4087 MS: 1 EraseBytes-
#2435928	REDUCE cov: 1512 ft: 6238 corp: 1344/268Kb lim: 4096 exec/s: 11999 rss: 484Mb L: 183/4087 MS: 1 EraseBytes-
#2436324	REDUCE cov: 1512 ft: 6238 corp: 1344/268Kb lim: 4096 exec/s: 12001 rss: 484Mb L: 1133/4087 MS: 1 EraseBytes-
#2437853	REDUCE cov: 1512 ft: 6238 corp: 1344/268Kb lim: 4096 exec/s: 12009 rss: 484Mb L: 118/4087 MS: 4 ChangeBit-CopyPart-ChangeBit-EraseBytes-
#2438114	REDUCE cov: 1512 ft: 6238 corp: 1344/268Kb lim: 4096 exec/s: 12010 rss: 484Mb L: 6/4087 MS: 1 EraseBytes-
#2438130	REDUCE cov: 1512 ft: 6238 corp: 1344/268Kb lim: 4096 exec/s: 12010 rss: 484Mb L: 23/4087 MS: 1 EraseBytes-
#2440481	REDUCE cov: 1512 ft: 6238 corp: 1344/268Kb lim: 4096 exec/s: 12022 rss: 484Mb L: 35/4087 MS: 1 EraseBytes-
#2442753	REDUCE cov: 1512 ft: 6238 corp: 1344/268Kb lim: 4096 exec/s: 12033 rss: 484Mb L: 3508/4087 MS: 2 ChangeASCIIInt-EraseBytes-
#2443379	REDUCE cov: 1512 ft: 6238 corp: 1344/268Kb lim: 4096 exec/s: 12036 rss: 484Mb L: 111/4087 MS: 1 EraseBytes-
#2443415	REDUCE cov: 1512 ft: 6238 corp: 1344/268Kb lim: 4096 exec/s: 12036 rss: 484Mb L: 934/4087 MS: 1 EraseBytes-
#2444106	REDUCE cov: 1512 ft: 6238 corp: 1344/268Kb lim: 4096 exec/s: 11980 rss: 484Mb L: 938/4087 MS: 1 EraseBytes-
#2444254	REDUCE cov: 1512 ft: 6238 corp: 1344/268Kb lim: 4096 exec/s: 11981 rss: 484Mb L: 195/4087 MS: 3 ChangeASCIIInt-ChangeByte-EraseBytes-
#2444491	REDUCE cov: 1512 ft: 6238 corp: 1344/268Kb lim: 4096 exec/s: 11982 rss: 484Mb L: 27/4087 MS: 2 EraseBytes-ChangeBinInt-
#2447603	REDUCE cov: 1512 ft: 6238 corp: 1344/268Kb lim: 4096 exec/s: 11998 rss: 484Mb L: 603/4087 MS: 1 EraseBytes-
#2453559	REDUCE cov: 1512 ft: 6238 corp: 1344/268Kb lim: 4096 exec/s: 12027 rss: 484Mb L: 15/4087 MS: 1 EraseBytes-
#2456545	REDUCE cov: 1512 ft: 6238 corp: 1344/268Kb lim: 4096 exec/s: 12041 rss: 484Mb L: 18/4087 MS: 1 EraseBytes-
#2457891	REDUCE cov: 1512 ft: 6238 corp: 1344/268Kb lim: 4096 exec/s: 11989 rss: 484Mb L: 388/4087 MS: 1 EraseBytes-
#2465402	REDUCE cov: 1512 ft: 6238 corp: 1344/268Kb lim: 4096 exec/s: 12026 rss: 484Mb L: 20/4087 MS: 1 EraseBytes-
#2467293	REDUCE cov: 1512 ft: 6238 corp: 1344/268Kb lim: 4096 exec/s: 12035 rss: 484Mb L: 7/4087 MS: 1 EraseBytes-
#2468034	REDUCE cov: 1512 ft: 6238 corp: 1344/268Kb lim: 4096 exec/s: 12039 rss: 484Mb L: 105/4087 MS: 1 EraseBytes-
#2468495	REDUCE cov: 1512 ft: 6238 corp: 1344/268Kb lim: 4096 exec/s: 12041 rss: 484Mb L: 13/4087 MS: 1 EraseBytes-
#2471931	REDUCE cov: 1512 ft: 6238 corp: 1344/268Kb lim: 4096 exec/s: 11999 rss: 484Mb L: 28/4087 MS: 1 EraseBytes-
#2476027	REDUCE cov: 1512 ft: 6238 corp: 1344/268Kb lim: 4096 exec/s: 12019 rss: 484Mb L: 42/4087 MS: 1 EraseBytes-
#2477866	REDUCE cov: 1512 ft: 6238 corp: 1344/268Kb lim: 4096 exec/s: 12028 rss: 484Mb L: 34/4087 MS: 4 ShuffleBytes-InsertRepeatedBytes-ChangeBit-EraseBytes-
#2478074	REDUCE cov: 1512 ft: 6238 corp: 1344/268Kb lim: 4096 exec/s: 12029 rss: 484Mb L: 28/4087 MS: 3 InsertByte-ChangeASCIIInt-EraseBytes-
#2479266	REDUCE cov: 1512 ft: 6238 corp: 1344/268Kb lim: 4096 exec/s: 12035 rss: 484Mb L: 133/4087 MS: 2 ChangeBit-EraseBytes-
#2481028	REDUCE cov: 1512 ft: 6238 corp: 1344/268Kb lim: 4096 exec/s: 12043 rss: 484Mb L: 21/4087 MS: 2 ChangeBit-EraseBytes-
#2483434	REDUCE cov: 1512 ft: 6238 corp: 1344/268Kb lim: 4096 exec/s: 11997 rss: 484Mb L: 67/4087 MS: 1 EraseBytes-
#2484070	REDUCE cov: 1512 ft: 6238 corp: 1344/268Kb lim: 4096 exec/s: 12000 rss: 484Mb L: 32/4087 MS: 1 EraseBytes-
#2484513	REDUCE cov: 1512 ft: 6238 corp: 1344/268Kb lim: 4096 exec/s: 12002 rss: 484Mb L: 238/4087 MS: 3 ShuffleBytes-ShuffleBytes-EraseBytes-
#2487484	REDUCE cov: 1512 ft: 6238 corp: 1344/267Kb lim: 4096 exec/s: 12016 rss: 484Mb L: 2144/4087 MS: 1 EraseBytes-
#2489656	REDUCE cov: 1512 ft: 6241 corp: 1345/267Kb lim: 4096 exec/s: 12027 rss: 484Mb L: 40/4087 MS: 2 EraseBytes-EraseBytes-
#2491762	REDUCE cov: 1512 ft: 6241 corp: 1345/267Kb lim: 4096 exec/s: 12037 rss: 484Mb L: 77/4087 MS: 1 EraseBytes-
#2493783	REDUCE cov: 1512 ft: 6241 corp: 1345/267Kb lim: 4096 exec/s: 12047 rss: 484Mb L: 1916/4087 MS: 1 EraseBytes-
#2494160	REDUCE cov: 1512 ft: 6241 corp: 1345/267Kb lim: 4096 exec/s: 12049 rss: 484Mb L: 37/4087 MS: 2 ChangeASCIIInt-EraseBytes-
#2494941	REDUCE cov: 1512 ft: 6241 corp: 1345/267Kb lim: 4096 exec/s: 12052 rss: 484Mb L: 313/4087 MS: 1 EraseBytes-
#2495047	REDUCE cov: 1521 ft: 6250 corp: 1346/267Kb lim: 4096 exec/s: 12053 rss: 484Mb L: 4/4087 MS: 1 EraseBytes-
#2495708	REDUCE cov: 1521 ft: 6250 corp: 1346/267Kb lim: 4096 exec/s: 12056 rss: 484Mb L: 1493/4087 MS: 1 EraseBytes-
#2499059	REDUCE cov: 1521 ft: 6250 corp: 1346/267Kb lim: 4096 exec/s: 12014 rss: 484Mb L: 44/4087 MS: 1 EraseBytes-
#2499792	REDUCE cov: 1521 ft: 6250 corp: 1346/267Kb lim: 4096 exec/s: 12018 rss: 484Mb L: 55/4087 MS: 3 CrossOver-ChangeByte-EraseBytes-
#2502968	REDUCE cov: 1521 ft: 6250 corp: 1346/267Kb lim: 4096 exec/s: 12033 rss: 484Mb L: 51/4087 MS: 1 EraseBytes-
#2503289	REDUCE cov: 1521 ft: 6250 corp: 1346/267Kb lim: 4096 exec/s: 12035 rss: 484Mb L: 350/4087 MS: 1 EraseBytes-
#2503905	REDUCE cov: 1521 ft: 6250 corp: 1346/267Kb lim: 4096 exec/s: 12038 rss: 484Mb L: 7/4087 MS: 1 EraseBytes-
#2506246	REDUCE cov: 1521 ft: 6250 corp: 1346/267Kb lim: 4096 exec/s: 12049 rss: 484Mb L: 241/4087 MS: 1 EraseBytes-
#2509787	REDUCE cov: 1521 ft: 6250 corp: 1346/267Kb lim: 4096 exec/s: 12066 rss: 484Mb L: 185/4087 MS: 1 EraseBytes-
#2511238	REDUCE cov: 1521 ft: 6250 corp: 1346/267Kb lim: 4096 exec/s: 12015 rss: 484Mb L: 12/4087 MS: 1 EraseBytes-
#2511954	REDUCE cov: 1521 ft: 6250 corp: 1346/267Kb lim: 4096 exec/s: 12018 rss: 484Mb L: 467/4087 MS: 1 EraseBytes-
#2514340	REDUCE cov: 1521 ft: 6250 corp: 1346/267Kb lim: 4096 exec/s: 12030 rss: 484Mb L: 1928/4087 MS: 1 EraseBytes-
#2515681	REDUCE cov: 1521 ft: 6250 corp: 1346/267Kb lim: 4096 exec/s: 12036 rss: 484Mb L: 1437/4087 MS: 1 EraseBytes-
#2516782	REDUCE cov: 1521 ft: 6250 corp: 1346/267Kb lim: 4096 exec/s: 12042 rss: 484Mb L: 1435/4087 MS: 1 EraseBytes-
#2516965	REDUCE cov: 1521 ft: 6250 corp: 1346/267Kb lim: 4096 exec/s: 12042 rss: 484Mb L: 73/4087 MS: 3 ChangeBit-CopyPart-EraseBytes-
#2519111	REDUCE cov: 1521 ft: 6252 corp: 1347/267Kb lim: 4096 exec/s: 12053 rss: 484Mb L: 376/4087 MS: 1 InsertByte-
#2519442	REDUCE cov: 1521 ft: 6252 corp: 1347/267Kb lim: 4096 exec/s: 12054 rss: 484Mb L: 12/4087 MS: 1 EraseBytes-
#2519648	REDUCE cov: 1521 ft: 6252 corp: 1347/267Kb lim: 4096 exec/s: 12055 rss: 484Mb L: 27/4087 MS: 1 EraseBytes-
#2520389	REDUCE cov: 1521 ft: 6252 corp: 1347/267Kb lim: 4096 exec/s: 12059 rss: 484Mb L: 106/4087 MS: 1 EraseBytes-
#2520915	REDUCE cov: 1521 ft: 6252 corp: 1347/267Kb lim: 4096 exec/s: 12061 rss: 484Mb L: 246/4087 MS: 1 EraseBytes-
#2521041	REDUCE cov: 1521 ft: 6252 corp: 1347/267Kb lim: 4096 exec/s: 12062 rss: 484Mb L: 28/4087 MS: 1 EraseBytes-
#2521602	REDUCE cov: 1521 ft: 6252 corp: 1347/267Kb lim: 4096 exec/s: 12065 rss: 484Mb L: 80/4087 MS: 1 EraseBytes-
#2522813	REDUCE cov: 1521 ft: 6252 corp: 1347/267Kb lim: 4096 exec/s: 12013 rss: 484Mb L: 153/4087 MS: 1 EraseBytes-
#2524704	REDUCE cov: 1521 ft: 6252 corp: 1347/267Kb lim: 4096 exec/s: 12022 rss: 484Mb L: 131/4087 MS: 1 EraseBytes-
#2526530	REDUCE cov: 1521 ft: 6252 corp: 1347/267Kb lim: 4096 exec/s: 12031 rss: 484Mb L: 71/4087 MS: 1 EraseBytes-
#2526861	REDUCE cov: 1521 ft: 6252 corp: 1347/267Kb lim: 4096 exec/s: 12032 rss: 484Mb L: 111/4087 MS: 1 EraseBytes-
#2527257	REDUCE cov: 1521 ft: 6252 corp: 1347/267Kb lim: 4096 exec/s: 12034 rss: 484Mb L: 330/4087 MS: 1 EraseBytes-
#2527748	REDUCE cov: 1521 ft: 6252 corp: 1347/267Kb lim: 4096 exec/s: 12036 rss: 484Mb L: 157/4087 MS: 1 EraseBytes-
#2528449	REDUCE cov: 1521 ft: 6252 corp: 1347/267Kb lim: 4096 exec/s: 12040 rss: 484Mb L: 3655/4087 MS: 1 EraseBytes-
#2530760	REDUCE cov: 1521 ft: 6252 corp: 1347/267Kb lim: 4096 exec/s: 12051 rss: 484Mb L: 26/4087 MS: 1 EraseBytes-
#2530981	REDUCE cov: 1521 ft: 6252 corp: 1347/267Kb lim: 4096 exec/s: 12052 rss: 484Mb L: 98/4087 MS: 1 EraseBytes-
#2531932	REDUCE cov: 1521 ft: 6252 corp: 1347/267Kb lim: 4096 exec/s: 12056 rss: 484Mb L: 43/4087 MS: 1 EraseBytes-
#2532138	REDUCE cov: 1521 ft: 6252 corp: 1347/267Kb lim: 4096 exec/s: 12057 rss: 484Mb L: 50/4087 MS: 1 EraseBytes-
#2534489	REDUCE cov: 1521 ft: 6252 corp: 1347/267Kb lim: 4096 exec/s: 12011 rss: 484Mb L: 1889/4087 MS: 1 EraseBytes-
#2535260	REDUCE cov: 1521 ft: 6252 corp: 1347/267Kb lim: 4096 exec/s: 12015 rss: 484Mb L: 459/4087 MS: 1 EraseBytes-
#2536916	REDUCE cov: 1521 ft: 6252 corp: 1347/267Kb lim: 4096 exec/s: 12023 rss: 484Mb L: 51/4087 MS: 1 EraseBytes-
#2537796	REDUCE cov: 1521 ft: 6252 corp: 1347/267Kb lim: 4096 exec/s: 12027 rss: 484Mb L: 775/4087 MS: 5 ChangeASCIIInt-InsertByte-ChangeByte-ChangeBit-EraseBytes-
#2538062	REDUCE cov: 1521 ft: 6252 corp: 1347/267Kb lim: 4096 exec/s: 12028 rss: 484Mb L: 2068/4087 MS: 1 EraseBytes-
#2538274	REDUCE cov: 1521 ft: 6252 corp: 1347/267Kb lim: 4096 exec/s: 12029 rss: 484Mb L: 445/4087 MS: 2 ShuffleBytes-EraseBytes-
#2540056	REDUCE cov: 1521 ft: 6252 corp: 1347/267Kb lim: 4096 exec/s: 12038 rss: 484Mb L: 804/4087 MS: 2 CopyPart-EraseBytes-
#2542363	REDUCE cov: 1521 ft: 6252 corp: 1347/267Kb lim: 4096 exec/s: 12049 rss: 484Mb L: 22/4087 MS: 2 ChangeBit-EraseBytes-
#2543179	REDUCE cov: 1521 ft: 6252 corp: 1347/267Kb lim: 4096 exec/s: 12052 rss: 484Mb L: 40/4087 MS: 1 EraseBytes-
#2544175	REDUCE cov: 1521 ft: 6252 corp: 1347/267Kb lim: 4096 exec/s: 12057 rss: 484Mb L: 24/4087 MS: 1 EraseBytes-
#2544254	REDUCE cov: 1521 ft: 6252 corp: 1347/267Kb lim: 4096 exec/s: 12058 rss: 484Mb L: 1662/4087 MS: 4 ChangeBit-PersAutoDict-CopyPart-EraseBytes- DE: "\0015"-
#2545411	REDUCE cov: 1521 ft: 6252 corp: 1347/267Kb lim: 4096 exec/s: 12006 rss: 484Mb L: 85/4087 MS: 2 ShuffleBytes-EraseBytes-
#2546478	REDUCE cov: 1521 ft: 6252 corp: 1347/267Kb lim: 4096 exec/s: 12011 rss: 484Mb L: 50/4087 MS: 2 ChangeASCIIInt-EraseBytes-
#2548179	REDUCE cov: 1521 ft: 6252 corp: 1347/267Kb lim: 4096 exec/s: 12019 rss: 484Mb L: 1780/4087 MS: 1 EraseBytes-
#2548420	REDUCE cov: 1521 ft: 6252 corp: 1347/267Kb lim: 4096 exec/s: 12020 rss: 484Mb L: 24/4087 MS: 1 EraseBytes-
#2549142	REDUCE cov: 1521 ft: 6252 corp: 1347/267Kb lim: 4096 exec/s: 12024 rss: 484Mb L: 201/4087 MS: 1 EraseBytes-
#2551003	REDUCE cov: 1521 ft: 6252 corp: 1347/267Kb lim: 4096 exec/s: 12033 rss: 484Mb L: 25/4087 MS: 1 EraseBytes-
#2552219	REDUCE cov: 1521 ft: 6252 corp: 1347/267Kb lim: 4096 exec/s: 12038 rss: 484Mb L: 27/4087 MS: 1 EraseBytes-
#2552645	REDUCE cov: 1521 ft: 6252 corp: 1347/267Kb lim: 4096 exec/s: 12040 rss: 484Mb L: 40/4087 MS: 1 EraseBytes-
#2553766	REDUCE cov: 1521 ft: 6252 corp: 1347/267Kb lim: 4096 exec/s: 12046 rss: 484Mb L: 107/4087 MS: 1 EraseBytes-
#2555342	REDUCE cov: 1521 ft: 6252 corp: 1347/267Kb lim: 4096 exec/s: 12053 rss: 484Mb L: 4/4087 MS: 1 EraseBytes-
#2557288	REDUCE cov: 1521 ft: 6252 corp: 1347/267Kb lim: 4096 exec/s: 12006 rss: 484Mb L: 102/4087 MS: 1 EraseBytes-
#2557870	REDUCE cov: 1521 ft: 6252 corp: 1347/267Kb lim: 4096 exec/s: 12008 rss: 484Mb L: 26/4087 MS: 2 ChangeByte-EraseBytes-
#2562136	REDUCE cov: 1521 ft: 6252 corp: 1347/267Kb lim: 4096 exec/s: 12028 rss: 484Mb L: 45/4087 MS: 1 EraseBytes-
#2562362	REDUCE cov: 1521 ft: 6252 corp: 1347/267Kb lim: 4096 exec/s: 12029 rss: 484Mb L: 5/4087 MS: 1 EraseBytes-
#2562563	REDUCE cov: 1521 ft: 6252 corp: 1347/267Kb lim: 4096 exec/s: 12030 rss: 484Mb L: 1297/4087 MS: 1 EraseBytes-
#2563219	REDUCE cov: 1521 ft: 6252 corp: 1347/267Kb lim: 4096 exec/s: 12033 rss: 484Mb L: 1374/4087 MS: 1 EraseBytes-
#2565171	REDUCE cov: 1521 ft: 6252 corp: 1347/267Kb lim: 4096 exec/s: 12043 rss: 484Mb L: 18/4087 MS: 2 ShuffleBytes-EraseBytes-
#2567107	REDUCE cov: 1521 ft: 6252 corp: 1347/267Kb lim: 4096 exec/s: 12052 rss: 484Mb L: 107/4087 MS: 1 EraseBytes-
#2567529	REDUCE cov: 1521 ft: 6252 corp: 1347/266Kb lim: 4096 exec/s: 12054 rss: 484Mb L: 156/4087 MS: 2 ChangeByte-EraseBytes-
#2567676	REDUCE cov: 1521 ft: 6252 corp: 1347/266Kb lim: 4096 exec/s: 12054 rss: 484Mb L: 26/4087 MS: 2 ShuffleBytes-EraseBytes-
#2570159	REDUCE cov: 1521 ft: 6252 corp: 1347/266Kb lim: 4096 exec/s: 12010 rss: 484Mb L: 311/4087 MS: 3 ShuffleBytes-ChangeBit-EraseBytes-
#2570620	REDUCE cov: 1521 ft: 6252 corp: 1347/266Kb lim: 4096 exec/s: 12012 rss: 484Mb L: 235/4087 MS: 1 EraseBytes-
#2570974	REDUCE cov: 1521 ft: 6252 corp: 1347/266Kb lim: 4096 exec/s: 12013 rss: 484Mb L: 16/4087 MS: 4 CopyPart-CopyPart-CopyPart-EraseBytes-
#2571445	REDUCE cov: 1521 ft: 6252 corp: 1347/266Kb lim: 4096 exec/s: 12016 rss: 484Mb L: 96/4087 MS: 1 EraseBytes-
#2572066	REDUCE cov: 1521 ft: 6252 corp: 1347/266Kb lim: 4096 exec/s: 12019 rss: 484Mb L: 220/4087 MS: 1 EraseBytes-
#2572232	REDUCE cov: 1521 ft: 6252 corp: 1347/266Kb lim: 4096 exec/s: 12019 rss: 484Mb L: 5/4087 MS: 1 EraseBytes-
#2572663	REDUCE cov: 1521 ft: 6252 corp: 1347/266Kb lim: 4096 exec/s: 12021 rss: 484Mb L: 243/4087 MS: 1 EraseBytes-
#2578609	REDUCE cov: 1521 ft: 6252 corp: 1347/266Kb lim: 4096 exec/s: 12049 rss: 484Mb L: 86/4087 MS: 1 EraseBytes-
#2583295	REDUCE cov: 1521 ft: 6252 corp: 1347/266Kb lim: 4096 exec/s: 12015 rss: 484Mb L: 1156/4087 MS: 1 EraseBytes-
#2584172	REDUCE cov: 1521 ft: 6252 corp: 1347/266Kb lim: 4096 exec/s: 12019 rss: 484Mb L: 51/4087 MS: 2 ChangeBinInt-EraseBytes-
#2584989	REDUCE cov: 1521 ft: 6252 corp: 1347/266Kb lim: 4096 exec/s: 12023 rss: 484Mb L: 3961/4087 MS: 2 ChangeBit-EraseBytes-
#2585050	REDUCE cov: 1521 ft: 6252 corp: 1347/266Kb lim: 4096 exec/s: 12023 rss: 484Mb L: 1493/4087 MS: 1 EraseBytes-
#2585901	REDUCE cov: 1521 ft: 6252 corp: 1347/266Kb lim: 4096 exec/s: 12027 rss: 484Mb L: 8/4087 MS: 1 EraseBytes-
#2586352	REDUCE cov: 1521 ft: 6252 corp: 1347/266Kb lim: 4096 exec/s: 12029 rss: 484Mb L: 176/4087 MS: 1 EraseBytes-
#2589209	REDUCE cov: 1521 ft: 6252 corp: 1347/266Kb lim: 4096 exec/s: 12042 rss: 485Mb L: 444/4087 MS: 2 ChangeBit-EraseBytes-
#2590540	REDUCE cov: 1521 ft: 6252 corp: 1347/266Kb lim: 4096 exec/s: 11993 rss: 485Mb L: 172/4087 MS: 1 EraseBytes-
#2590556	REDUCE cov: 1521 ft: 6252 corp: 1347/266Kb lim: 4096 exec/s: 11993 rss: 485Mb L: 975/4087 MS: 1 EraseBytes-
#2592445	REDUCE cov: 1521 ft: 6252 corp: 1347/266Kb lim: 4096 exec/s: 12002 rss: 485Mb L: 109/4087 MS: 4 ChangeByte-ChangeBinInt-ChangeASCIIInt-EraseBytes-
#2594551	REDUCE cov: 1521 ft: 6252 corp: 1347/266Kb lim: 4096 exec/s: 12011 rss: 485Mb L: 14/4087 MS: 1 EraseBytes-
#2594632	REDUCE cov: 1521 ft: 6252 corp: 1347/266Kb lim: 4096 exec/s: 12012 rss: 485Mb L: 134/4087 MS: 1 EraseBytes-
#2596228	REDUCE cov: 1521 ft: 6252 corp: 1347/266Kb lim: 4096 exec/s: 12019 rss: 485Mb L: 66/4087 MS: 1 EraseBytes-
#2597769	REDUCE cov: 1521 ft: 6252 corp: 1347/266Kb lim: 4096 exec/s: 12026 rss: 485Mb L: 90/4087 MS: 1 EraseBytes-
#2602250	REDUCE cov: 1521 ft: 6252 corp: 1347/266Kb lim: 4096 exec/s: 11991 rss: 485Mb L: 22/4087 MS: 1 EraseBytes-
#2604016	REDUCE cov: 1521 ft: 6252 corp: 1347/266Kb lim: 4096 exec/s: 12000 rss: 485Mb L: 22/4087 MS: 1 EraseBytes-
#2605692	REDUCE cov: 1521 ft: 6252 corp: 1347/266Kb lim: 4096 exec/s: 12007 rss: 485Mb L: 1371/4087 MS: 1 EraseBytes-
#2606499	REDUCE cov: 1521 ft: 6252 corp: 1347/266Kb lim: 4096 exec/s: 12011 rss: 485Mb L: 84/4087 MS: 2 InsertRepeatedBytes-EraseBytes-
#2607750	REDUCE cov: 1521 ft: 6252 corp: 1347/266Kb lim: 4096 exec/s: 12017 rss: 485Mb L: 57/4087 MS: 1 EraseBytes-
#2610026	REDUCE cov: 1521 ft: 6252 corp: 1347/266Kb lim: 4096 exec/s: 12027 rss: 485Mb L: 16/4087 MS: 1 EraseBytes-
#2610722	REDUCE cov: 1521 ft: 6252 corp: 1347/266Kb lim: 4096 exec/s: 12030 rss: 485Mb L: 205/4087 MS: 1 EraseBytes-
#2612838	REDUCE cov: 1521 ft: 6252 corp: 1347/266Kb lim: 4096 exec/s: 11985 rss: 485Mb L: 91/4087 MS: 1 EraseBytes-
#2614729	REDUCE cov: 1521 ft: 6252 corp: 1347/266Kb lim: 4096 exec/s: 11994 rss: 485Mb L: 303/4087 MS: 1 EraseBytes-
#2616680	REDUCE cov: 1521 ft: 6252 corp: 1347/266Kb lim: 4096 exec/s: 12003 rss: 485Mb L: 621/4087 MS: 1 EraseBytes-
#2617211	REDUCE cov: 1521 ft: 6252 corp: 1347/266Kb lim: 4096 exec/s: 12005 rss: 485Mb L: 264/4087 MS: 1 EraseBytes-
#2620493	REDUCE cov: 1521 ft: 6252 corp: 1347/266Kb lim: 4096 exec/s: 12020 rss: 485Mb L: 1071/4087 MS: 2 ChangeByte-EraseBytes-
#2620819	REDUCE cov: 1521 ft: 6252 corp: 1347/266Kb lim: 4096 exec/s: 12022 rss: 485Mb L: 1627/4087 MS: 1 EraseBytes-
#2623220	REDUCE cov: 1522 ft: 6253 corp: 1348/266Kb lim: 4096 exec/s: 11978 rss: 485Mb L: 3/4087 MS: 1 EraseBytes-
#2626252	REDUCE cov: 1522 ft: 6253 corp: 1348/266Kb lim: 4096 exec/s: 11992 rss: 485Mb L: 312/4087 MS: 2 ShuffleBytes-EraseBytes-
#2627798	REDUCE cov: 1522 ft: 6253 corp: 1348/265Kb lim: 4096 exec/s: 11999 rss: 485Mb L: 1223/4087 MS: 1 EraseBytes-
#2628899	REDUCE cov: 1522 ft: 6253 corp: 1348/265Kb lim: 4096 exec/s: 12004 rss: 485Mb L: 15/4087 MS: 1 EraseBytes-
#2630330	NEW    cov: 1522 ft: 6254 corp: 1349/266Kb lim: 4096 exec/s: 12010 rss: 485Mb L: 23/4087 MS: 1 CrossOver-
#2630891	REDUCE cov: 1522 ft: 6254 corp: 1349/266Kb lim: 4096 exec/s: 12013 rss: 485Mb L: 129/4087 MS: 1 EraseBytes-
#2632153	REDUCE cov: 1522 ft: 6254 corp: 1349/266Kb lim: 4096 exec/s: 12018 rss: 485Mb L: 36/4087 MS: 2 ShuffleBytes-EraseBytes-
#2635019	REDUCE cov: 1522 ft: 6254 corp: 1349/265Kb lim: 4096 exec/s: 11977 rss: 485Mb L: 80/4087 MS: 1 EraseBytes-
#2635602	REDUCE cov: 1522 ft: 6254 corp: 1349/265Kb lim: 4096 exec/s: 11980 rss: 486Mb L: 386/4087 MS: 3 ChangeBinInt-InsertByte-EraseBytes-
#2637093	REDUCE cov: 1522 ft: 6254 corp: 1349/265Kb lim: 4096 exec/s: 11986 rss: 486Mb L: 123/4087 MS: 1 EraseBytes-
#2637127	REDUCE cov: 1522 ft: 6254 corp: 1349/265Kb lim: 4096 exec/s: 11986 rss: 486Mb L: 289/4087 MS: 4 CopyPart-CopyPart-ChangeBit-EraseBytes-
#2638178	REDUCE cov: 1522 ft: 6254 corp: 1349/265Kb lim: 4096 exec/s: 11991 rss: 486Mb L: 218/4087 MS: 1 EraseBytes-
#2639325	REDUCE cov: 1522 ft: 6254 corp: 1349/265Kb lim: 4096 exec/s: 11996 rss: 486Mb L: 2717/4087 MS: 2 ChangeASCIIInt-EraseBytes-
#2640416	REDUCE cov: 1522 ft: 6254 corp: 1349/265Kb lim: 4096 exec/s: 12001 rss: 487Mb L: 19/4087 MS: 1 EraseBytes-
#2642872	REDUCE cov: 1522 ft: 6254 corp: 1349/265Kb lim: 4096 exec/s: 12013 rss: 487Mb L: 136/4087 MS: 1 EraseBytes-
#2643828	REDUCE cov: 1522 ft: 6254 corp: 1349/265Kb lim: 4096 exec/s: 12017 rss: 487Mb L: 20/4087 MS: 1 EraseBytes-
#2644144	REDUCE cov: 1522 ft: 6254 corp: 1349/265Kb lim: 4096 exec/s: 12018 rss: 487Mb L: 92/4087 MS: 1 EraseBytes-
#2644885	REDUCE cov: 1522 ft: 6254 corp: 1349/265Kb lim: 4096 exec/s: 12022 rss: 487Mb L: 1615/4087 MS: 1 EraseBytes-
#2646506	REDUCE cov: 1522 ft: 6254 corp: 1349/265Kb lim: 4096 exec/s: 12029 rss: 487Mb L: 18/4087 MS: 1 EraseBytes-
#2646577	REDUCE cov: 1522 ft: 6254 corp: 1349/265Kb lim: 4096 exec/s: 12029 rss: 487Mb L: 2894/4087 MS: 1 EraseBytes-
#2648468	REDUCE cov: 1522 ft: 6254 corp: 1349/265Kb lim: 4096 exec/s: 11984 rss: 487Mb L: 83/4087 MS: 1 EraseBytes-
#2651354	REDUCE cov: 1522 ft: 6254 corp: 1349/265Kb lim: 4096 exec/s: 11997 rss: 487Mb L: 38/4087 MS: 1 EraseBytes-
#2656415	REDUCE cov: 1522 ft: 6254 corp: 1349/265Kb lim: 4096 exec/s: 12019 rss: 487Mb L: 2621/4087 MS: 1 EraseBytes-
#2658056	REDUCE cov: 1522 ft: 6254 corp: 1349/265Kb lim: 4096 exec/s: 11973 rss: 487Mb L: 187/4087 MS: 1 EraseBytes-
#2658253	REDUCE cov: 1522 ft: 6254 corp: 1349/265Kb lim: 4096 exec/s: 11974 rss: 487Mb L: 30/4087 MS: 2 ChangeBit-EraseBytes-
#2658499	REDUCE cov: 1522 ft: 6254 corp: 1349/265Kb lim: 4096 exec/s: 11975 rss: 487Mb L: 8/4087 MS: 1 EraseBytes-
#2659395	REDUCE cov: 1522 ft: 6254 corp: 1349/265Kb lim: 4096 exec/s: 11979 rss: 487Mb L: 67/4087 MS: 1 EraseBytes-
#2659441	REDUCE cov: 1522 ft: 6254 corp: 1349/265Kb lim: 4096 exec/s: 11979 rss: 487Mb L: 131/4087 MS: 1 EraseBytes-
#2659542	REDUCE cov: 1522 ft: 6254 corp: 1349/265Kb lim: 4096 exec/s: 11979 rss: 487Mb L: 4/4087 MS: 1 EraseBytes-
#2660128	REDUCE cov: 1522 ft: 6254 corp: 1349/265Kb lim: 4096 exec/s: 11982 rss: 487Mb L: 16/4087 MS: 1 EraseBytes-
#2660419	REDUCE cov: 1522 ft: 6257 corp: 1350/265Kb lim: 4096 exec/s: 11983 rss: 487Mb L: 37/4087 MS: 1 CopyPart-
#2662747	REDUCE cov: 1522 ft: 6257 corp: 1350/265Kb lim: 4096 exec/s: 11994 rss: 487Mb L: 132/4087 MS: 3 ChangeBit-InsertByte-EraseBytes-
#2665269	REDUCE cov: 1522 ft: 6257 corp: 1350/265Kb lim: 4096 exec/s: 12005 rss: 487Mb L: 220/4087 MS: 2 ChangeASCIIInt-EraseBytes-
#2665877	REDUCE cov: 1522 ft: 6257 corp: 1350/265Kb lim: 4096 exec/s: 12008 rss: 487Mb L: 296/4087 MS: 3 ChangeBinInt-ChangeASCIIInt-EraseBytes-
#2666453	REDUCE cov: 1522 ft: 6257 corp: 1350/265Kb lim: 4096 exec/s: 12011 rss: 487Mb L: 16/4087 MS: 1 EraseBytes-
#2669314	REDUCE cov: 1522 ft: 6257 corp: 1350/265Kb lim: 4096 exec/s: 12023 rss: 487Mb L: 12/4087 MS: 1 EraseBytes-
#2670575	REDUCE cov: 1522 ft: 6257 corp: 1350/264Kb lim: 4096 exec/s: 11975 rss: 487Mb L: 676/4087 MS: 1 EraseBytes-
#2671561	REDUCE cov: 1522 ft: 6257 corp: 1350/264Kb lim: 4096 exec/s: 11980 rss: 487Mb L: 36/4087 MS: 1 EraseBytes-
#2672512	REDUCE cov: 1522 ft: 6257 corp: 1350/264Kb lim: 4096 exec/s: 11984 rss: 487Mb L: 58/4087 MS: 1 EraseBytes-
#2673668	REDUCE cov: 1522 ft: 6257 corp: 1350/264Kb lim: 4096 exec/s: 11989 rss: 487Mb L: 12/4087 MS: 1 EraseBytes-
#2674559	REDUCE cov: 1522 ft: 6257 corp: 1350/264Kb lim: 4096 exec/s: 11993 rss: 487Mb L: 264/4087 MS: 1 EraseBytes-
#2675450	REDUCE cov: 1522 ft: 6257 corp: 1350/264Kb lim: 4096 exec/s: 11997 rss: 487Mb L: 58/4087 MS: 1 EraseBytes-
#2676652	REDUCE cov: 1522 ft: 6257 corp: 1350/264Kb lim: 4096 exec/s: 12002 rss: 487Mb L: 10/4087 MS: 2 ChangeASCIIInt-EraseBytes-
#2676968	REDUCE cov: 1522 ft: 6257 corp: 1350/264Kb lim: 4096 exec/s: 12004 rss: 487Mb L: 1749/4087 MS: 1 EraseBytes-
#2679684	REDUCE cov: 1522 ft: 6257 corp: 1350/264Kb lim: 4096 exec/s: 12016 rss: 487Mb L: 7/4087 MS: 1 EraseBytes-
#2681315	REDUCE cov: 1522 ft: 6257 corp: 1350/264Kb lim: 4096 exec/s: 12023 rss: 487Mb L: 155/4087 MS: 1 EraseBytes-
#2682781	REDUCE cov: 1522 ft: 6257 corp: 1350/264Kb lim: 4096 exec/s: 12030 rss: 487Mb L: 936/4087 MS: 1 EraseBytes-
#2686586	REDUCE cov: 1522 ft: 6257 corp: 1350/264Kb lim: 4096 exec/s: 11993 rss: 487Mb L: 78/4087 MS: 5 ShuffleBytes-CopyPart-CopyPart-CopyPart-EraseBytes-
#2690680	REDUCE cov: 1522 ft: 6257 corp: 1350/264Kb lim: 4096 exec/s: 12011 rss: 487Mb L: 46/4087 MS: 4 ChangeASCIIInt-ChangeBit-PersAutoDict-EraseBytes- DE: "\377\377\377\377\377\377\377\001"-
#2694736	REDUCE cov: 1522 ft: 6257 corp: 1350/264Kb lim: 4096 exec/s: 12030 rss: 487Mb L: 9/4087 MS: 1 EraseBytes-
#2694983	REDUCE cov: 1522 ft: 6257 corp: 1350/264Kb lim: 4096 exec/s: 12031 rss: 487Mb L: 209/4087 MS: 2 ChangeASCIIInt-EraseBytes-
#2697079	REDUCE cov: 1522 ft: 6257 corp: 1350/264Kb lim: 4096 exec/s: 11987 rss: 487Mb L: 93/4087 MS: 1 EraseBytes-
#2697370	REDUCE cov: 1522 ft: 6257 corp: 1350/264Kb lim: 4096 exec/s: 11988 rss: 487Mb L: 86/4087 MS: 1 EraseBytes-
#2698311	REDUCE cov: 1522 ft: 6257 corp: 1350/264Kb lim: 4096 exec/s: 11992 rss: 487Mb L: 17/4087 MS: 1 EraseBytes-
#2699676	REDUCE cov: 1522 ft: 6257 corp: 1350/264Kb lim: 4096 exec/s: 11998 rss: 487Mb L: 176/4087 MS: 5 ChangeBinInt-ChangeBit-CopyPart-ChangeBit-EraseBytes-
#2699912	REDUCE cov: 1522 ft: 6257 corp: 1350/264Kb lim: 4096 exec/s: 11999 rss: 487Mb L: 43/4087 MS: 1 EraseBytes-
#2702453	REDUCE cov: 1522 ft: 6257 corp: 1350/264Kb lim: 4096 exec/s: 12010 rss: 487Mb L: 26/4087 MS: 1 EraseBytes-
#2704934	REDUCE cov: 1522 ft: 6257 corp: 1350/264Kb lim: 4096 exec/s: 11968 rss: 488Mb L: 2148/4087 MS: 1 EraseBytes-
#2706600	REDUCE cov: 1522 ft: 6257 corp: 1350/264Kb lim: 4096 exec/s: 11976 rss: 488Mb L: 7/4087 MS: 1 EraseBytes-
#2708426	REDUCE cov: 1522 ft: 6257 corp: 1350/264Kb lim: 4096 exec/s: 11984 rss: 488Mb L: 72/4087 MS: 1 EraseBytes-
#2709937	REDUCE cov: 1522 ft: 6257 corp: 1350/264Kb lim: 4096 exec/s: 11990 rss: 488Mb L: 204/4087 MS: 1 EraseBytes-
#2714078	REDUCE cov: 1522 ft: 6257 corp: 1350/264Kb lim: 4096 exec/s: 11956 rss: 488Mb L: 98/4087 MS: 1 EraseBytes-
#2716139	REDUCE cov: 1522 ft: 6257 corp: 1350/264Kb lim: 4096 exec/s: 11965 rss: 488Mb L: 11/4087 MS: 1 EraseBytes-
#2716725	REDUCE cov: 1522 ft: 6257 corp: 1350/264Kb lim: 4096 exec/s: 11967 rss: 488Mb L: 22/4087 MS: 1 EraseBytes-
#2716882	REDUCE cov: 1522 ft: 6257 corp: 1350/264Kb lim: 4096 exec/s: 11968 rss: 488Mb L: 47/4087 MS: 2 CrossOver-EraseBytes-
#2718613	REDUCE cov: 1522 ft: 6257 corp: 1350/264Kb lim: 4096 exec/s: 11976 rss: 488Mb L: 2027/4087 MS: 1 EraseBytes-
#2719544	REDUCE cov: 1522 ft: 6257 corp: 1350/264Kb lim: 4096 exec/s: 11980 rss: 488Mb L: 164/4087 MS: 1 EraseBytes-
#2721184	REDUCE cov: 1522 ft: 6257 corp: 1350/264Kb lim: 4096 exec/s: 11987 rss: 488Mb L: 115/4087 MS: 5 CopyPart-CopyPart-ChangeBit-ShuffleBytes-EraseBytes-
#2722533	REDUCE cov: 1522 ft: 6257 corp: 1350/264Kb lim: 4096 exec/s: 11993 rss: 488Mb L: 7/4087 MS: 4 CMP-CopyPart-ShuffleBytes-EraseBytes- DE: "\377\377\377\377"-
#2723050	REDUCE cov: 1522 ft: 6257 corp: 1350/264Kb lim: 4096 exec/s: 11995 rss: 488Mb L: 40/4087 MS: 2 CMP-EraseBytes- DE: "\356\377\377\377"-
#2724631	REDUCE cov: 1522 ft: 6257 corp: 1350/264Kb lim: 4096 exec/s: 12002 rss: 488Mb L: 12/4087 MS: 1 EraseBytes-
#2724868	REDUCE cov: 1522 ft: 6257 corp: 1350/264Kb lim: 4096 exec/s: 12003 rss: 488Mb L: 2091/4087 MS: 2 InsertRepeatedBytes-EraseBytes-
#2725394	REDUCE cov: 1522 ft: 6257 corp: 1350/264Kb lim: 4096 exec/s: 12006 rss: 488Mb L: 311/4087 MS: 1 EraseBytes-
#2725430	REDUCE cov: 1540 ft: 6295 corp: 1351/264Kb lim: 4096 exec/s: 12006 rss: 488Mb L: 41/4087 MS: 1 CrossOver-
#2726136	REDUCE cov: 1540 ft: 6295 corp: 1351/264Kb lim: 4096 exec/s: 11956 rss: 488Mb L: 80/4087 MS: 1 EraseBytes-
#2729587	REDUCE cov: 1540 ft: 6295 corp: 1351/264Kb lim: 4096 exec/s: 11971 rss: 488Mb L: 117/4087 MS: 1 EraseBytes-
#2734168	REDUCE cov: 1540 ft: 6295 corp: 1351/264Kb lim: 4096 exec/s: 11991 rss: 488Mb L: 586/4087 MS: 1 EraseBytes-
#2738340	REDUCE cov: 1540 ft: 6295 corp: 1351/264Kb lim: 4096 exec/s: 11957 rss: 488Mb L: 106/4087 MS: 2 ShuffleBytes-EraseBytes-
#2738451	REDUCE cov: 1540 ft: 6295 corp: 1351/264Kb lim: 4096 exec/s: 11958 rss: 488Mb L: 35/4087 MS: 1 EraseBytes-
#2742712	REDUCE cov: 1540 ft: 6295 corp: 1351/264Kb lim: 4096 exec/s: 11976 rss: 488Mb L: 22/4087 MS: 1 EraseBytes-
#2742798	REDUCE cov: 1540 ft: 6295 corp: 1351/264Kb lim: 4096 exec/s: 11977 rss: 488Mb L: 234/4087 MS: 1 EraseBytes-
#2743130	REDUCE cov: 1540 ft: 6295 corp: 1351/264Kb lim: 4096 exec/s: 11978 rss: 488Mb L: 3764/4087 MS: 2 ShuffleBytes-EraseBytes-
#2744026	REDUCE cov: 1540 ft: 6295 corp: 1351/264Kb lim: 4096 exec/s: 11982 rss: 488Mb L: 20/4087 MS: 1 EraseBytes-
#2748902	REDUCE cov: 1540 ft: 6295 corp: 1351/264Kb lim: 4096 exec/s: 12003 rss: 488Mb L: 72/4087 MS: 1 EraseBytes-
#2751718	REDUCE cov: 1540 ft: 6295 corp: 1351/264Kb lim: 4096 exec/s: 11963 rss: 489Mb L: 195/4087 MS: 1 EraseBytes-
#2752749	REDUCE cov: 1540 ft: 6295 corp: 1351/264Kb lim: 4096 exec/s: 11968 rss: 489Mb L: 78/4087 MS: 1 EraseBytes-
#2753691	REDUCE cov: 1540 ft: 6295 corp: 1351/264Kb lim: 4096 exec/s: 11972 rss: 489Mb L: 272/4087 MS: 2 PersAutoDict-EraseBytes- DE: "code"-
#2754662	REDUCE cov: 1540 ft: 6295 corp: 1351/264Kb lim: 4096 exec/s: 11976 rss: 489Mb L: 10/4087 MS: 1 EraseBytes-
#2754873	REDUCE cov: 1540 ft: 6295 corp: 1351/264Kb lim: 4096 exec/s: 11977 rss: 489Mb L: 19/4087 MS: 1 EraseBytes-
#2755714	REDUCE cov: 1540 ft: 6295 corp: 1351/264Kb lim: 4096 exec/s: 11981 rss: 489Mb L: 35/4087 MS: 1 EraseBytes-
#2755810	REDUCE cov: 1540 ft: 6295 corp: 1351/264Kb lim: 4096 exec/s: 11981 rss: 489Mb L: 45/4087 MS: 1 EraseBytes-
#2757203	REDUCE cov: 1540 ft: 6295 corp: 1351/264Kb lim: 4096 exec/s: 11987 rss: 490Mb L: 87/4087 MS: 2 ChangeASCIIInt-EraseBytes-
#2758604	REDUCE cov: 1540 ft: 6299 corp: 1352/264Kb lim: 4096 exec/s: 11993 rss: 490Mb L: 274/4087 MS: 1 CopyPart-
#2758907	REDUCE cov: 1540 ft: 6299 corp: 1352/264Kb lim: 4096 exec/s: 11995 rss: 490Mb L: 148/4087 MS: 3 CrossOver-ChangeBinInt-EraseBytes-
#2760394	REDUCE cov: 1540 ft: 6299 corp: 1352/264Kb lim: 4096 exec/s: 12001 rss: 490Mb L: 33/4087 MS: 2 ChangeBit-EraseBytes-
#2761225	REDUCE cov: 1540 ft: 6299 corp: 1352/264Kb lim: 4096 exec/s: 12005 rss: 490Mb L: 160/4087 MS: 1 EraseBytes-
#2761403	REDUCE cov: 1540 ft: 6299 corp: 1352/264Kb lim: 4096 exec/s: 11954 rss: 490Mb L: 41/4087 MS: 3 ChangeByte-CopyPart-EraseBytes-
#2763719	REDUCE cov: 1540 ft: 6299 corp: 1352/264Kb lim: 4096 exec/s: 11964 rss: 490Mb L: 49/4087 MS: 1 EraseBytes-
#2766935	REDUCE cov: 1540 ft: 6299 corp: 1352/264Kb lim: 4096 exec/s: 11978 rss: 490Mb L: 31/4087 MS: 1 EraseBytes-
#2768126	REDUCE cov: 1540 ft: 6299 corp: 1352/264Kb lim: 4096 exec/s: 11983 rss: 490Mb L: 23/4087 MS: 1 EraseBytes-
#2769063	REDUCE cov: 1540 ft: 6299 corp: 1352/264Kb lim: 4096 exec/s: 11987 rss: 490Mb L: 14/4087 MS: 2 ShuffleBytes-EraseBytes-
#2769140	REDUCE cov: 1540 ft: 6299 corp: 1352/264Kb lim: 4096 exec/s: 11987 rss: 490Mb L: 39/4087 MS: 2 EraseBytes-ChangeByte-
#2770586	REDUCE cov: 1540 ft: 6299 corp: 1352/264Kb lim: 4096 exec/s: 11993 rss: 490Mb L: 40/4087 MS: 1 EraseBytes-
#2771072	REDUCE cov: 1540 ft: 6299 corp: 1352/264Kb lim: 4096 exec/s: 11995 rss: 490Mb L: 21/4087 MS: 1 EraseBytes-
#2773213	REDUCE cov: 1540 ft: 6299 corp: 1352/264Kb lim: 4096 exec/s: 11953 rss: 490Mb L: 65/4087 MS: 1 EraseBytes-
#2775369	REDUCE cov: 1540 ft: 6299 corp: 1352/264Kb lim: 4096 exec/s: 11962 rss: 490Mb L: 2003/4087 MS: 1 EraseBytes-
#2777345	REDUCE cov: 1540 ft: 6299 corp: 1352/264Kb lim: 4096 exec/s: 11971 rss: 490Mb L: 156/4087 MS: 1 EraseBytes-
#2778661	REDUCE cov: 1540 ft: 6299 corp: 1352/264Kb lim: 4096 exec/s: 11976 rss: 490Mb L: 32/4087 MS: 1 EraseBytes-
#2778987	REDUCE cov: 1540 ft: 6299 corp: 1352/264Kb lim: 4096 exec/s: 11978 rss: 490Mb L: 205/4087 MS: 1 EraseBytes-
#2781558	REDUCE cov: 1540 ft: 6299 corp: 1352/264Kb lim: 4096 exec/s: 11989 rss: 490Mb L: 209/4087 MS: 1 EraseBytes-
#2782679	REDUCE cov: 1540 ft: 6299 corp: 1352/264Kb lim: 4096 exec/s: 11942 rss: 490Mb L: 36/4087 MS: 1 EraseBytes-
#2783405	REDUCE cov: 1540 ft: 6299 corp: 1352/264Kb lim: 4096 exec/s: 11945 rss: 490Mb L: 129/4087 MS: 1 EraseBytes-
#2783611	REDUCE cov: 1540 ft: 6299 corp: 1352/264Kb lim: 4096 exec/s: 11946 rss: 490Mb L: 225/4087 MS: 1 EraseBytes-
#2786087	REDUCE cov: 1540 ft: 6299 corp: 1352/264Kb lim: 4096 exec/s: 11957 rss: 490Mb L: 212/4087 MS: 1 EraseBytes-
#2788475	REDUCE cov: 1540 ft: 6299 corp: 1352/264Kb lim: 4096 exec/s: 11967 rss: 490Mb L: 450/4087 MS: 3 ChangeASCIIInt-InsertByte-EraseBytes-
#2791267	REDUCE cov: 1540 ft: 6299 corp: 1352/264Kb lim: 4096 exec/s: 11979 rss: 490Mb L: 13/4087 MS: 1 EraseBytes-
#2792308	REDUCE cov: 1540 ft: 6299 corp: 1352/264Kb lim: 4096 exec/s: 11984 rss: 490Mb L: 77/4087 MS: 1 EraseBytes-
#2792995	REDUCE cov: 1540 ft: 6299 corp: 1352/264Kb lim: 4096 exec/s: 11935 rss: 490Mb L: 115/4087 MS: 2 InsertRepeatedBytes-EraseBytes-
#2794807	REDUCE cov: 1540 ft: 6299 corp: 1352/264Kb lim: 4096 exec/s: 11943 rss: 490Mb L: 33/4087 MS: 2 ShuffleBytes-EraseBytes-
#2797548	REDUCE cov: 1540 ft: 6299 corp: 1352/264Kb lim: 4096 exec/s: 11955 rss: 490Mb L: 165/4087 MS: 1 EraseBytes-
#2798164	REDUCE cov: 1540 ft: 6305 corp: 1353/264Kb lim: 4096 exec/s: 11957 rss: 490Mb L: 42/4087 MS: 1 CopyPart-
#2799725	REDUCE cov: 1540 ft: 6305 corp: 1353/264Kb lim: 4096 exec/s: 11964 rss: 490Mb L: 9/4087 MS: 1 EraseBytes-
#2802983	REDUCE cov: 1540 ft: 6305 corp: 1353/264Kb lim: 4096 exec/s: 11978 rss: 490Mb L: 138/4087 MS: 2 CopyPart-EraseBytes-
#2807104	REDUCE cov: 1540 ft: 6305 corp: 1353/264Kb lim: 4096 exec/s: 11945 rss: 490Mb L: 343/4087 MS: 1 EraseBytes-
#2807720	REDUCE cov: 1540 ft: 6305 corp: 1353/264Kb lim: 4096 exec/s: 11947 rss: 490Mb L: 155/4087 MS: 1 EraseBytes-
#2808152	REDUCE cov: 1540 ft: 6305 corp: 1353/263Kb lim: 4096 exec/s: 11949 rss: 490Mb L: 1124/4087 MS: 2 ChangeASCIIInt-EraseBytes-
#2810703	REDUCE cov: 1540 ft: 6306 corp: 1354/265Kb lim: 4096 exec/s: 11960 rss: 490Mb L: 1455/4087 MS: 1 EraseBytes-
#2811429	REDUCE cov: 1540 ft: 6306 corp: 1354/265Kb lim: 4096 exec/s: 11963 rss: 490Mb L: 185/4087 MS: 1 EraseBytes-
#2811865	REDUCE cov: 1540 ft: 6306 corp: 1354/265Kb lim: 4096 exec/s: 11965 rss: 490Mb L: 72/4087 MS: 1 EraseBytes-
#2813636	REDUCE cov: 1540 ft: 6306 corp: 1354/265Kb lim: 4096 exec/s: 11972 rss: 490Mb L: 20/4087 MS: 1 EraseBytes-
#2814764	REDUCE cov: 1540 ft: 6306 corp: 1354/265Kb lim: 4096 exec/s: 11926 rss: 490Mb L: 138/4087 MS: 3 InsertByte-ChangeByte-EraseBytes-
#2815201	REDUCE cov: 1540 ft: 6306 corp: 1354/265Kb lim: 4096 exec/s: 11928 rss: 490Mb L: 270/4087 MS: 2 ChangeASCIIInt-EraseBytes-
#2816907	NEW    cov: 1540 ft: 6312 corp: 1355/265Kb lim: 4096 exec/s: 11936 rss: 490Mb L: 74/4087 MS: 1 CopyPart-
#2818403	REDUCE cov: 1540 ft: 6312 corp: 1355/265Kb lim: 4096 exec/s: 11942 rss: 490Mb L: 5/4087 MS: 1 EraseBytes-
#2819394	REDUCE cov: 1540 ft: 6312 corp: 1355/265Kb lim: 4096 exec/s: 11946 rss: 490Mb L: 549/4087 MS: 1 EraseBytes-
#2822285	REDUCE cov: 1540 ft: 6312 corp: 1355/265Kb lim: 4096 exec/s: 11958 rss: 490Mb L: 19/4087 MS: 1 EraseBytes-
#2822946	REDUCE cov: 1540 ft: 6312 corp: 1355/265Kb lim: 4096 exec/s: 11961 rss: 490Mb L: 43/4087 MS: 1 EraseBytes-
#2824128	REDUCE cov: 1540 ft: 6312 corp: 1355/265Kb lim: 4096 exec/s: 11966 rss: 490Mb L: 1281/4087 MS: 2 ChangeASCIIInt-EraseBytes-
#2827306	REDUCE cov: 1540 ft: 6312 corp: 1355/265Kb lim: 4096 exec/s: 11929 rss: 490Mb L: 962/4087 MS: 3 ChangeBit-ChangeASCIIInt-EraseBytes-
#2831234	REDUCE cov: 1540 ft: 6312 corp: 1355/265Kb lim: 4096 exec/s: 11946 rss: 490Mb L: 44/4087 MS: 3 InsertByte-EraseBytes-CopyPart-
#2833168	REDUCE cov: 1540 ft: 6312 corp: 1355/265Kb lim: 4096 exec/s: 11954 rss: 490Mb L: 111/4087 MS: 4 ChangeASCIIInt-ChangeBit-InsertByte-EraseBytes-
#2833894	REDUCE cov: 1540 ft: 6312 corp: 1355/265Kb lim: 4096 exec/s: 11957 rss: 490Mb L: 1250/4087 MS: 1 EraseBytes-
#2835540	REDUCE cov: 1540 ft: 6312 corp: 1355/265Kb lim: 4096 exec/s: 11964 rss: 490Mb L: 64/4087 MS: 1 EraseBytes-
#2837186	REDUCE cov: 1540 ft: 6312 corp: 1355/265Kb lim: 4096 exec/s: 11971 rss: 490Mb L: 21/4087 MS: 1 EraseBytes-
#2837212	REDUCE cov: 1540 ft: 6312 corp: 1355/265Kb lim: 4096 exec/s: 11971 rss: 490Mb L: 39/4087 MS: 1 EraseBytes-
#2838728	REDUCE cov: 1540 ft: 6312 corp: 1355/265Kb lim: 4096 exec/s: 11977 rss: 490Mb L: 981/4087 MS: 1 EraseBytes-
#2838999	REDUCE cov: 1540 ft: 6312 corp: 1355/265Kb lim: 4096 exec/s: 11978 rss: 490Mb L: 61/4087 MS: 1 EraseBytes-
#2840520	REDUCE cov: 1540 ft: 6312 corp: 1355/265Kb lim: 4096 exec/s: 11934 rss: 490Mb L: 39/4087 MS: 1 EraseBytes-
#2841126	REDUCE cov: 1540 ft: 6312 corp: 1355/264Kb lim: 4096 exec/s: 11937 rss: 490Mb L: 120/4087 MS: 1 EraseBytes-
#2841627	REDUCE cov: 1540 ft: 6312 corp: 1355/264Kb lim: 4096 exec/s: 11939 rss: 490Mb L: 117/4087 MS: 1 EraseBytes-
#2841838	REDUCE cov: 1540 ft: 6312 corp: 1355/264Kb lim: 4096 exec/s: 11940 rss: 490Mb L: 24/4087 MS: 1 EraseBytes-
#2846415	REDUCE cov: 1540 ft: 6312 corp: 1355/264Kb lim: 4096 exec/s: 11959 rss: 490Mb L: 310/4087 MS: 2 EraseBytes-CopyPart-
#2849676	REDUCE cov: 1540 ft: 6312 corp: 1355/264Kb lim: 4096 exec/s: 11923 rss: 490Mb L: 173/4087 MS: 1 EraseBytes-
#2850474	REDUCE cov: 1540 ft: 6312 corp: 1355/264Kb lim: 4096 exec/s: 11926 rss: 490Mb L: 19/4087 MS: 3 ChangeByte-EraseBytes-ChangeByte-
#2852110	REDUCE cov: 1540 ft: 6312 corp: 1355/264Kb lim: 4096 exec/s: 11933 rss: 490Mb L: 1059/4087 MS: 1 EraseBytes-
#2853706	REDUCE cov: 1540 ft: 6312 corp: 1355/264Kb lim: 4096 exec/s: 11940 rss: 490Mb L: 166/4087 MS: 1 EraseBytes-
#2854287	REDUCE cov: 1540 ft: 6312 corp: 1355/264Kb lim: 4096 exec/s: 11942 rss: 490Mb L: 106/4087 MS: 1 EraseBytes-
#2854633	REDUCE cov: 1540 ft: 6312 corp: 1355/264Kb lim: 4096 exec/s: 11944 rss: 490Mb L: 898/4087 MS: 1 EraseBytes-
#2855559	REDUCE cov: 1540 ft: 6312 corp: 1355/264Kb lim: 4096 exec/s: 11947 rss: 490Mb L: 220/4087 MS: 1 EraseBytes-
#2858551	REDUCE cov: 1540 ft: 6312 corp: 1355/264Kb lim: 4096 exec/s: 11960 rss: 490Mb L: 22/4087 MS: 1 EraseBytes-
#2859207	REDUCE cov: 1540 ft: 6312 corp: 1355/264Kb lim: 4096 exec/s: 11963 rss: 490Mb L: 18/4087 MS: 1 EraseBytes-
#2860183	REDUCE cov: 1540 ft: 6312 corp: 1355/264Kb lim: 4096 exec/s: 11967 rss: 490Mb L: 18/4087 MS: 1 EraseBytes-
#2861084	REDUCE cov: 1540 ft: 6312 corp: 1355/264Kb lim: 4096 exec/s: 11921 rss: 490Mb L: 101/4087 MS: 1 EraseBytes-
#2863985	REDUCE cov: 1540 ft: 6312 corp: 1355/264Kb lim: 4096 exec/s: 11933 rss: 490Mb L: 13/4087 MS: 1 EraseBytes-
#2865861	REDUCE cov: 1540 ft: 6312 corp: 1355/264Kb lim: 4096 exec/s: 11941 rss: 490Mb L: 148/4087 MS: 1 EraseBytes-
#2867217	REDUCE cov: 1540 ft: 6312 corp: 1355/264Kb lim: 4096 exec/s: 11946 rss: 490Mb L: 152/4087 MS: 1 EraseBytes-
#2869039	REDUCE cov: 1540 ft: 6312 corp: 1355/264Kb lim: 4096 exec/s: 11954 rss: 490Mb L: 138/4087 MS: 2 ChangeASCIIInt-EraseBytes-
#2871130	REDUCE cov: 1540 ft: 6312 corp: 1355/264Kb lim: 4096 exec/s: 11963 rss: 490Mb L: 127/4087 MS: 1 EraseBytes-
#2873817	REDUCE cov: 1540 ft: 6312 corp: 1355/264Kb lim: 4096 exec/s: 11974 rss: 490Mb L: 1570/4087 MS: 2 ChangeByte-EraseBytes-
#2874328	REDUCE cov: 1540 ft: 6312 corp: 1355/264Kb lim: 4096 exec/s: 11976 rss: 490Mb L: 125/4087 MS: 1 EraseBytes-
#2875264	REDUCE cov: 1540 ft: 6312 corp: 1355/264Kb lim: 4096 exec/s: 11980 rss: 490Mb L: 1895/4087 MS: 1 EraseBytes-
#2876381	REDUCE cov: 1540 ft: 6312 corp: 1355/264Kb lim: 4096 exec/s: 11935 rss: 490Mb L: 84/4087 MS: 2 ShuffleBytes-EraseBytes-
#2877883	REDUCE cov: 1540 ft: 6312 corp: 1355/264Kb lim: 4096 exec/s: 11941 rss: 490Mb L: 10/4087 MS: 2 CrossOver-EraseBytes-
#2881934	REDUCE cov: 1540 ft: 6312 corp: 1355/264Kb lim: 4096 exec/s: 11958 rss: 490Mb L: 101/4087 MS: 1 EraseBytes-
#2884100	REDUCE cov: 1540 ft: 6312 corp: 1355/264Kb lim: 4096 exec/s: 11967 rss: 490Mb L: 41/4087 MS: 1 EraseBytes-
#2884392	REDUCE cov: 1540 ft: 6312 corp: 1355/264Kb lim: 4096 exec/s: 11968 rss: 490Mb L: 18/4087 MS: 2 ChangeASCIIInt-EraseBytes-
#2885503	REDUCE cov: 1540 ft: 6312 corp: 1355/264Kb lim: 4096 exec/s: 11973 rss: 490Mb L: 64/4087 MS: 1 EraseBytes-
#2885695	REDUCE cov: 1540 ft: 6312 corp: 1355/264Kb lim: 4096 exec/s: 11973 rss: 490Mb L: 187/4087 MS: 2 ChangeByte-EraseBytes-
#2888221	REDUCE cov: 1540 ft: 6312 corp: 1355/264Kb lim: 4096 exec/s: 11984 rss: 490Mb L: 158/4087 MS: 1 EraseBytes-
#2888247	REDUCE cov: 1540 ft: 6312 corp: 1355/264Kb lim: 4096 exec/s: 11984 rss: 490Mb L: 912/4087 MS: 1 EraseBytes-
#2888353	REDUCE cov: 1540 ft: 6312 corp: 1355/264Kb lim: 4096 exec/s: 11984 rss: 490Mb L: 584/4087 MS: 1 EraseBytes-
#2890532	REDUCE cov: 1540 ft: 6312 corp: 1355/264Kb lim: 4096 exec/s: 11944 rss: 490Mb L: 17/4087 MS: 4 ShuffleBytes-CopyPart-ShuffleBytes-EraseBytes-
#2890578	REDUCE cov: 1540 ft: 6312 corp: 1355/264Kb lim: 4096 exec/s: 11944 rss: 490Mb L: 81/4087 MS: 1 EraseBytes-
#2892034	REDUCE cov: 1540 ft: 6312 corp: 1355/264Kb lim: 4096 exec/s: 11950 rss: 490Mb L: 114/4087 MS: 1 EraseBytes-
#2892286	REDUCE cov: 1540 ft: 6312 corp: 1355/264Kb lim: 4096 exec/s: 11951 rss: 490Mb L: 11/4087 MS: 2 ChangeByte-EraseBytes-
#2892330	REDUCE cov: 1540 ft: 6312 corp: 1355/264Kb lim: 4096 exec/s: 11951 rss: 490Mb L: 149/4087 MS: 4 ChangeASCIIInt-InsertByte-ChangeBinInt-EraseBytes-
#2893346	REDUCE cov: 1540 ft: 6312 corp: 1355/264Kb lim: 4096 exec/s: 11955 rss: 490Mb L: 491/4087 MS: 1 EraseBytes-
#2898522	REDUCE cov: 1540 ft: 6312 corp: 1355/264Kb lim: 4096 exec/s: 11977 rss: 490Mb L: 231/4087 MS: 1 EraseBytes-
#2898954	REDUCE cov: 1540 ft: 6312 corp: 1355/264Kb lim: 4096 exec/s: 11979 rss: 490Mb L: 508/4087 MS: 2 CopyPart-EraseBytes-
#2901671	REDUCE cov: 1540 ft: 6312 corp: 1355/264Kb lim: 4096 exec/s: 11941 rss: 490Mb L: 2744/4087 MS: 2 InsertRepeatedBytes-EraseBytes-
#2903678	REDUCE cov: 1540 ft: 6312 corp: 1355/264Kb lim: 4096 exec/s: 11949 rss: 490Mb L: 2714/4087 MS: 2 ChangeBinInt-EraseBytes-
#2904979	REDUCE cov: 1540 ft: 6312 corp: 1355/264Kb lim: 4096 exec/s: 11954 rss: 490Mb L: 17/4087 MS: 1 EraseBytes-
#2906155	REDUCE cov: 1540 ft: 6312 corp: 1355/264Kb lim: 4096 exec/s: 11959 rss: 490Mb L: 30/4087 MS: 1 EraseBytes-
#2906999	REDUCE cov: 1540 ft: 6312 corp: 1355/264Kb lim: 4096 exec/s: 11962 rss: 490Mb L: 65/4087 MS: 4 InsertByte-InsertByte-EraseBytes-CopyPart-
#2909895	REDUCE cov: 1540 ft: 6312 corp: 1355/263Kb lim: 4096 exec/s: 11925 rss: 490Mb L: 1019/4087 MS: 1 EraseBytes-
#2911509	REDUCE cov: 1540 ft: 6312 corp: 1355/263Kb lim: 4096 exec/s: 11932 rss: 490Mb L: 5/4087 MS: 4 CrossOver-ChangeByte-ChangeBinInt-EraseBytes-
#2911625	REDUCE cov: 1540 ft: 6312 corp: 1355/263Kb lim: 4096 exec/s: 11932 rss: 490Mb L: 136/4087 MS: 1 EraseBytes-
#2913016	REDUCE cov: 1540 ft: 6312 corp: 1355/263Kb lim: 4096 exec/s: 11938 rss: 490Mb L: 29/4087 MS: 1 EraseBytes-
#2918268	REDUCE cov: 1540 ft: 6312 corp: 1355/263Kb lim: 4096 exec/s: 11960 rss: 490Mb L: 106/4087 MS: 2 InsertByte-EraseBytes-
#2918546	REDUCE cov: 1540 ft: 6312 corp: 1355/263Kb lim: 4096 exec/s: 11961 rss: 490Mb L: 160/4087 MS: 3 ChangeByte-CopyPart-EraseBytes-
#2919032	REDUCE cov: 1540 ft: 6312 corp: 1355/263Kb lim: 4096 exec/s: 11963 rss: 490Mb L: 862/4087 MS: 1 EraseBytes-
#2927765	REDUCE cov: 1540 ft: 6312 corp: 1355/263Kb lim: 4096 exec/s: 11950 rss: 490Mb L: 6/4087 MS: 3 ShuffleBytes-EraseBytes-CrossOver-
#2928046	REDUCE cov: 1540 ft: 6312 corp: 1355/263Kb lim: 4096 exec/s: 11951 rss: 490Mb L: 17/4087 MS: 1 EraseBytes-
#2928712	REDUCE cov: 1540 ft: 6312 corp: 1355/263Kb lim: 4096 exec/s: 11953 rss: 490Mb L: 128/4087 MS: 1 EraseBytes-
#2929540	REDUCE cov: 1540 ft: 6312 corp: 1355/263Kb lim: 4096 exec/s: 11957 rss: 490Mb L: 7/4087 MS: 3 PersAutoDict-ChangeASCIIInt-EraseBytes- DE: "=\357\277\275"-
#2930356	REDUCE cov: 1540 ft: 6312 corp: 1355/263Kb lim: 4096 exec/s: 11960 rss: 490Mb L: 59/4087 MS: 1 EraseBytes-
#2932367	REDUCE cov: 1540 ft: 6312 corp: 1355/263Kb lim: 4096 exec/s: 11968 rss: 490Mb L: 47/4087 MS: 1 EraseBytes-
#2932523	REDUCE cov: 1540 ft: 6312 corp: 1355/263Kb lim: 4096 exec/s: 11969 rss: 490Mb L: 71/4087 MS: 1 EraseBytes-
#2932671	REDUCE cov: 1540 ft: 6312 corp: 1355/263Kb lim: 4096 exec/s: 11970 rss: 490Mb L: 96/4087 MS: 3 ShuffleBytes-EraseBytes-CopyPart-
#2933743	REDUCE cov: 1540 ft: 6312 corp: 1355/263Kb lim: 4096 exec/s: 11974 rss: 490Mb L: 2709/4087 MS: 2 ChangeASCIIInt-EraseBytes-
#2934184	REDUCE cov: 1540 ft: 6312 corp: 1355/263Kb lim: 4096 exec/s: 11976 rss: 490Mb L: 1120/4087 MS: 1 EraseBytes-
#2936235	REDUCE cov: 1540 ft: 6312 corp: 1355/263Kb lim: 4096 exec/s: 11935 rss: 490Mb L: 16/4087 MS: 1 EraseBytes-
#2936942	REDUCE cov: 1540 ft: 6312 corp: 1355/263Kb lim: 4096 exec/s: 11938 rss: 490Mb L: 1303/4087 MS: 2 ChangeBinInt-EraseBytes-
#2939093	REDUCE cov: 1540 ft: 6312 corp: 1355/263Kb lim: 4096 exec/s: 11947 rss: 490Mb L: 9/4087 MS: 1 EraseBytes-
#2943484	REDUCE cov: 1540 ft: 6312 corp: 1355/263Kb lim: 4096 exec/s: 11965 rss: 490Mb L: 55/4087 MS: 1 EraseBytes-
#2944521	REDUCE cov: 1541 ft: 6360 corp: 1356/263Kb lim: 4096 exec/s: 11969 rss: 490Mb L: 59/4087 MS: 2 ChangeBit-CopyPart-
#2949207	REDUCE cov: 1541 ft: 6360 corp: 1356/263Kb lim: 4096 exec/s: 11940 rss: 491Mb L: 23/4087 MS: 1 EraseBytes-
#2949589	REDUCE cov: 1541 ft: 6360 corp: 1356/263Kb lim: 4096 exec/s: 11941 rss: 491Mb L: 13/4087 MS: 2 CopyPart-EraseBytes-
#2950575	NEW    cov: 1541 ft: 6361 corp: 1357/264Kb lim: 4096 exec/s: 11945 rss: 491Mb L: 178/4087 MS: 1 InsertRepeatedBytes-
#2951986	REDUCE cov: 1541 ft: 6361 corp: 1357/264Kb lim: 4096 exec/s: 11951 rss: 491Mb L: 30/4087 MS: 1 EraseBytes-
#2955338	REDUCE cov: 1541 ft: 6361 corp: 1357/264Kb lim: 4096 exec/s: 11964 rss: 491Mb L: 158/4087 MS: 2 ChangeASCIIInt-EraseBytes-
#2956120	REDUCE cov: 1541 ft: 6361 corp: 1357/264Kb lim: 4096 exec/s: 11968 rss: 491Mb L: 71/4087 MS: 2 ChangeBit-EraseBytes-
#2960498	REDUCE cov: 1541 ft: 6361 corp: 1357/264Kb lim: 4096 exec/s: 11985 rss: 491Mb L: 187/4087 MS: 3 ShuffleBytes-ChangeASCIIInt-EraseBytes-
#2961079	REDUCE cov: 1541 ft: 6361 corp: 1357/264Kb lim: 4096 exec/s: 11988 rss: 491Mb L: 104/4087 MS: 1 EraseBytes-
#2961109	REDUCE cov: 1541 ft: 6361 corp: 1357/264Kb lim: 4096 exec/s: 11988 rss: 491Mb L: 33/4087 MS: 5 InsertRepeatedBytes-EraseBytes-ChangeBit-ChangeASCIIInt-EraseBytes-
#2961610	REDUCE cov: 1541 ft: 6361 corp: 1357/264Kb lim: 4096 exec/s: 11990 rss: 491Mb L: 109/4087 MS: 1 EraseBytes-
#2961916	REDUCE cov: 1541 ft: 6361 corp: 1357/263Kb lim: 4096 exec/s: 11943 rss: 491Mb L: 81/4087 MS: 1 EraseBytes-
#2962860	REDUCE cov: 1541 ft: 6361 corp: 1357/263Kb lim: 4096 exec/s: 11947 rss: 491Mb L: 32/4087 MS: 4 ChangeBit-ChangeASCIIInt-ChangeBit-EraseBytes-
#2965342	REDUCE cov: 1541 ft: 6361 corp: 1357/263Kb lim: 4096 exec/s: 11957 rss: 491Mb L: 697/4087 MS: 2 ChangeASCIIInt-EraseBytes-
#2969338	REDUCE cov: 1541 ft: 6361 corp: 1357/263Kb lim: 4096 exec/s: 11973 rss: 491Mb L: 437/4087 MS: 1 EraseBytes-
#2970569	REDUCE cov: 1541 ft: 6361 corp: 1357/263Kb lim: 4096 exec/s: 11978 rss: 491Mb L: 905/4087 MS: 1 EraseBytes-
#2973136	REDUCE cov: 1541 ft: 6361 corp: 1357/263Kb lim: 4096 exec/s: 11988 rss: 491Mb L: 157/4087 MS: 2 ShuffleBytes-EraseBytes-
#2974543	REDUCE cov: 1541 ft: 6361 corp: 1357/263Kb lim: 4096 exec/s: 11994 rss: 491Mb L: 71/4087 MS: 2 CopyPart-EraseBytes-
#2974634	REDUCE cov: 1541 ft: 6361 corp: 1357/263Kb lim: 4096 exec/s: 11946 rss: 491Mb L: 181/4087 MS: 1 EraseBytes-
#2975590	REDUCE cov: 1541 ft: 6361 corp: 1357/263Kb lim: 4096 exec/s: 11950 rss: 491Mb L: 25/4087 MS: 1 EraseBytes-
#2976132	REDUCE cov: 1541 ft: 6361 corp: 1357/263Kb lim: 4096 exec/s: 11952 rss: 491Mb L: 38/4087 MS: 2 ChangeASCIIInt-EraseBytes-
#2979859	REDUCE cov: 1541 ft: 6361 corp: 1357/263Kb lim: 4096 exec/s: 11967 rss: 491Mb L: 108/4087 MS: 2 ChangeASCIIInt-EraseBytes-
#2984586	NEW    cov: 1541 ft: 6409 corp: 1358/263Kb lim: 4096 exec/s: 11986 rss: 491Mb L: 78/4087 MS: 2 ChangeASCIIInt-CopyPart-
#2988621	REDUCE cov: 1541 ft: 6409 corp: 1358/263Kb lim: 4096 exec/s: 11954 rss: 491Mb L: 186/4087 MS: 5 CopyPart-ShuffleBytes-CopyPart-ChangeByte-EraseBytes-
#2989563	REDUCE cov: 1541 ft: 6409 corp: 1358/263Kb lim: 4096 exec/s: 11958 rss: 491Mb L: 47/4087 MS: 2 ShuffleBytes-EraseBytes-
#2990799	REDUCE cov: 1541 ft: 6409 corp: 1358/263Kb lim: 4096 exec/s: 11963 rss: 491Mb L: 11/4087 MS: 1 EraseBytes-
#2993210	REDUCE cov: 1541 ft: 6409 corp: 1358/263Kb lim: 4096 exec/s: 11972 rss: 491Mb L: 189/4087 MS: 1 EraseBytes-
#2994972	REDUCE cov: 1541 ft: 6409 corp: 1358/263Kb lim: 4096 exec/s: 11979 rss: 491Mb L: 17/4087 MS: 2 ChangeBinInt-EraseBytes-
#2997178	REDUCE cov: 1541 ft: 6409 corp: 1358/263Kb lim: 4096 exec/s: 11988 rss: 491Mb L: 3611/4087 MS: 1 EraseBytes-
#2997954	REDUCE cov: 1541 ft: 6409 corp: 1358/263Kb lim: 4096 exec/s: 11944 rss: 491Mb L: 55/4087 MS: 1 EraseBytes-
#2998375	REDUCE cov: 1541 ft: 6409 corp: 1358/263Kb lim: 4096 exec/s: 11945 rss: 491Mb L: 118/4087 MS: 1 EraseBytes-
#2999466	REDUCE cov: 1541 ft: 6409 corp: 1358/263Kb lim: 4096 exec/s: 11950 rss: 491Mb L: 3460/4087 MS: 1 EraseBytes-
#3000373	REDUCE cov: 1541 ft: 6409 corp: 1358/263Kb lim: 4096 exec/s: 11953 rss: 491Mb L: 163/4087 MS: 2 ShuffleBytes-EraseBytes-
#3001620	REDUCE cov: 1541 ft: 6409 corp: 1358/263Kb lim: 4096 exec/s: 11958 rss: 491Mb L: 186/4087 MS: 2 ChangeByte-EraseBytes-
#3002216	REDUCE cov: 1541 ft: 6409 corp: 1358/263Kb lim: 4096 exec/s: 11961 rss: 491Mb L: 26/4087 MS: 1 EraseBytes-
#3002518	REDUCE cov: 1541 ft: 6409 corp: 1358/263Kb lim: 4096 exec/s: 11962 rss: 491Mb L: 105/4087 MS: 2 CopyPart-EraseBytes-
#3004134	REDUCE cov: 1541 ft: 6409 corp: 1358/263Kb lim: 4096 exec/s: 11968 rss: 491Mb L: 329/4087 MS: 1 EraseBytes-
#3004740	NEW    cov: 1541 ft: 6410 corp: 1359/263Kb lim: 4096 exec/s: 11971 rss: 491Mb L: 82/4087 MS: 1 PersAutoDict- DE: "\376\377\377\377"-
#3005831	REDUCE cov: 1541 ft: 6410 corp: 1359/263Kb lim: 4096 exec/s: 11975 rss: 491Mb L: 26/4087 MS: 1 EraseBytes-
#3011189	REDUCE cov: 1541 ft: 6410 corp: 1359/263Kb lim: 4096 exec/s: 11949 rss: 491Mb L: 101/4087 MS: 3 ShuffleBytes-ShuffleBytes-EraseBytes-
#3016911	REDUCE cov: 1541 ft: 6410 corp: 1359/263Kb lim: 4096 exec/s: 11971 rss: 491Mb L: 26/4087 MS: 2 InsertByte-EraseBytes-
#3017353	REDUCE cov: 1541 ft: 6410 corp: 1359/263Kb lim: 4096 exec/s: 11973 rss: 491Mb L: 2792/4087 MS: 2 ShuffleBytes-EraseBytes-
#3017599	REDUCE cov: 1541 ft: 6410 corp: 1359/263Kb lim: 4096 exec/s: 11974 rss: 491Mb L: 35/4087 MS: 1 EraseBytes-
#3018152	REDUCE cov: 1541 ft: 6410 corp: 1359/263Kb lim: 4096 exec/s: 11976 rss: 491Mb L: 176/4087 MS: 3 ShuffleBytes-PersAutoDict-EraseBytes- DE: "code"-
#3018299	REDUCE cov: 1541 ft: 6410 corp: 1359/263Kb lim: 4096 exec/s: 11977 rss: 491Mb L: 3326/4087 MS: 2 ChangeASCIIInt-EraseBytes-
#3019590	REDUCE cov: 1541 ft: 6410 corp: 1359/263Kb lim: 4096 exec/s: 11982 rss: 491Mb L: 203/4087 MS: 1 EraseBytes-
#3021566	NEW    cov: 1542 ft: 6411 corp: 1360/263Kb lim: 4096 exec/s: 11942 rss: 491Mb L: 90/4087 MS: 1 CopyPart-
#3024647	REDUCE cov: 1542 ft: 6411 corp: 1360/263Kb lim: 4096 exec/s: 11955 rss: 491Mb L: 89/4087 MS: 1 EraseBytes-
#3025538	REDUCE cov: 1542 ft: 6412 corp: 1361/263Kb lim: 4096 exec/s: 11958 rss: 491Mb L: 110/4087 MS: 1 CopyPart-
#3025664	REDUCE cov: 1542 ft: 6412 corp: 1361/263Kb lim: 4096 exec/s: 11959 rss: 491Mb L: 29/4087 MS: 1 EraseBytes-
#3028787	REDUCE cov: 1542 ft: 6412 corp: 1361/263Kb lim: 4096 exec/s: 11971 rss: 491Mb L: 66/4087 MS: 3 ChangeASCIIInt-ChangeBit-EraseBytes-
#3030743	REDUCE cov: 1542 ft: 6412 corp: 1361/263Kb lim: 4096 exec/s: 11932 rss: 491Mb L: 20/4087 MS: 1 EraseBytes-
#3035214	REDUCE cov: 1542 ft: 6412 corp: 1361/263Kb lim: 4096 exec/s: 11949 rss: 491Mb L: 2556/4087 MS: 1 EraseBytes-
#3035505	REDUCE cov: 1542 ft: 6412 corp: 1361/263Kb lim: 4096 exec/s: 11950 rss: 491Mb L: 348/4087 MS: 1 EraseBytes-
#3036321	REDUCE cov: 1542 ft: 6412 corp: 1361/263Kb lim: 4096 exec/s: 11954 rss: 491Mb L: 109/4087 MS: 1 EraseBytes-
#3036403	REDUCE cov: 1542 ft: 6412 corp: 1361/263Kb lim: 4096 exec/s: 11954 rss: 491Mb L: 189/4087 MS: 2 ChangeBit-EraseBytes-
#3036954	REDUCE cov: 1542 ft: 6412 corp: 1361/263Kb lim: 4096 exec/s: 11956 rss: 491Mb L: 502/4087 MS: 1 EraseBytes-
#3037486	REDUCE cov: 1542 ft: 6412 corp: 1361/263Kb lim: 4096 exec/s: 11958 rss: 491Mb L: 78/4087 MS: 2 CopyPart-EraseBytes-
#3039467	REDUCE cov: 1542 ft: 6412 corp: 1361/263Kb lim: 4096 exec/s: 11966 rss: 491Mb L: 77/4087 MS: 1 EraseBytes-
#3041313	REDUCE cov: 1542 ft: 6412 corp: 1361/263Kb lim: 4096 exec/s: 11926 rss: 492Mb L: 1915/4087 MS: 1 EraseBytes-
#3044106	REDUCE cov: 1542 ft: 6412 corp: 1361/263Kb lim: 4096 exec/s: 11937 rss: 492Mb L: 148/4087 MS: 3 ShuffleBytes-InsertRepeatedBytes-EraseBytes-
#3050747	REDUCE cov: 1542 ft: 6412 corp: 1361/263Kb lim: 4096 exec/s: 11963 rss: 492Mb L: 17/4087 MS: 1 EraseBytes-
#3050810	NEW    cov: 1542 ft: 6450 corp: 1362/263Kb lim: 4096 exec/s: 11963 rss: 492Mb L: 129/4087 MS: 3 ShuffleBytes-ChangeASCIIInt-CopyPart-
#3051086	REDUCE cov: 1542 ft: 6450 corp: 1362/263Kb lim: 4096 exec/s: 11965 rss: 492Mb L: 94/4087 MS: 1 EraseBytes-
#3052547	REDUCE cov: 1542 ft: 6450 corp: 1362/263Kb lim: 4096 exec/s: 11924 rss: 492Mb L: 333/4087 MS: 1 EraseBytes-
#3054183	REDUCE cov: 1542 ft: 6450 corp: 1362/263Kb lim: 4096 exec/s: 11930 rss: 492Mb L: 135/4087 MS: 1 EraseBytes-
#3056585	REDUCE cov: 1542 ft: 6450 corp: 1362/263Kb lim: 4096 exec/s: 11939 rss: 493Mb L: 437/4087 MS: 2 ChangeBinInt-EraseBytes-
#3056951	REDUCE cov: 1542 ft: 6450 corp: 1362/263Kb lim: 4096 exec/s: 11941 rss: 493Mb L: 57/4087 MS: 1 EraseBytes-
#3059422	NEW    cov: 1542 ft: 6504 corp: 1363/263Kb lim: 4096 exec/s: 11950 rss: 493Mb L: 224/4087 MS: 1 CopyPart-
#3060378	REDUCE cov: 1542 ft: 6504 corp: 1363/263Kb lim: 4096 exec/s: 11954 rss: 493Mb L: 15/4087 MS: 1 EraseBytes-
#3063109	REDUCE cov: 1542 ft: 6504 corp: 1363/263Kb lim: 4096 exec/s: 11965 rss: 493Mb L: 170/4087 MS: 1 EraseBytes-
#3064405	REDUCE cov: 1542 ft: 6504 corp: 1363/263Kb lim: 4096 exec/s: 11970 rss: 493Mb L: 457/4087 MS: 1 EraseBytes-
#3067461	REDUCE cov: 1543 ft: 6505 corp: 1364/263Kb lim: 4096 exec/s: 11935 rss: 494Mb L: 57/4087 MS: 1 ChangeByte-
#3068897	REDUCE cov: 1543 ft: 6505 corp: 1364/263Kb lim: 4096 exec/s: 11941 rss: 494Mb L: 44/4087 MS: 1 EraseBytes-
#3069412	REDUCE cov: 1543 ft: 6505 corp: 1364/263Kb lim: 4096 exec/s: 11943 rss: 494Mb L: 1780/4087 MS: 5 ChangeBit-ShuffleBytes-EraseBytes-ChangeBinInt-CopyPart-
#3072188	REDUCE cov: 1543 ft: 6505 corp: 1364/263Kb lim: 4096 exec/s: 11954 rss: 494Mb L: 39/4087 MS: 1 EraseBytes-
#3072469	REDUCE cov: 1543 ft: 6505 corp: 1364/263Kb lim: 4096 exec/s: 11955 rss: 494Mb L: 41/4087 MS: 1 EraseBytes-
#3072948	REDUCE cov: 1543 ft: 6505 corp: 1364/263Kb lim: 4096 exec/s: 11956 rss: 494Mb L: 155/4087 MS: 4 ChangeBit-ShuffleBytes-InsertRepeatedBytes-EraseBytes-
#3075610	REDUCE cov: 1543 ft: 6505 corp: 1364/263Kb lim: 4096 exec/s: 11967 rss: 494Mb L: 58/4087 MS: 2 ChangeBit-EraseBytes-
#3077202	REDUCE cov: 1543 ft: 6505 corp: 1364/263Kb lim: 4096 exec/s: 11973 rss: 494Mb L: 127/4087 MS: 2 ShuffleBytes-EraseBytes-
#3078008	REDUCE cov: 1543 ft: 6505 corp: 1364/263Kb lim: 4096 exec/s: 11930 rss: 494Mb L: 1800/4087 MS: 1 EraseBytes-
#3082947	REDUCE cov: 1543 ft: 6505 corp: 1364/263Kb lim: 4096 exec/s: 11949 rss: 494Mb L: 12/4087 MS: 4 ShuffleBytes-ShuffleBytes-ChangeByte-EraseBytes-
#3084173	REDUCE cov: 1543 ft: 6505 corp: 1364/262Kb lim: 4096 exec/s: 11954 rss: 494Mb L: 1475/4087 MS: 1 EraseBytes-
#3085489	REDUCE cov: 1543 ft: 6505 corp: 1364/262Kb lim: 4096 exec/s: 11959 rss: 494Mb L: 1697/4087 MS: 1 EraseBytes-
#3090261	REDUCE cov: 1543 ft: 6505 corp: 1364/262Kb lim: 4096 exec/s: 11977 rss: 494Mb L: 77/4087 MS: 2 ShuffleBytes-EraseBytes-
#3094747	REDUCE cov: 1543 ft: 6505 corp: 1364/262Kb lim: 4096 exec/s: 11948 rss: 494Mb L: 515/4087 MS: 1 EraseBytes-
#3095788	REDUCE cov: 1543 ft: 6505 corp: 1364/262Kb lim: 4096 exec/s: 11952 rss: 494Mb L: 93/4087 MS: 1 EraseBytes-
#3096315	REDUCE cov: 1543 ft: 6505 corp: 1364/262Kb lim: 4096 exec/s: 11954 rss: 494Mb L: 134/4087 MS: 2 EraseBytes-CopyPart-
#3096973	REDUCE cov: 1543 ft: 6505 corp: 1364/262Kb lim: 4096 exec/s: 11957 rss: 494Mb L: 178/4087 MS: 3 ChangeASCIIInt-CopyPart-EraseBytes-
#3097834	REDUCE cov: 1543 ft: 6505 corp: 1364/262Kb lim: 4096 exec/s: 11960 rss: 494Mb L: 1369/4087 MS: 1 EraseBytes-
#3101009	REDUCE cov: 1543 ft: 6505 corp: 1364/262Kb lim: 4096 exec/s: 11973 rss: 494Mb L: 2/4087 MS: 5 ChangeBit-PersAutoDict-EraseBytes-EraseBytes-ChangeBit- DE: "<\012\000\000"-
#3102531	REDUCE cov: 1543 ft: 6505 corp: 1364/262Kb lim: 4096 exec/s: 11978 rss: 494Mb L: 2111/4087 MS: 2 CopyPart-EraseBytes-
#3103692	REDUCE cov: 1543 ft: 6505 corp: 1364/262Kb lim: 4096 exec/s: 11983 rss: 494Mb L: 81/4087 MS: 1 EraseBytes-
#3104578	REDUCE cov: 1543 ft: 6505 corp: 1364/262Kb lim: 4096 exec/s: 11940 rss: 494Mb L: 9/4087 MS: 1 EraseBytes-
#3104924	REDUCE cov: 1543 ft: 6505 corp: 1364/262Kb lim: 4096 exec/s: 11942 rss: 494Mb L: 13/4087 MS: 1 EraseBytes-
#3107215	REDUCE cov: 1543 ft: 6505 corp: 1364/262Kb lim: 4096 exec/s: 11950 rss: 494Mb L: 10/4087 MS: 1 EraseBytes-
#3108616	REDUCE cov: 1543 ft: 6505 corp: 1364/262Kb lim: 4096 exec/s: 11956 rss: 494Mb L: 277/4087 MS: 1 EraseBytes-
#3108977	REDUCE cov: 1543 ft: 6505 corp: 1364/262Kb lim: 4096 exec/s: 11957 rss: 494Mb L: 14/4087 MS: 1 EraseBytes-
#3109115	REDUCE cov: 1543 ft: 6505 corp: 1364/262Kb lim: 4096 exec/s: 11958 rss: 494Mb L: 53/4087 MS: 3 ShuffleBytes-EraseBytes-ChangeByte-
#3109841	REDUCE cov: 1543 ft: 6505 corp: 1364/262Kb lim: 4096 exec/s: 11960 rss: 494Mb L: 69/4087 MS: 1 EraseBytes-
#3112743	REDUCE cov: 1543 ft: 6505 corp: 1364/262Kb lim: 4096 exec/s: 11972 rss: 494Mb L: 100/4087 MS: 2 ChangeByte-EraseBytes-
#3113359	REDUCE cov: 1543 ft: 6505 corp: 1364/262Kb lim: 4096 exec/s: 11974 rss: 494Mb L: 1799/4087 MS: 1 EraseBytes-
#3114115	REDUCE cov: 1543 ft: 6505 corp: 1364/262Kb lim: 4096 exec/s: 11977 rss: 494Mb L: 110/4087 MS: 1 EraseBytes-
#3119631	REDUCE cov: 1543 ft: 6505 corp: 1364/262Kb lim: 4096 exec/s: 11952 rss: 494Mb L: 73/4087 MS: 1 EraseBytes-
#3121270	REDUCE cov: 1543 ft: 6505 corp: 1364/262Kb lim: 4096 exec/s: 11958 rss: 494Mb L: 2235/4087 MS: 4 ChangeByte-ChangeBinInt-ChangeBinInt-EraseBytes-
#3121811	REDUCE cov: 1543 ft: 6505 corp: 1364/262Kb lim: 4096 exec/s: 11960 rss: 494Mb L: 86/4087 MS: 1 EraseBytes-
#3121908	NEW    cov: 1543 ft: 6506 corp: 1365/262Kb lim: 4096 exec/s: 11961 rss: 494Mb L: 336/4087 MS: 2 CopyPart-CopyPart-
#3122774	REDUCE cov: 1543 ft: 6506 corp: 1365/262Kb lim: 4096 exec/s: 11964 rss: 494Mb L: 52/4087 MS: 1 EraseBytes-
#3123311	REDUCE cov: 1543 ft: 6506 corp: 1365/262Kb lim: 4096 exec/s: 11966 rss: 494Mb L: 175/4087 MS: 2 CopyPart-EraseBytes-
#3123893	REDUCE cov: 1543 ft: 6506 corp: 1365/262Kb lim: 4096 exec/s: 11968 rss: 494Mb L: 40/4087 MS: 2 InsertByte-EraseBytes-
#3125939	REDUCE cov: 1543 ft: 6506 corp: 1365/262Kb lim: 4096 exec/s: 11976 rss: 494Mb L: 78/4087 MS: 1 EraseBytes-
#3126121	NEW    cov: 1544 ft: 6507 corp: 1366/262Kb lim: 4096 exec/s: 11977 rss: 494Mb L: 241/4087 MS: 2 ChangeASCIIInt-CrossOver-
#3128117	REDUCE cov: 1544 ft: 6507 corp: 1366/262Kb lim: 4096 exec/s: 11985 rss: 494Mb L: 10/4087 MS: 1 EraseBytes-
#3128309	REDUCE cov: 1544 ft: 6507 corp: 1366/262Kb lim: 4096 exec/s: 11985 rss: 494Mb L: 5/4087 MS: 2 ChangeBit-EraseBytes-
#3133435	REDUCE cov: 1544 ft: 6507 corp: 1366/262Kb lim: 4096 exec/s: 11959 rss: 494Mb L: 16/4087 MS: 1 EraseBytes-
#3133606	REDUCE cov: 1544 ft: 6507 corp: 1366/262Kb lim: 4096 exec/s: 11960 rss: 494Mb L: 316/4087 MS: 1 EraseBytes-
#3133827	REDUCE cov: 1544 ft: 6507 corp: 1366/262Kb lim: 4096 exec/s: 11961 rss: 494Mb L: 81/4087 MS: 1 EraseBytes-
#3136413	REDUCE cov: 1544 ft: 6507 corp: 1366/262Kb lim: 4096 exec/s: 11971 rss: 494Mb L: 136/4087 MS: 1 EraseBytes-
#3136615	REDUCE cov: 1544 ft: 6507 corp: 1366/262Kb lim: 4096 exec/s: 11971 rss: 494Mb L: 56/4087 MS: 2 ChangeByte-EraseBytes-
#3136781	REDUCE cov: 1544 ft: 6507 corp: 1366/262Kb lim: 4096 exec/s: 11972 rss: 494Mb L: 22/4087 MS: 1 EraseBytes-
#3140733	REDUCE cov: 1544 ft: 6507 corp: 1366/262Kb lim: 4096 exec/s: 11987 rss: 494Mb L: 4/4087 MS: 2 ChangeBinInt-EraseBytes-
#3141309	REDUCE cov: 1544 ft: 6507 corp: 1366/262Kb lim: 4096 exec/s: 11989 rss: 494Mb L: 1752/4087 MS: 1 EraseBytes-
#3142220	REDUCE cov: 1544 ft: 6507 corp: 1366/262Kb lim: 4096 exec/s: 11993 rss: 494Mb L: 378/4087 MS: 1 EraseBytes-
#3142641	REDUCE cov: 1544 ft: 6507 corp: 1366/262Kb lim: 4096 exec/s: 11994 rss: 494Mb L: 22/4087 MS: 1 EraseBytes-
#3143267	REDUCE cov: 1544 ft: 6507 corp: 1366/262Kb lim: 4096 exec/s: 11951 rss: 494Mb L: 186/4087 MS: 1 EraseBytes-
#3145483	REDUCE cov: 1544 ft: 6507 corp: 1366/262Kb lim: 4096 exec/s: 11960 rss: 494Mb L: 44/4087 MS: 1 EraseBytes-
#3145893	REDUCE cov: 1544 ft: 6507 corp: 1366/262Kb lim: 4096 exec/s: 11961 rss: 494Mb L: 3421/4087 MS: 5 ChangeBit-ChangeASCIIInt-EraseBytes-CopyPart-EraseBytes-
#3150800	REDUCE cov: 1544 ft: 6507 corp: 1366/262Kb lim: 4096 exec/s: 11934 rss: 494Mb L: 554/4087 MS: 2 ChangeASCIIInt-EraseBytes-
#3157796	REDUCE cov: 1544 ft: 6507 corp: 1366/262Kb lim: 4096 exec/s: 11961 rss: 494Mb L: 159/4087 MS: 1 EraseBytes-
#3158312	REDUCE cov: 1544 ft: 6507 corp: 1366/262Kb lim: 4096 exec/s: 11963 rss: 494Mb L: 87/4087 MS: 1 EraseBytes-
#3158583	REDUCE cov: 1544 ft: 6507 corp: 1366/262Kb lim: 4096 exec/s: 11964 rss: 494Mb L: 94/4087 MS: 1 EraseBytes-
#3159090	REDUCE cov: 1544 ft: 6507 corp: 1366/262Kb lim: 4096 exec/s: 11966 rss: 494Mb L: 566/4087 MS: 2 ChangeASCIIInt-EraseBytes-
#3159367	REDUCE cov: 1544 ft: 6507 corp: 1366/262Kb lim: 4096 exec/s: 11967 rss: 494Mb L: 2198/4087 MS: 2 ShuffleBytes-EraseBytes-
#3160550	REDUCE cov: 1544 ft: 6508 corp: 1367/264Kb lim: 4096 exec/s: 11926 rss: 494Mb L: 2075/4087 MS: 3 CrossOver-ChangeBit-CopyPart-
#3161239	REDUCE cov: 1544 ft: 6508 corp: 1367/264Kb lim: 4096 exec/s: 11929 rss: 494Mb L: 1947/4087 MS: 4 ChangeASCIIInt-ChangeBinInt-ShuffleBytes-EraseBytes-
#3161875	REDUCE cov: 1544 ft: 6508 corp: 1367/264Kb lim: 4096 exec/s: 11931 rss: 494Mb L: 10/4087 MS: 1 EraseBytes-
#3163622	REDUCE cov: 1545 ft: 6509 corp: 1368/264Kb lim: 4096 exec/s: 11938 rss: 494Mb L: 20/4087 MS: 2 ChangeASCIIInt-EraseBytes-
#3163899	REDUCE cov: 1545 ft: 6509 corp: 1368/264Kb lim: 4096 exec/s: 11939 rss: 494Mb L: 50/4087 MS: 2 ShuffleBytes-EraseBytes-
#3165185	REDUCE cov: 1545 ft: 6509 corp: 1368/264Kb lim: 4096 exec/s: 11944 rss: 494Mb L: 59/4087 MS: 1 EraseBytes-
#3167016	REDUCE cov: 1545 ft: 6509 corp: 1368/264Kb lim: 4096 exec/s: 11951 rss: 494Mb L: 76/4087 MS: 1 EraseBytes-
#3169833	REDUCE cov: 1545 ft: 6509 corp: 1368/264Kb lim: 4096 exec/s: 11961 rss: 494Mb L: 31/4087 MS: 2 ChangeASCIIInt-EraseBytes-
#3170884	REDUCE cov: 1545 ft: 6509 corp: 1368/264Kb lim: 4096 exec/s: 11965 rss: 494Mb L: 885/4087 MS: 1 EraseBytes-
#3171265	REDUCE cov: 1545 ft: 6509 corp: 1368/264Kb lim: 4096 exec/s: 11967 rss: 494Mb L: 16/4087 MS: 1 EraseBytes-
#3172152	REDUCE cov: 1545 ft: 6517 corp: 1369/266Kb lim: 4096 exec/s: 11970 rss: 494Mb L: 1704/4087 MS: 2 CopyPart-CopyPart-
#3173993	REDUCE cov: 1545 ft: 6517 corp: 1369/266Kb lim: 4096 exec/s: 11932 rss: 494Mb L: 123/4087 MS: 1 EraseBytes-
#3175061	REDUCE cov: 1545 ft: 6517 corp: 1369/266Kb lim: 4096 exec/s: 11936 rss: 494Mb L: 67/4087 MS: 3 ShuffleBytes-ChangeASCIIInt-EraseBytes-
#3175232	REDUCE cov: 1545 ft: 6517 corp: 1369/265Kb lim: 4096 exec/s: 11936 rss: 494Mb L: 1403/4087 MS: 1 EraseBytes-
#3175563	REDUCE cov: 1545 ft: 6517 corp: 1369/265Kb lim: 4096 exec/s: 11938 rss: 494Mb L: 291/4087 MS: 1 EraseBytes-
#3176850	REDUCE cov: 1545 ft: 6517 corp: 1369/265Kb lim: 4096 exec/s: 11943 rss: 494Mb L: 19/4087 MS: 2 ChangeASCIIInt-EraseBytes-
#3181018	REDUCE cov: 1545 ft: 6517 corp: 1369/265Kb lim: 4096 exec/s: 11958 rss: 494Mb L: 75/4087 MS: 3 ChangeByte-ChangeASCIIInt-EraseBytes-
#3181272	REDUCE cov: 1545 ft: 6517 corp: 1369/265Kb lim: 4096 exec/s: 11959 rss: 494Mb L: 55/4087 MS: 4 InsertByte-ShuffleBytes-ChangeBit-EraseBytes-
#3186023	REDUCE cov: 1545 ft: 6517 corp: 1369/265Kb lim: 4096 exec/s: 11977 rss: 494Mb L: 201/4087 MS: 1 EraseBytes-
#3186409	REDUCE cov: 1545 ft: 6517 corp: 1369/265Kb lim: 4096 exec/s: 11978 rss: 494Mb L: 340/4087 MS: 1 EraseBytes-
#3188295	REDUCE cov: 1545 ft: 6517 corp: 1369/265Kb lim: 4096 exec/s: 11941 rss: 494Mb L: 89/4087 MS: 1 EraseBytes-
#3189048	REDUCE cov: 1545 ft: 6517 corp: 1369/265Kb lim: 4096 exec/s: 11944 rss: 494Mb L: 149/4087 MS: 3 ChangeASCIIInt-ChangeASCIIInt-EraseBytes-
#3189509	REDUCE cov: 1545 ft: 6517 corp: 1369/265Kb lim: 4096 exec/s: 11945 rss: 494Mb L: 16/4087 MS: 1 EraseBytes-
#3189555	REDUCE cov: 1545 ft: 6517 corp: 1369/265Kb lim: 4096 exec/s: 11945 rss: 494Mb L: 53/4087 MS: 1 EraseBytes-
#3190156	REDUCE cov: 1545 ft: 6517 corp: 1369/265Kb lim: 4096 exec/s: 11948 rss: 494Mb L: 62/4087 MS: 1 EraseBytes-
#3191667	REDUCE cov: 1545 ft: 6517 corp: 1369/265Kb lim: 4096 exec/s: 11953 rss: 494Mb L: 9/4087 MS: 1 EraseBytes-
#3192039	REDUCE cov: 1545 ft: 6517 corp: 1369/265Kb lim: 4096 exec/s: 11955 rss: 494Mb L: 196/4087 MS: 2 CrossOver-EraseBytes-
#3193965	REDUCE cov: 1545 ft: 6517 corp: 1369/265Kb lim: 4096 exec/s: 11962 rss: 494Mb L: 222/4087 MS: 1 EraseBytes-
#3198891	REDUCE cov: 1545 ft: 6517 corp: 1369/265Kb lim: 4096 exec/s: 11980 rss: 494Mb L: 23/4087 MS: 1 EraseBytes-
#3199009	NEW    cov: 1545 ft: 6518 corp: 1370/266Kb lim: 4096 exec/s: 11981 rss: 494Mb L: 281/4087 MS: 3 PersAutoDict-PersAutoDict-ChangeByte- DE: "\357\277\275#\357\277\275."-")\357\277\275\357\277\275"-
#3200456	REDUCE cov: 1545 ft: 6518 corp: 1370/266Kb lim: 4096 exec/s: 11942 rss: 494Mb L: 188/4087 MS: 2 ChangeByte-EraseBytes-
#3204397	REDUCE cov: 1545 ft: 6518 corp: 1370/265Kb lim: 4096 exec/s: 11956 rss: 494Mb L: 1342/4087 MS: 5 ChangeBit-InsertRepeatedBytes-ChangeByte-InsertByte-EraseBytes-
#3211334	REDUCE cov: 1545 ft: 6518 corp: 1370/265Kb lim: 4096 exec/s: 11982 rss: 494Mb L: 14/4087 MS: 2 ChangeByte-EraseBytes-
#3213070	REDUCE cov: 1545 ft: 6518 corp: 1370/265Kb lim: 4096 exec/s: 11944 rss: 494Mb L: 90/4087 MS: 1 EraseBytes-
#3219211	REDUCE cov: 1545 ft: 6518 corp: 1370/265Kb lim: 4096 exec/s: 11967 rss: 494Mb L: 6/4087 MS: 1 EraseBytes-
#3219242	REDUCE cov: 1545 ft: 6518 corp: 1370/265Kb lim: 4096 exec/s: 11967 rss: 494Mb L: 276/4087 MS: 1 EraseBytes-
#3219338	REDUCE cov: 1545 ft: 6518 corp: 1370/265Kb lim: 4096 exec/s: 11967 rss: 494Mb L: 192/4087 MS: 1 EraseBytes-
#3219969	REDUCE cov: 1545 ft: 6518 corp: 1370/265Kb lim: 4096 exec/s: 11970 rss: 494Mb L: 1733/4087 MS: 1 EraseBytes-
#3220875	REDUCE cov: 1545 ft: 6518 corp: 1370/265Kb lim: 4096 exec/s: 11973 rss: 494Mb L: 92/4087 MS: 1 EraseBytes-
#3221581	REDUCE cov: 1545 ft: 6518 corp: 1370/265Kb lim: 4096 exec/s: 11976 rss: 494Mb L: 183/4087 MS: 1 EraseBytes-
#3221917	REDUCE cov: 1545 ft: 6518 corp: 1370/265Kb lim: 4096 exec/s: 11977 rss: 494Mb L: 445/4087 MS: 1 EraseBytes-
#3222093	REDUCE cov: 1545 ft: 6518 corp: 1370/265Kb lim: 4096 exec/s: 11978 rss: 494Mb L: 426/4087 MS: 1 EraseBytes-
#3222364	REDUCE cov: 1545 ft: 6518 corp: 1370/265Kb lim: 4096 exec/s: 11979 rss: 494Mb L: 1231/4087 MS: 1 EraseBytes-
#3223530	REDUCE cov: 1545 ft: 6518 corp: 1370/265Kb lim: 4096 exec/s: 11983 rss: 494Mb L: 227/4087 MS: 1 EraseBytes-
#3223858	REDUCE cov: 1545 ft: 6518 corp: 1370/265Kb lim: 4096 exec/s: 11984 rss: 494Mb L: 450/4087 MS: 3 ShuffleBytes-ShuffleBytes-EraseBytes-
#3227876	REDUCE cov: 1545 ft: 6523 corp: 1371/266Kb lim: 4096 exec/s: 11955 rss: 494Mb L: 1616/4087 MS: 3 CopyPart-CMP-CopyPart- DE: "\377\377\377\377"-
#3229618	REDUCE cov: 1545 ft: 6523 corp: 1371/266Kb lim: 4096 exec/s: 11961 rss: 494Mb L: 41/4087 MS: 2 ChangeBit-EraseBytes-
#3230269	REDUCE cov: 1545 ft: 6523 corp: 1371/266Kb lim: 4096 exec/s: 11963 rss: 494Mb L: 175/4087 MS: 1 EraseBytes-
#3230887	REDUCE cov: 1545 ft: 6523 corp: 1371/266Kb lim: 4096 exec/s: 11966 rss: 494Mb L: 70/4087 MS: 3 ChangeBit-ChangeBinInt-EraseBytes-
#3231018	REDUCE cov: 1545 ft: 6523 corp: 1371/266Kb lim: 4096 exec/s: 11966 rss: 494Mb L: 291/4087 MS: 1 EraseBytes-
#3238389	REDUCE cov: 1545 ft: 6523 corp: 1371/266Kb lim: 4096 exec/s: 11994 rss: 494Mb L: 102/4087 MS: 1 EraseBytes-
#3238565	REDUCE cov: 1545 ft: 6523 corp: 1371/266Kb lim: 4096 exec/s: 11994 rss: 494Mb L: 1095/4087 MS: 1 EraseBytes-
#3239991	REDUCE cov: 1545 ft: 6523 corp: 1371/266Kb lim: 4096 exec/s: 11955 rss: 494Mb L: 10/4087 MS: 1 EraseBytes-
#3242482	REDUCE cov: 1545 ft: 6523 corp: 1371/266Kb lim: 4096 exec/s: 11964 rss: 494Mb L: 56/4087 MS: 1 EraseBytes-
#3242523	REDUCE cov: 1545 ft: 6523 corp: 1371/265Kb lim: 4096 exec/s: 11965 rss: 494Mb L: 1092/4087 MS: 1 EraseBytes-
#3244606	REDUCE cov: 1545 ft: 6523 corp: 1371/265Kb lim: 4096 exec/s: 11972 rss: 494Mb L: 221/4087 MS: 3 ChangeBit-ChangeBit-EraseBytes-
#3244889	REDUCE cov: 1545 ft: 6523 corp: 1371/265Kb lim: 4096 exec/s: 11973 rss: 494Mb L: 1083/4087 MS: 3 ChangeByte-CopyPart-EraseBytes-
#3245591	REDUCE cov: 1545 ft: 6523 corp: 1371/265Kb lim: 4096 exec/s: 11976 rss: 494Mb L: 44/4087 MS: 2 ChangeASCIIInt-EraseBytes-
#3248693	REDUCE cov: 1545 ft: 6523 corp: 1371/265Kb lim: 4096 exec/s: 11987 rss: 494Mb L: 81/4087 MS: 2 ChangeBit-EraseBytes-
#3251304	REDUCE cov: 1545 ft: 6523 corp: 1371/265Kb lim: 4096 exec/s: 11953 rss: 494Mb L: 9/4087 MS: 1 EraseBytes-
#3252370	REDUCE cov: 1545 ft: 6523 corp: 1371/265Kb lim: 4096 exec/s: 11957 rss: 494Mb L: 1605/4087 MS: 1 EraseBytes-
#3260637	REDUCE cov: 1545 ft: 6523 corp: 1371/265Kb lim: 4096 exec/s: 11987 rss: 494Mb L: 40/4087 MS: 2 ShuffleBytes-EraseBytes-
#3262213	REDUCE cov: 1545 ft: 6523 corp: 1371/265Kb lim: 4096 exec/s: 11993 rss: 494Mb L: 3806/4087 MS: 1 EraseBytes-
#3264549	REDUCE cov: 1545 ft: 6523 corp: 1371/265Kb lim: 4096 exec/s: 11958 rss: 494Mb L: 28/4087 MS: 1 EraseBytes-
#3265055	REDUCE cov: 1545 ft: 6523 corp: 1371/265Kb lim: 4096 exec/s: 11959 rss: 494Mb L: 311/4087 MS: 1 EraseBytes-
#3265896	REDUCE cov: 1545 ft: 6532 corp: 1372/267Kb lim: 4096 exec/s: 11962 rss: 494Mb L: 1787/4087 MS: 1 CopyPart-
#3266542	REDUCE cov: 1545 ft: 6532 corp: 1372/267Kb lim: 4096 exec/s: 11965 rss: 494Mb L: 167/4087 MS: 1 EraseBytes-
#3267003	REDUCE cov: 1545 ft: 6532 corp: 1372/267Kb lim: 4096 exec/s: 11967 rss: 494Mb L: 95/4087 MS: 1 EraseBytes-
#3267074	REDUCE cov: 1545 ft: 6532 corp: 1372/267Kb lim: 4096 exec/s: 11967 rss: 494Mb L: 197/4087 MS: 1 EraseBytes-
#3267845	REDUCE cov: 1545 ft: 6532 corp: 1372/267Kb lim: 4096 exec/s: 11970 rss: 494Mb L: 160/4087 MS: 1 EraseBytes-
#3269096	REDUCE cov: 1545 ft: 6532 corp: 1372/267Kb lim: 4096 exec/s: 11974 rss: 494Mb L: 10/4087 MS: 1 EraseBytes-
#3269833	REDUCE cov: 1545 ft: 6532 corp: 1372/267Kb lim: 4096 exec/s: 11977 rss: 494Mb L: 147/4087 MS: 2 InsertByte-EraseBytes-
#3269949	NEW    cov: 1545 ft: 6534 corp: 1373/267Kb lim: 4096 exec/s: 11977 rss: 494Mb L: 170/4087 MS: 1 CopyPart-
#3275838	REDUCE cov: 1545 ft: 6534 corp: 1373/267Kb lim: 4096 exec/s: 11955 rss: 494Mb L: 111/4087 MS: 4 CopyPart-EraseBytes-CrossOver-ShuffleBytes-
#3277869	REDUCE cov: 1545 ft: 6534 corp: 1373/267Kb lim: 4096 exec/s: 11963 rss: 494Mb L: 72/4087 MS: 1 EraseBytes-
#3278712	REDUCE cov: 1545 ft: 6534 corp: 1373/267Kb lim: 4096 exec/s: 11966 rss: 494Mb L: 207/4087 MS: 2 ShuffleBytes-EraseBytes-
#3280314	REDUCE cov: 1545 ft: 6534 corp: 1373/267Kb lim: 4096 exec/s: 11971 rss: 494Mb L: 23/4087 MS: 2 ChangeASCIIInt-EraseBytes-
#3281150	REDUCE cov: 1545 ft: 6534 corp: 1373/267Kb lim: 4096 exec/s: 11975 rss: 494Mb L: 1199/4087 MS: 1 EraseBytes-
#3282191	REDUCE cov: 1545 ft: 6534 corp: 1373/267Kb lim: 4096 exec/s: 11978 rss: 494Mb L: 1656/4087 MS: 1 EraseBytes-
#3282547	REDUCE cov: 1545 ft: 6534 corp: 1373/267Kb lim: 4096 exec/s: 11980 rss: 494Mb L: 3238/4087 MS: 1 EraseBytes-
#3282608	REDUCE cov: 1545 ft: 6534 corp: 1373/267Kb lim: 4096 exec/s: 11980 rss: 494Mb L: 302/4087 MS: 1 EraseBytes-
#3284369	REDUCE cov: 1545 ft: 6534 corp: 1373/267Kb lim: 4096 exec/s: 11943 rss: 494Mb L: 79/4087 MS: 1 EraseBytes-
#3288047	REDUCE cov: 1545 ft: 6534 corp: 1373/267Kb lim: 4096 exec/s: 11956 rss: 494Mb L: 980/4087 MS: 3 ChangeASCIIInt-ChangeByte-EraseBytes-
#3288518	REDUCE cov: 1545 ft: 6534 corp: 1373/267Kb lim: 4096 exec/s: 11958 rss: 494Mb L: 35/4087 MS: 1 EraseBytes-
#3290530	REDUCE cov: 1545 ft: 6534 corp: 1373/266Kb lim: 4096 exec/s: 11965 rss: 494Mb L: 603/4087 MS: 2 InsertByte-EraseBytes-
#3291016	REDUCE cov: 1545 ft: 6534 corp: 1373/266Kb lim: 4096 exec/s: 11967 rss: 494Mb L: 229/4087 MS: 1 EraseBytes-
#3292329	REDUCE cov: 1545 ft: 6534 corp: 1373/266Kb lim: 4096 exec/s: 11972 rss: 494Mb L: 20/4087 MS: 3 ChangeBinInt-InsertByte-EraseBytes-
#3292400	REDUCE cov: 1545 ft: 6534 corp: 1373/266Kb lim: 4096 exec/s: 11972 rss: 494Mb L: 166/4087 MS: 1 EraseBytes-
#3292671	REDUCE cov: 1545 ft: 6534 corp: 1373/266Kb lim: 4096 exec/s: 11973 rss: 494Mb L: 72/4087 MS: 1 EraseBytes-
#3295077	REDUCE cov: 1545 ft: 6534 corp: 1373/266Kb lim: 4096 exec/s: 11938 rss: 494Mb L: 548/4087 MS: 1 EraseBytes-
#3297843	NEW    cov: 1545 ft: 6535 corp: 1374/268Kb lim: 4096 exec/s: 11948 rss: 494Mb L: 1704/4087 MS: 1 CopyPart-
#3301514	REDUCE cov: 1545 ft: 6535 corp: 1374/268Kb lim: 4096 exec/s: 11962 rss: 494Mb L: 12/4087 MS: 1 EraseBytes-
#3302953	REDUCE cov: 1545 ft: 6535 corp: 1374/268Kb lim: 4096 exec/s: 11967 rss: 494Mb L: 224/4087 MS: 4 ChangeASCIIInt-InsertByte-InsertByte-EraseBytes-
#3306919	REDUCE cov: 1545 ft: 6535 corp: 1374/268Kb lim: 4096 exec/s: 11938 rss: 494Mb L: 17/4087 MS: 1 EraseBytes-
#3307600	REDUCE cov: 1545 ft: 6535 corp: 1374/268Kb lim: 4096 exec/s: 11940 rss: 494Mb L: 98/4087 MS: 1 EraseBytes-
#3309917	REDUCE cov: 1545 ft: 6535 corp: 1374/268Kb lim: 4096 exec/s: 11949 rss: 494Mb L: 1333/4087 MS: 2 InsertByte-EraseBytes-
#3310128	REDUCE cov: 1545 ft: 6535 corp: 1374/268Kb lim: 4096 exec/s: 11949 rss: 494Mb L: 67/4087 MS: 1 EraseBytes-
#3314814	REDUCE cov: 1545 ft: 6535 corp: 1374/268Kb lim: 4096 exec/s: 11966 rss: 494Mb L: 1042/4087 MS: 1 EraseBytes-
#3317550	REDUCE cov: 1545 ft: 6535 corp: 1374/268Kb lim: 4096 exec/s: 11933 rss: 494Mb L: 24/4087 MS: 1 EraseBytes-
#3317729	REDUCE cov: 1545 ft: 6535 corp: 1374/268Kb lim: 4096 exec/s: 11934 rss: 494Mb L: 808/4087 MS: 4 EraseBytes-InsertByte-InsertByte-CopyPart-
#3322761	REDUCE cov: 1545 ft: 6535 corp: 1374/268Kb lim: 4096 exec/s: 11952 rss: 494Mb L: 106/4087 MS: 2 ShuffleBytes-EraseBytes-
#3326198	REDUCE cov: 1545 ft: 6535 corp: 1374/268Kb lim: 4096 exec/s: 11964 rss: 494Mb L: 15/4087 MS: 2 ChangeByte-EraseBytes-
#3327730	REDUCE cov: 1545 ft: 6535 corp: 1374/268Kb lim: 4096 exec/s: 11927 rss: 494Mb L: 36/4087 MS: 2 CopyPart-EraseBytes-
#3328538	REDUCE cov: 1545 ft: 6535 corp: 1374/268Kb lim: 4096 exec/s: 11930 rss: 494Mb L: 50/4087 MS: 3 ChangeBit-ChangeBinInt-EraseBytes-
#3335639	REDUCE cov: 1545 ft: 6535 corp: 1374/268Kb lim: 4096 exec/s: 11955 rss: 494Mb L: 17/4087 MS: 1 EraseBytes-
#3336499	REDUCE cov: 1545 ft: 6535 corp: 1374/268Kb lim: 4096 exec/s: 11958 rss: 494Mb L: 173/4087 MS: 5 ShuffleBytes-ShuffleBytes-ChangeBit-ChangeASCIIInt-EraseBytes-
#3338916	REDUCE cov: 1545 ft: 6535 corp: 1374/268Kb lim: 4096 exec/s: 11924 rss: 494Mb L: 128/4087 MS: 2 ShuffleBytes-EraseBytes-
#3341177	REDUCE cov: 1545 ft: 6535 corp: 1374/268Kb lim: 4096 exec/s: 11932 rss: 494Mb L: 1703/4087 MS: 1 EraseBytes-
#3341611	REDUCE cov: 1545 ft: 6535 corp: 1374/267Kb lim: 4096 exec/s: 11934 rss: 494Mb L: 571/4087 MS: 4 CMP-ChangeASCIIInt-CMP-EraseBytes- DE: "\001\000\000\000\000\000\000\000"-"instance"-
#3343422	REDUCE cov: 1545 ft: 6535 corp: 1374/267Kb lim: 4096 exec/s: 11940 rss: 494Mb L: 2234/4087 MS: 1 EraseBytes-
#3345409	REDUCE cov: 1545 ft: 6535 corp: 1374/267Kb lim: 4096 exec/s: 11947 rss: 494Mb L: 146/4087 MS: 2 ChangeByte-EraseBytes-
#3348307	REDUCE cov: 1545 ft: 6535 corp: 1374/267Kb lim: 4096 exec/s: 11958 rss: 494Mb L: 1148/4087 MS: 3 ChangeBinInt-ChangeByte-EraseBytes-
#3349938	REDUCE cov: 1545 ft: 6535 corp: 1374/267Kb lim: 4096 exec/s: 11921 rss: 494Mb L: 31/4087 MS: 1 EraseBytes-
#3350009	REDUCE cov: 1545 ft: 6535 corp: 1374/267Kb lim: 4096 exec/s: 11921 rss: 494Mb L: 1654/4087 MS: 1 EraseBytes-
#3350864	REDUCE cov: 1545 ft: 6535 corp: 1374/267Kb lim: 4096 exec/s: 11924 rss: 494Mb L: 1669/4087 MS: 5 CopyPart-ShuffleBytes-InsertRepeatedBytes-EraseBytes-CopyPart-
#3351251	REDUCE cov: 1545 ft: 6535 corp: 1374/267Kb lim: 4096 exec/s: 11926 rss: 494Mb L: 33/4087 MS: 2 ChangeBit-EraseBytes-
#3353518	REDUCE cov: 1545 ft: 6535 corp: 1374/267Kb lim: 4096 exec/s: 11934 rss: 494Mb L: 262/4087 MS: 2 ChangeBit-EraseBytes-
#3354656	REDUCE cov: 1545 ft: 6536 corp: 1375/268Kb lim: 4096 exec/s: 11938 rss: 494Mb L: 326/4087 MS: 3 ChangeASCIIInt-CrossOver-CopyPart-
#3355287	REDUCE cov: 1545 ft: 6536 corp: 1375/268Kb lim: 4096 exec/s: 11940 rss: 494Mb L: 9/4087 MS: 1 EraseBytes-
#3356513	REDUCE cov: 1545 ft: 6536 corp: 1375/268Kb lim: 4096 exec/s: 11944 rss: 494Mb L: 162/4087 MS: 1 EraseBytes-
#3360028	REDUCE cov: 1545 ft: 6536 corp: 1375/268Kb lim: 4096 exec/s: 11957 rss: 494Mb L: 223/4087 MS: 5 InsertRepeatedBytes-ChangeByte-CopyPart-ChangeByte-EraseBytes-
#3361619	REDUCE cov: 1545 ft: 6536 corp: 1375/268Kb lim: 4096 exec/s: 11920 rss: 494Mb L: 96/4087 MS: 1 EraseBytes-
#3361759	REDUCE cov: 1545 ft: 6536 corp: 1375/268Kb lim: 4096 exec/s: 11921 rss: 494Mb L: 1014/4087 MS: 5 InsertByte-ShuffleBytes-ChangeASCIIInt-ChangeASCIIInt-EraseBytes-
#3362605	REDUCE cov: 1545 ft: 6536 corp: 1375/268Kb lim: 4096 exec/s: 11924 rss: 494Mb L: 36/4087 MS: 1 EraseBytes-
#3363351	REDUCE cov: 1545 ft: 6536 corp: 1375/268Kb lim: 4096 exec/s: 11926 rss: 494Mb L: 12/4087 MS: 1 EraseBytes-
#3364587	REDUCE cov: 1545 ft: 6536 corp: 1375/267Kb lim: 4096 exec/s: 11931 rss: 494Mb L: 2271/4087 MS: 1 EraseBytes-
#3366069	REDUCE cov: 1545 ft: 6536 corp: 1375/267Kb lim: 4096 exec/s: 11936 rss: 494Mb L: 29/4087 MS: 2 EraseBytes-CopyPart-
#3369123	REDUCE cov: 1545 ft: 6536 corp: 1375/267Kb lim: 4096 exec/s: 11947 rss: 494Mb L: 192/4087 MS: 4 InsertByte-ShuffleBytes-CopyPart-EraseBytes-
#3369279	REDUCE cov: 1545 ft: 6536 corp: 1375/267Kb lim: 4096 exec/s: 11947 rss: 494Mb L: 71/4087 MS: 1 EraseBytes-
#3369285	REDUCE cov: 1545 ft: 6536 corp: 1375/267Kb lim: 4096 exec/s: 11947 rss: 494Mb L: 369/4087 MS: 1 EraseBytes-
#3370136	REDUCE cov: 1545 ft: 6536 corp: 1375/267Kb lim: 4096 exec/s: 11950 rss: 494Mb L: 28/4087 MS: 1 EraseBytes-
#3375017	REDUCE cov: 1545 ft: 6536 corp: 1375/267Kb lim: 4096 exec/s: 11925 rss: 494Mb L: 145/4087 MS: 1 EraseBytes-
#3375803	REDUCE cov: 1545 ft: 6536 corp: 1375/267Kb lim: 4096 exec/s: 11928 rss: 494Mb L: 62/4087 MS: 1 EraseBytes-
#3376114	REDUCE cov: 1545 ft: 6536 corp: 1375/267Kb lim: 4096 exec/s: 11929 rss: 494Mb L: 193/4087 MS: 1 EraseBytes-
#3385590	REDUCE cov: 1545 ft: 6536 corp: 1375/267Kb lim: 4096 exec/s: 11963 rss: 494Mb L: 440/4087 MS: 1 EraseBytes-
#3387006	REDUCE cov: 1545 ft: 6536 corp: 1375/267Kb lim: 4096 exec/s: 11926 rss: 494Mb L: 1708/4087 MS: 1 EraseBytes-
#3387182	REDUCE cov: 1545 ft: 6538 corp: 1376/267Kb lim: 4096 exec/s: 11926 rss: 494Mb L: 299/4087 MS: 1 CopyPart-
#3388403	REDUCE cov: 1545 ft: 6538 corp: 1376/267Kb lim: 4096 exec/s: 11930 rss: 494Mb L: 38/4087 MS: 1 EraseBytes-
#3388474	REDUCE cov: 1545 ft: 6538 corp: 1376/267Kb lim: 4096 exec/s: 11931 rss: 494Mb L: 93/4087 MS: 1 EraseBytes-
#3395395	REDUCE cov: 1545 ft: 6538 corp: 1376/267Kb lim: 4096 exec/s: 11955 rss: 494Mb L: 1742/4087 MS: 1 EraseBytes-
#3396506	REDUCE cov: 1545 ft: 6538 corp: 1376/267Kb lim: 4096 exec/s: 11959 rss: 494Mb L: 23/4087 MS: 1 EraseBytes-
#3397703	REDUCE cov: 1545 ft: 6538 corp: 1376/267Kb lim: 4096 exec/s: 11963 rss: 494Mb L: 104/4087 MS: 2 CopyPart-EraseBytes-
#3398404	REDUCE cov: 1545 ft: 6538 corp: 1376/267Kb lim: 4096 exec/s: 11966 rss: 494Mb L: 11/4087 MS: 1 EraseBytes-
#3398724	REDUCE cov: 1545 ft: 6538 corp: 1376/267Kb lim: 4096 exec/s: 11967 rss: 494Mb L: 561/4087 MS: 5 ShuffleBytes-ChangeASCIIInt-PersAutoDict-ChangeByte-EraseBytes- DE: "detail"-
#3398995	REDUCE cov: 1545 ft: 6538 corp: 1376/267Kb lim: 4096 exec/s: 11968 rss: 494Mb L: 62/4087 MS: 1 EraseBytes-
#3400021	REDUCE cov: 1545 ft: 6538 corp: 1376/267Kb lim: 4096 exec/s: 11929 rss: 494Mb L: 42/4087 MS: 1 EraseBytes-
#3404229	REDUCE cov: 1545 ft: 6538 corp: 1376/267Kb lim: 4096 exec/s: 11944 rss: 494Mb L: 418/4087 MS: 3 CopyPart-CrossOver-EraseBytes-
#3405750	REDUCE cov: 1545 ft: 6538 corp: 1376/267Kb lim: 4096 exec/s: 11950 rss: 494Mb L: 896/4087 MS: 1 EraseBytes-
#3408543	REDUCE cov: 1545 ft: 6538 corp: 1376/267Kb lim: 4096 exec/s: 11959 rss: 494Mb L: 320/4087 MS: 3 CrossOver-ChangeByte-EraseBytes-
#3409389	REDUCE cov: 1545 ft: 6538 corp: 1376/267Kb lim: 4096 exec/s: 11962 rss: 494Mb L: 13/4087 MS: 1 EraseBytes-
#3409620	REDUCE cov: 1545 ft: 6538 corp: 1376/267Kb lim: 4096 exec/s: 11963 rss: 494Mb L: 214/4087 MS: 1 EraseBytes-
#3409911	REDUCE cov: 1545 ft: 6538 corp: 1376/267Kb lim: 4096 exec/s: 11964 rss: 494Mb L: 330/4087 MS: 1 EraseBytes-
#3411334	REDUCE cov: 1545 ft: 6538 corp: 1376/267Kb lim: 4096 exec/s: 11969 rss: 494Mb L: 1918/4087 MS: 3 CrossOver-ChangeBinInt-EraseBytes-
#3412355	REDUCE cov: 1545 ft: 6538 corp: 1376/267Kb lim: 4096 exec/s: 11931 rss: 494Mb L: 89/4087 MS: 1 EraseBytes-
#3412791	REDUCE cov: 1545 ft: 6538 corp: 1376/267Kb lim: 4096 exec/s: 11932 rss: 494Mb L: 21/4087 MS: 1 EraseBytes-
#3413872	REDUCE cov: 1545 ft: 6538 corp: 1376/266Kb lim: 4096 exec/s: 11936 rss: 494Mb L: 1329/4087 MS: 1 EraseBytes-
#3414883	REDUCE cov: 1545 ft: 6538 corp: 1376/266Kb lim: 4096 exec/s: 11940 rss: 494Mb L: 41/4087 MS: 1 EraseBytes-
#3415325	REDUCE cov: 1545 ft: 6538 corp: 1376/266Kb lim: 4096 exec/s: 11941 rss: 494Mb L: 158/4087 MS: 2 ShuffleBytes-EraseBytes-
#3421606	REDUCE cov: 1545 ft: 6538 corp: 1376/266Kb lim: 4096 exec/s: 11963 rss: 494Mb L: 22/4087 MS: 1 EraseBytes-
#3423712	REDUCE cov: 1545 ft: 6538 corp: 1376/266Kb lim: 4096 exec/s: 11929 rss: 494Mb L: 15/4087 MS: 1 EraseBytes-
#3423793	REDUCE cov: 1545 ft: 6538 corp: 1376/266Kb lim: 4096 exec/s: 11929 rss: 494Mb L: 72/4087 MS: 1 EraseBytes-
#3428799	REDUCE cov: 1545 ft: 6538 corp: 1376/266Kb lim: 4096 exec/s: 11947 rss: 494Mb L: 88/4087 MS: 1 EraseBytes-
#3430330	REDUCE cov: 1545 ft: 6538 corp: 1376/266Kb lim: 4096 exec/s: 11952 rss: 494Mb L: 859/4087 MS: 1 EraseBytes-
#3431641	REDUCE cov: 1545 ft: 6538 corp: 1376/266Kb lim: 4096 exec/s: 11956 rss: 494Mb L: 505/4087 MS: 1 EraseBytes-
#3432757	REDUCE cov: 1545 ft: 6538 corp: 1376/266Kb lim: 4096 exec/s: 11960 rss: 494Mb L: 8/4087 MS: 1 EraseBytes-
#3438444	REDUCE cov: 1545 ft: 6538 corp: 1376/266Kb lim: 4096 exec/s: 11939 rss: 494Mb L: 3501/4087 MS: 2 ChangeASCIIInt-EraseBytes-
#3438710	REDUCE cov: 1545 ft: 6538 corp: 1376/266Kb lim: 4096 exec/s: 11939 rss: 494Mb L: 80/4087 MS: 1 EraseBytes-
#3441221	REDUCE cov: 1545 ft: 6538 corp: 1376/266Kb lim: 4096 exec/s: 11948 rss: 494Mb L: 56/4087 MS: 1 EraseBytes-
#3442157	REDUCE cov: 1545 ft: 6538 corp: 1376/266Kb lim: 4096 exec/s: 11951 rss: 494Mb L: 499/4087 MS: 1 EraseBytes-
#3442989	REDUCE cov: 1545 ft: 6538 corp: 1376/266Kb lim: 4096 exec/s: 11954 rss: 494Mb L: 262/4087 MS: 2 ChangeASCIIInt-EraseBytes-
#3443295	REDUCE cov: 1545 ft: 6538 corp: 1376/266Kb lim: 4096 exec/s: 11955 rss: 494Mb L: 3714/4087 MS: 1 EraseBytes-
#3444346	REDUCE cov: 1545 ft: 6538 corp: 1376/266Kb lim: 4096 exec/s: 11959 rss: 494Mb L: 60/4087 MS: 1 EraseBytes-
#3445090	REDUCE cov: 1545 ft: 6538 corp: 1376/266Kb lim: 4096 exec/s: 11962 rss: 494Mb L: 187/4087 MS: 4 ChangeASCIIInt-CopyPart-ChangeBinInt-EraseBytes-
#3451156	REDUCE cov: 1545 ft: 6538 corp: 1376/266Kb lim: 4096 exec/s: 11941 rss: 494Mb L: 31/4087 MS: 1 EraseBytes-
#3452077	REDUCE cov: 1545 ft: 6538 corp: 1376/266Kb lim: 4096 exec/s: 11944 rss: 494Mb L: 56/4087 MS: 1 EraseBytes-
#3454063	REDUCE cov: 1545 ft: 6538 corp: 1376/266Kb lim: 4096 exec/s: 11951 rss: 494Mb L: 19/4087 MS: 1 EraseBytes-
#3456315	REDUCE cov: 1545 ft: 6538 corp: 1376/266Kb lim: 4096 exec/s: 11959 rss: 494Mb L: 23/4087 MS: 2 ChangeBinInt-EraseBytes-
#3458586	REDUCE cov: 1545 ft: 6538 corp: 1376/266Kb lim: 4096 exec/s: 11967 rss: 494Mb L: 1654/4087 MS: 1 EraseBytes-
#3458692	REDUCE cov: 1545 ft: 6538 corp: 1376/266Kb lim: 4096 exec/s: 11967 rss: 494Mb L: 70/4087 MS: 1 EraseBytes-
#3459328	REDUCE cov: 1545 ft: 6538 corp: 1376/266Kb lim: 4096 exec/s: 11928 rss: 494Mb L: 217/4087 MS: 1 EraseBytes-
#3461184	REDUCE cov: 1545 ft: 6538 corp: 1376/266Kb lim: 4096 exec/s: 11935 rss: 494Mb L: 261/4087 MS: 1 EraseBytes-
#3464400	REDUCE cov: 1545 ft: 6538 corp: 1376/266Kb lim: 4096 exec/s: 11946 rss: 494Mb L: 546/4087 MS: 1 EraseBytes-
#3464456	REDUCE cov: 1545 ft: 6538 corp: 1376/266Kb lim: 4096 exec/s: 11946 rss: 494Mb L: 55/4087 MS: 1 EraseBytes-
#3464662	REDUCE cov: 1545 ft: 6538 corp: 1376/266Kb lim: 4096 exec/s: 11947 rss: 494Mb L: 29/4087 MS: 1 EraseBytes-
#3465583	REDUCE cov: 1545 ft: 6538 corp: 1376/266Kb lim: 4096 exec/s: 11950 rss: 494Mb L: 27/4087 MS: 1 EraseBytes-
#3471690	REDUCE cov: 1545 ft: 6538 corp: 1376/266Kb lim: 4096 exec/s: 11930 rss: 494Mb L: 1318/4087 MS: 2 ChangeBit-EraseBytes-
#3473090	REDUCE cov: 1545 ft: 6538 corp: 1376/266Kb lim: 4096 exec/s: 11935 rss: 494Mb L: 1302/4087 MS: 5 CopyPart-ChangeASCIIInt-CopyPart-CopyPart-EraseBytes-
#3473761	REDUCE cov: 1545 ft: 6538 corp: 1376/266Kb lim: 4096 exec/s: 11937 rss: 494Mb L: 346/4087 MS: 1 EraseBytes-
#3474862	REDUCE cov: 1545 ft: 6538 corp: 1376/266Kb lim: 4096 exec/s: 11941 rss: 494Mb L: 23/4087 MS: 1 EraseBytes-
#3478249	REDUCE cov: 1545 ft: 6538 corp: 1376/266Kb lim: 4096 exec/s: 11952 rss: 494Mb L: 556/4087 MS: 2 ChangeBinInt-EraseBytes-
#3478476	REDUCE cov: 1545 ft: 6538 corp: 1376/266Kb lim: 4096 exec/s: 11953 rss: 494Mb L: 3339/4087 MS: 2 ChangeASCIIInt-EraseBytes-
#3479187	REDUCE cov: 1545 ft: 6538 corp: 1376/266Kb lim: 4096 exec/s: 11955 rss: 494Mb L: 261/4087 MS: 1 EraseBytes-
#3481143	REDUCE cov: 1545 ft: 6538 corp: 1376/266Kb lim: 4096 exec/s: 11962 rss: 494Mb L: 32/4087 MS: 1 EraseBytes-
#3484045	REDUCE cov: 1545 ft: 6538 corp: 1376/266Kb lim: 4096 exec/s: 11972 rss: 495Mb L: 1629/4087 MS: 2 InsertByte-EraseBytes-
#3484252	REDUCE cov: 1545 ft: 6538 corp: 1376/266Kb lim: 4096 exec/s: 11973 rss: 495Mb L: 428/4087 MS: 2 ChangeASCIIInt-EraseBytes-
#3487558	REDUCE cov: 1545 ft: 6538 corp: 1376/266Kb lim: 4096 exec/s: 11943 rss: 495Mb L: 95/4087 MS: 1 EraseBytes-
#3488049	REDUCE cov: 1545 ft: 6538 corp: 1376/266Kb lim: 4096 exec/s: 11945 rss: 495Mb L: 42/4087 MS: 1 EraseBytes-
#3489595	REDUCE cov: 1545 ft: 6538 corp: 1376/266Kb lim: 4096 exec/s: 11950 rss: 495Mb L: 14/4087 MS: 1 EraseBytes-
#3490956	REDUCE cov: 1545 ft: 6538 corp: 1376/266Kb lim: 4096 exec/s: 11955 rss: 495Mb L: 65/4087 MS: 1 EraseBytes-
#3491822	REDUCE cov: 1545 ft: 6538 corp: 1376/266Kb lim: 4096 exec/s: 11958 rss: 495Mb L: 177/4087 MS: 1 EraseBytes-
#3495988	REDUCE cov: 1545 ft: 6538 corp: 1376/266Kb lim: 4096 exec/s: 11972 rss: 495Mb L: 12/4087 MS: 1 EraseBytes-
#3496209	REDUCE cov: 1545 ft: 6538 corp: 1376/266Kb lim: 4096 exec/s: 11973 rss: 495Mb L: 74/4087 MS: 1 EraseBytes-
#3498540	REDUCE cov: 1545 ft: 6538 corp: 1376/266Kb lim: 4096 exec/s: 11940 rss: 495Mb L: 550/4087 MS: 1 EraseBytes-
#3501092	REDUCE cov: 1545 ft: 6538 corp: 1376/266Kb lim: 4096 exec/s: 11949 rss: 495Mb L: 13/4087 MS: 2 CopyPart-EraseBytes-
#3506728	REDUCE cov: 1545 ft: 6538 corp: 1376/266Kb lim: 4096 exec/s: 11968 rss: 495Mb L: 199/4087 MS: 1 EraseBytes-
#3507829	REDUCE cov: 1545 ft: 6538 corp: 1376/266Kb lim: 4096 exec/s: 11972 rss: 495Mb L: 19/4087 MS: 1 EraseBytes-
#3509266	REDUCE cov: 1545 ft: 6538 corp: 1376/266Kb lim: 4096 exec/s: 11977 rss: 495Mb L: 66/4087 MS: 2 CopyPart-EraseBytes-
#3509787	REDUCE cov: 1545 ft: 6538 corp: 1376/266Kb lim: 4096 exec/s: 11978 rss: 495Mb L: 1200/4087 MS: 1 EraseBytes-
#3514635	REDUCE cov: 1545 ft: 6538 corp: 1376/265Kb lim: 4096 exec/s: 11954 rss: 495Mb L: 1070/4087 MS: 3 ChangeASCIIInt-ShuffleBytes-EraseBytes-
#3516296	REDUCE cov: 1545 ft: 6538 corp: 1376/265Kb lim: 4096 exec/s: 11960 rss: 495Mb L: 25/4087 MS: 1 EraseBytes-
#3518037	REDUCE cov: 1545 ft: 6538 corp: 1376/265Kb lim: 4096 exec/s: 11966 rss: 495Mb L: 165/4087 MS: 1 EraseBytes-
#3518174	REDUCE cov: 1545 ft: 6538 corp: 1376/265Kb lim: 4096 exec/s: 11966 rss: 495Mb L: 177/4087 MS: 2 ChangeASCIIInt-EraseBytes-
#3518211	REDUCE cov: 1545 ft: 6538 corp: 1376/265Kb lim: 4096 exec/s: 11966 rss: 495Mb L: 36/4087 MS: 2 InsertByte-EraseBytes-
#3519077	REDUCE cov: 1545 ft: 6538 corp: 1376/265Kb lim: 4096 exec/s: 11969 rss: 495Mb L: 1225/4087 MS: 1 EraseBytes-
#3520246	REDUCE cov: 1545 ft: 6538 corp: 1376/265Kb lim: 4096 exec/s: 11973 rss: 495Mb L: 38/4087 MS: 4 ShuffleBytes-CMP-ShuffleBytes-EraseBytes- DE: "\377\377\377\377\377\377\377\377"-
#3522453	REDUCE cov: 1545 ft: 6538 corp: 1376/265Kb lim: 4096 exec/s: 11981 rss: 495Mb L: 49/4087 MS: 2 ChangeBit-EraseBytes-
#3522600	REDUCE cov: 1545 ft: 6538 corp: 1376/265Kb lim: 4096 exec/s: 11981 rss: 495Mb L: 40/4087 MS: 2 ChangeBinInt-EraseBytes-
#3522691	REDUCE cov: 1545 ft: 6538 corp: 1376/265Kb lim: 4096 exec/s: 11981 rss: 495Mb L: 34/4087 MS: 1 EraseBytes-
#3522758	REDUCE cov: 1545 ft: 6538 corp: 1376/265Kb lim: 4096 exec/s: 11982 rss: 495Mb L: 21/4087 MS: 2 ChangeBit-EraseBytes-
#3523137	REDUCE cov: 1545 ft: 6538 corp: 1376/265Kb lim: 4096 exec/s: 11983 rss: 495Mb L: 1586/4087 MS: 4 InsertByte-ChangeASCIIInt-ChangeBit-EraseBytes-
#3525229	REDUCE cov: 1545 ft: 6538 corp: 1376/265Kb lim: 4096 exec/s: 11949 rss: 495Mb L: 16/4087 MS: 2 ShuffleBytes-EraseBytes-
#3525505	REDUCE cov: 1545 ft: 6538 corp: 1376/265Kb lim: 4096 exec/s: 11950 rss: 495Mb L: 39/4087 MS: 1 EraseBytes-
#3529757	REDUCE cov: 1545 ft: 6538 corp: 1376/265Kb lim: 4096 exec/s: 11965 rss: 495Mb L: 204/4087 MS: 2 CopyPart-EraseBytes-
#3533204	REDUCE cov: 1545 ft: 6538 corp: 1376/265Kb lim: 4096 exec/s: 11976 rss: 495Mb L: 30/4087 MS: 2 InsertByte-EraseBytes-
#3533635	REDUCE cov: 1545 ft: 6538 corp: 1376/265Kb lim: 4096 exec/s: 11978 rss: 495Mb L: 121/4087 MS: 1 EraseBytes-
#3533671	REDUCE cov: 1545 ft: 6538 corp: 1376/265Kb lim: 4096 exec/s: 11978 rss: 495Mb L: 55/4087 MS: 1 EraseBytes-
#3535892	REDUCE cov: 1545 ft: 6538 corp: 1376/265Kb lim: 4096 exec/s: 11986 rss: 495Mb L: 72/4087 MS: 1 EraseBytes-
#3538674	REDUCE cov: 1545 ft: 6538 corp: 1376/265Kb lim: 4096 exec/s: 11954 rss: 495Mb L: 71/4087 MS: 2 ChangeBinInt-EraseBytes-
#3541111	REDUCE cov: 1545 ft: 6538 corp: 1376/265Kb lim: 4096 exec/s: 11963 rss: 495Mb L: 21/4087 MS: 2 CopyPart-EraseBytes-
#3541773	REDUCE cov: 1545 ft: 6538 corp: 1376/265Kb lim: 4096 exec/s: 11965 rss: 495Mb L: 8/4087 MS: 2 ChangeByte-EraseBytes-
#3542024	REDUCE cov: 1545 ft: 6538 corp: 1376/265Kb lim: 4096 exec/s: 11966 rss: 495Mb L: 19/4087 MS: 1 EraseBytes-
#3543550	REDUCE cov: 1545 ft: 6538 corp: 1376/265Kb lim: 4096 exec/s: 11971 rss: 495Mb L: 79/4087 MS: 1 EraseBytes-
#3543616	REDUCE cov: 1545 ft: 6538 corp: 1376/265Kb lim: 4096 exec/s: 11971 rss: 495Mb L: 1065/4087 MS: 1 EraseBytes-
#3543937	REDUCE cov: 1545 ft: 6538 corp: 1376/265Kb lim: 4096 exec/s: 11972 rss: 495Mb L: 194/4087 MS: 1 EraseBytes-
#3545163	REDUCE cov: 1545 ft: 6538 corp: 1376/265Kb lim: 4096 exec/s: 11976 rss: 495Mb L: 166/4087 MS: 1 EraseBytes-
#3545514	REDUCE cov: 1545 ft: 6538 corp: 1376/265Kb lim: 4096 exec/s: 11978 rss: 495Mb L: 18/4087 MS: 1 EraseBytes-
#3547029	REDUCE cov: 1545 ft: 6539 corp: 1377/265Kb lim: 4096 exec/s: 11983 rss: 495Mb L: 53/4087 MS: 5 PersAutoDict-InsertByte-CopyPart-CopyPart-InsertByte- DE: ")\357\277\275\357\277\275"-
#3549365	REDUCE cov: 1545 ft: 6539 corp: 1377/265Kb lim: 4096 exec/s: 11991 rss: 495Mb L: 14/4087 MS: 1 EraseBytes-
#3551671	REDUCE cov: 1545 ft: 6539 corp: 1377/265Kb lim: 4096 exec/s: 11958 rss: 495Mb L: 37/4087 MS: 1 EraseBytes-
#3553892	REDUCE cov: 1545 ft: 6539 corp: 1377/265Kb lim: 4096 exec/s: 11965 rss: 495Mb L: 32/4087 MS: 1 EraseBytes-
#3554808	REDUCE cov: 1545 ft: 6539 corp: 1377/265Kb lim: 4096 exec/s: 11969 rss: 495Mb L: 22/4087 MS: 1 EraseBytes-
#3556649	REDUCE cov: 1545 ft: 6539 corp: 1377/265Kb lim: 4096 exec/s: 11975 rss: 495Mb L: 11/4087 MS: 1 EraseBytes-
#3559071	REDUCE cov: 1545 ft: 6539 corp: 1377/265Kb lim: 4096 exec/s: 11983 rss: 495Mb L: 102/4087 MS: 2 ChangeASCIIInt-EraseBytes-
#3559242	REDUCE cov: 1545 ft: 6539 corp: 1377/265Kb lim: 4096 exec/s: 11983 rss: 495Mb L: 18/4087 MS: 1 EraseBytes-
#3564634	REDUCE cov: 1545 ft: 6539 corp: 1377/265Kb lim: 4096 exec/s: 11961 rss: 495Mb L: 173/4087 MS: 2 ChangeByte-EraseBytes-
#3566548	REDUCE cov: 1545 ft: 6539 corp: 1377/265Kb lim: 4096 exec/s: 11968 rss: 495Mb L: 254/4087 MS: 4 EraseBytes-ChangeBinInt-ChangeBinInt-InsertRepeatedBytes-
#3570087	REDUCE cov: 1545 ft: 6539 corp: 1377/265Kb lim: 4096 exec/s: 11980 rss: 495Mb L: 55/4087 MS: 4 EraseBytes-ChangeBit-ShuffleBytes-CopyPart-
#3570463	REDUCE cov: 1545 ft: 6539 corp: 1377/265Kb lim: 4096 exec/s: 11981 rss: 495Mb L: 335/4087 MS: 1 EraseBytes-
#3573569	REDUCE cov: 1545 ft: 6539 corp: 1377/265Kb lim: 4096 exec/s: 11991 rss: 495Mb L: 29/4087 MS: 1 EraseBytes-
#3576480	REDUCE cov: 1545 ft: 6539 corp: 1377/265Kb lim: 4096 exec/s: 12001 rss: 495Mb L: 3143/4087 MS: 1 EraseBytes-
#3576566	REDUCE cov: 1545 ft: 6539 corp: 1377/265Kb lim: 4096 exec/s: 12001 rss: 495Mb L: 49/4087 MS: 1 EraseBytes-
#3578712	REDUCE cov: 1545 ft: 6539 corp: 1377/265Kb lim: 4096 exec/s: 11968 rss: 495Mb L: 523/4087 MS: 1 EraseBytes-
#3579759	REDUCE cov: 1545 ft: 6539 corp: 1377/265Kb lim: 4096 exec/s: 11972 rss: 495Mb L: 65/4087 MS: 2 ChangeByte-EraseBytes-
#3579860	REDUCE cov: 1545 ft: 6539 corp: 1377/265Kb lim: 4096 exec/s: 11972 rss: 495Mb L: 17/4087 MS: 1 EraseBytes-
#3581251	REDUCE cov: 1545 ft: 6539 corp: 1377/265Kb lim: 4096 exec/s: 11977 rss: 495Mb L: 17/4087 MS: 1 EraseBytes-
#3582812	REDUCE cov: 1545 ft: 6539 corp: 1377/265Kb lim: 4096 exec/s: 11982 rss: 495Mb L: 24/4087 MS: 1 EraseBytes-
#3583093	REDUCE cov: 1545 ft: 6539 corp: 1377/265Kb lim: 4096 exec/s: 11983 rss: 495Mb L: 37/4087 MS: 1 EraseBytes-
#3584864	REDUCE cov: 1545 ft: 6539 corp: 1377/265Kb lim: 4096 exec/s: 11989 rss: 495Mb L: 177/4087 MS: 1 EraseBytes-
#3591045	REDUCE cov: 1545 ft: 6539 corp: 1377/265Kb lim: 4096 exec/s: 11970 rss: 495Mb L: 39/4087 MS: 1 EraseBytes-
#3591236	REDUCE cov: 1545 ft: 6539 corp: 1377/265Kb lim: 4096 exec/s: 11970 rss: 495Mb L: 191/4087 MS: 1 EraseBytes-
#3591602	NEW    cov: 1545 ft: 6543 corp: 1378/265Kb lim: 4096 exec/s: 11972 rss: 495Mb L: 597/4087 MS: 1 CopyPart-
#3592430	REDUCE cov: 1545 ft: 6543 corp: 1378/265Kb lim: 4096 exec/s: 11974 rss: 495Mb L: 104/4087 MS: 3 InsertByte-ChangeASCIIInt-EraseBytes-
#3595997	REDUCE cov: 1545 ft: 6543 corp: 1378/265Kb lim: 4096 exec/s: 11986 rss: 495Mb L: 39/4087 MS: 2 ChangeByte-EraseBytes-
#3596363	REDUCE cov: 1545 ft: 6543 corp: 1378/265Kb lim: 4096 exec/s: 11987 rss: 495Mb L: 94/4087 MS: 1 EraseBytes-
#3598240	REDUCE cov: 1545 ft: 6543 corp: 1378/265Kb lim: 4096 exec/s: 11994 rss: 495Mb L: 37/4087 MS: 2 ShuffleBytes-EraseBytes-
#3598537	REDUCE cov: 1545 ft: 6543 corp: 1378/265Kb lim: 4096 exec/s: 11995 rss: 495Mb L: 35/4087 MS: 2 ChangeBit-EraseBytes-
#3601318	REDUCE cov: 1545 ft: 6543 corp: 1378/265Kb lim: 4096 exec/s: 12004 rss: 495Mb L: 12/4087 MS: 1 EraseBytes-
#3601441	REDUCE cov: 1545 ft: 6543 corp: 1378/265Kb lim: 4096 exec/s: 12004 rss: 495Mb L: 64/4087 MS: 3 ChangeBit-ChangeBit-EraseBytes-
#3604482	REDUCE cov: 1545 ft: 6543 corp: 1378/265Kb lim: 4096 exec/s: 11975 rss: 495Mb L: 508/4087 MS: 1 EraseBytes-
#3604778	REDUCE cov: 1545 ft: 6543 corp: 1378/265Kb lim: 4096 exec/s: 11976 rss: 495Mb L: 29/4087 MS: 1 EraseBytes-
#3608765	REDUCE cov: 1545 ft: 6543 corp: 1378/265Kb lim: 4096 exec/s: 11989 rss: 495Mb L: 70/4087 MS: 2 ShuffleBytes-EraseBytes-
#3609325	REDUCE cov: 1545 ft: 6544 corp: 1379/266Kb lim: 4096 exec/s: 11991 rss: 495Mb L: 376/4087 MS: 5 ChangeASCIIInt-EraseBytes-ChangeByte-EraseBytes-InsertByte-
#3613242	REDUCE cov: 1545 ft: 6544 corp: 1379/266Kb lim: 4096 exec/s: 12004 rss: 495Mb L: 115/4087 MS: 2 EraseBytes-CopyPart-
#3614228	REDUCE cov: 1545 ft: 6544 corp: 1379/266Kb lim: 4096 exec/s: 12007 rss: 495Mb L: 110/4087 MS: 1 EraseBytes-
#3614364	REDUCE cov: 1545 ft: 6544 corp: 1379/266Kb lim: 4096 exec/s: 12007 rss: 495Mb L: 52/4087 MS: 1 EraseBytes-
	NEW_FUNC[1/2]: 0x5e9a684d4ed0  (/home/ther12k/Workspace/Learning/velqu/fuzz/target/x86_64-unknown-linux-gnu/release/codec_encoders+0x52ced0) (BuildId: ffbab5315636f10f79c36e1592fe877e09efe821)
	NEW_FUNC[2/2]: 0x5e9a68502480  (/home/ther12k/Workspace/Learning/velqu/fuzz/target/x86_64-unknown-linux-gnu/release/codec_encoders+0x55a480) (BuildId: ffbab5315636f10f79c36e1592fe877e09efe821)
#3615975	REDUCE cov: 1582 ft: 6581 corp: 1380/266Kb lim: 4096 exec/s: 12013 rss: 495Mb L: 14/4087 MS: 1 PersAutoDict- DE: "message"-
#3617732	REDUCE cov: 1582 ft: 6581 corp: 1380/266Kb lim: 4096 exec/s: 12019 rss: 495Mb L: 86/4087 MS: 2 EraseBytes-CrossOver-
#3619054	REDUCE cov: 1582 ft: 6581 corp: 1380/266Kb lim: 4096 exec/s: 11983 rss: 495Mb L: 15/4087 MS: 1 EraseBytes-
#3621106	REDUCE cov: 1583 ft: 6582 corp: 1381/266Kb lim: 4096 exec/s: 11990 rss: 495Mb L: 80/4087 MS: 2 ChangeASCIIInt-CopyPart-
#3623188	REDUCE cov: 1583 ft: 6582 corp: 1381/266Kb lim: 4096 exec/s: 11997 rss: 495Mb L: 12/4087 MS: 2 EraseBytes-ChangeBit-
#3624354	REDUCE cov: 1583 ft: 6582 corp: 1381/266Kb lim: 4096 exec/s: 12001 rss: 495Mb L: 24/4087 MS: 1 EraseBytes-
#3627675	REDUCE cov: 1583 ft: 6582 corp: 1381/266Kb lim: 4096 exec/s: 12012 rss: 495Mb L: 36/4087 MS: 1 EraseBytes-
#3629273	REDUCE cov: 1583 ft: 6582 corp: 1381/266Kb lim: 4096 exec/s: 12017 rss: 495Mb L: 2098/4087 MS: 3 ChangeBit-ChangeASCIIInt-EraseBytes-
#3629275	REDUCE cov: 1583 ft: 6582 corp: 1381/266Kb lim: 4096 exec/s: 12017 rss: 495Mb L: 580/4087 MS: 2 ChangeBinInt-EraseBytes-
#3630075	REDUCE cov: 1583 ft: 6582 corp: 1381/266Kb lim: 4096 exec/s: 12020 rss: 495Mb L: 875/4087 MS: 5 CopyPart-ChangeBit-CrossOver-InsertByte-EraseBytes-
#3630777	REDUCE cov: 1583 ft: 6582 corp: 1381/266Kb lim: 4096 exec/s: 12022 rss: 495Mb L: 14/4087 MS: 2 EraseBytes-CopyPart-
#3631145	REDUCE cov: 1583 ft: 6582 corp: 1381/266Kb lim: 4096 exec/s: 12023 rss: 495Mb L: 409/4087 MS: 3 ShuffleBytes-CrossOver-EraseBytes-
#3634047	REDUCE cov: 1583 ft: 6582 corp: 1381/266Kb lim: 4096 exec/s: 11993 rss: 495Mb L: 133/4087 MS: 2 ChangeBit-EraseBytes-
#3636123	REDUCE cov: 1583 ft: 6582 corp: 1381/265Kb lim: 4096 exec/s: 12000 rss: 495Mb L: 43/4087 MS: 1 EraseBytes-
#3638609	REDUCE cov: 1583 ft: 6582 corp: 1381/265Kb lim: 4096 exec/s: 12008 rss: 495Mb L: 44/4087 MS: 1 EraseBytes-
#3639701	REDUCE cov: 1583 ft: 6582 corp: 1381/265Kb lim: 4096 exec/s: 12012 rss: 495Mb L: 65/4087 MS: 2 InsertByte-EraseBytes-
#3643349	REDUCE cov: 1583 ft: 6582 corp: 1381/265Kb lim: 4096 exec/s: 11984 rss: 495Mb L: 331/4087 MS: 3 ChangeASCIIInt-ShuffleBytes-EraseBytes-
#3643486	REDUCE cov: 1583 ft: 6582 corp: 1381/265Kb lim: 4096 exec/s: 11985 rss: 495Mb L: 524/4087 MS: 2 ChangeASCIIInt-EraseBytes-
#3645057	REDUCE cov: 1583 ft: 6582 corp: 1381/265Kb lim: 4096 exec/s: 11990 rss: 495Mb L: 90/4087 MS: 1 EraseBytes-
#3645853	REDUCE cov: 1583 ft: 6582 corp: 1381/265Kb lim: 4096 exec/s: 11992 rss: 495Mb L: 74/4087 MS: 1 EraseBytes-
#3647344	REDUCE cov: 1583 ft: 6582 corp: 1381/265Kb lim: 4096 exec/s: 11997 rss: 495Mb L: 100/4087 MS: 1 EraseBytes-
#3648360	REDUCE cov: 1583 ft: 6582 corp: 1381/265Kb lim: 4096 exec/s: 12001 rss: 495Mb L: 116/4087 MS: 1 EraseBytes-
#3648457	REDUCE cov: 1583 ft: 6582 corp: 1381/265Kb lim: 4096 exec/s: 12001 rss: 495Mb L: 311/4087 MS: 2 ChangeASCIIInt-EraseBytes-
#3649223	REDUCE cov: 1583 ft: 6582 corp: 1381/265Kb lim: 4096 exec/s: 12004 rss: 495Mb L: 160/4087 MS: 1 EraseBytes-
#3649916	REDUCE cov: 1583 ft: 6582 corp: 1381/265Kb lim: 4096 exec/s: 12006 rss: 495Mb L: 103/4087 MS: 3 ChangeByte-EraseBytes-CopyPart-
#3652678	REDUCE cov: 1583 ft: 6582 corp: 1381/265Kb lim: 4096 exec/s: 12015 rss: 495Mb L: 491/4087 MS: 2 ShuffleBytes-EraseBytes-
#3652807	REDUCE cov: 1583 ft: 6582 corp: 1381/265Kb lim: 4096 exec/s: 12015 rss: 495Mb L: 1126/4087 MS: 4 ShuffleBytes-InsertByte-ChangeBit-EraseBytes-
#3656028	REDUCE cov: 1583 ft: 6582 corp: 1381/265Kb lim: 4096 exec/s: 11986 rss: 495Mb L: 1698/4087 MS: 1 EraseBytes-
#3657449	REDUCE cov: 1583 ft: 6582 corp: 1381/265Kb lim: 4096 exec/s: 11991 rss: 495Mb L: 22/4087 MS: 1 EraseBytes-
#3657755	REDUCE cov: 1583 ft: 6582 corp: 1381/265Kb lim: 4096 exec/s: 11992 rss: 495Mb L: 144/4087 MS: 1 EraseBytes-
#3658606	REDUCE cov: 1583 ft: 6582 corp: 1381/265Kb lim: 4096 exec/s: 11995 rss: 495Mb L: 17/4087 MS: 1 EraseBytes-
#3667712	REDUCE cov: 1583 ft: 6582 corp: 1381/265Kb lim: 4096 exec/s: 11985 rss: 495Mb L: 78/4087 MS: 1 EraseBytes-
#3669018	REDUCE cov: 1583 ft: 6582 corp: 1381/265Kb lim: 4096 exec/s: 11990 rss: 495Mb L: 32/4087 MS: 1 EraseBytes-
#3673056	REDUCE cov: 1583 ft: 6582 corp: 1381/265Kb lim: 4096 exec/s: 12003 rss: 495Mb L: 22/4087 MS: 3 CopyPart-ShuffleBytes-EraseBytes-
#3673562	REDUCE cov: 1583 ft: 6585 corp: 1382/265Kb lim: 4096 exec/s: 12005 rss: 495Mb L: 81/4087 MS: 1 CopyPart-
#3673864	REDUCE cov: 1583 ft: 6585 corp: 1382/265Kb lim: 4096 exec/s: 12006 rss: 495Mb L: 64/4087 MS: 2 CMP-EraseBytes- DE: "\377\377\377\370"-
#3674675	REDUCE cov: 1583 ft: 6585 corp: 1382/265Kb lim: 4096 exec/s: 11969 rss: 495Mb L: 51/4087 MS: 1 EraseBytes-
#3677046	REDUCE cov: 1583 ft: 6585 corp: 1382/265Kb lim: 4096 exec/s: 11977 rss: 495Mb L: 3104/4087 MS: 1 EraseBytes-
#3678521	REDUCE cov: 1583 ft: 6585 corp: 1382/265Kb lim: 4096 exec/s: 11982 rss: 495Mb L: 1761/4087 MS: 5 CrossOver-EraseBytes-ChangeBit-ShuffleBytes-CopyPart-
#3681283	REDUCE cov: 1583 ft: 6585 corp: 1382/265Kb lim: 4096 exec/s: 11991 rss: 495Mb L: 151/4087 MS: 2 ChangeBit-EraseBytes-
#3685281	REDUCE cov: 1583 ft: 6585 corp: 1382/265Kb lim: 4096 exec/s: 11965 rss: 495Mb L: 237/4087 MS: 3 PersAutoDict-ChangeBit-EraseBytes- DE: "code"-
#3686102	REDUCE cov: 1583 ft: 6585 corp: 1382/265Kb lim: 4096 exec/s: 11967 rss: 495Mb L: 53/4087 MS: 1 EraseBytes-
#3691348	REDUCE cov: 1583 ft: 6585 corp: 1382/265Kb lim: 4096 exec/s: 11984 rss: 495Mb L: 1479/4087 MS: 1 EraseBytes-
#3691974	NEW    cov: 1583 ft: 6591 corp: 1383/266Kb lim: 4096 exec/s: 11986 rss: 495Mb L: 1100/4087 MS: 1 CopyPart-
#3693765	REDUCE cov: 1583 ft: 6591 corp: 1383/266Kb lim: 4096 exec/s: 11992 rss: 495Mb L: 105/4087 MS: 1 EraseBytes-
#3694126	REDUCE cov: 1583 ft: 6591 corp: 1383/266Kb lim: 4096 exec/s: 11993 rss: 495Mb L: 292/4087 MS: 1 EraseBytes-
#3694168	REDUCE cov: 1583 ft: 6591 corp: 1383/266Kb lim: 4096 exec/s: 11994 rss: 495Mb L: 842/4087 MS: 2 ChangeByte-EraseBytes-
#3696091	REDUCE cov: 1583 ft: 6591 corp: 1383/266Kb lim: 4096 exec/s: 11961 rss: 495Mb L: 32/4087 MS: 3 CrossOver-EraseBytes-EraseBytes-
#3697727	REDUCE cov: 1583 ft: 6591 corp: 1383/266Kb lim: 4096 exec/s: 11966 rss: 495Mb L: 57/4087 MS: 1 EraseBytes-
#3700864	REDUCE cov: 1583 ft: 6591 corp: 1383/266Kb lim: 4096 exec/s: 11976 rss: 495Mb L: 3049/4087 MS: 2 ShuffleBytes-EraseBytes-
#3704425	REDUCE cov: 1583 ft: 6591 corp: 1383/266Kb lim: 4096 exec/s: 11988 rss: 495Mb L: 89/4087 MS: 1 EraseBytes-
#3710983	REDUCE cov: 1583 ft: 6591 corp: 1383/266Kb lim: 4096 exec/s: 11970 rss: 495Mb L: 349/4087 MS: 3 ChangeByte-ChangeASCIIInt-EraseBytes-
#3712574	REDUCE cov: 1583 ft: 6591 corp: 1383/266Kb lim: 4096 exec/s: 11976 rss: 495Mb L: 846/4087 MS: 1 EraseBytes-
#3715865	REDUCE cov: 1583 ft: 6591 corp: 1383/266Kb lim: 4096 exec/s: 11986 rss: 495Mb L: 70/4087 MS: 1 EraseBytes-
#3716466	REDUCE cov: 1583 ft: 6591 corp: 1383/266Kb lim: 4096 exec/s: 11988 rss: 495Mb L: 25/4087 MS: 1 EraseBytes-
#3728023	REDUCE cov: 1583 ft: 6591 corp: 1383/266Kb lim: 4096 exec/s: 11987 rss: 495Mb L: 170/4087 MS: 2 EraseBytes-CopyPart-
#3728975	REDUCE cov: 1583 ft: 6591 corp: 1383/266Kb lim: 4096 exec/s: 11990 rss: 495Mb L: 408/4087 MS: 2 ChangeBinInt-EraseBytes-
#3729326	REDUCE cov: 1583 ft: 6591 corp: 1383/266Kb lim: 4096 exec/s: 11952 rss: 495Mb L: 119/4087 MS: 1 EraseBytes-
#3729907	REDUCE cov: 1583 ft: 6591 corp: 1383/266Kb lim: 4096 exec/s: 11954 rss: 495Mb L: 42/4087 MS: 1 EraseBytes-
#3730220	REDUCE cov: 1583 ft: 6591 corp: 1383/266Kb lim: 4096 exec/s: 11955 rss: 495Mb L: 12/4087 MS: 3 ChangeByte-EraseBytes-CopyPart-
#3736007	REDUCE cov: 1583 ft: 6591 corp: 1383/266Kb lim: 4096 exec/s: 11974 rss: 495Mb L: 41/4087 MS: 2 ChangeASCIIInt-EraseBytes-
#3736283	REDUCE cov: 1583 ft: 6591 corp: 1383/266Kb lim: 4096 exec/s: 11975 rss: 495Mb L: 154/4087 MS: 1 EraseBytes-
#3737639	REDUCE cov: 1583 ft: 6591 corp: 1383/266Kb lim: 4096 exec/s: 11941 rss: 495Mb L: 1749/4087 MS: 1 EraseBytes-
#3737930	REDUCE cov: 1583 ft: 6591 corp: 1383/266Kb lim: 4096 exec/s: 11942 rss: 495Mb L: 36/4087 MS: 1 EraseBytes-
#3738981	REDUCE cov: 1583 ft: 6591 corp: 1383/266Kb lim: 4096 exec/s: 11945 rss: 495Mb L: 1589/4087 MS: 1 EraseBytes-
#3739122	REDUCE cov: 1583 ft: 6591 corp: 1383/265Kb lim: 4096 exec/s: 11946 rss: 495Mb L: 2414/4087 MS: 1 EraseBytes-
#3740213	REDUCE cov: 1583 ft: 6591 corp: 1383/265Kb lim: 4096 exec/s: 11949 rss: 495Mb L: 134/4087 MS: 1 EraseBytes-
#3740494	REDUCE cov: 1583 ft: 6591 corp: 1383/265Kb lim: 4096 exec/s: 11950 rss: 495Mb L: 56/4087 MS: 1 EraseBytes-
#3745240	REDUCE cov: 1583 ft: 6594 corp: 1384/266Kb lim: 4096 exec/s: 11965 rss: 497Mb L: 259/4087 MS: 1 CopyPart-
#3746436	REDUCE cov: 1583 ft: 6594 corp: 1384/266Kb lim: 4096 exec/s: 11969 rss: 497Mb L: 16/4087 MS: 1 EraseBytes-
#3746957	REDUCE cov: 1583 ft: 6594 corp: 1384/266Kb lim: 4096 exec/s: 11971 rss: 497Mb L: 57/4087 MS: 1 EraseBytes-
#3750040	REDUCE cov: 1583 ft: 6594 corp: 1384/266Kb lim: 4096 exec/s: 11942 rss: 497Mb L: 982/4087 MS: 3 CopyPart-EraseBytes-EraseBytes-
#3753203	REDUCE cov: 1583 ft: 6594 corp: 1384/266Kb lim: 4096 exec/s: 11952 rss: 497Mb L: 117/4087 MS: 3 ChangeByte-CrossOver-EraseBytes-
#3754099	REDUCE cov: 1583 ft: 6594 corp: 1384/266Kb lim: 4096 exec/s: 11955 rss: 497Mb L: 959/4087 MS: 1 EraseBytes-
#3754660	REDUCE cov: 1583 ft: 6594 corp: 1384/266Kb lim: 4096 exec/s: 11957 rss: 497Mb L: 172/4087 MS: 1 EraseBytes-
#3755316	REDUCE cov: 1583 ft: 6594 corp: 1384/266Kb lim: 4096 exec/s: 11959 rss: 497Mb L: 544/4087 MS: 1 EraseBytes-
#3756768	REDUCE cov: 1583 ft: 6594 corp: 1384/266Kb lim: 4096 exec/s: 11964 rss: 497Mb L: 135/4087 MS: 2 ShuffleBytes-EraseBytes-
#3757494	REDUCE cov: 1583 ft: 6594 corp: 1384/266Kb lim: 4096 exec/s: 11966 rss: 497Mb L: 57/4087 MS: 1 EraseBytes-
#3758877	REDUCE cov: 1583 ft: 6594 corp: 1384/266Kb lim: 4096 exec/s: 11932 rss: 497Mb L: 168/4087 MS: 3 ChangeBinInt-ShuffleBytes-EraseBytes-
#3760083	REDUCE cov: 1583 ft: 6594 corp: 1384/265Kb lim: 4096 exec/s: 11936 rss: 497Mb L: 811/4087 MS: 1 EraseBytes-
#3760209	REDUCE cov: 1583 ft: 6594 corp: 1384/265Kb lim: 4096 exec/s: 11937 rss: 497Mb L: 133/4087 MS: 1 EraseBytes-
#3761415	REDUCE cov: 1583 ft: 6594 corp: 1384/265Kb lim: 4096 exec/s: 11941 rss: 497Mb L: 3687/4087 MS: 1 EraseBytes-
#3762351	REDUCE cov: 1583 ft: 6594 corp: 1384/265Kb lim: 4096 exec/s: 11943 rss: 497Mb L: 1288/4087 MS: 1 EraseBytes-
#3765693	REDUCE cov: 1583 ft: 6594 corp: 1384/265Kb lim: 4096 exec/s: 11954 rss: 497Mb L: 2732/4087 MS: 2 CopyPart-EraseBytes-
#3769479	REDUCE cov: 1583 ft: 6594 corp: 1384/265Kb lim: 4096 exec/s: 11928 rss: 497Mb L: 3224/4087 MS: 1 EraseBytes-
#3769865	REDUCE cov: 1583 ft: 6594 corp: 1384/265Kb lim: 4096 exec/s: 11929 rss: 497Mb L: 48/4087 MS: 1 EraseBytes-
#3770341	REDUCE cov: 1583 ft: 6594 corp: 1384/265Kb lim: 4096 exec/s: 11931 rss: 497Mb L: 78/4087 MS: 1 EraseBytes-
#3770643	REDUCE cov: 1583 ft: 6594 corp: 1384/265Kb lim: 4096 exec/s: 11932 rss: 497Mb L: 134/4087 MS: 2 ChangeBit-EraseBytes-
#3776729	REDUCE cov: 1583 ft: 6594 corp: 1384/265Kb lim: 4096 exec/s: 11951 rss: 497Mb L: 77/4087 MS: 1 EraseBytes-
#3778965	REDUCE cov: 1583 ft: 6594 corp: 1384/265Kb lim: 4096 exec/s: 11958 rss: 497Mb L: 29/4087 MS: 1 EraseBytes-
#3781267	REDUCE cov: 1583 ft: 6594 corp: 1384/265Kb lim: 4096 exec/s: 11966 rss: 497Mb L: 526/4087 MS: 2 ShuffleBytes-EraseBytes-
#3781703	REDUCE cov: 1583 ft: 6594 corp: 1384/265Kb lim: 4096 exec/s: 11929 rss: 497Mb L: 67/4087 MS: 1 EraseBytes-
#3782419	REDUCE cov: 1583 ft: 6594 corp: 1384/265Kb lim: 4096 exec/s: 11931 rss: 497Mb L: 159/4087 MS: 1 EraseBytes-
#3783385	REDUCE cov: 1583 ft: 6594 corp: 1384/265Kb lim: 4096 exec/s: 11934 rss: 497Mb L: 770/4087 MS: 1 EraseBytes-
#3786341	REDUCE cov: 1583 ft: 6594 corp: 1384/265Kb lim: 4096 exec/s: 11944 rss: 497Mb L: 142/4087 MS: 1 EraseBytes-
#3786433	REDUCE cov: 1583 ft: 6594 corp: 1384/265Kb lim: 4096 exec/s: 11944 rss: 497Mb L: 101/4087 MS: 2 ShuffleBytes-EraseBytes-
#3788344	REDUCE cov: 1583 ft: 6594 corp: 1384/265Kb lim: 4096 exec/s: 11950 rss: 497Mb L: 12/4087 MS: 1 EraseBytes-
#3788660	REDUCE cov: 1583 ft: 6594 corp: 1384/265Kb lim: 4096 exec/s: 11951 rss: 497Mb L: 71/4087 MS: 1 EraseBytes-
#3792777	REDUCE cov: 1583 ft: 6594 corp: 1384/265Kb lim: 4096 exec/s: 11926 rss: 497Mb L: 644/4087 MS: 2 ChangeASCIIInt-EraseBytes-
#3792896	REDUCE cov: 1583 ft: 6594 corp: 1384/265Kb lim: 4096 exec/s: 11927 rss: 497Mb L: 876/4087 MS: 4 EraseBytes-InsertByte-ChangeBit-CrossOver-
#3793572	REDUCE cov: 1583 ft: 6594 corp: 1384/265Kb lim: 4096 exec/s: 11929 rss: 497Mb L: 131/4087 MS: 1 EraseBytes-
#3797049	REDUCE cov: 1583 ft: 6594 corp: 1384/265Kb lim: 4096 exec/s: 11940 rss: 497Mb L: 1109/4087 MS: 2 ShuffleBytes-EraseBytes-
#3800085	REDUCE cov: 1583 ft: 6594 corp: 1384/265Kb lim: 4096 exec/s: 11949 rss: 497Mb L: 162/4087 MS: 1 EraseBytes-
#3801703	REDUCE cov: 1583 ft: 6594 corp: 1384/265Kb lim: 4096 exec/s: 11955 rss: 497Mb L: 248/4087 MS: 3 EraseBytes-ChangeBit-CopyPart-
#3804633	REDUCE cov: 1583 ft: 6594 corp: 1384/265Kb lim: 4096 exec/s: 11926 rss: 497Mb L: 51/4087 MS: 5 EraseBytes-ChangeBit-ShuffleBytes-CopyPart-CopyPart-
#3807354	REDUCE cov: 1583 ft: 6594 corp: 1384/265Kb lim: 4096 exec/s: 11935 rss: 497Mb L: 38/4087 MS: 1 EraseBytes-
#3808432	REDUCE cov: 1583 ft: 6594 corp: 1384/265Kb lim: 4096 exec/s: 11938 rss: 497Mb L: 1218/4087 MS: 3 ShuffleBytes-ChangeASCIIInt-EraseBytes-
#3808844	NEW    cov: 1583 ft: 6595 corp: 1385/265Kb lim: 4096 exec/s: 11939 rss: 497Mb L: 14/4087 MS: 2 CrossOver-CopyPart-
#3810011	REDUCE cov: 1583 ft: 6595 corp: 1385/265Kb lim: 4096 exec/s: 11943 rss: 497Mb L: 458/4087 MS: 2 ChangeASCIIInt-EraseBytes-
#3811817	REDUCE cov: 1583 ft: 6595 corp: 1385/265Kb lim: 4096 exec/s: 11949 rss: 497Mb L: 11/4087 MS: 1 EraseBytes-
#3812728	REDUCE cov: 1583 ft: 6595 corp: 1385/265Kb lim: 4096 exec/s: 11952 rss: 497Mb L: 77/4087 MS: 1 EraseBytes-
#3813024	REDUCE cov: 1583 ft: 6595 corp: 1385/265Kb lim: 4096 exec/s: 11953 rss: 497Mb L: 16/4087 MS: 1 EraseBytes-
#3813781	REDUCE cov: 1583 ft: 6595 corp: 1385/265Kb lim: 4096 exec/s: 11955 rss: 497Mb L: 91/4087 MS: 2 CrossOver-EraseBytes-
#3815317	REDUCE cov: 1583 ft: 6595 corp: 1385/265Kb lim: 4096 exec/s: 11922 rss: 497Mb L: 20/4087 MS: 1 EraseBytes-
#3816068	REDUCE cov: 1583 ft: 6595 corp: 1385/265Kb lim: 4096 exec/s: 11925 rss: 497Mb L: 50/4087 MS: 1 EraseBytes-
#3816114	REDUCE cov: 1583 ft: 6595 corp: 1385/265Kb lim: 4096 exec/s: 11925 rss: 497Mb L: 45/4087 MS: 1 EraseBytes-
#3819790	NEW    cov: 1583 ft: 6608 corp: 1386/267Kb lim: 4096 exec/s: 11936 rss: 497Mb L: 1818/4087 MS: 1 CopyPart-
#3820711	REDUCE cov: 1583 ft: 6608 corp: 1386/267Kb lim: 4096 exec/s: 11939 rss: 497Mb L: 138/4087 MS: 1 EraseBytes-
#3823337	REDUCE cov: 1583 ft: 6608 corp: 1386/267Kb lim: 4096 exec/s: 11947 rss: 497Mb L: 43/4087 MS: 1 EraseBytes-
#3826263	REDUCE cov: 1583 ft: 6608 corp: 1386/267Kb lim: 4096 exec/s: 11919 rss: 497Mb L: 111/4087 MS: 1 EraseBytes-
#3827039	REDUCE cov: 1583 ft: 6636 corp: 1387/267Kb lim: 4096 exec/s: 11922 rss: 497Mb L: 357/4087 MS: 1 CopyPart-
#3827101	REDUCE cov: 1583 ft: 6636 corp: 1387/267Kb lim: 4096 exec/s: 11922 rss: 497Mb L: 1690/4087 MS: 2 ChangeASCIIInt-EraseBytes-
#3827179	REDUCE cov: 1583 ft: 6636 corp: 1387/267Kb lim: 4096 exec/s: 11922 rss: 497Mb L: 70/4087 MS: 3 CMP-ChangeByte-EraseBytes- DE: "messag"-
#3829026	REDUCE cov: 1583 ft: 6636 corp: 1387/267Kb lim: 4096 exec/s: 11928 rss: 497Mb L: 377/4087 MS: 2 ShuffleBytes-EraseBytes-
#3830412	REDUCE cov: 1583 ft: 6636 corp: 1387/267Kb lim: 4096 exec/s: 11932 rss: 497Mb L: 86/4087 MS: 1 EraseBytes-
#3830808	REDUCE cov: 1583 ft: 6636 corp: 1387/267Kb lim: 4096 exec/s: 11933 rss: 497Mb L: 99/4087 MS: 1 EraseBytes-
#3831509	REDUCE cov: 1583 ft: 6636 corp: 1387/267Kb lim: 4096 exec/s: 11936 rss: 497Mb L: 106/4087 MS: 1 EraseBytes-
#3832256	REDUCE cov: 1583 ft: 6636 corp: 1387/267Kb lim: 4096 exec/s: 11938 rss: 497Mb L: 2591/4087 MS: 2 PersAutoDict-EraseBytes- DE: "\000\000\000\003"-
#3832882	REDUCE cov: 1583 ft: 6636 corp: 1387/267Kb lim: 4096 exec/s: 11940 rss: 497Mb L: 83/4087 MS: 1 EraseBytes-
#3833028	REDUCE cov: 1583 ft: 6636 corp: 1387/267Kb lim: 4096 exec/s: 11940 rss: 497Mb L: 637/4087 MS: 1 EraseBytes-
#3835409	REDUCE cov: 1583 ft: 6637 corp: 1388/267Kb lim: 4096 exec/s: 11911 rss: 497Mb L: 206/4087 MS: 1 CopyPart-
#3838450	REDUCE cov: 1583 ft: 6637 corp: 1388/267Kb lim: 4096 exec/s: 11920 rss: 497Mb L: 43/4087 MS: 1 EraseBytes-
#3838498	REDUCE cov: 1583 ft: 6637 corp: 1388/267Kb lim: 4096 exec/s: 11920 rss: 497Mb L: 82/4087 MS: 3 ChangeByte-CopyPart-EraseBytes-
#3839380	NEW    cov: 1583 ft: 6638 corp: 1389/268Kb lim: 4096 exec/s: 11923 rss: 497Mb L: 690/4087 MS: 2 ChangeByte-EraseBytes-
#3841706	REDUCE cov: 1583 ft: 6638 corp: 1389/268Kb lim: 4096 exec/s: 11930 rss: 497Mb L: 41/4087 MS: 1 EraseBytes-
#3842204	NEW    cov: 1583 ft: 6639 corp: 1390/268Kb lim: 4096 exec/s: 11932 rss: 497Mb L: 226/4087 MS: 3 ChangeBit-CrossOver-CrossOver-
#3844971	REDUCE cov: 1583 ft: 6639 corp: 1390/268Kb lim: 4096 exec/s: 11940 rss: 497Mb L: 86/4087 MS: 2 PersAutoDict-EraseBytes- DE: "\001\000\000\000\000\000\000\002"-
#3847642	REDUCE cov: 1583 ft: 6639 corp: 1390/267Kb lim: 4096 exec/s: 11912 rss: 497Mb L: 1162/4087 MS: 1 EraseBytes-
#3847658	REDUCE cov: 1583 ft: 6639 corp: 1390/267Kb lim: 4096 exec/s: 11912 rss: 497Mb L: 21/4087 MS: 1 EraseBytes-
#3848178	REDUCE cov: 1583 ft: 6639 corp: 1390/267Kb lim: 4096 exec/s: 11913 rss: 497Mb L: 209/4087 MS: 5 ShuffleBytes-PersAutoDict-ChangeASCIIInt-ChangeByte-EraseBytes- DE: "\001\000\000\000\000\000\000\200"-
#3848730	REDUCE cov: 1583 ft: 6639 corp: 1390/267Kb lim: 4096 exec/s: 11915 rss: 497Mb L: 3322/4087 MS: 2 CopyPart-EraseBytes-
#3850947	REDUCE cov: 1583 ft: 6639 corp: 1390/267Kb lim: 4096 exec/s: 11922 rss: 497Mb L: 103/4087 MS: 2 ShuffleBytes-EraseBytes-
#3851799	REDUCE cov: 1583 ft: 6639 corp: 1390/267Kb lim: 4096 exec/s: 11925 rss: 497Mb L: 42/4087 MS: 2 ChangeBit-EraseBytes-
#3852380	REDUCE cov: 1583 ft: 6639 corp: 1390/267Kb lim: 4096 exec/s: 11926 rss: 497Mb L: 29/4087 MS: 1 EraseBytes-
#3852822	REDUCE cov: 1583 ft: 6639 corp: 1390/267Kb lim: 4096 exec/s: 11928 rss: 497Mb L: 77/4087 MS: 2 EraseBytes-CopyPart-
#3854973	REDUCE cov: 1583 ft: 6639 corp: 1390/267Kb lim: 4096 exec/s: 11934 rss: 497Mb L: 102/4087 MS: 1 EraseBytes-
#3856244	REDUCE cov: 1583 ft: 6639 corp: 1390/267Kb lim: 4096 exec/s: 11938 rss: 497Mb L: 314/4087 MS: 1 EraseBytes-
#3856298	REDUCE cov: 1583 ft: 6639 corp: 1390/267Kb lim: 4096 exec/s: 11939 rss: 497Mb L: 285/4087 MS: 4 CopyPart-ChangeByte-ChangeASCIIInt-EraseBytes-
#3858114	REDUCE cov: 1583 ft: 6639 corp: 1390/267Kb lim: 4096 exec/s: 11907 rss: 497Mb L: 52/4087 MS: 1 EraseBytes-
#3858180	REDUCE cov: 1583 ft: 6639 corp: 1390/267Kb lim: 4096 exec/s: 11907 rss: 497Mb L: 136/4087 MS: 1 EraseBytes-
#3861856	REDUCE cov: 1583 ft: 6639 corp: 1390/267Kb lim: 4096 exec/s: 11919 rss: 497Mb L: 11/4087 MS: 1 EraseBytes-
#3863168	REDUCE cov: 1583 ft: 6639 corp: 1390/267Kb lim: 4096 exec/s: 11923 rss: 497Mb L: 95/4087 MS: 2 ChangeByte-EraseBytes-
#3863569	REDUCE cov: 1583 ft: 6639 corp: 1390/267Kb lim: 4096 exec/s: 11924 rss: 497Mb L: 1130/4087 MS: 1 EraseBytes-
#3864600	REDUCE cov: 1583 ft: 6639 corp: 1390/267Kb lim: 4096 exec/s: 11927 rss: 497Mb L: 395/4087 MS: 1 EraseBytes-
#3864771	REDUCE cov: 1583 ft: 6639 corp: 1390/267Kb lim: 4096 exec/s: 11928 rss: 497Mb L: 115/4087 MS: 1 EraseBytes-
#3864944	REDUCE cov: 1583 ft: 6639 corp: 1390/267Kb lim: 4096 exec/s: 11928 rss: 497Mb L: 191/4087 MS: 3 InsertByte-ChangeByte-EraseBytes-
#3865065	REDUCE cov: 1583 ft: 6639 corp: 1390/267Kb lim: 4096 exec/s: 11929 rss: 497Mb L: 62/4087 MS: 1 EraseBytes-
#3868348	REDUCE cov: 1583 ft: 6639 corp: 1390/267Kb lim: 4096 exec/s: 11939 rss: 497Mb L: 1643/4087 MS: 3 CopyPart-ChangeASCIIInt-EraseBytes-
#3869314	REDUCE cov: 1583 ft: 6639 corp: 1390/267Kb lim: 4096 exec/s: 11905 rss: 497Mb L: 54/4087 MS: 1 EraseBytes-
#3874050	REDUCE cov: 1583 ft: 6639 corp: 1390/267Kb lim: 4096 exec/s: 11920 rss: 497Mb L: 159/4087 MS: 1 EraseBytes-
#3874739	REDUCE cov: 1583 ft: 6639 corp: 1390/267Kb lim: 4096 exec/s: 11922 rss: 497Mb L: 127/4087 MS: 4 CopyPart-PersAutoDict-EraseBytes-EraseBytes- DE: "\314\314\314\014"-
#3875323	REDUCE cov: 1583 ft: 6639 corp: 1390/267Kb lim: 4096 exec/s: 11924 rss: 497Mb L: 49/4087 MS: 4 ChangeBit-InsertByte-ChangeBit-EraseBytes-
#3875678	REDUCE cov: 1583 ft: 6639 corp: 1390/267Kb lim: 4096 exec/s: 11925 rss: 497Mb L: 46/4087 MS: 5 InsertByte-ChangeBit-ChangeASCIIInt-ShuffleBytes-EraseBytes-
#3879954	REDUCE cov: 1583 ft: 6639 corp: 1390/267Kb lim: 4096 exec/s: 11938 rss: 497Mb L: 38/4087 MS: 1 EraseBytes-
#3880931	REDUCE cov: 1583 ft: 6639 corp: 1390/267Kb lim: 4096 exec/s: 11904 rss: 497Mb L: 157/4087 MS: 2 InsertRepeatedBytes-EraseBytes-
#3882640	REDUCE cov: 1583 ft: 6639 corp: 1390/267Kb lim: 4096 exec/s: 11909 rss: 497Mb L: 198/4087 MS: 4 ChangeBinInt-ChangeBit-ChangeBit-EraseBytes-
#3883637	REDUCE cov: 1583 ft: 6639 corp: 1390/267Kb lim: 4096 exec/s: 11912 rss: 497Mb L: 22/4087 MS: 2 ShuffleBytes-EraseBytes-
#3884008	REDUCE cov: 1583 ft: 6639 corp: 1390/267Kb lim: 4096 exec/s: 11914 rss: 497Mb L: 40/4087 MS: 1 EraseBytes-
#3885907	REDUCE cov: 1583 ft: 6639 corp: 1390/267Kb lim: 4096 exec/s: 11919 rss: 497Mb L: 1593/4087 MS: 4 ChangeASCIIInt-ChangeASCIIInt-ShuffleBytes-EraseBytes-
#3886563	REDUCE cov: 1583 ft: 6639 corp: 1390/267Kb lim: 4096 exec/s: 11921 rss: 497Mb L: 2454/4087 MS: 1 EraseBytes-
#3887039	REDUCE cov: 1583 ft: 6639 corp: 1390/267Kb lim: 4096 exec/s: 11923 rss: 497Mb L: 7/4087 MS: 1 EraseBytes-
#3892545	REDUCE cov: 1583 ft: 6639 corp: 1390/267Kb lim: 4096 exec/s: 11903 rss: 497Mb L: 625/4087 MS: 1 EraseBytes-
#3893706	REDUCE cov: 1583 ft: 6639 corp: 1390/267Kb lim: 4096 exec/s: 11907 rss: 497Mb L: 1924/4087 MS: 1 EraseBytes-
#3894932	NEW    cov: 1583 ft: 6640 corp: 1391/267Kb lim: 4096 exec/s: 11911 rss: 497Mb L: 718/4087 MS: 1 InsertRepeatedBytes-
#3895061	REDUCE cov: 1583 ft: 6640 corp: 1391/267Kb lim: 4096 exec/s: 11911 rss: 497Mb L: 170/4087 MS: 4 ChangeBit-ChangeBit-ShuffleBytes-EraseBytes-
#3895679	REDUCE cov: 1583 ft: 6640 corp: 1391/267Kb lim: 4096 exec/s: 11913 rss: 497Mb L: 331/4087 MS: 3 CopyPart-ChangeBinInt-EraseBytes-
#3896840	REDUCE cov: 1583 ft: 6640 corp: 1391/267Kb lim: 4096 exec/s: 11916 rss: 497Mb L: 157/4087 MS: 1 EraseBytes-
#3902936	REDUCE cov: 1583 ft: 6640 corp: 1391/267Kb lim: 4096 exec/s: 11935 rss: 497Mb L: 34/4087 MS: 1 EraseBytes-
#3904362	REDUCE cov: 1583 ft: 6640 corp: 1391/267Kb lim: 4096 exec/s: 11903 rss: 497Mb L: 20/4087 MS: 1 EraseBytes-
#3905963	REDUCE cov: 1583 ft: 6640 corp: 1391/267Kb lim: 4096 exec/s: 11908 rss: 497Mb L: 107/4087 MS: 1 EraseBytes-
#3907934	REDUCE cov: 1583 ft: 6640 corp: 1391/267Kb lim: 4096 exec/s: 11914 rss: 497Mb L: 19/4087 MS: 1 EraseBytes-
#3912630	REDUCE cov: 1583 ft: 6640 corp: 1391/267Kb lim: 4096 exec/s: 11928 rss: 497Mb L: 48/4087 MS: 1 EraseBytes-
#3913822	REDUCE cov: 1583 ft: 6640 corp: 1391/267Kb lim: 4096 exec/s: 11932 rss: 497Mb L: 27/4087 MS: 2 InsertByte-EraseBytes-
#3915728	REDUCE cov: 1583 ft: 6640 corp: 1391/267Kb lim: 4096 exec/s: 11901 rss: 497Mb L: 12/4087 MS: 1 EraseBytes-
#3916999	REDUCE cov: 1583 ft: 6640 corp: 1391/267Kb lim: 4096 exec/s: 11905 rss: 497Mb L: 41/4087 MS: 1 EraseBytes-
#3918165	REDUCE cov: 1583 ft: 6640 corp: 1391/267Kb lim: 4096 exec/s: 11909 rss: 497Mb L: 74/4087 MS: 1 EraseBytes-
#3919436	REDUCE cov: 1583 ft: 6640 corp: 1391/267Kb lim: 4096 exec/s: 11913 rss: 497Mb L: 12/4087 MS: 1 EraseBytes-
#3920051	REDUCE cov: 1583 ft: 6645 corp: 1392/268Kb lim: 4096 exec/s: 11915 rss: 497Mb L: 346/4087 MS: 5 InsertRepeatedBytes-InsertRepeatedBytes-InsertByte-CrossOver-CopyPart-
#3921537	NEW    cov: 1583 ft: 6647 corp: 1393/269Kb lim: 4096 exec/s: 11919 rss: 497Mb L: 1180/4087 MS: 1 CrossOver-
#3924385	REDUCE cov: 1583 ft: 6647 corp: 1393/269Kb lim: 4096 exec/s: 11928 rss: 497Mb L: 312/4087 MS: 3 ChangeBinInt-ChangeASCIIInt-EraseBytes-
#3925196	REDUCE cov: 1583 ft: 6647 corp: 1393/269Kb lim: 4096 exec/s: 11930 rss: 497Mb L: 980/4087 MS: 1 EraseBytes-
#3926799	REDUCE cov: 1583 ft: 6647 corp: 1393/269Kb lim: 4096 exec/s: 11899 rss: 497Mb L: 210/4087 MS: 3 ShuffleBytes-PersAutoDict-EraseBytes- DE: "\177\033\023\351K\022\000\000"-
#3927225	REDUCE cov: 1583 ft: 6647 corp: 1393/269Kb lim: 4096 exec/s: 11900 rss: 497Mb L: 186/4087 MS: 1 EraseBytes-
#3930666	REDUCE cov: 1583 ft: 6647 corp: 1393/269Kb lim: 4096 exec/s: 11911 rss: 497Mb L: 62/4087 MS: 1 EraseBytes-
#3931282	REDUCE cov: 1583 ft: 6647 corp: 1393/269Kb lim: 4096 exec/s: 11912 rss: 497Mb L: 493/4087 MS: 1 EraseBytes-
#3937515	REDUCE cov: 1583 ft: 6647 corp: 1393/269Kb lim: 4096 exec/s: 11895 rss: 497Mb L: 153/4087 MS: 3 CopyPart-InsertByte-EraseBytes-
#3940591	REDUCE cov: 1583 ft: 6647 corp: 1393/269Kb lim: 4096 exec/s: 11905 rss: 497Mb L: 12/4087 MS: 1 EraseBytes-
#3941053	REDUCE cov: 1583 ft: 6647 corp: 1393/269Kb lim: 4096 exec/s: 11906 rss: 497Mb L: 156/4087 MS: 2 ShuffleBytes-EraseBytes-
#3943045	REDUCE cov: 1583 ft: 6647 corp: 1393/269Kb lim: 4096 exec/s: 11876 rss: 497Mb L: 323/4087 MS: 2 ShuffleBytes-EraseBytes-
#3943746	REDUCE cov: 1583 ft: 6647 corp: 1393/269Kb lim: 4096 exec/s: 11878 rss: 497Mb L: 145/4087 MS: 1 EraseBytes-
#3943950	REDUCE cov: 1583 ft: 6647 corp: 1393/268Kb lim: 4096 exec/s: 11879 rss: 497Mb L: 1398/4087 MS: 4 ShuffleBytes-ChangeBit-PersAutoDict-EraseBytes- DE: "\002\000\000\000\000\000\000\000"-
#3945816	REDUCE cov: 1583 ft: 6647 corp: 1393/268Kb lim: 4096 exec/s: 11884 rss: 497Mb L: 311/4087 MS: 1 EraseBytes-
#3946218	REDUCE cov: 1583 ft: 6647 corp: 1393/268Kb lim: 4096 exec/s: 11886 rss: 497Mb L: 30/4087 MS: 2 ChangeBit-EraseBytes-
#3946329	REDUCE cov: 1583 ft: 6647 corp: 1393/268Kb lim: 4096 exec/s: 11886 rss: 497Mb L: 93/4087 MS: 1 EraseBytes-
#3947140	REDUCE cov: 1583 ft: 6647 corp: 1393/268Kb lim: 4096 exec/s: 11888 rss: 497Mb L: 31/4087 MS: 1 EraseBytes-
#3949617	REDUCE cov: 1583 ft: 6647 corp: 1393/268Kb lim: 4096 exec/s: 11896 rss: 497Mb L: 1355/4087 MS: 2 ChangeByte-EraseBytes-
#3950328	REDUCE cov: 1583 ft: 6647 corp: 1393/268Kb lim: 4096 exec/s: 11898 rss: 497Mb L: 131/4087 MS: 1 EraseBytes-
#3952925	REDUCE cov: 1583 ft: 6647 corp: 1393/268Kb lim: 4096 exec/s: 11870 rss: 497Mb L: 307/4087 MS: 2 ShuffleBytes-EraseBytes-
#3955472	REDUCE cov: 1583 ft: 6647 corp: 1393/268Kb lim: 4096 exec/s: 11878 rss: 497Mb L: 632/4087 MS: 2 CopyPart-EraseBytes-
#3957310	REDUCE cov: 1583 ft: 6647 corp: 1393/268Kb lim: 4096 exec/s: 11883 rss: 497Mb L: 1369/4087 MS: 3 ChangeBit-ChangeASCIIInt-EraseBytes-
#3961025	REDUCE cov: 1583 ft: 6647 corp: 1393/268Kb lim: 4096 exec/s: 11859 rss: 497Mb L: 191/4087 MS: 5 ChangeBit-ChangeByte-ChangeByte-InsertRepeatedBytes-EraseBytes-
#3962612	REDUCE cov: 1583 ft: 6647 corp: 1393/268Kb lim: 4096 exec/s: 11864 rss: 497Mb L: 96/4087 MS: 2 EraseBytes-CopyPart-
#3963113	REDUCE cov: 1583 ft: 6647 corp: 1393/268Kb lim: 4096 exec/s: 11865 rss: 497Mb L: 3/4087 MS: 1 EraseBytes-
#3963756	REDUCE cov: 1583 ft: 6647 corp: 1393/268Kb lim: 4096 exec/s: 11867 rss: 497Mb L: 7/4087 MS: 3 CrossOver-PersAutoDict-EraseBytes- DE: "\314\314\314\014"-
#3966298	REDUCE cov: 1583 ft: 6647 corp: 1393/268Kb lim: 4096 exec/s: 11875 rss: 497Mb L: 359/4087 MS: 2 ChangeBit-EraseBytes-
#3967175	REDUCE cov: 1583 ft: 6647 corp: 1393/268Kb lim: 4096 exec/s: 11877 rss: 497Mb L: 262/4087 MS: 2 ChangeASCIIInt-EraseBytes-
#3969586	REDUCE cov: 1583 ft: 6647 corp: 1393/268Kb lim: 4096 exec/s: 11849 rss: 497Mb L: 70/4087 MS: 1 EraseBytes-
#3971437	REDUCE cov: 1583 ft: 6647 corp: 1393/268Kb lim: 4096 exec/s: 11855 rss: 497Mb L: 47/4087 MS: 1 EraseBytes-
#3971593	REDUCE cov: 1583 ft: 6647 corp: 1393/268Kb lim: 4096 exec/s: 11855 rss: 497Mb L: 82/4087 MS: 1 EraseBytes-
#3971765	REDUCE cov: 1583 ft: 6647 corp: 1393/268Kb lim: 4096 exec/s: 11856 rss: 497Mb L: 7/4087 MS: 2 ChangeASCIIInt-EraseBytes-
#3972399	REDUCE cov: 1583 ft: 6648 corp: 1394/269Kb lim: 4096 exec/s: 11857 rss: 497Mb L: 960/4087 MS: 4 ChangeASCIIInt-ChangeASCIIInt-CopyPart-CopyPart-
#3973750	REDUCE cov: 1583 ft: 6648 corp: 1394/269Kb lim: 4096 exec/s: 11861 rss: 497Mb L: 48/4087 MS: 1 EraseBytes-
#3974796	REDUCE cov: 1583 ft: 6648 corp: 1394/269Kb lim: 4096 exec/s: 11865 rss: 497Mb L: 1061/4087 MS: 1 EraseBytes-
#3975512	REDUCE cov: 1583 ft: 6648 corp: 1394/269Kb lim: 4096 exec/s: 11867 rss: 497Mb L: 110/4087 MS: 1 EraseBytes-
#3976458	NEW    cov: 1583 ft: 6649 corp: 1395/270Kb lim: 4096 exec/s: 11870 rss: 497Mb L: 679/4087 MS: 1 EraseBytes-
#3977034	REDUCE cov: 1583 ft: 6649 corp: 1395/270Kb lim: 4096 exec/s: 11871 rss: 497Mb L: 105/4087 MS: 1 EraseBytes-
#3983037	REDUCE cov: 1583 ft: 6649 corp: 1395/270Kb lim: 4096 exec/s: 11854 rss: 497Mb L: 63/4087 MS: 3 ChangeASCIIInt-EraseBytes-CopyPart-
#3983268	REDUCE cov: 1583 ft: 6649 corp: 1395/270Kb lim: 4096 exec/s: 11854 rss: 497Mb L: 1591/4087 MS: 1 EraseBytes-
#3984307	REDUCE cov: 1583 ft: 6649 corp: 1395/270Kb lim: 4096 exec/s: 11858 rss: 497Mb L: 24/4087 MS: 4 CopyPart-CopyPart-EraseBytes-EraseBytes-
#3984923	REDUCE cov: 1583 ft: 6649 corp: 1395/270Kb lim: 4096 exec/s: 11859 rss: 497Mb L: 101/4087 MS: 1 EraseBytes-
#3985065	REDUCE cov: 1583 ft: 6649 corp: 1395/269Kb lim: 4096 exec/s: 11860 rss: 497Mb L: 731/4087 MS: 2 ChangeBinInt-EraseBytes-
#3987371	REDUCE cov: 1583 ft: 6649 corp: 1395/269Kb lim: 4096 exec/s: 11831 rss: 497Mb L: 21/4087 MS: 1 EraseBytes-
#3990007	REDUCE cov: 1583 ft: 6649 corp: 1395/269Kb lim: 4096 exec/s: 11839 rss: 497Mb L: 387/4087 MS: 1 EraseBytes-
#3995013	REDUCE cov: 1583 ft: 6649 corp: 1395/269Kb lim: 4096 exec/s: 11854 rss: 497Mb L: 244/4087 MS: 1 EraseBytes-
#3995045	REDUCE cov: 1583 ft: 6650 corp: 1396/270Kb lim: 4096 exec/s: 11854 rss: 497Mb L: 611/4087 MS: 2 ChangeBit-EraseBytes-
#3995308	REDUCE cov: 1583 ft: 6650 corp: 1396/270Kb lim: 4096 exec/s: 11855 rss: 497Mb L: 166/4087 MS: 3 ChangeASCIIInt-ChangeASCIIInt-EraseBytes-
#4000269	NEW    cov: 1583 ft: 6651 corp: 1397/271Kb lim: 4096 exec/s: 11835 rss: 497Mb L: 680/4087 MS: 1 InsertByte-
#4002060	REDUCE cov: 1583 ft: 6651 corp: 1397/270Kb lim: 4096 exec/s: 11840 rss: 497Mb L: 1006/4087 MS: 1 EraseBytes-
#4002731	REDUCE cov: 1583 ft: 6651 corp: 1397/270Kb lim: 4096 exec/s: 11842 rss: 497Mb L: 45/4087 MS: 1 EraseBytes-
#4003818	REDUCE cov: 1583 ft: 6651 corp: 1397/270Kb lim: 4096 exec/s: 11845 rss: 497Mb L: 626/4087 MS: 2 ChangeByte-EraseBytes-
#4003829	REDUCE cov: 1583 ft: 6651 corp: 1397/270Kb lim: 4096 exec/s: 11845 rss: 497Mb L: 190/4087 MS: 1 EraseBytes-
#4004455	REDUCE cov: 1583 ft: 6651 corp: 1397/270Kb lim: 4096 exec/s: 11847 rss: 497Mb L: 39/4087 MS: 1 EraseBytes-
#4005002	REDUCE cov: 1583 ft: 6651 corp: 1397/270Kb lim: 4096 exec/s: 11849 rss: 497Mb L: 43/4087 MS: 2 InsertByte-EraseBytes-
#4006738	REDUCE cov: 1583 ft: 6651 corp: 1397/270Kb lim: 4096 exec/s: 11854 rss: 497Mb L: 17/4087 MS: 1 EraseBytes-
#4007234	REDUCE cov: 1583 ft: 6651 corp: 1397/270Kb lim: 4096 exec/s: 11855 rss: 497Mb L: 60/4087 MS: 1 EraseBytes-
#4007551	REDUCE cov: 1583 ft: 6651 corp: 1397/270Kb lim: 4096 exec/s: 11856 rss: 497Mb L: 21/4087 MS: 2 ShuffleBytes-EraseBytes-
#4008178	REDUCE cov: 1583 ft: 6657 corp: 1398/271Kb lim: 4096 exec/s: 11823 rss: 497Mb L: 190/4087 MS: 2 ChangeASCIIInt-CopyPart-
#4008809	REDUCE cov: 1583 ft: 6657 corp: 1398/271Kb lim: 4096 exec/s: 11825 rss: 497Mb L: 799/4087 MS: 1 EraseBytes-
#4009376	REDUCE cov: 1583 ft: 6657 corp: 1398/271Kb lim: 4096 exec/s: 11827 rss: 497Mb L: 35/4087 MS: 2 ChangeBinInt-EraseBytes-
#4014822	REDUCE cov: 1583 ft: 6657 corp: 1398/270Kb lim: 4096 exec/s: 11843 rss: 497Mb L: 38/4087 MS: 1 EraseBytes-
#4015335	REDUCE cov: 1583 ft: 6657 corp: 1398/270Kb lim: 4096 exec/s: 11844 rss: 497Mb L: 135/4087 MS: 3 ChangeByte-ShuffleBytes-EraseBytes-
#4015393	REDUCE cov: 1583 ft: 6657 corp: 1398/270Kb lim: 4096 exec/s: 11844 rss: 497Mb L: 35/4087 MS: 3 ShuffleBytes-InsertByte-EraseBytes-
#4015664	REDUCE cov: 1583 ft: 6657 corp: 1398/270Kb lim: 4096 exec/s: 11845 rss: 497Mb L: 413/4087 MS: 1 EraseBytes-
#4016870	REDUCE cov: 1583 ft: 6657 corp: 1398/270Kb lim: 4096 exec/s: 11849 rss: 497Mb L: 2183/4087 MS: 1 EraseBytes-
#4018072	REDUCE cov: 1583 ft: 6657 corp: 1398/270Kb lim: 4096 exec/s: 11852 rss: 497Mb L: 1729/4087 MS: 2 ShuffleBytes-EraseBytes-
#4018124	REDUCE cov: 1583 ft: 6657 corp: 1398/270Kb lim: 4096 exec/s: 11852 rss: 497Mb L: 297/4087 MS: 2 ChangeASCIIInt-EraseBytes-
#4020791	REDUCE cov: 1583 ft: 6657 corp: 1398/270Kb lim: 4096 exec/s: 11825 rss: 497Mb L: 1188/4087 MS: 2 ShuffleBytes-EraseBytes-
#4021447	REDUCE cov: 1583 ft: 6657 corp: 1398/270Kb lim: 4096 exec/s: 11827 rss: 497Mb L: 435/4087 MS: 1 EraseBytes-
#4021464	REDUCE cov: 1583 ft: 6657 corp: 1398/270Kb lim: 4096 exec/s: 11827 rss: 497Mb L: 59/4087 MS: 2 PersAutoDict-EraseBytes- DE: "p\000\000\020"-
#4023400	REDUCE cov: 1583 ft: 6657 corp: 1398/270Kb lim: 4096 exec/s: 11833 rss: 497Mb L: 255/4087 MS: 1 EraseBytes-
#4023496	REDUCE cov: 1583 ft: 6657 corp: 1398/270Kb lim: 4096 exec/s: 11833 rss: 497Mb L: 16/4087 MS: 1 EraseBytes-
#4025899	NEW    cov: 1583 ft: 6658 corp: 1399/271Kb lim: 4096 exec/s: 11840 rss: 497Mb L: 699/4087 MS: 3 ChangeASCIIInt-InsertByte-CrossOver-
#4027105	REDUCE cov: 1583 ft: 6658 corp: 1399/271Kb lim: 4096 exec/s: 11844 rss: 497Mb L: 42/4087 MS: 1 EraseBytes-
#4027496	NEW    cov: 1583 ft: 6685 corp: 1400/271Kb lim: 4096 exec/s: 11845 rss: 497Mb L: 434/4087 MS: 1 CopyPart-
#4028477	NEW    cov: 1583 ft: 6686 corp: 1401/271Kb lim: 4096 exec/s: 11813 rss: 497Mb L: 176/4087 MS: 1 CopyPart-
#4029548	REDUCE cov: 1583 ft: 6686 corp: 1401/271Kb lim: 4096 exec/s: 11816 rss: 497Mb L: 48/4087 MS: 1 EraseBytes-
#4030734	REDUCE cov: 1583 ft: 6686 corp: 1401/271Kb lim: 4096 exec/s: 11820 rss: 497Mb L: 25/4087 MS: 1 EraseBytes-
#4031871	REDUCE cov: 1583 ft: 6686 corp: 1401/271Kb lim: 4096 exec/s: 11823 rss: 497Mb L: 21/4087 MS: 2 ShuffleBytes-EraseBytes-
#4033557	REDUCE cov: 1583 ft: 6686 corp: 1401/271Kb lim: 4096 exec/s: 11828 rss: 497Mb L: 11/4087 MS: 1 EraseBytes-
#4034643	REDUCE cov: 1583 ft: 6686 corp: 1401/271Kb lim: 4096 exec/s: 11831 rss: 497Mb L: 33/4087 MS: 1 EraseBytes-
#4035214	REDUCE cov: 1583 ft: 6686 corp: 1401/271Kb lim: 4096 exec/s: 11833 rss: 497Mb L: 33/4087 MS: 1 EraseBytes-
#4037715	REDUCE cov: 1583 ft: 6686 corp: 1401/271Kb lim: 4096 exec/s: 11840 rss: 497Mb L: 80/4087 MS: 1 EraseBytes-
#4040826	REDUCE cov: 1583 ft: 6686 corp: 1401/271Kb lim: 4096 exec/s: 11849 rss: 497Mb L: 50/4087 MS: 1 EraseBytes-
#4044017	NEW    cov: 1583 ft: 6757 corp: 1402/272Kb lim: 4096 exec/s: 11824 rss: 497Mb L: 842/4087 MS: 1 CopyPart-
#4044328	REDUCE cov: 1583 ft: 6757 corp: 1402/272Kb lim: 4096 exec/s: 11825 rss: 497Mb L: 121/4087 MS: 1 EraseBytes-
#4046579	REDUCE cov: 1583 ft: 6757 corp: 1402/272Kb lim: 4096 exec/s: 11832 rss: 497Mb L: 826/4087 MS: 1 EraseBytes-
#4047395	REDUCE cov: 1583 ft: 6757 corp: 1402/272Kb lim: 4096 exec/s: 11834 rss: 497Mb L: 3317/4087 MS: 1 EraseBytes-
#4050866	REDUCE cov: 1583 ft: 6757 corp: 1402/272Kb lim: 4096 exec/s: 11810 rss: 497Mb L: 10/4087 MS: 1 EraseBytes-
#4051724	REDUCE cov: 1583 ft: 6757 corp: 1402/272Kb lim: 4096 exec/s: 11812 rss: 497Mb L: 569/4087 MS: 3 ChangeByte-ShuffleBytes-EraseBytes-
#4054820	REDUCE cov: 1583 ft: 6757 corp: 1402/272Kb lim: 4096 exec/s: 11821 rss: 497Mb L: 167/4087 MS: 1 EraseBytes-
#4055636	REDUCE cov: 1583 ft: 6757 corp: 1402/272Kb lim: 4096 exec/s: 11824 rss: 497Mb L: 511/4087 MS: 1 EraseBytes-
#4062443	REDUCE cov: 1583 ft: 6757 corp: 1402/272Kb lim: 4096 exec/s: 11809 rss: 497Mb L: 73/4087 MS: 2 ShuffleBytes-CrossOver-
#4063841	REDUCE cov: 1583 ft: 6757 corp: 1402/272Kb lim: 4096 exec/s: 11813 rss: 497Mb L: 26/4087 MS: 3 ChangeBit-ChangeASCIIInt-EraseBytes-
#4064072	REDUCE cov: 1583 ft: 6757 corp: 1402/272Kb lim: 4096 exec/s: 11814 rss: 497Mb L: 129/4087 MS: 1 EraseBytes-
#4064263	REDUCE cov: 1583 ft: 6757 corp: 1402/272Kb lim: 4096 exec/s: 11814 rss: 497Mb L: 28/4087 MS: 1 EraseBytes-
#4064289	REDUCE cov: 1583 ft: 6757 corp: 1402/272Kb lim: 4096 exec/s: 11814 rss: 497Mb L: 1509/4087 MS: 1 EraseBytes-
#4066365	REDUCE cov: 1583 ft: 6757 corp: 1402/272Kb lim: 4096 exec/s: 11820 rss: 497Mb L: 227/4087 MS: 1 EraseBytes-
#4067381	REDUCE cov: 1583 ft: 6757 corp: 1402/272Kb lim: 4096 exec/s: 11823 rss: 497Mb L: 28/4087 MS: 1 EraseBytes-
#4070118	REDUCE cov: 1583 ft: 6757 corp: 1402/272Kb lim: 4096 exec/s: 11831 rss: 497Mb L: 21/4087 MS: 2 ShuffleBytes-EraseBytes-
#4070849	REDUCE cov: 1583 ft: 6757 corp: 1402/272Kb lim: 4096 exec/s: 11833 rss: 497Mb L: 7/4087 MS: 1 EraseBytes-
#4071518	REDUCE cov: 1583 ft: 6757 corp: 1402/272Kb lim: 4096 exec/s: 11835 rss: 497Mb L: 602/4087 MS: 4 ChangeASCIIInt-PersAutoDict-EraseBytes-ChangeBinInt- DE: "code"-
#4071790	REDUCE cov: 1583 ft: 6757 corp: 1402/272Kb lim: 4096 exec/s: 11836 rss: 497Mb L: 80/4087 MS: 2 ChangeASCIIInt-EraseBytes-
#4073811	REDUCE cov: 1583 ft: 6757 corp: 1402/272Kb lim: 4096 exec/s: 11842 rss: 497Mb L: 14/4087 MS: 1 EraseBytes-
#4074727	REDUCE cov: 1583 ft: 6757 corp: 1402/272Kb lim: 4096 exec/s: 11810 rss: 497Mb L: 270/4087 MS: 1 EraseBytes-
#4075643	REDUCE cov: 1583 ft: 6757 corp: 1402/272Kb lim: 4096 exec/s: 11813 rss: 497Mb L: 1524/4087 MS: 1 EraseBytes-
#4076760	REDUCE cov: 1583 ft: 6757 corp: 1402/271Kb lim: 4096 exec/s: 11816 rss: 497Mb L: 1357/4087 MS: 2 CMP-EraseBytes- DE: "\357\277\275\357\277\275@"-
#4076816	REDUCE cov: 1583 ft: 6757 corp: 1402/271Kb lim: 4096 exec/s: 11816 rss: 497Mb L: 5/4087 MS: 1 EraseBytes-
#4081832	REDUCE cov: 1583 ft: 6757 corp: 1402/271Kb lim: 4096 exec/s: 11831 rss: 497Mb L: 89/4087 MS: 1 EraseBytes-
#4084368	REDUCE cov: 1583 ft: 6757 corp: 1402/271Kb lim: 4096 exec/s: 11838 rss: 497Mb L: 568/4087 MS: 1 EraseBytes-
#4085554	REDUCE cov: 1583 ft: 6757 corp: 1402/271Kb lim: 4096 exec/s: 11842 rss: 497Mb L: 32/4087 MS: 1 EraseBytes-
#4085966	REDUCE cov: 1583 ft: 6757 corp: 1402/271Kb lim: 4096 exec/s: 11843 rss: 497Mb L: 73/4087 MS: 2 ChangeASCIIInt-EraseBytes-
#4087763	REDUCE cov: 1583 ft: 6757 corp: 1402/271Kb lim: 4096 exec/s: 11848 rss: 497Mb L: 91/4087 MS: 2 ShuffleBytes-EraseBytes-
#4091974	REDUCE cov: 1583 ft: 6757 corp: 1402/271Kb lim: 4096 exec/s: 11826 rss: 497Mb L: 100/4087 MS: 1 EraseBytes-
#4095795	REDUCE cov: 1583 ft: 6757 corp: 1402/271Kb lim: 4096 exec/s: 11837 rss: 497Mb L: 138/4087 MS: 1 EraseBytes-
#4096492	REDUCE cov: 1583 ft: 6757 corp: 1402/271Kb lim: 4096 exec/s: 11839 rss: 497Mb L: 25/4087 MS: 2 ChangeBinInt-EraseBytes-
#4097928	REDUCE cov: 1583 ft: 6757 corp: 1402/271Kb lim: 4096 exec/s: 11843 rss: 497Mb L: 2543/4087 MS: 1 EraseBytes-
#4097964	REDUCE cov: 1583 ft: 6757 corp: 1402/271Kb lim: 4096 exec/s: 11843 rss: 497Mb L: 71/4087 MS: 1 EraseBytes-
#4099861	REDUCE cov: 1583 ft: 6757 corp: 1402/271Kb lim: 4096 exec/s: 11849 rss: 497Mb L: 11/4087 MS: 2 ChangeByte-EraseBytes-
#4101567	REDUCE cov: 1583 ft: 6757 corp: 1402/271Kb lim: 4096 exec/s: 11820 rss: 497Mb L: 288/4087 MS: 1 EraseBytes-
#4102853	REDUCE cov: 1583 ft: 6757 corp: 1402/271Kb lim: 4096 exec/s: 11823 rss: 497Mb L: 238/4087 MS: 1 EraseBytes-
#4105819	REDUCE cov: 1583 ft: 6757 corp: 1402/271Kb lim: 4096 exec/s: 11832 rss: 497Mb L: 181/4087 MS: 1 EraseBytes-
#4111965	REDUCE cov: 1583 ft: 6757 corp: 1402/271Kb lim: 4096 exec/s: 11815 rss: 497Mb L: 620/4087 MS: 1 EraseBytes-
#4114246	REDUCE cov: 1583 ft: 6757 corp: 1402/271Kb lim: 4096 exec/s: 11822 rss: 497Mb L: 86/4087 MS: 1 EraseBytes-
#4116997	REDUCE cov: 1583 ft: 6757 corp: 1402/271Kb lim: 4096 exec/s: 11830 rss: 497Mb L: 27/4087 MS: 1 EraseBytes-
#4118718	REDUCE cov: 1583 ft: 6757 corp: 1402/271Kb lim: 4096 exec/s: 11835 rss: 498Mb L: 777/4087 MS: 1 EraseBytes-
#4118989	REDUCE cov: 1583 ft: 6757 corp: 1402/271Kb lim: 4096 exec/s: 11836 rss: 498Mb L: 195/4087 MS: 1 EraseBytes-
#4119300	REDUCE cov: 1583 ft: 6757 corp: 1402/271Kb lim: 4096 exec/s: 11837 rss: 498Mb L: 44/4087 MS: 1 EraseBytes-
#4124381	REDUCE cov: 1583 ft: 6757 corp: 1402/271Kb lim: 4096 exec/s: 11817 rss: 498Mb L: 145/4087 MS: 1 EraseBytes-
#4125027	REDUCE cov: 1583 ft: 6757 corp: 1402/271Kb lim: 4096 exec/s: 11819 rss: 498Mb L: 143/4087 MS: 1 EraseBytes-
#4125054	REDUCE cov: 1583 ft: 6757 corp: 1402/271Kb lim: 4096 exec/s: 11819 rss: 498Mb L: 13/4087 MS: 2 ChangeByte-EraseBytes-
#4125496	REDUCE cov: 1583 ft: 6757 corp: 1402/271Kb lim: 4096 exec/s: 11820 rss: 498Mb L: 81/4087 MS: 2 ShuffleBytes-EraseBytes-
#4128247	REDUCE cov: 1583 ft: 6757 corp: 1402/271Kb lim: 4096 exec/s: 11828 rss: 498Mb L: 1066/4087 MS: 1 EraseBytes-
#4128341	REDUCE cov: 1583 ft: 6757 corp: 1402/271Kb lim: 4096 exec/s: 11829 rss: 498Mb L: 604/4087 MS: 4 ChangeByte-ChangeBinInt-ShuffleBytes-EraseBytes-
#4131213	REDUCE cov: 1583 ft: 6757 corp: 1402/271Kb lim: 4096 exec/s: 11837 rss: 498Mb L: 24/4087 MS: 2 EraseBytes-CopyPart-
#4133444	REDUCE cov: 1583 ft: 6757 corp: 1402/271Kb lim: 4096 exec/s: 11809 rss: 498Mb L: 26/4087 MS: 1 EraseBytes-
#4134610	REDUCE cov: 1583 ft: 6757 corp: 1402/271Kb lim: 4096 exec/s: 11813 rss: 498Mb L: 167/4087 MS: 1 EraseBytes-
#4134847	REDUCE cov: 1583 ft: 6757 corp: 1402/271Kb lim: 4096 exec/s: 11813 rss: 498Mb L: 599/4087 MS: 2 InsertByte-EraseBytes-
#4136993	REDUCE cov: 1583 ft: 6757 corp: 1402/271Kb lim: 4096 exec/s: 11819 rss: 498Mb L: 20/4087 MS: 1 EraseBytes-
#4137020	REDUCE cov: 1583 ft: 6757 corp: 1402/271Kb lim: 4096 exec/s: 11820 rss: 498Mb L: 1037/4087 MS: 2 ShuffleBytes-EraseBytes-
#4138316	REDUCE cov: 1583 ft: 6763 corp: 1403/271Kb lim: 4096 exec/s: 11823 rss: 498Mb L: 359/4087 MS: 1 CopyPart-
#4138547	REDUCE cov: 1583 ft: 6763 corp: 1403/271Kb lim: 4096 exec/s: 11824 rss: 498Mb L: 1635/4087 MS: 1 EraseBytes-
#4138558	REDUCE cov: 1583 ft: 6763 corp: 1403/271Kb lim: 4096 exec/s: 11824 rss: 498Mb L: 39/4087 MS: 1 EraseBytes-
#4138741	REDUCE cov: 1583 ft: 6763 corp: 1403/271Kb lim: 4096 exec/s: 11824 rss: 498Mb L: 199/4087 MS: 3 ChangeASCIIInt-ChangeASCIIInt-EraseBytes-
#4139692	REDUCE cov: 1583 ft: 6763 corp: 1403/271Kb lim: 4096 exec/s: 11827 rss: 498Mb L: 81/4087 MS: 1 EraseBytes-
#4140828	REDUCE cov: 1583 ft: 6763 corp: 1403/271Kb lim: 4096 exec/s: 11830 rss: 498Mb L: 18/4087 MS: 1 EraseBytes-
#4141349	REDUCE cov: 1583 ft: 6763 corp: 1403/271Kb lim: 4096 exec/s: 11832 rss: 498Mb L: 178/4087 MS: 1 EraseBytes-
#4141395	REDUCE cov: 1583 ft: 6763 corp: 1403/271Kb lim: 4096 exec/s: 11832 rss: 498Mb L: 25/4087 MS: 1 EraseBytes-
#4141937	REDUCE cov: 1583 ft: 6763 corp: 1403/271Kb lim: 4096 exec/s: 11834 rss: 498Mb L: 159/4087 MS: 2 ShuffleBytes-EraseBytes-
#4143524	REDUCE cov: 1583 ft: 6763 corp: 1403/271Kb lim: 4096 exec/s: 11838 rss: 498Mb L: 20/4087 MS: 2 ChangeBit-EraseBytes-
#4148455	REDUCE cov: 1583 ft: 6763 corp: 1403/271Kb lim: 4096 exec/s: 11818 rss: 498Mb L: 69/4087 MS: 1 EraseBytes-
#4149468	REDUCE cov: 1583 ft: 6763 corp: 1403/271Kb lim: 4096 exec/s: 11821 rss: 498Mb L: 753/4087 MS: 3 ChangeByte-ShuffleBytes-EraseBytes-
#4149630	REDUCE cov: 1583 ft: 6763 corp: 1403/271Kb lim: 4096 exec/s: 11822 rss: 498Mb L: 821/4087 MS: 2 ChangeBit-EraseBytes-
#4149986	REDUCE cov: 1583 ft: 6763 corp: 1403/271Kb lim: 4096 exec/s: 11823 rss: 498Mb L: 89/4087 MS: 1 EraseBytes-
#4153178	REDUCE cov: 1583 ft: 6763 corp: 1403/271Kb lim: 4096 exec/s: 11832 rss: 498Mb L: 22/4087 MS: 2 ShuffleBytes-EraseBytes-
#4153185	REDUCE cov: 1583 ft: 6763 corp: 1403/271Kb lim: 4096 exec/s: 11832 rss: 498Mb L: 1590/4087 MS: 2 PersAutoDict-EraseBytes- DE: "\377\377\377\364"-
#4154352	REDUCE cov: 1583 ft: 6763 corp: 1403/271Kb lim: 4096 exec/s: 11835 rss: 498Mb L: 1013/4087 MS: 2 InsertByte-EraseBytes-
#4159173	REDUCE cov: 1583 ft: 6763 corp: 1403/271Kb lim: 4096 exec/s: 11849 rss: 499Mb L: 15/4087 MS: 1 EraseBytes-
#4160814	REDUCE cov: 1583 ft: 6763 corp: 1403/271Kb lim: 4096 exec/s: 11854 rss: 499Mb L: 137/4087 MS: 1 EraseBytes-
#4171815	REDUCE cov: 1583 ft: 6763 corp: 1403/271Kb lim: 4096 exec/s: 11851 rss: 502Mb L: 61/4087 MS: 1 EraseBytes-
#4172616	REDUCE cov: 1583 ft: 6763 corp: 1403/271Kb lim: 4096 exec/s: 11854 rss: 502Mb L: 154/4087 MS: 1 EraseBytes-
#4176033	REDUCE cov: 1583 ft: 6763 corp: 1403/271Kb lim: 4096 exec/s: 11863 rss: 502Mb L: 5/4087 MS: 2 EraseBytes-ChangeBit-
#4176260	REDUCE cov: 1583 ft: 6763 corp: 1403/271Kb lim: 4096 exec/s: 11864 rss: 502Mb L: 34/4087 MS: 2 CrossOver-EraseBytes-
#4180166	REDUCE cov: 1583 ft: 6763 corp: 1403/271Kb lim: 4096 exec/s: 11841 rss: 502Mb L: 16/4087 MS: 1 EraseBytes-
#4180517	REDUCE cov: 1583 ft: 6763 corp: 1403/271Kb lim: 4096 exec/s: 11842 rss: 502Mb L: 1031/4087 MS: 1 EraseBytes-
#4180648	REDUCE cov: 1583 ft: 6763 corp: 1403/271Kb lim: 4096 exec/s: 11843 rss: 502Mb L: 1439/4087 MS: 1 EraseBytes-
#4180949	REDUCE cov: 1583 ft: 6763 corp: 1403/271Kb lim: 4096 exec/s: 11844 rss: 502Mb L: 295/4087 MS: 1 EraseBytes-
#4181551	REDUCE cov: 1583 ft: 6763 corp: 1403/270Kb lim: 4096 exec/s: 11845 rss: 502Mb L: 2075/4087 MS: 2 CrossOver-EraseBytes-
#4182718	REDUCE cov: 1583 ft: 6763 corp: 1403/270Kb lim: 4096 exec/s: 11849 rss: 502Mb L: 71/4087 MS: 2 ChangeBit-EraseBytes-
#4183304	REDUCE cov: 1583 ft: 6763 corp: 1403/270Kb lim: 4096 exec/s: 11850 rss: 502Mb L: 14/4087 MS: 1 EraseBytes-
#4186540	REDUCE cov: 1583 ft: 6763 corp: 1403/270Kb lim: 4096 exec/s: 11859 rss: 502Mb L: 60/4087 MS: 1 EraseBytes-
#4187407	REDUCE cov: 1583 ft: 6763 corp: 1403/270Kb lim: 4096 exec/s: 11862 rss: 502Mb L: 1036/4087 MS: 2 ShuffleBytes-EraseBytes-
#4193939	REDUCE cov: 1583 ft: 6763 corp: 1403/270Kb lim: 4096 exec/s: 11847 rss: 502Mb L: 59/4087 MS: 2 ChangeBit-EraseBytes-
#4194265	REDUCE cov: 1583 ft: 6763 corp: 1403/270Kb lim: 4096 exec/s: 11848 rss: 502Mb L: 841/4087 MS: 1 EraseBytes-
#4194304	pulse  cov: 1583 ft: 6763 corp: 1403/270Kb lim: 4096 exec/s: 11848 rss: 502Mb
#4195556	REDUCE cov: 1583 ft: 6763 corp: 1403/270Kb lim: 4096 exec/s: 11851 rss: 502Mb L: 3284/4087 MS: 1 EraseBytes-
#4196672	REDUCE cov: 1583 ft: 6763 corp: 1403/270Kb lim: 4096 exec/s: 11855 rss: 502Mb L: 150/4087 MS: 1 EraseBytes-
#4196693	REDUCE cov: 1583 ft: 6763 corp: 1403/270Kb lim: 4096 exec/s: 11855 rss: 502Mb L: 95/4087 MS: 1 EraseBytes-
#4199041	REDUCE cov: 1583 ft: 6763 corp: 1403/270Kb lim: 4096 exec/s: 11861 rss: 502Mb L: 81/4087 MS: 3 ChangeByte-ChangeBinInt-EraseBytes-
#4200863	REDUCE cov: 1583 ft: 6763 corp: 1403/270Kb lim: 4096 exec/s: 11866 rss: 502Mb L: 19/4087 MS: 2 EraseBytes-CopyPart-
#4207949	REDUCE cov: 1583 ft: 6763 corp: 1403/270Kb lim: 4096 exec/s: 11853 rss: 502Mb L: 151/4087 MS: 1 EraseBytes-
#4208000	REDUCE cov: 1583 ft: 6763 corp: 1403/270Kb lim: 4096 exec/s: 11853 rss: 502Mb L: 256/4087 MS: 1 EraseBytes-
#4208237	REDUCE cov: 1583 ft: 6763 corp: 1403/270Kb lim: 4096 exec/s: 11854 rss: 502Mb L: 292/4087 MS: 2 ChangeASCIIInt-EraseBytes-
#4212691	REDUCE cov: 1583 ft: 6763 corp: 1403/270Kb lim: 4096 exec/s: 11866 rss: 502Mb L: 94/4087 MS: 4 ShuffleBytes-ChangeASCIIInt-ChangeASCIIInt-EraseBytes-
#4213457	REDUCE cov: 1583 ft: 6763 corp: 1403/270Kb lim: 4096 exec/s: 11868 rss: 502Mb L: 10/4087 MS: 1 EraseBytes-
#4213998	REDUCE cov: 1583 ft: 6763 corp: 1403/270Kb lim: 4096 exec/s: 11870 rss: 502Mb L: 99/4087 MS: 1 EraseBytes-
#4214369	REDUCE cov: 1583 ft: 6763 corp: 1403/270Kb lim: 4096 exec/s: 11871 rss: 502Mb L: 31/4087 MS: 1 EraseBytes-
#4214535	REDUCE cov: 1583 ft: 6763 corp: 1403/270Kb lim: 4096 exec/s: 11871 rss: 502Mb L: 20/4087 MS: 1 EraseBytes-
#4217562	REDUCE cov: 1583 ft: 6763 corp: 1403/270Kb lim: 4096 exec/s: 11880 rss: 502Mb L: 2862/4087 MS: 2 ChangeASCIIInt-EraseBytes-
#4218823	REDUCE cov: 1583 ft: 6763 corp: 1403/270Kb lim: 4096 exec/s: 11884 rss: 502Mb L: 119/4087 MS: 1 EraseBytes-
#4220339	REDUCE cov: 1583 ft: 6763 corp: 1403/270Kb lim: 4096 exec/s: 11854 rss: 502Mb L: 125/4087 MS: 1 EraseBytes-
#4221696	REDUCE cov: 1583 ft: 6764 corp: 1404/273Kb lim: 4096 exec/s: 11858 rss: 502Mb L: 3156/4087 MS: 2 CopyPart-CopyPart-
#4222687	REDUCE cov: 1583 ft: 6764 corp: 1404/273Kb lim: 4096 exec/s: 11861 rss: 502Mb L: 556/4087 MS: 1 EraseBytes-
#4224636	REDUCE cov: 1583 ft: 6764 corp: 1404/273Kb lim: 4096 exec/s: 11866 rss: 502Mb L: 4/4087 MS: 4 ChangeBit-ChangeBinInt-ShuffleBytes-EraseBytes-
#4226482	REDUCE cov: 1583 ft: 6764 corp: 1404/273Kb lim: 4096 exec/s: 11872 rss: 502Mb L: 64/4087 MS: 1 EraseBytes-
#4226519	REDUCE cov: 1583 ft: 6764 corp: 1404/273Kb lim: 4096 exec/s: 11872 rss: 502Mb L: 3070/4087 MS: 2 CMP-EraseBytes- DE: "code"-
#4227745	REDUCE cov: 1583 ft: 6764 corp: 1404/273Kb lim: 4096 exec/s: 11875 rss: 502Mb L: 43/4087 MS: 1 EraseBytes-
#4228248	REDUCE cov: 1583 ft: 6764 corp: 1404/273Kb lim: 4096 exec/s: 11877 rss: 502Mb L: 738/4087 MS: 3 CopyPart-InsertByte-EraseBytes-
#4229291	REDUCE cov: 1583 ft: 6764 corp: 1404/273Kb lim: 4096 exec/s: 11880 rss: 502Mb L: 58/4087 MS: 3 ChangeBit-ChangeASCIIInt-EraseBytes-
#4229375	REDUCE cov: 1583 ft: 6764 corp: 1404/273Kb lim: 4096 exec/s: 11880 rss: 502Mb L: 80/4087 MS: 4 CopyPart-ShuffleBytes-EraseBytes-EraseBytes-
#4234511	REDUCE cov: 1583 ft: 6764 corp: 1404/273Kb lim: 4096 exec/s: 11861 rss: 502Mb L: 80/4087 MS: 1 EraseBytes-
#4236878	REDUCE cov: 1583 ft: 6764 corp: 1404/273Kb lim: 4096 exec/s: 11868 rss: 502Mb L: 609/4087 MS: 2 ChangeByte-EraseBytes-
#4238916	REDUCE cov: 1583 ft: 6764 corp: 1404/273Kb lim: 4096 exec/s: 11873 rss: 502Mb L: 47/4087 MS: 3 ShuffleBytes-CrossOver-EraseBytes-
#4240967	REDUCE cov: 1583 ft: 6764 corp: 1404/273Kb lim: 4096 exec/s: 11879 rss: 502Mb L: 19/4087 MS: 1 EraseBytes-
#4242382	REDUCE cov: 1583 ft: 6764 corp: 1404/273Kb lim: 4096 exec/s: 11883 rss: 502Mb L: 899/4087 MS: 5 CrossOver-InsertByte-ChangeBit-InsertByte-EraseBytes-
#4242448	REDUCE cov: 1583 ft: 6764 corp: 1404/272Kb lim: 4096 exec/s: 11883 rss: 502Mb L: 2764/4087 MS: 1 EraseBytes-
#4249710	REDUCE cov: 1583 ft: 6764 corp: 1404/272Kb lim: 4096 exec/s: 11870 rss: 502Mb L: 10/4087 MS: 2 ChangeBit-EraseBytes-
#4254001	REDUCE cov: 1583 ft: 6764 corp: 1404/272Kb lim: 4096 exec/s: 11882 rss: 502Mb L: 434/4087 MS: 1 EraseBytes-
#4257433	REDUCE cov: 1583 ft: 6764 corp: 1404/272Kb lim: 4096 exec/s: 11859 rss: 502Mb L: 493/4087 MS: 2 ChangeASCIIInt-EraseBytes-
#4259434	REDUCE cov: 1583 ft: 6764 corp: 1404/272Kb lim: 4096 exec/s: 11864 rss: 502Mb L: 130/4087 MS: 1 EraseBytes-
#4264060	NEW    cov: 1583 ft: 6765 corp: 1405/276Kb lim: 4096 exec/s: 11877 rss: 502Mb L: 4029/4087 MS: 1 CMP- DE: "\357\277\275\357\277\275"-
#4266141	REDUCE cov: 1583 ft: 6765 corp: 1405/276Kb lim: 4096 exec/s: 11850 rss: 502Mb L: 4076/4076 MS: 1 EraseBytes-
#4267808	REDUCE cov: 1583 ft: 6765 corp: 1405/276Kb lim: 4096 exec/s: 11855 rss: 502Mb L: 578/4076 MS: 2 ChangeASCIIInt-EraseBytes-
#4269235	REDUCE cov: 1583 ft: 6765 corp: 1405/276Kb lim: 4096 exec/s: 11858 rss: 502Mb L: 402/4076 MS: 2 CMP-EraseBytes- DE: "\372\377\377\377"-
#4269884	REDUCE cov: 1583 ft: 6765 corp: 1405/276Kb lim: 4096 exec/s: 11860 rss: 502Mb L: 100/4076 MS: 4 ShuffleBytes-InsertByte-ChangeASCIIInt-EraseBytes-
#4270230	REDUCE cov: 1583 ft: 6765 corp: 1405/276Kb lim: 4096 exec/s: 11861 rss: 502Mb L: 22/4076 MS: 1 EraseBytes-
#4270591	REDUCE cov: 1583 ft: 6765 corp: 1405/276Kb lim: 4096 exec/s: 11862 rss: 502Mb L: 76/4076 MS: 1 EraseBytes-
#4275969	REDUCE cov: 1583 ft: 6765 corp: 1405/276Kb lim: 4096 exec/s: 11844 rss: 502Mb L: 60/4076 MS: 3 CopyPart-EraseBytes-EraseBytes-
#4276575	REDUCE cov: 1583 ft: 6765 corp: 1405/276Kb lim: 4096 exec/s: 11846 rss: 502Mb L: 82/4076 MS: 1 EraseBytes-
#4276806	REDUCE cov: 1583 ft: 6765 corp: 1405/276Kb lim: 4096 exec/s: 11847 rss: 502Mb L: 34/4076 MS: 1 EraseBytes-
#4277038	REDUCE cov: 1583 ft: 6765 corp: 1405/276Kb lim: 4096 exec/s: 11847 rss: 502Mb L: 29/4076 MS: 2 ChangeBit-EraseBytes-
#4277584	REDUCE cov: 1583 ft: 6765 corp: 1405/276Kb lim: 4096 exec/s: 11849 rss: 502Mb L: 18/4076 MS: 1 EraseBytes-
#4277608	REDUCE cov: 1583 ft: 6765 corp: 1405/276Kb lim: 4096 exec/s: 11849 rss: 502Mb L: 284/4076 MS: 4 PersAutoDict-ChangeASCIIInt-ChangeByte-EraseBytes- DE: "\372\377\377\377"-
#4278785	REDUCE cov: 1583 ft: 6765 corp: 1405/276Kb lim: 4096 exec/s: 11852 rss: 502Mb L: 544/4076 MS: 2 EraseBytes-CopyPart-
#4279841	REDUCE cov: 1583 ft: 6768 corp: 1406/276Kb lim: 4096 exec/s: 11855 rss: 502Mb L: 50/4076 MS: 1 CopyPart-
#4281877	NEW    cov: 1583 ft: 6769 corp: 1407/277Kb lim: 4096 exec/s: 11861 rss: 502Mb L: 679/4076 MS: 1 ShuffleBytes-
#4289853	REDUCE cov: 1583 ft: 6769 corp: 1407/277Kb lim: 4096 exec/s: 11850 rss: 502Mb L: 350/4076 MS: 1 EraseBytes-
#4291281	REDUCE cov: 1583 ft: 6769 corp: 1407/277Kb lim: 4096 exec/s: 11854 rss: 502Mb L: 850/4076 MS: 3 CopyPart-ChangeASCIIInt-EraseBytes-
#4291933	REDUCE cov: 1583 ft: 6769 corp: 1407/277Kb lim: 4096 exec/s: 11856 rss: 502Mb L: 25/4076 MS: 2 ShuffleBytes-EraseBytes-
#4296769	REDUCE cov: 1583 ft: 6769 corp: 1407/277Kb lim: 4096 exec/s: 11836 rss: 502Mb L: 90/4076 MS: 1 EraseBytes-
#4296799	REDUCE cov: 1583 ft: 6769 corp: 1407/277Kb lim: 4096 exec/s: 11836 rss: 502Mb L: 148/4076 MS: 5 InsertRepeatedBytes-ChangeByte-InsertByte-CMP-EraseBytes- DE: "message"-
#4297690	REDUCE cov: 1583 ft: 6769 corp: 1407/277Kb lim: 4096 exec/s: 11839 rss: 502Mb L: 42/4076 MS: 1 EraseBytes-
#4304066	REDUCE cov: 1583 ft: 6769 corp: 1407/277Kb lim: 4096 exec/s: 11856 rss: 502Mb L: 142/4076 MS: 1 EraseBytes-
#4304694	REDUCE cov: 1583 ft: 6769 corp: 1407/277Kb lim: 4096 exec/s: 11858 rss: 502Mb L: 154/4076 MS: 3 ChangeByte-PersAutoDict-EraseBytes- DE: "\377\377\377\377"-
#4305280	REDUCE cov: 1583 ft: 6769 corp: 1407/277Kb lim: 4096 exec/s: 11860 rss: 502Mb L: 25/4076 MS: 1 EraseBytes-
#4311546	REDUCE cov: 1583 ft: 6769 corp: 1407/277Kb lim: 4096 exec/s: 11844 rss: 502Mb L: 17/4076 MS: 1 EraseBytes-
#4312362	REDUCE cov: 1583 ft: 6769 corp: 1407/277Kb lim: 4096 exec/s: 11847 rss: 502Mb L: 190/4076 MS: 1 EraseBytes-
#4312629	REDUCE cov: 1583 ft: 6769 corp: 1407/277Kb lim: 4096 exec/s: 11847 rss: 502Mb L: 78/4076 MS: 2 ChangeASCIIInt-EraseBytes-
#4313075	REDUCE cov: 1583 ft: 6769 corp: 1407/277Kb lim: 4096 exec/s: 11849 rss: 502Mb L: 3265/4076 MS: 1 EraseBytes-
#4313886	NEW    cov: 1583 ft: 6770 corp: 1408/277Kb lim: 4096 exec/s: 11851 rss: 502Mb L: 58/4076 MS: 1 PersAutoDict- DE: "\357\277\275#\357\277\275."-
#4314277	REDUCE cov: 1583 ft: 6770 corp: 1408/277Kb lim: 4096 exec/s: 11852 rss: 502Mb L: 18/4076 MS: 1 EraseBytes-
#4315033	REDUCE cov: 1583 ft: 6770 corp: 1408/276Kb lim: 4096 exec/s: 11854 rss: 502Mb L: 1172/4076 MS: 1 EraseBytes-
#4317139	REDUCE cov: 1583 ft: 6770 corp: 1408/276Kb lim: 4096 exec/s: 11827 rss: 502Mb L: 59/4076 MS: 1 EraseBytes-
#4322370	REDUCE cov: 1584 ft: 6771 corp: 1409/277Kb lim: 4096 exec/s: 11842 rss: 502Mb L: 842/4076 MS: 1 CrossOver-
#4322806	REDUCE cov: 1584 ft: 6771 corp: 1409/277Kb lim: 4096 exec/s: 11843 rss: 502Mb L: 354/4076 MS: 1 EraseBytes-
#4323448	REDUCE cov: 1584 ft: 6771 corp: 1409/277Kb lim: 4096 exec/s: 11845 rss: 502Mb L: 486/4076 MS: 2 EraseBytes-PersAutoDict- DE: "\357\277\275\357\277\275@"-
#4325560	REDUCE cov: 1584 ft: 6771 corp: 1409/277Kb lim: 4096 exec/s: 11850 rss: 502Mb L: 1020/4076 MS: 2 ChangeASCIIInt-EraseBytes-
#4325842	REDUCE cov: 1584 ft: 6771 corp: 1409/277Kb lim: 4096 exec/s: 11851 rss: 502Mb L: 667/4076 MS: 2 ShuffleBytes-EraseBytes-
#4326908	REDUCE cov: 1584 ft: 6771 corp: 1409/277Kb lim: 4096 exec/s: 11854 rss: 502Mb L: 482/4076 MS: 1 EraseBytes-
#4330254	REDUCE cov: 1584 ft: 6771 corp: 1409/277Kb lim: 4096 exec/s: 11831 rss: 502Mb L: 68/4076 MS: 1 EraseBytes-
#4331390	REDUCE cov: 1584 ft: 6771 corp: 1409/277Kb lim: 4096 exec/s: 11834 rss: 502Mb L: 19/4076 MS: 1 EraseBytes-
#4333981	REDUCE cov: 1584 ft: 6771 corp: 1409/277Kb lim: 4096 exec/s: 11841 rss: 502Mb L: 37/4076 MS: 1 EraseBytes-
#4334008	REDUCE cov: 1584 ft: 6771 corp: 1409/277Kb lim: 4096 exec/s: 11841 rss: 502Mb L: 470/4076 MS: 2 InsertRepeatedBytes-EraseBytes-
#4336512	REDUCE cov: 1584 ft: 6771 corp: 1409/277Kb lim: 4096 exec/s: 11848 rss: 502Mb L: 733/4076 MS: 4 ChangeByte-ShuffleBytes-ChangeBit-EraseBytes-
#4338214	REDUCE cov: 1584 ft: 6771 corp: 1409/277Kb lim: 4096 exec/s: 11853 rss: 502Mb L: 250/4076 MS: 2 ChangeByte-EraseBytes-
#4338525	REDUCE cov: 1584 ft: 6771 corp: 1409/277Kb lim: 4096 exec/s: 11853 rss: 502Mb L: 1561/4076 MS: 1 EraseBytes-
#4340447	REDUCE cov: 1584 ft: 6771 corp: 1409/277Kb lim: 4096 exec/s: 11826 rss: 502Mb L: 52/4076 MS: 2 ChangeBit-EraseBytes-
#4342659	REDUCE cov: 1584 ft: 6771 corp: 1409/277Kb lim: 4096 exec/s: 11832 rss: 502Mb L: 73/4076 MS: 2 ChangeASCIIInt-EraseBytes-
#4345660	REDUCE cov: 1584 ft: 6771 corp: 1409/277Kb lim: 4096 exec/s: 11841 rss: 502Mb L: 1070/4076 MS: 1 EraseBytes-
#4345731	REDUCE cov: 1584 ft: 6771 corp: 1409/277Kb lim: 4096 exec/s: 11841 rss: 502Mb L: 1474/4076 MS: 1 EraseBytes-
#4345847	REDUCE cov: 1584 ft: 6771 corp: 1409/277Kb lim: 4096 exec/s: 11841 rss: 502Mb L: 92/4076 MS: 1 EraseBytes-
#4349629	REDUCE cov: 1584 ft: 6771 corp: 1409/276Kb lim: 4096 exec/s: 11851 rss: 502Mb L: 58/4076 MS: 2 ShuffleBytes-EraseBytes-
#4354755	REDUCE cov: 1584 ft: 6771 corp: 1409/276Kb lim: 4096 exec/s: 11833 rss: 502Mb L: 1969/4076 MS: 1 EraseBytes-
#4354901	REDUCE cov: 1584 ft: 6771 corp: 1409/276Kb lim: 4096 exec/s: 11833 rss: 502Mb L: 1955/4076 MS: 1 EraseBytes-
#4359307	REDUCE cov: 1584 ft: 6771 corp: 1409/276Kb lim: 4096 exec/s: 11845 rss: 502Mb L: 79/4076 MS: 1 EraseBytes-
#4359413	REDUCE cov: 1584 ft: 6771 corp: 1409/276Kb lim: 4096 exec/s: 11846 rss: 502Mb L: 438/4076 MS: 1 EraseBytes-
#4364282	REDUCE cov: 1584 ft: 6771 corp: 1409/276Kb lim: 4096 exec/s: 11827 rss: 502Mb L: 80/4076 MS: 4 CopyPart-ChangeASCIIInt-ChangeByte-EraseBytes-
#4365388	REDUCE cov: 1584 ft: 6771 corp: 1409/276Kb lim: 4096 exec/s: 11830 rss: 502Mb L: 6/4076 MS: 1 EraseBytes-
#4367984	REDUCE cov: 1584 ft: 6771 corp: 1409/276Kb lim: 4096 exec/s: 11837 rss: 502Mb L: 114/4076 MS: 1 EraseBytes-
#4368490	REDUCE cov: 1584 ft: 6771 corp: 1409/276Kb lim: 4096 exec/s: 11838 rss: 502Mb L: 131/4076 MS: 1 EraseBytes-
#4368506	REDUCE cov: 1584 ft: 6771 corp: 1409/276Kb lim: 4096 exec/s: 11838 rss: 502Mb L: 19/4076 MS: 1 EraseBytes-
#4374694	REDUCE cov: 1584 ft: 6771 corp: 1409/276Kb lim: 4096 exec/s: 11823 rss: 502Mb L: 315/4076 MS: 3 PersAutoDict-ChangeASCIIInt-EraseBytes- DE: "code"-
#4377899	REDUCE cov: 1584 ft: 6811 corp: 1410/278Kb lim: 4096 exec/s: 11832 rss: 502Mb L: 1706/4076 MS: 5 EraseBytes-ChangeASCIIInt-CopyPart-CrossOver-CrossOver-
#4378535	REDUCE cov: 1584 ft: 6811 corp: 1410/278Kb lim: 4096 exec/s: 11833 rss: 502Mb L: 8/4076 MS: 1 EraseBytes-
#4378856	REDUCE cov: 1584 ft: 6811 corp: 1410/278Kb lim: 4096 exec/s: 11834 rss: 502Mb L: 23/4076 MS: 1 EraseBytes-
#4379447	REDUCE cov: 1584 ft: 6811 corp: 1410/278Kb lim: 4096 exec/s: 11836 rss: 502Mb L: 337/4076 MS: 1 EraseBytes-
#4379503	REDUCE cov: 1584 ft: 6811 corp: 1410/278Kb lim: 4096 exec/s: 11836 rss: 502Mb L: 9/4076 MS: 1 EraseBytes-
#4380554	REDUCE cov: 1584 ft: 6811 corp: 1410/278Kb lim: 4096 exec/s: 11839 rss: 502Mb L: 189/4076 MS: 1 EraseBytes-
#4383590	REDUCE cov: 1584 ft: 6811 corp: 1410/278Kb lim: 4096 exec/s: 11815 rss: 502Mb L: 127/4076 MS: 1 EraseBytes-
#4385336	REDUCE cov: 1584 ft: 6811 corp: 1410/278Kb lim: 4096 exec/s: 11820 rss: 502Mb L: 1006/4076 MS: 1 EraseBytes-
#4393487	REDUCE cov: 1584 ft: 6811 corp: 1410/278Kb lim: 4096 exec/s: 11810 rss: 502Mb L: 2064/4076 MS: 1 EraseBytes-
#4396553	REDUCE cov: 1584 ft: 6811 corp: 1410/278Kb lim: 4096 exec/s: 11818 rss: 502Mb L: 49/4076 MS: 1 EraseBytes-
#4398904	REDUCE cov: 1584 ft: 6811 corp: 1410/278Kb lim: 4096 exec/s: 11793 rss: 502Mb L: 1012/4076 MS: 1 EraseBytes-
#4399090	REDUCE cov: 1584 ft: 6811 corp: 1410/278Kb lim: 4096 exec/s: 11793 rss: 502Mb L: 21/4076 MS: 1 EraseBytes-
#4399726	REDUCE cov: 1584 ft: 6811 corp: 1410/278Kb lim: 4096 exec/s: 11795 rss: 502Mb L: 234/4076 MS: 1 EraseBytes-
#4400947	REDUCE cov: 1584 ft: 6811 corp: 1410/278Kb lim: 4096 exec/s: 11798 rss: 502Mb L: 636/4076 MS: 1 EraseBytes-
#4400958	REDUCE cov: 1584 ft: 6811 corp: 1410/278Kb lim: 4096 exec/s: 11798 rss: 502Mb L: 57/4076 MS: 1 EraseBytes-
#4402795	REDUCE cov: 1584 ft: 6811 corp: 1410/278Kb lim: 4096 exec/s: 11803 rss: 502Mb L: 75/4076 MS: 2 ChangeBit-EraseBytes-
#4402821	REDUCE cov: 1584 ft: 6811 corp: 1410/277Kb lim: 4096 exec/s: 11803 rss: 502Mb L: 2844/4076 MS: 1 EraseBytes-
#4402957	REDUCE cov: 1584 ft: 6811 corp: 1410/277Kb lim: 4096 exec/s: 11804 rss: 502Mb L: 333/4076 MS: 1 EraseBytes-
#4403735	REDUCE cov: 1584 ft: 6811 corp: 1410/277Kb lim: 4096 exec/s: 11806 rss: 502Mb L: 160/4076 MS: 3 CopyPart-EraseBytes-EraseBytes-
#4405119	REDUCE cov: 1584 ft: 6811 corp: 1410/277Kb lim: 4096 exec/s: 11809 rss: 502Mb L: 388/4076 MS: 4 InsertRepeatedBytes-CMP-ChangeBinInt-EraseBytes- DE: "\271K0\351K\022\000\000"-
#4405450	REDUCE cov: 1584 ft: 6811 corp: 1410/277Kb lim: 4096 exec/s: 11810 rss: 502Mb L: 141/4076 MS: 1 EraseBytes-
#4407066	REDUCE cov: 1584 ft: 6811 corp: 1410/277Kb lim: 4096 exec/s: 11815 rss: 502Mb L: 39/4076 MS: 1 EraseBytes-
#4409712	REDUCE cov: 1584 ft: 6811 corp: 1410/277Kb lim: 4096 exec/s: 11790 rss: 502Mb L: 21/4076 MS: 1 EraseBytes-
#4411630	REDUCE cov: 1584 ft: 6811 corp: 1410/277Kb lim: 4096 exec/s: 11795 rss: 502Mb L: 2757/4076 MS: 3 InsertByte-ShuffleBytes-EraseBytes-
#4413356	REDUCE cov: 1584 ft: 6811 corp: 1410/277Kb lim: 4096 exec/s: 11800 rss: 502Mb L: 1435/4076 MS: 1 EraseBytes-
#4413492	REDUCE cov: 1584 ft: 6811 corp: 1410/277Kb lim: 4096 exec/s: 11800 rss: 502Mb L: 77/4076 MS: 1 EraseBytes-
#4414520	REDUCE cov: 1584 ft: 6811 corp: 1410/277Kb lim: 4096 exec/s: 11803 rss: 502Mb L: 39/4076 MS: 3 ShuffleBytes-ShuffleBytes-EraseBytes-
#4418602	REDUCE cov: 1584 ft: 6811 corp: 1410/277Kb lim: 4096 exec/s: 11782 rss: 502Mb L: 882/4076 MS: 2 CopyPart-EraseBytes-
#4420393	REDUCE cov: 1584 ft: 6811 corp: 1410/277Kb lim: 4096 exec/s: 11787 rss: 502Mb L: 19/4076 MS: 1 EraseBytes-
#4422694	REDUCE cov: 1584 ft: 6811 corp: 1410/277Kb lim: 4096 exec/s: 11793 rss: 502Mb L: 97/4076 MS: 1 EraseBytes-
#4423222	REDUCE cov: 1584 ft: 6811 corp: 1410/277Kb lim: 4096 exec/s: 11795 rss: 502Mb L: 1/4076 MS: 3 EraseBytes-ChangeBit-ChangeBit-
#4424763	REDUCE cov: 1584 ft: 6811 corp: 1410/277Kb lim: 4096 exec/s: 11767 rss: 502Mb L: 90/4076 MS: 1 EraseBytes-
#4425095	REDUCE cov: 1584 ft: 6811 corp: 1410/277Kb lim: 4096 exec/s: 11768 rss: 502Mb L: 15/4076 MS: 2 ChangeASCIIInt-EraseBytes-
#4425276	REDUCE cov: 1584 ft: 6811 corp: 1410/277Kb lim: 4096 exec/s: 11769 rss: 502Mb L: 155/4076 MS: 1 EraseBytes-
#4425393	REDUCE cov: 1584 ft: 6811 corp: 1410/277Kb lim: 4096 exec/s: 11769 rss: 502Mb L: 104/4076 MS: 2 InsertByte-EraseBytes-
#4425771	REDUCE cov: 1584 ft: 6811 corp: 1410/277Kb lim: 4096 exec/s: 11770 rss: 502Mb L: 79/4076 MS: 3 ChangeASCIIInt-ShuffleBytes-EraseBytes-
#4426577	REDUCE cov: 1584 ft: 6811 corp: 1410/277Kb lim: 4096 exec/s: 11772 rss: 502Mb L: 60/4076 MS: 1 EraseBytes-
#4426684	REDUCE cov: 1584 ft: 6811 corp: 1410/277Kb lim: 4096 exec/s: 11773 rss: 502Mb L: 8/4076 MS: 2 ChangeASCIIInt-EraseBytes-
#4429233	REDUCE cov: 1584 ft: 6811 corp: 1410/277Kb lim: 4096 exec/s: 11779 rss: 502Mb L: 94/4076 MS: 4 CopyPart-PersAutoDict-ChangeBit-EraseBytes- DE: "b\000\000\000\000\000\000\000"-
#4430204	REDUCE cov: 1584 ft: 6811 corp: 1410/277Kb lim: 4096 exec/s: 11782 rss: 502Mb L: 29/4076 MS: 1 EraseBytes-
#4430270	REDUCE cov: 1584 ft: 6811 corp: 1410/277Kb lim: 4096 exec/s: 11782 rss: 502Mb L: 27/4076 MS: 1 EraseBytes-
#4430766	REDUCE cov: 1584 ft: 6811 corp: 1410/277Kb lim: 4096 exec/s: 11783 rss: 502Mb L: 20/4076 MS: 1 EraseBytes-
#4432872	REDUCE cov: 1584 ft: 6811 corp: 1410/277Kb lim: 4096 exec/s: 11758 rss: 502Mb L: 15/4076 MS: 1 EraseBytes-
#4433648	REDUCE cov: 1584 ft: 6811 corp: 1410/277Kb lim: 4096 exec/s: 11760 rss: 502Mb L: 372/4076 MS: 1 EraseBytes-
#4434739	REDUCE cov: 1584 ft: 6811 corp: 1410/277Kb lim: 4096 exec/s: 11763 rss: 502Mb L: 158/4076 MS: 1 EraseBytes-
#4434801	REDUCE cov: 1584 ft: 6819 corp: 1411/278Kb lim: 4096 exec/s: 11763 rss: 502Mb L: 518/4076 MS: 2 ChangeBit-CopyPart-
#4435899	REDUCE cov: 1584 ft: 6819 corp: 1411/278Kb lim: 4096 exec/s: 11766 rss: 502Mb L: 112/4076 MS: 3 InsertByte-EraseBytes-InsertRepeatedBytes-
#4438605	REDUCE cov: 1584 ft: 6819 corp: 1411/278Kb lim: 4096 exec/s: 11773 rss: 502Mb L: 26/4076 MS: 1 EraseBytes-
#4438956	NEW    cov: 1584 ft: 6828 corp: 1412/278Kb lim: 4096 exec/s: 11774 rss: 502Mb L: 700/4076 MS: 1 CopyPart-
#4445470	NEW    cov: 1584 ft: 6832 corp: 1413/282Kb lim: 4096 exec/s: 11760 rss: 502Mb L: 4029/4076 MS: 4 ChangeBinInt-ChangeBit-ShuffleBytes-CopyPart-
#4448186	REDUCE cov: 1584 ft: 6832 corp: 1413/282Kb lim: 4096 exec/s: 11736 rss: 502Mb L: 33/4076 MS: 1 EraseBytes-
#4448273	REDUCE cov: 1584 ft: 6832 corp: 1413/282Kb lim: 4096 exec/s: 11736 rss: 502Mb L: 791/4076 MS: 2 ChangeBit-EraseBytes-
#4448894	REDUCE cov: 1584 ft: 6832 corp: 1413/282Kb lim: 4096 exec/s: 11738 rss: 502Mb L: 76/4076 MS: 1 EraseBytes-
#4453565	REDUCE cov: 1584 ft: 6832 corp: 1413/282Kb lim: 4096 exec/s: 11750 rss: 502Mb L: 23/4076 MS: 1 EraseBytes-
#4454088	REDUCE cov: 1584 ft: 6832 corp: 1413/282Kb lim: 4096 exec/s: 11752 rss: 502Mb L: 517/4076 MS: 3 CopyPart-EraseBytes-CopyPart-
#4456174	REDUCE cov: 1584 ft: 6832 corp: 1413/282Kb lim: 4096 exec/s: 11726 rss: 502Mb L: 634/4076 MS: 1 EraseBytes-
#4458476	REDUCE cov: 1584 ft: 6832 corp: 1413/282Kb lim: 4096 exec/s: 11732 rss: 502Mb L: 185/4076 MS: 2 ChangeASCIIInt-EraseBytes-
#4462823	REDUCE cov: 1584 ft: 6832 corp: 1413/282Kb lim: 4096 exec/s: 11744 rss: 502Mb L: 73/4076 MS: 2 ChangeBit-EraseBytes-
#4463559	REDUCE cov: 1584 ft: 6832 corp: 1413/282Kb lim: 4096 exec/s: 11746 rss: 502Mb L: 16/4076 MS: 1 EraseBytes-
#4464069	REDUCE cov: 1584 ft: 6832 corp: 1413/282Kb lim: 4096 exec/s: 11747 rss: 502Mb L: 169/4076 MS: 5 ChangeASCIIInt-ChangeBit-CopyPart-EraseBytes-CopyPart-
#4464713	REDUCE cov: 1584 ft: 6832 corp: 1413/282Kb lim: 4096 exec/s: 11718 rss: 502Mb L: 159/4076 MS: 4 ChangeByte-ShuffleBytes-ChangeBinInt-EraseBytes-
#4466406	REDUCE cov: 1584 ft: 6832 corp: 1413/282Kb lim: 4096 exec/s: 11722 rss: 502Mb L: 23/4076 MS: 3 InsertByte-ShuffleBytes-EraseBytes-
#4467022	REDUCE cov: 1584 ft: 6832 corp: 1413/282Kb lim: 4096 exec/s: 11724 rss: 502Mb L: 212/4076 MS: 1 EraseBytes-
#4467429	REDUCE cov: 1584 ft: 6832 corp: 1413/282Kb lim: 4096 exec/s: 11725 rss: 502Mb L: 426/4076 MS: 2 ChangeASCIIInt-EraseBytes-
#4469356	REDUCE cov: 1584 ft: 6832 corp: 1413/282Kb lim: 4096 exec/s: 11730 rss: 502Mb L: 393/4076 MS: 2 ChangeASCIIInt-EraseBytes-
#4475837	REDUCE cov: 1584 ft: 6832 corp: 1413/282Kb lim: 4096 exec/s: 11716 rss: 502Mb L: 354/4076 MS: 1 EraseBytes-
#4475934	REDUCE cov: 1584 ft: 6832 corp: 1413/282Kb lim: 4096 exec/s: 11717 rss: 502Mb L: 15/4076 MS: 2 CMP-EraseBytes- DE: "messa"-
#4479507	REDUCE cov: 1584 ft: 6832 corp: 1413/282Kb lim: 4096 exec/s: 11695 rss: 502Mb L: 1654/4076 MS: 3 PersAutoDict-ChangeASCIIInt-EraseBytes- DE: "*\357\277\275"-
#4480758	REDUCE cov: 1584 ft: 6832 corp: 1413/282Kb lim: 4096 exec/s: 11699 rss: 502Mb L: 600/4076 MS: 1 EraseBytes-
#4480779	REDUCE cov: 1584 ft: 6832 corp: 1413/282Kb lim: 4096 exec/s: 11699 rss: 502Mb L: 2677/4076 MS: 1 EraseBytes-
#4485540	REDUCE cov: 1584 ft: 6832 corp: 1413/282Kb lim: 4096 exec/s: 11681 rss: 502Mb L: 129/4076 MS: 1 EraseBytes-
#4485896	REDUCE cov: 1584 ft: 6832 corp: 1413/282Kb lim: 4096 exec/s: 11682 rss: 502Mb L: 16/4076 MS: 1 EraseBytes-
#4486232	REDUCE cov: 1584 ft: 6832 corp: 1413/282Kb lim: 4096 exec/s: 11682 rss: 502Mb L: 77/4076 MS: 1 EraseBytes-
#4486780	REDUCE cov: 1584 ft: 6832 corp: 1413/282Kb lim: 4096 exec/s: 11684 rss: 502Mb L: 1471/4076 MS: 3 ChangeBinInt-InsertByte-EraseBytes-
#4489951	REDUCE cov: 1584 ft: 6832 corp: 1413/282Kb lim: 4096 exec/s: 11692 rss: 502Mb L: 243/4076 MS: 1 EraseBytes-
#4491358	REDUCE cov: 1584 ft: 6832 corp: 1413/282Kb lim: 4096 exec/s: 11696 rss: 502Mb L: 2741/4076 MS: 2 ShuffleBytes-EraseBytes-
#4494509	REDUCE cov: 1584 ft: 6832 corp: 1413/282Kb lim: 4096 exec/s: 11674 rss: 502Mb L: 55/4076 MS: 1 EraseBytes-
#4494616	REDUCE cov: 1584 ft: 6832 corp: 1413/282Kb lim: 4096 exec/s: 11674 rss: 502Mb L: 51/4076 MS: 2 CopyPart-EraseBytes-
#4494682	REDUCE cov: 1584 ft: 6832 corp: 1413/282Kb lim: 4096 exec/s: 11674 rss: 502Mb L: 20/4076 MS: 1 EraseBytes-
#4496179	REDUCE cov: 1584 ft: 6832 corp: 1413/282Kb lim: 4096 exec/s: 11678 rss: 502Mb L: 157/4076 MS: 2 ChangeBit-EraseBytes-
#4500941	REDUCE cov: 1584 ft: 6840 corp: 1414/283Kb lim: 4096 exec/s: 11660 rss: 502Mb L: 979/4076 MS: 2 ChangeASCIIInt-CopyPart-
#4503558	REDUCE cov: 1584 ft: 6840 corp: 1414/283Kb lim: 4096 exec/s: 11667 rss: 502Mb L: 7/4076 MS: 2 EraseBytes-CopyPart-
#4507570	REDUCE cov: 1584 ft: 6840 corp: 1414/283Kb lim: 4096 exec/s: 11677 rss: 502Mb L: 16/4076 MS: 2 PersAutoDict-EraseBytes- DE: "\377\377\377\377"-
#4508516	REDUCE cov: 1584 ft: 6840 corp: 1414/283Kb lim: 4096 exec/s: 11680 rss: 502Mb L: 37/4076 MS: 1 EraseBytes-
#4509716	REDUCE cov: 1584 ft: 6840 corp: 1414/283Kb lim: 4096 exec/s: 11683 rss: 502Mb L: 676/4076 MS: 5 ShuffleBytes-InsertRepeatedBytes-ChangeASCIIInt-CopyPart-EraseBytes-
#4514487	REDUCE cov: 1584 ft: 6840 corp: 1414/283Kb lim: 4096 exec/s: 11665 rss: 502Mb L: 40/4076 MS: 1 EraseBytes-
#4515448	REDUCE cov: 1586 ft: 6842 corp: 1415/283Kb lim: 4096 exec/s: 11667 rss: 502Mb L: 12/4076 MS: 1 CopyPart-
#4518149	REDUCE cov: 1586 ft: 6842 corp: 1415/283Kb lim: 4096 exec/s: 11674 rss: 502Mb L: 31/4076 MS: 1 EraseBytes-
#4519727	REDUCE cov: 1586 ft: 6842 corp: 1415/282Kb lim: 4096 exec/s: 11678 rss: 502Mb L: 900/4076 MS: 3 ChangeASCIIInt-ChangeASCIIInt-EraseBytes-
#4523209	REDUCE cov: 1586 ft: 6842 corp: 1415/282Kb lim: 4096 exec/s: 11687 rss: 502Mb L: 76/4076 MS: 2 ChangeASCIIInt-EraseBytes-
#4526280	REDUCE cov: 1586 ft: 6842 corp: 1415/282Kb lim: 4096 exec/s: 11665 rss: 502Mb L: 11/4076 MS: 1 EraseBytes-
#4527306	REDUCE cov: 1586 ft: 6842 corp: 1415/282Kb lim: 4096 exec/s: 11668 rss: 502Mb L: 17/4076 MS: 1 EraseBytes-
#4528918	REDUCE cov: 1586 ft: 6842 corp: 1415/282Kb lim: 4096 exec/s: 11672 rss: 502Mb L: 303/4076 MS: 2 CrossOver-EraseBytes-
#4529211	REDUCE cov: 1586 ft: 6842 corp: 1415/282Kb lim: 4096 exec/s: 11673 rss: 502Mb L: 136/4076 MS: 3 ChangeASCIIInt-CMP-EraseBytes- DE: "instance"-
#4532632	REDUCE cov: 1586 ft: 6842 corp: 1415/282Kb lim: 4096 exec/s: 11682 rss: 502Mb L: 13/4076 MS: 1 EraseBytes-
#4538393	REDUCE cov: 1586 ft: 6842 corp: 1415/282Kb lim: 4096 exec/s: 11666 rss: 502Mb L: 26/4076 MS: 1 EraseBytes-
#4540230	REDUCE cov: 1586 ft: 6842 corp: 1415/282Kb lim: 4096 exec/s: 11671 rss: 502Mb L: 633/4076 MS: 2 CopyPart-EraseBytes-
#4542897	REDUCE cov: 1586 ft: 6842 corp: 1415/282Kb lim: 4096 exec/s: 11678 rss: 502Mb L: 545/4076 MS: 2 InsertRepeatedBytes-EraseBytes-
#4544270	NEW    cov: 1586 ft: 6843 corp: 1416/283Kb lim: 4096 exec/s: 11681 rss: 502Mb L: 350/4076 MS: 3 InsertRepeatedBytes-ChangeByte-CopyPart-
#4545866	NEW    cov: 1586 ft: 6851 corp: 1417/284Kb lim: 4096 exec/s: 11686 rss: 502Mb L: 1086/4076 MS: 1 CopyPart-
#4547357	REDUCE cov: 1586 ft: 6851 corp: 1417/284Kb lim: 4096 exec/s: 11689 rss: 502Mb L: 480/4076 MS: 1 EraseBytes-
#4552748	REDUCE cov: 1586 ft: 6851 corp: 1417/284Kb lim: 4096 exec/s: 11673 rss: 502Mb L: 33/4076 MS: 1 EraseBytes-
#4554879	REDUCE cov: 1586 ft: 6851 corp: 1417/284Kb lim: 4096 exec/s: 11679 rss: 502Mb L: 3910/4076 MS: 1 EraseBytes-
#4555551	REDUCE cov: 1586 ft: 6851 corp: 1417/284Kb lim: 4096 exec/s: 11680 rss: 502Mb L: 3147/4076 MS: 2 ShuffleBytes-EraseBytes-
#4559222	REDUCE cov: 1586 ft: 6851 corp: 1417/283Kb lim: 4096 exec/s: 11690 rss: 502Mb L: 604/4076 MS: 1 EraseBytes-
#4560308	REDUCE cov: 1586 ft: 6851 corp: 1417/283Kb lim: 4096 exec/s: 11663 rss: 502Mb L: 34/4076 MS: 1 EraseBytes-
#4560860	REDUCE cov: 1586 ft: 6851 corp: 1417/283Kb lim: 4096 exec/s: 11664 rss: 502Mb L: 162/4076 MS: 2 CopyPart-EraseBytes-
#4561147	REDUCE cov: 1586 ft: 6851 corp: 1417/283Kb lim: 4096 exec/s: 11665 rss: 502Mb L: 181/4076 MS: 2 ChangeASCIIInt-EraseBytes-
#4561243	REDUCE cov: 1586 ft: 6851 corp: 1417/283Kb lim: 4096 exec/s: 11665 rss: 502Mb L: 458/4076 MS: 1 EraseBytes-
#4567334	REDUCE cov: 1586 ft: 6851 corp: 1417/283Kb lim: 4096 exec/s: 11681 rss: 502Mb L: 90/4076 MS: 1 EraseBytes-
#4569955	REDUCE cov: 1586 ft: 6851 corp: 1417/283Kb lim: 4096 exec/s: 11658 rss: 502Mb L: 617/4076 MS: 1 EraseBytes-
#4570816	REDUCE cov: 1586 ft: 6851 corp: 1417/283Kb lim: 4096 exec/s: 11660 rss: 502Mb L: 178/4076 MS: 1 EraseBytes-
#4571850	REDUCE cov: 1586 ft: 6851 corp: 1417/283Kb lim: 4096 exec/s: 11662 rss: 502Mb L: 453/4076 MS: 4 ChangeBit-InsertByte-EraseBytes-CopyPart-
#4574152	REDUCE cov: 1586 ft: 6851 corp: 1417/283Kb lim: 4096 exec/s: 11668 rss: 502Mb L: 423/4076 MS: 2 CopyPart-EraseBytes-
#4575940	REDUCE cov: 1586 ft: 6851 corp: 1417/283Kb lim: 4096 exec/s: 11673 rss: 502Mb L: 1072/4076 MS: 3 ShuffleBytes-ChangeASCIIInt-EraseBytes-
#4576191	REDUCE cov: 1586 ft: 6851 corp: 1417/283Kb lim: 4096 exec/s: 11673 rss: 502Mb L: 300/4076 MS: 1 EraseBytes-
#4577232	REDUCE cov: 1586 ft: 6851 corp: 1417/283Kb lim: 4096 exec/s: 11676 rss: 502Mb L: 1078/4076 MS: 1 EraseBytes-
#4578878	REDUCE cov: 1586 ft: 6851 corp: 1417/283Kb lim: 4096 exec/s: 11651 rss: 502Mb L: 133/4076 MS: 1 EraseBytes-
#4582904	REDUCE cov: 1586 ft: 6851 corp: 1417/283Kb lim: 4096 exec/s: 11661 rss: 502Mb L: 1334/4076 MS: 1 EraseBytes-
#4589280	REDUCE cov: 1586 ft: 6851 corp: 1417/283Kb lim: 4096 exec/s: 11647 rss: 502Mb L: 100/4076 MS: 1 EraseBytes-
#4590091	REDUCE cov: 1586 ft: 6851 corp: 1417/283Kb lim: 4096 exec/s: 11649 rss: 502Mb L: 38/4076 MS: 1 EraseBytes-
#4591972	REDUCE cov: 1586 ft: 6851 corp: 1417/283Kb lim: 4096 exec/s: 11654 rss: 502Mb L: 25/4076 MS: 1 EraseBytes-
#4592213	REDUCE cov: 1586 ft: 6851 corp: 1417/283Kb lim: 4096 exec/s: 11655 rss: 502Mb L: 500/4076 MS: 1 EraseBytes-
#4592869	REDUCE cov: 1586 ft: 6851 corp: 1417/283Kb lim: 4096 exec/s: 11657 rss: 502Mb L: 60/4076 MS: 1 EraseBytes-
#4593565	REDUCE cov: 1586 ft: 6851 corp: 1417/283Kb lim: 4096 exec/s: 11658 rss: 502Mb L: 125/4076 MS: 1 EraseBytes-
#4596356	REDUCE cov: 1586 ft: 6851 corp: 1417/283Kb lim: 4096 exec/s: 11636 rss: 502Mb L: 76/4076 MS: 1 EraseBytes-
#4597367	NEW    cov: 1586 ft: 6852 corp: 1418/284Kb lim: 4096 exec/s: 11638 rss: 502Mb L: 988/4076 MS: 1 CrossOver-
#4598474	REDUCE cov: 1586 ft: 6852 corp: 1418/284Kb lim: 4096 exec/s: 11641 rss: 502Mb L: 24/4076 MS: 2 ChangeBit-EraseBytes-
#4600630	REDUCE cov: 1586 ft: 6852 corp: 1418/284Kb lim: 4096 exec/s: 11647 rss: 502Mb L: 25/4076 MS: 1 EraseBytes-
#4601277	REDUCE cov: 1586 ft: 6852 corp: 1418/284Kb lim: 4096 exec/s: 11648 rss: 502Mb L: 17/4076 MS: 2 ShuffleBytes-EraseBytes-
#4601343	REDUCE cov: 1586 ft: 6852 corp: 1418/284Kb lim: 4096 exec/s: 11648 rss: 502Mb L: 1432/4076 MS: 1 EraseBytes-
#4603831	REDUCE cov: 1586 ft: 6852 corp: 1418/284Kb lim: 4096 exec/s: 11625 rss: 502Mb L: 12/4076 MS: 2 ChangeByte-EraseBytes-
#4606079	REDUCE cov: 1586 ft: 6852 corp: 1418/284Kb lim: 4096 exec/s: 11631 rss: 502Mb L: 217/4076 MS: 3 ChangeASCIIInt-ChangeBit-EraseBytes-
#4607201	REDUCE cov: 1586 ft: 6852 corp: 1418/284Kb lim: 4096 exec/s: 11634 rss: 502Mb L: 219/4076 MS: 2 ChangeBit-EraseBytes-
#4608932	REDUCE cov: 1586 ft: 6852 corp: 1418/284Kb lim: 4096 exec/s: 11638 rss: 502Mb L: 21/4076 MS: 1 EraseBytes-
#4611979	REDUCE cov: 1586 ft: 6852 corp: 1418/284Kb lim: 4096 exec/s: 11617 rss: 502Mb L: 35/4076 MS: 1 EraseBytes-
#4613006	REDUCE cov: 1586 ft: 6852 corp: 1418/284Kb lim: 4096 exec/s: 11619 rss: 502Mb L: 153/4076 MS: 2 PersAutoDict-EraseBytes- DE: "<\012\000\000"-
#4614872	REDUCE cov: 1586 ft: 6861 corp: 1419/285Kb lim: 4096 exec/s: 11624 rss: 502Mb L: 1253/4076 MS: 1 CopyPart-
#4614908	REDUCE cov: 1586 ft: 6861 corp: 1419/285Kb lim: 4096 exec/s: 11624 rss: 502Mb L: 132/4076 MS: 1 EraseBytes-
#4617105	REDUCE cov: 1586 ft: 6861 corp: 1419/285Kb lim: 4096 exec/s: 11629 rss: 502Mb L: 99/4076 MS: 2 ChangeBit-EraseBytes-
#4620461	REDUCE cov: 1586 ft: 6861 corp: 1419/285Kb lim: 4096 exec/s: 11609 rss: 502Mb L: 11/4076 MS: 1 EraseBytes-
#4620792	REDUCE cov: 1586 ft: 6861 corp: 1419/285Kb lim: 4096 exec/s: 11610 rss: 502Mb L: 13/4076 MS: 1 EraseBytes-
#4622984	REDUCE cov: 1586 ft: 6861 corp: 1419/285Kb lim: 4096 exec/s: 11615 rss: 502Mb L: 21/4076 MS: 2 ShuffleBytes-EraseBytes-
#4631256	REDUCE cov: 1586 ft: 6861 corp: 1419/285Kb lim: 4096 exec/s: 11607 rss: 502Mb L: 207/4076 MS: 2 InsertByte-EraseBytes-
#4634512	REDUCE cov: 1586 ft: 6861 corp: 1419/285Kb lim: 4096 exec/s: 11615 rss: 502Mb L: 12/4076 MS: 1 EraseBytes-
#4636923	REDUCE cov: 1586 ft: 6861 corp: 1419/285Kb lim: 4096 exec/s: 11592 rss: 502Mb L: 33/4076 MS: 1 EraseBytes-
#4637774	REDUCE cov: 1586 ft: 6861 corp: 1419/285Kb lim: 4096 exec/s: 11594 rss: 502Mb L: 37/4076 MS: 1 EraseBytes-
#4638104	REDUCE cov: 1586 ft: 6864 corp: 1420/287Kb lim: 4096 exec/s: 11595 rss: 502Mb L: 2145/4076 MS: 5 InsertRepeatedBytes-CopyPart-ChangeBit-CopyPart-CopyPart-
#4639840	REDUCE cov: 1586 ft: 6864 corp: 1420/287Kb lim: 4096 exec/s: 11599 rss: 502Mb L: 7/4076 MS: 1 EraseBytes-
#4640286	REDUCE cov: 1586 ft: 6864 corp: 1420/287Kb lim: 4096 exec/s: 11600 rss: 502Mb L: 1008/4076 MS: 1 EraseBytes-
#4640877	REDUCE cov: 1586 ft: 6864 corp: 1420/287Kb lim: 4096 exec/s: 11602 rss: 502Mb L: 154/4076 MS: 1 EraseBytes-
#4642863	REDUCE cov: 1586 ft: 6864 corp: 1420/287Kb lim: 4096 exec/s: 11607 rss: 502Mb L: 67/4076 MS: 1 EraseBytes-
#4643854	REDUCE cov: 1586 ft: 6864 corp: 1420/287Kb lim: 4096 exec/s: 11580 rss: 502Mb L: 144/4076 MS: 1 EraseBytes-
#4644960	REDUCE cov: 1586 ft: 6864 corp: 1420/287Kb lim: 4096 exec/s: 11583 rss: 502Mb L: 57/4076 MS: 1 EraseBytes-
#4645576	NEW    cov: 1586 ft: 6865 corp: 1421/289Kb lim: 4096 exec/s: 11584 rss: 502Mb L: 1708/4076 MS: 1 CopyPart-
#4645962	REDUCE cov: 1586 ft: 6865 corp: 1421/289Kb lim: 4096 exec/s: 11585 rss: 502Mb L: 64/4076 MS: 1 EraseBytes-
#4646718	REDUCE cov: 1586 ft: 6865 corp: 1421/289Kb lim: 4096 exec/s: 11587 rss: 502Mb L: 192/4076 MS: 1 EraseBytes-
#4650779	REDUCE cov: 1586 ft: 6865 corp: 1421/289Kb lim: 4096 exec/s: 11597 rss: 502Mb L: 29/4076 MS: 1 EraseBytes-
#4650931	REDUCE cov: 1586 ft: 6865 corp: 1421/289Kb lim: 4096 exec/s: 11598 rss: 502Mb L: 956/4076 MS: 2 ChangeBinInt-EraseBytes-
#4652013	REDUCE cov: 1586 ft: 6865 corp: 1421/288Kb lim: 4096 exec/s: 11601 rss: 502Mb L: 1132/4076 MS: 2 ShuffleBytes-EraseBytes-
#4657049	REDUCE cov: 1586 ft: 6865 corp: 1421/288Kb lim: 4096 exec/s: 11584 rss: 502Mb L: 710/4076 MS: 1 EraseBytes-
#4659076	REDUCE cov: 1586 ft: 6865 corp: 1421/288Kb lim: 4096 exec/s: 11589 rss: 502Mb L: 3714/4076 MS: 2 InsertByte-EraseBytes-
#4661045	REDUCE cov: 1586 ft: 6871 corp: 1422/289Kb lim: 4096 exec/s: 11594 rss: 502Mb L: 694/4076 MS: 4 ChangeASCIIInt-CopyPart-ChangeBit-CopyPart-
#4661791	REDUCE cov: 1586 ft: 6871 corp: 1422/289Kb lim: 4096 exec/s: 11596 rss: 502Mb L: 650/4076 MS: 1 EraseBytes-
#4663172	REDUCE cov: 1586 ft: 6871 corp: 1422/289Kb lim: 4096 exec/s: 11599 rss: 502Mb L: 18/4076 MS: 1 EraseBytes-
#4663943	REDUCE cov: 1586 ft: 6871 corp: 1422/289Kb lim: 4096 exec/s: 11601 rss: 502Mb L: 633/4076 MS: 1 EraseBytes-
#4664659	REDUCE cov: 1586 ft: 6871 corp: 1422/289Kb lim: 4096 exec/s: 11603 rss: 502Mb L: 12/4076 MS: 1 EraseBytes-
#4667020	REDUCE cov: 1586 ft: 6871 corp: 1422/289Kb lim: 4096 exec/s: 11580 rss: 502Mb L: 962/4076 MS: 1 EraseBytes-
#4667614	REDUCE cov: 1586 ft: 6871 corp: 1422/288Kb lim: 4096 exec/s: 11582 rss: 502Mb L: 880/4076 MS: 4 ChangeASCIIInt-PersAutoDict-InsertRepeatedBytes-EraseBytes- DE: "\025\000\000\000\000\000\000\000"-
#4669430	REDUCE cov: 1586 ft: 6871 corp: 1422/288Kb lim: 4096 exec/s: 11586 rss: 502Mb L: 33/4076 MS: 1 EraseBytes-
#4670076	REDUCE cov: 1586 ft: 6871 corp: 1422/288Kb lim: 4096 exec/s: 11588 rss: 502Mb L: 28/4076 MS: 1 EraseBytes-
#4670353	REDUCE cov: 1586 ft: 6871 corp: 1422/288Kb lim: 4096 exec/s: 11588 rss: 502Mb L: 144/4076 MS: 2 ChangeByte-EraseBytes-
#4671279	REDUCE cov: 1586 ft: 6871 corp: 1422/288Kb lim: 4096 exec/s: 11591 rss: 502Mb L: 22/4076 MS: 1 EraseBytes-
#4673013	REDUCE cov: 1586 ft: 6871 corp: 1422/288Kb lim: 4096 exec/s: 11595 rss: 502Mb L: 319/4076 MS: 4 ChangeASCIIInt-ChangeASCIIInt-PersAutoDict-EraseBytes- DE: "\377\377\377\377"-
#4675709	REDUCE cov: 1586 ft: 6871 corp: 1422/288Kb lim: 4096 exec/s: 11602 rss: 502Mb L: 126/4076 MS: 1 EraseBytes-
#4676070	REDUCE cov: 1586 ft: 6871 corp: 1422/288Kb lim: 4096 exec/s: 11603 rss: 502Mb L: 73/4076 MS: 1 EraseBytes-
#4676432	REDUCE cov: 1586 ft: 6871 corp: 1422/288Kb lim: 4096 exec/s: 11604 rss: 502Mb L: 886/4076 MS: 2 CopyPart-EraseBytes-
#4680454	REDUCE cov: 1586 ft: 6871 corp: 1422/288Kb lim: 4096 exec/s: 11585 rss: 502Mb L: 832/4076 MS: 2 ChangeASCIIInt-EraseBytes-
#4689725	REDUCE cov: 1586 ft: 6871 corp: 1422/288Kb lim: 4096 exec/s: 11579 rss: 502Mb L: 127/4076 MS: 1 EraseBytes-
#4690613	REDUCE cov: 1586 ft: 6871 corp: 1422/288Kb lim: 4096 exec/s: 11581 rss: 502Mb L: 738/4076 MS: 3 InsertRepeatedBytes-InsertRepeatedBytes-EraseBytes-
#4692084	REDUCE cov: 1586 ft: 6871 corp: 1422/288Kb lim: 4096 exec/s: 11585 rss: 502Mb L: 12/4076 MS: 1 EraseBytes-
#4693345	REDUCE cov: 1586 ft: 6871 corp: 1422/288Kb lim: 4096 exec/s: 11588 rss: 502Mb L: 133/4076 MS: 1 EraseBytes-
#4697346	REDUCE cov: 1586 ft: 6871 corp: 1422/288Kb lim: 4096 exec/s: 11569 rss: 502Mb L: 36/4076 MS: 1 EraseBytes-
#4697763	REDUCE cov: 1586 ft: 6871 corp: 1422/288Kb lim: 4096 exec/s: 11570 rss: 502Mb L: 15/4076 MS: 2 ChangeASCIIInt-EraseBytes-
#4698435	REDUCE cov: 1586 ft: 6871 corp: 1422/288Kb lim: 4096 exec/s: 11572 rss: 502Mb L: 1286/4076 MS: 2 ChangeBinInt-EraseBytes-
#4699138	REDUCE cov: 1586 ft: 6871 corp: 1422/288Kb lim: 4096 exec/s: 11574 rss: 502Mb L: 618/4076 MS: 3 CMP-ChangeASCIIInt-EraseBytes- DE: "message"-
#4700229	REDUCE cov: 1586 ft: 6871 corp: 1422/288Kb lim: 4096 exec/s: 11576 rss: 502Mb L: 85/4076 MS: 1 EraseBytes-
#4700286	REDUCE cov: 1586 ft: 6871 corp: 1422/288Kb lim: 4096 exec/s: 11577 rss: 502Mb L: 209/4076 MS: 2 ChangeASCIIInt-EraseBytes-
#4702260	REDUCE cov: 1586 ft: 6871 corp: 1422/288Kb lim: 4096 exec/s: 11581 rss: 502Mb L: 120/4076 MS: 4 ChangeByte-CopyPart-CopyPart-EraseBytes-
#4703172	REDUCE cov: 1586 ft: 6871 corp: 1422/288Kb lim: 4096 exec/s: 11555 rss: 502Mb L: 52/4076 MS: 2 ChangeASCIIInt-EraseBytes-
#4703263	REDUCE cov: 1586 ft: 6871 corp: 1422/288Kb lim: 4096 exec/s: 11555 rss: 502Mb L: 30/4076 MS: 1 EraseBytes-
#4704444	REDUCE cov: 1586 ft: 6871 corp: 1422/288Kb lim: 4096 exec/s: 11558 rss: 502Mb L: 30/4076 MS: 1 EraseBytes-
#4707125	REDUCE cov: 1586 ft: 6871 corp: 1422/288Kb lim: 4096 exec/s: 11565 rss: 502Mb L: 52/4076 MS: 1 EraseBytes-
#4707166	REDUCE cov: 1586 ft: 6871 corp: 1422/288Kb lim: 4096 exec/s: 11565 rss: 502Mb L: 979/4076 MS: 1 EraseBytes-
#4707418	REDUCE cov: 1586 ft: 6871 corp: 1422/288Kb lim: 4096 exec/s: 11566 rss: 502Mb L: 24/4076 MS: 2 ChangeBinInt-EraseBytes-
#4713750	REDUCE cov: 1586 ft: 6871 corp: 1422/288Kb lim: 4096 exec/s: 11581 rss: 502Mb L: 1897/4076 MS: 2 PersAutoDict-EraseBytes- DE: "\000\000\000\003"-
#4714176	REDUCE cov: 1586 ft: 6871 corp: 1422/288Kb lim: 4096 exec/s: 11582 rss: 502Mb L: 75/4076 MS: 1 EraseBytes-
#4715628	REDUCE cov: 1586 ft: 6871 corp: 1422/288Kb lim: 4096 exec/s: 11586 rss: 502Mb L: 465/4076 MS: 2 ChangeASCIIInt-EraseBytes-
#4715896	REDUCE cov: 1586 ft: 6871 corp: 1422/288Kb lim: 4096 exec/s: 11586 rss: 502Mb L: 3712/4076 MS: 3 ChangeASCIIInt-ChangeByte-CrossOver-
#4718777	REDUCE cov: 1586 ft: 6872 corp: 1423/289Kb lim: 4096 exec/s: 11565 rss: 502Mb L: 1629/4076 MS: 1 CopyPart-
#4718778	REDUCE cov: 1586 ft: 6872 corp: 1423/289Kb lim: 4096 exec/s: 11565 rss: 502Mb L: 306/4076 MS: 1 EraseBytes-
#4719534	REDUCE cov: 1586 ft: 6872 corp: 1423/289Kb lim: 4096 exec/s: 11567 rss: 502Mb L: 26/4076 MS: 1 EraseBytes-
#4722385	REDUCE cov: 1586 ft: 6872 corp: 1423/289Kb lim: 4096 exec/s: 11574 rss: 502Mb L: 136/4076 MS: 1 EraseBytes-
#4724811	REDUCE cov: 1586 ft: 6872 corp: 1423/289Kb lim: 4096 exec/s: 11580 rss: 502Mb L: 513/4076 MS: 1 EraseBytes-
#4725852	REDUCE cov: 1586 ft: 6872 corp: 1423/289Kb lim: 4096 exec/s: 11582 rss: 502Mb L: 408/4076 MS: 1 EraseBytes-
#4728689	REDUCE cov: 1586 ft: 6872 corp: 1423/289Kb lim: 4096 exec/s: 11589 rss: 502Mb L: 3846/4076 MS: 2 ChangeBit-EraseBytes-
#4729760	REDUCE cov: 1586 ft: 6872 corp: 1423/289Kb lim: 4096 exec/s: 11592 rss: 502Mb L: 38/4076 MS: 1 EraseBytes-
#4733677	REDUCE cov: 1586 ft: 6872 corp: 1423/289Kb lim: 4096 exec/s: 11573 rss: 502Mb L: 1294/4076 MS: 2 PersAutoDict-EraseBytes- DE: "\357\277\275\357\277\275"-
#4734243	REDUCE cov: 1586 ft: 6872 corp: 1423/289Kb lim: 4096 exec/s: 11575 rss: 502Mb L: 55/4076 MS: 1 EraseBytes-
#4734719	REDUCE cov: 1586 ft: 6872 corp: 1423/289Kb lim: 4096 exec/s: 11576 rss: 502Mb L: 15/4076 MS: 1 EraseBytes-
#4736962	REDUCE cov: 1586 ft: 6872 corp: 1423/289Kb lim: 4096 exec/s: 11581 rss: 502Mb L: 113/4076 MS: 3 ChangeASCIIInt-ChangeBit-EraseBytes-
#4740060	REDUCE cov: 1586 ft: 6872 corp: 1423/289Kb lim: 4096 exec/s: 11589 rss: 502Mb L: 4/4076 MS: 3 EraseBytes-ShuffleBytes-ChangeASCIIInt-
#4742826	REDUCE cov: 1586 ft: 6872 corp: 1423/289Kb lim: 4096 exec/s: 11596 rss: 503Mb L: 116/4076 MS: 1 EraseBytes-
#4743062	REDUCE cov: 1586 ft: 6872 corp: 1423/289Kb lim: 4096 exec/s: 11596 rss: 503Mb L: 114/4076 MS: 1 EraseBytes-
#4743093	REDUCE cov: 1586 ft: 6872 corp: 1423/289Kb lim: 4096 exec/s: 11596 rss: 503Mb L: 867/4076 MS: 1 EraseBytes-
#4744789	REDUCE cov: 1586 ft: 6872 corp: 1423/289Kb lim: 4096 exec/s: 11600 rss: 503Mb L: 3658/4076 MS: 1 EraseBytes-
#4751167	REDUCE cov: 1586 ft: 6872 corp: 1423/289Kb lim: 4096 exec/s: 11588 rss: 504Mb L: 96/4076 MS: 3 ChangeBit-ChangeASCIIInt-EraseBytes-
#4752046	REDUCE cov: 1586 ft: 6872 corp: 1423/288Kb lim: 4096 exec/s: 11590 rss: 504Mb L: 1378/4076 MS: 4 CopyPart-ShuffleBytes-PersAutoDict-EraseBytes- DE: "messag"-
#4757699	REDUCE cov: 1586 ft: 6872 corp: 1423/288Kb lim: 4096 exec/s: 11575 rss: 504Mb L: 206/4076 MS: 3 ChangeASCIIInt-CopyPart-EraseBytes-
#4759521	REDUCE cov: 1586 ft: 6872 corp: 1423/288Kb lim: 4096 exec/s: 11580 rss: 504Mb L: 290/4076 MS: 2 ChangeBinInt-EraseBytes-
#4759939	REDUCE cov: 1586 ft: 6872 corp: 1423/288Kb lim: 4096 exec/s: 11581 rss: 504Mb L: 145/4076 MS: 3 PersAutoDict-ChangeASCIIInt-EraseBytes- DE: "\377\377\377-"-
#4761495	REDUCE cov: 1586 ft: 6872 corp: 1423/288Kb lim: 4096 exec/s: 11585 rss: 504Mb L: 1584/4076 MS: 1 EraseBytes-
#4761711	REDUCE cov: 1586 ft: 6872 corp: 1423/288Kb lim: 4096 exec/s: 11585 rss: 504Mb L: 21/4076 MS: 1 EraseBytes-
#4765487	REDUCE cov: 1586 ft: 6872 corp: 1423/288Kb lim: 4096 exec/s: 11566 rss: 504Mb L: 287/4076 MS: 1 EraseBytes-
#4765938	REDUCE cov: 1586 ft: 6872 corp: 1423/288Kb lim: 4096 exec/s: 11567 rss: 504Mb L: 2020/4076 MS: 1 EraseBytes-
#4766655	REDUCE cov: 1586 ft: 6872 corp: 1423/288Kb lim: 4096 exec/s: 11569 rss: 504Mb L: 20/4076 MS: 2 ChangeByte-EraseBytes-
#4770881	REDUCE cov: 1586 ft: 6872 corp: 1423/288Kb lim: 4096 exec/s: 11579 rss: 504Mb L: 322/4076 MS: 1 EraseBytes-
#4772410	REDUCE cov: 1586 ft: 6872 corp: 1423/288Kb lim: 4096 exec/s: 11583 rss: 504Mb L: 213/4076 MS: 4 CopyPart-ChangeBit-PersAutoDict-EraseBytes- DE: "\001\000\000\000\000\000\000\002"-
#4775031	REDUCE cov: 1586 ft: 6872 corp: 1423/288Kb lim: 4096 exec/s: 11561 rss: 504Mb L: 22/4076 MS: 1 EraseBytes-
#4775989	REDUCE cov: 1586 ft: 6872 corp: 1423/288Kb lim: 4096 exec/s: 11564 rss: 504Mb L: 312/4076 MS: 3 ChangeBinInt-CMP-EraseBytes- DE: "YYYYYY"-
#4778810	REDUCE cov: 1586 ft: 6872 corp: 1423/288Kb lim: 4096 exec/s: 11570 rss: 504Mb L: 24/4076 MS: 1 EraseBytes-
#4784736	REDUCE cov: 1586 ft: 6872 corp: 1423/288Kb lim: 4096 exec/s: 11585 rss: 504Mb L: 18/4076 MS: 1 EraseBytes-
#4784812	REDUCE cov: 1586 ft: 6872 corp: 1423/288Kb lim: 4096 exec/s: 11585 rss: 504Mb L: 1510/4076 MS: 1 EraseBytes-
#4785233	REDUCE cov: 1586 ft: 6872 corp: 1423/288Kb lim: 4096 exec/s: 11586 rss: 504Mb L: 58/4076 MS: 1 EraseBytes-
#4785591	REDUCE cov: 1586 ft: 6872 corp: 1423/288Kb lim: 4096 exec/s: 11559 rss: 504Mb L: 130/4076 MS: 3 InsertByte-CopyPart-EraseBytes-
#4786842	REDUCE cov: 1586 ft: 6872 corp: 1423/288Kb lim: 4096 exec/s: 11562 rss: 504Mb L: 476/4076 MS: 1 EraseBytes-
#4788438	REDUCE cov: 1586 ft: 6872 corp: 1423/287Kb lim: 4096 exec/s: 11566 rss: 504Mb L: 1191/4076 MS: 1 EraseBytes-
#4789484	REDUCE cov: 1586 ft: 6872 corp: 1423/287Kb lim: 4096 exec/s: 11568 rss: 504Mb L: 76/4076 MS: 1 EraseBytes-
#4791180	REDUCE cov: 1586 ft: 6872 corp: 1423/287Kb lim: 4096 exec/s: 11572 rss: 504Mb L: 255/4076 MS: 1 EraseBytes-
#4791526	REDUCE cov: 1586 ft: 6872 corp: 1423/287Kb lim: 4096 exec/s: 11573 rss: 504Mb L: 45/4076 MS: 1 EraseBytes-
#4793306	REDUCE cov: 1586 ft: 6872 corp: 1423/287Kb lim: 4096 exec/s: 11578 rss: 504Mb L: 263/4076 MS: 5 InsertRepeatedBytes-ChangeBit-PersAutoDict-InsertRepeatedBytes-EraseBytes- DE: "\002\000\000\000\000\000\000\000"-
#4794123	REDUCE cov: 1586 ft: 6872 corp: 1423/287Kb lim: 4096 exec/s: 11580 rss: 504Mb L: 889/4076 MS: 2 EraseBytes-CopyPart-
#4795370	REDUCE cov: 1586 ft: 6872 corp: 1423/287Kb lim: 4096 exec/s: 11555 rss: 504Mb L: 427/4076 MS: 2 CMP-EraseBytes- DE: "detail"-
#4796333	REDUCE cov: 1586 ft: 6872 corp: 1423/287Kb lim: 4096 exec/s: 11557 rss: 504Mb L: 837/4076 MS: 3 ChangeBit-EraseBytes-InsertByte-
#4796609	REDUCE cov: 1586 ft: 6872 corp: 1423/287Kb lim: 4096 exec/s: 11558 rss: 504Mb L: 988/4076 MS: 1 EraseBytes-
#4797020	REDUCE cov: 1586 ft: 6872 corp: 1423/287Kb lim: 4096 exec/s: 11559 rss: 504Mb L: 39/4076 MS: 1 EraseBytes-
#4800698	REDUCE cov: 1586 ft: 6872 corp: 1423/287Kb lim: 4096 exec/s: 11567 rss: 504Mb L: 92/4076 MS: 3 ChangeBinInt-EraseBytes-ChangeBinInt-
#4805205	REDUCE cov: 1586 ft: 6872 corp: 1423/287Kb lim: 4096 exec/s: 11578 rss: 504Mb L: 118/4076 MS: 2 ShuffleBytes-EraseBytes-
#4806702	REDUCE cov: 1586 ft: 6872 corp: 1423/287Kb lim: 4096 exec/s: 11554 rss: 504Mb L: 417/4076 MS: 2 ShuffleBytes-EraseBytes-
#4807138	REDUCE cov: 1586 ft: 6872 corp: 1423/287Kb lim: 4096 exec/s: 11555 rss: 504Mb L: 27/4076 MS: 1 EraseBytes-
#4808839	REDUCE cov: 1586 ft: 6872 corp: 1423/287Kb lim: 4096 exec/s: 11559 rss: 504Mb L: 69/4076 MS: 1 EraseBytes-
#4817325	REDUCE cov: 1586 ft: 6872 corp: 1423/287Kb lim: 4096 exec/s: 11580 rss: 504Mb L: 1374/4076 MS: 1 EraseBytes-
#4820786	REDUCE cov: 1586 ft: 6872 corp: 1423/287Kb lim: 4096 exec/s: 11560 rss: 504Mb L: 70/4076 MS: 1 EraseBytes-
#4822522	REDUCE cov: 1586 ft: 6872 corp: 1423/287Kb lim: 4096 exec/s: 11564 rss: 504Mb L: 1199/4076 MS: 1 EraseBytes-
#4822618	REDUCE cov: 1586 ft: 6872 corp: 1423/287Kb lim: 4096 exec/s: 11565 rss: 504Mb L: 7/4076 MS: 1 EraseBytes-
#4822855	REDUCE cov: 1586 ft: 6872 corp: 1423/287Kb lim: 4096 exec/s: 11565 rss: 504Mb L: 1834/4076 MS: 2 ChangeASCIIInt-EraseBytes-
#4823056	REDUCE cov: 1586 ft: 6872 corp: 1423/287Kb lim: 4096 exec/s: 11566 rss: 504Mb L: 809/4076 MS: 1 EraseBytes-
#4825657	REDUCE cov: 1586 ft: 6872 corp: 1423/287Kb lim: 4096 exec/s: 11572 rss: 504Mb L: 426/4076 MS: 1 EraseBytes-
#4826170	REDUCE cov: 1586 ft: 6872 corp: 1423/287Kb lim: 4096 exec/s: 11573 rss: 504Mb L: 285/4076 MS: 3 EraseBytes-CMP-CopyPart- DE: "\363\377\377\377"-
#4830691	REDUCE cov: 1586 ft: 6872 corp: 1423/287Kb lim: 4096 exec/s: 11584 rss: 504Mb L: 495/4076 MS: 1 EraseBytes-
#4831273	REDUCE cov: 1586 ft: 6872 corp: 1423/287Kb lim: 4096 exec/s: 11585 rss: 504Mb L: 44/4076 MS: 2 InsertByte-EraseBytes-
#4832199	REDUCE cov: 1586 ft: 6872 corp: 1423/287Kb lim: 4096 exec/s: 11560 rss: 504Mb L: 370/4076 MS: 1 EraseBytes-
#4833485	REDUCE cov: 1586 ft: 6872 corp: 1423/287Kb lim: 4096 exec/s: 11563 rss: 504Mb L: 57/4076 MS: 1 EraseBytes-
#4834646	REDUCE cov: 1586 ft: 6872 corp: 1423/287Kb lim: 4096 exec/s: 11566 rss: 504Mb L: 24/4076 MS: 1 EraseBytes-
#4835003	REDUCE cov: 1586 ft: 6872 corp: 1423/287Kb lim: 4096 exec/s: 11566 rss: 504Mb L: 898/4076 MS: 2 ChangeBinInt-EraseBytes-
#4837374	REDUCE cov: 1586 ft: 6872 corp: 1423/287Kb lim: 4096 exec/s: 11572 rss: 504Mb L: 72/4076 MS: 1 EraseBytes-
#4837860	REDUCE cov: 1586 ft: 6872 corp: 1423/287Kb lim: 4096 exec/s: 11573 rss: 504Mb L: 1295/4076 MS: 1 EraseBytes-
#4843177	REDUCE cov: 1586 ft: 6872 corp: 1423/287Kb lim: 4096 exec/s: 11586 rss: 504Mb L: 89/4076 MS: 2 CopyPart-EraseBytes-
#4844147	REDUCE cov: 1586 ft: 6872 corp: 1423/287Kb lim: 4096 exec/s: 11588 rss: 504Mb L: 33/4076 MS: 5 PersAutoDict-CrossOver-EraseBytes-CMP-EraseBytes- DE: "=\012\000\000"-"instance"-
#4845370	REDUCE cov: 1586 ft: 6872 corp: 1423/287Kb lim: 4096 exec/s: 11564 rss: 504Mb L: 193/4076 MS: 3 CopyPart-ChangeBit-EraseBytes-
#4846406	REDUCE cov: 1586 ft: 6872 corp: 1423/287Kb lim: 4096 exec/s: 11566 rss: 504Mb L: 185/4076 MS: 1 EraseBytes-
#4848352	REDUCE cov: 1586 ft: 6872 corp: 1423/287Kb lim: 4096 exec/s: 11571 rss: 504Mb L: 527/4076 MS: 1 EraseBytes-
#4849079	REDUCE cov: 1586 ft: 6872 corp: 1423/287Kb lim: 4096 exec/s: 11572 rss: 504Mb L: 1307/4076 MS: 2 ChangeByte-EraseBytes-
#4849216	REDUCE cov: 1586 ft: 6872 corp: 1423/286Kb lim: 4096 exec/s: 11573 rss: 504Mb L: 279/4076 MS: 2 InsertRepeatedBytes-EraseBytes-
#4851667	REDUCE cov: 1586 ft: 6872 corp: 1423/286Kb lim: 4096 exec/s: 11579 rss: 504Mb L: 38/4076 MS: 1 EraseBytes-
#4851668	REDUCE cov: 1586 ft: 6872 corp: 1423/286Kb lim: 4096 exec/s: 11579 rss: 504Mb L: 46/4076 MS: 1 EraseBytes-
#4856261	REDUCE cov: 1586 ft: 6872 corp: 1423/286Kb lim: 4096 exec/s: 11562 rss: 504Mb L: 278/4076 MS: 3 ChangeASCIIInt-ChangeASCIIInt-EraseBytes-
#4856588	REDUCE cov: 1586 ft: 6872 corp: 1423/286Kb lim: 4096 exec/s: 11563 rss: 504Mb L: 1405/4076 MS: 2 ChangeASCIIInt-EraseBytes-
#4864714	REDUCE cov: 1586 ft: 6872 corp: 1423/286Kb lim: 4096 exec/s: 11582 rss: 504Mb L: 87/4076 MS: 1 EraseBytes-
#4865765	REDUCE cov: 1586 ft: 6872 corp: 1423/286Kb lim: 4096 exec/s: 11585 rss: 504Mb L: 32/4076 MS: 1 EraseBytes-
#4879208	REDUCE cov: 1586 ft: 6872 corp: 1423/286Kb lim: 4096 exec/s: 11562 rss: 505Mb L: 2254/4076 MS: 3 ChangeBit-CopyPart-EraseBytes-
#4879365	REDUCE cov: 1586 ft: 6872 corp: 1423/286Kb lim: 4096 exec/s: 11562 rss: 505Mb L: 91/4076 MS: 2 ChangeASCIIInt-EraseBytes-
#4880181	REDUCE cov: 1586 ft: 6872 corp: 1423/286Kb lim: 4096 exec/s: 11564 rss: 505Mb L: 3220/4076 MS: 1 EraseBytes-
#4880932	REDUCE cov: 1586 ft: 6872 corp: 1423/286Kb lim: 4096 exec/s: 11566 rss: 505Mb L: 193/4076 MS: 1 EraseBytes-
#4880983	REDUCE cov: 1586 ft: 6872 corp: 1423/286Kb lim: 4096 exec/s: 11566 rss: 505Mb L: 854/4076 MS: 1 EraseBytes-
#4881764	REDUCE cov: 1586 ft: 6872 corp: 1423/286Kb lim: 4096 exec/s: 11568 rss: 505Mb L: 4/4076 MS: 1 EraseBytes-
#4881771	REDUCE cov: 1586 ft: 6872 corp: 1423/286Kb lim: 4096 exec/s: 11568 rss: 505Mb L: 47/4076 MS: 2 ChangeASCIIInt-EraseBytes-
#4888177	REDUCE cov: 1586 ft: 6872 corp: 1423/286Kb lim: 4096 exec/s: 11555 rss: 505Mb L: 602/4076 MS: 1 EraseBytes-
#4889478	REDUCE cov: 1586 ft: 6872 corp: 1423/286Kb lim: 4096 exec/s: 11559 rss: 505Mb L: 496/4076 MS: 1 EraseBytes-
#4895289	REDUCE cov: 1586 ft: 6872 corp: 1423/286Kb lim: 4096 exec/s: 11545 rss: 505Mb L: 93/4076 MS: 1 EraseBytes-
#4899095	REDUCE cov: 1586 ft: 6872 corp: 1423/286Kb lim: 4096 exec/s: 11554 rss: 505Mb L: 70/4076 MS: 1 EraseBytes-
#4899427	REDUCE cov: 1586 ft: 6872 corp: 1423/286Kb lim: 4096 exec/s: 11555 rss: 505Mb L: 20/4076 MS: 2 ChangeBit-EraseBytes-
#4901650	REDUCE cov: 1586 ft: 6872 corp: 1423/286Kb lim: 4096 exec/s: 11533 rss: 505Mb L: 318/4076 MS: 3 CrossOver-ChangeASCIIInt-EraseBytes-
#4903576	REDUCE cov: 1586 ft: 6872 corp: 1423/286Kb lim: 4096 exec/s: 11537 rss: 505Mb L: 213/4076 MS: 1 EraseBytes-
#4905127	REDUCE cov: 1586 ft: 6872 corp: 1423/286Kb lim: 4096 exec/s: 11541 rss: 505Mb L: 66/4076 MS: 1 EraseBytes-
#4906088	REDUCE cov: 1586 ft: 6872 corp: 1423/286Kb lim: 4096 exec/s: 11543 rss: 505Mb L: 28/4076 MS: 1 EraseBytes-
#4909516	REDUCE cov: 1586 ft: 6872 corp: 1423/286Kb lim: 4096 exec/s: 11524 rss: 505Mb L: 1073/4076 MS: 3 ShuffleBytes-ChangeBinInt-EraseBytes-
#4911149	REDUCE cov: 1586 ft: 6872 corp: 1423/286Kb lim: 4096 exec/s: 11528 rss: 505Mb L: 181/4076 MS: 3 ChangeASCIIInt-ChangeBinInt-EraseBytes-
#4911945	REDUCE cov: 1586 ft: 6872 corp: 1423/286Kb lim: 4096 exec/s: 11530 rss: 505Mb L: 9/4076 MS: 1 EraseBytes-
#4913911	REDUCE cov: 1586 ft: 6872 corp: 1423/286Kb lim: 4096 exec/s: 11535 rss: 505Mb L: 454/4076 MS: 1 EraseBytes-
#4919308	REDUCE cov: 1586 ft: 6872 corp: 1423/286Kb lim: 4096 exec/s: 11520 rss: 505Mb L: 121/4076 MS: 2 ChangeBinInt-EraseBytes-
#4919594	REDUCE cov: 1586 ft: 6872 corp: 1423/286Kb lim: 4096 exec/s: 11521 rss: 505Mb L: 1400/4076 MS: 1 EraseBytes-
#4919745	REDUCE cov: 1586 ft: 6872 corp: 1423/286Kb lim: 4096 exec/s: 11521 rss: 505Mb L: 38/4076 MS: 1 EraseBytes-
#4922551	REDUCE cov: 1586 ft: 6872 corp: 1423/286Kb lim: 4096 exec/s: 11528 rss: 505Mb L: 20/4076 MS: 1 EraseBytes-
#4923464	REDUCE cov: 1586 ft: 6872 corp: 1423/286Kb lim: 4096 exec/s: 11530 rss: 505Mb L: 13/4076 MS: 3 EraseBytes-ShuffleBytes-ChangeBit-
#4925290	REDUCE cov: 1586 ft: 6872 corp: 1423/286Kb lim: 4096 exec/s: 11534 rss: 505Mb L: 1177/4076 MS: 1 EraseBytes-
#4926481	REDUCE cov: 1586 ft: 6872 corp: 1423/286Kb lim: 4096 exec/s: 11537 rss: 505Mb L: 24/4076 MS: 1 EraseBytes-
#4928872	REDUCE cov: 1586 ft: 6872 corp: 1423/286Kb lim: 4096 exec/s: 11516 rss: 505Mb L: 138/4076 MS: 1 EraseBytes-
#4931063	REDUCE cov: 1598 ft: 6892 corp: 1424/286Kb lim: 4096 exec/s: 11521 rss: 505Mb L: 14/4076 MS: 1 PersAutoDict- DE: "message"-
#4935334	REDUCE cov: 1598 ft: 6892 corp: 1424/286Kb lim: 4096 exec/s: 11504 rss: 505Mb L: 164/4076 MS: 1 EraseBytes-
#4936490	REDUCE cov: 1598 ft: 6892 corp: 1424/286Kb lim: 4096 exec/s: 11506 rss: 505Mb L: 1612/4076 MS: 1 EraseBytes-
#4938120	REDUCE cov: 1598 ft: 6892 corp: 1424/286Kb lim: 4096 exec/s: 11510 rss: 505Mb L: 223/4076 MS: 5 InsertRepeatedBytes-InsertRepeatedBytes-CopyPart-CopyPart-EraseBytes-
#4941666	REDUCE cov: 1598 ft: 6892 corp: 1424/286Kb lim: 4096 exec/s: 11519 rss: 505Mb L: 18/4076 MS: 1 EraseBytes-
#4942918	REDUCE cov: 1598 ft: 6892 corp: 1424/286Kb lim: 4096 exec/s: 11521 rss: 505Mb L: 53/4076 MS: 2 EraseBytes-ChangeBinInt-
#4944804	REDUCE cov: 1598 ft: 6892 corp: 1424/286Kb lim: 4096 exec/s: 11499 rss: 505Mb L: 289/4076 MS: 1 EraseBytes-
#4947610	REDUCE cov: 1598 ft: 6892 corp: 1424/286Kb lim: 4096 exec/s: 11506 rss: 505Mb L: 14/4076 MS: 1 EraseBytes-
#4950576	REDUCE cov: 1598 ft: 6893 corp: 1425/286Kb lim: 4096 exec/s: 11512 rss: 505Mb L: 458/4076 MS: 1 CopyPart-
#4951637	REDUCE cov: 1598 ft: 6893 corp: 1425/286Kb lim: 4096 exec/s: 11515 rss: 505Mb L: 78/4076 MS: 1 EraseBytes-
#4952218	REDUCE cov: 1598 ft: 6894 corp: 1426/288Kb lim: 4096 exec/s: 11490 rss: 505Mb L: 2414/4076 MS: 1 CopyPart-
#4952394	REDUCE cov: 1598 ft: 6894 corp: 1426/288Kb lim: 4096 exec/s: 11490 rss: 505Mb L: 14/4076 MS: 1 EraseBytes-
#4955575	REDUCE cov: 1598 ft: 6894 corp: 1426/288Kb lim: 4096 exec/s: 11497 rss: 505Mb L: 39/4076 MS: 1 EraseBytes-
#4956711	NEW    cov: 1598 ft: 6895 corp: 1427/289Kb lim: 4096 exec/s: 11500 rss: 505Mb L: 131/4076 MS: 1 InsertRepeatedBytes-
#4956883	REDUCE cov: 1598 ft: 6895 corp: 1427/289Kb lim: 4096 exec/s: 11500 rss: 505Mb L: 55/4076 MS: 2 InsertByte-EraseBytes-
#4963057	NEW    cov: 1598 ft: 6897 corp: 1428/289Kb lim: 4096 exec/s: 11488 rss: 505Mb L: 584/4076 MS: 4 ChangeBit-ChangeByte-EraseBytes-CopyPart-
#4963333	REDUCE cov: 1598 ft: 6897 corp: 1428/289Kb lim: 4096 exec/s: 11489 rss: 505Mb L: 152/4076 MS: 1 EraseBytes-
#4965939	REDUCE cov: 1598 ft: 6897 corp: 1428/289Kb lim: 4096 exec/s: 11495 rss: 505Mb L: 536/4076 MS: 1 EraseBytes-
#4968085	REDUCE cov: 1598 ft: 6897 corp: 1428/289Kb lim: 4096 exec/s: 11500 rss: 505Mb L: 121/4076 MS: 1 EraseBytes-
#4971330	REDUCE cov: 1598 ft: 6897 corp: 1428/289Kb lim: 4096 exec/s: 11507 rss: 505Mb L: 115/4076 MS: 5 ShuffleBytes-CopyPart-InsertRepeatedBytes-ChangeByte-EraseBytes-
#4971657	REDUCE cov: 1598 ft: 6897 corp: 1428/289Kb lim: 4096 exec/s: 11508 rss: 505Mb L: 50/4076 MS: 2 InsertByte-EraseBytes-
#4975725	REDUCE cov: 1598 ft: 6897 corp: 1428/289Kb lim: 4096 exec/s: 11491 rss: 505Mb L: 95/4076 MS: 3 ChangeByte-CopyPart-EraseBytes-
#4977071	REDUCE cov: 1598 ft: 6897 corp: 1428/289Kb lim: 4096 exec/s: 11494 rss: 505Mb L: 59/4076 MS: 1 EraseBytes-
#4977168	REDUCE cov: 1598 ft: 6897 corp: 1428/289Kb lim: 4096 exec/s: 11494 rss: 505Mb L: 419/4076 MS: 2 ChangeBinInt-EraseBytes-
#4978474	REDUCE cov: 1598 ft: 6898 corp: 1429/290Kb lim: 4096 exec/s: 11497 rss: 505Mb L: 826/4076 MS: 1 CopyPart-
#4979528	REDUCE cov: 1598 ft: 6898 corp: 1429/290Kb lim: 4096 exec/s: 11500 rss: 505Mb L: 1569/4076 MS: 4 PersAutoDict-CopyPart-ShuffleBytes-EraseBytes- DE: "\357\277\275#\357\277\275."-
#4981690	REDUCE cov: 1598 ft: 6898 corp: 1429/290Kb lim: 4096 exec/s: 11505 rss: 505Mb L: 20/4076 MS: 2 CopyPart-EraseBytes-
#4982988	REDUCE cov: 1598 ft: 6898 corp: 1429/290Kb lim: 4096 exec/s: 11508 rss: 505Mb L: 4027/4076 MS: 3 ChangeASCIIInt-ChangeByte-EraseBytes-
#4983627	REDUCE cov: 1598 ft: 6898 corp: 1429/290Kb lim: 4096 exec/s: 11509 rss: 505Mb L: 127/4076 MS: 4 ChangeByte-EraseBytes-ChangeByte-CopyPart-
	NEW_FUNC[1/4]: 0x5e9a684cdb70  (/home/ther12k/Workspace/Learning/velqu/fuzz/target/x86_64-unknown-linux-gnu/release/codec_encoders+0x525b70) (BuildId: ffbab5315636f10f79c36e1592fe877e09efe821)
	NEW_FUNC[2/4]: 0x5e9a68508110  (/home/ther12k/Workspace/Learning/velqu/fuzz/target/x86_64-unknown-linux-gnu/release/codec_encoders+0x560110) (BuildId: ffbab5315636f10f79c36e1592fe877e09efe821)
#4988616	REDUCE cov: 1610 ft: 6910 corp: 1430/290Kb lim: 4096 exec/s: 11494 rss: 505Mb L: 114/4076 MS: 4 CMP-ShuffleBytes-CMP-InsertRepeatedBytes- DE: "\377\377\377\366"-"\377\377\377\377\377\377\377\377"-
#4989589	REDUCE cov: 1610 ft: 6910 corp: 1430/290Kb lim: 4096 exec/s: 11496 rss: 505Mb L: 34/4076 MS: 3 ChangeBinInt-ChangeBit-EraseBytes-
#4989691	REDUCE cov: 1610 ft: 6910 corp: 1430/290Kb lim: 4096 exec/s: 11496 rss: 505Mb L: 29/4076 MS: 2 EraseBytes-ChangeBit-
#4990547	REDUCE cov: 1610 ft: 6910 corp: 1430/290Kb lim: 4096 exec/s: 11498 rss: 505Mb L: 206/4076 MS: 1 EraseBytes-
#4990708	REDUCE cov: 1610 ft: 6910 corp: 1430/290Kb lim: 4096 exec/s: 11499 rss: 505Mb L: 259/4076 MS: 1 EraseBytes-
#4991594	REDUCE cov: 1610 ft: 6910 corp: 1430/290Kb lim: 4096 exec/s: 11501 rss: 505Mb L: 38/4076 MS: 1 EraseBytes-
#4992320	REDUCE cov: 1610 ft: 6910 corp: 1430/290Kb lim: 4096 exec/s: 11503 rss: 505Mb L: 22/4076 MS: 1 EraseBytes-
#4993068	REDUCE cov: 1610 ft: 6910 corp: 1430/290Kb lim: 4096 exec/s: 11504 rss: 505Mb L: 50/4076 MS: 3 ChangeBit-ChangeByte-EraseBytes-
#4993545	REDUCE cov: 1610 ft: 6910 corp: 1430/290Kb lim: 4096 exec/s: 11505 rss: 505Mb L: 1073/4076 MS: 2 ShuffleBytes-EraseBytes-
#4994697	REDUCE cov: 1610 ft: 6910 corp: 1430/290Kb lim: 4096 exec/s: 11508 rss: 505Mb L: 796/4076 MS: 2 ShuffleBytes-EraseBytes-
#4996149	REDUCE cov: 1610 ft: 6910 corp: 1430/290Kb lim: 4096 exec/s: 11511 rss: 505Mb L: 256/4076 MS: 2 ChangeASCIIInt-EraseBytes-
#4997025	REDUCE cov: 1610 ft: 6910 corp: 1430/290Kb lim: 4096 exec/s: 11513 rss: 505Mb L: 9/4076 MS: 1 EraseBytes-
#4997441	REDUCE cov: 1610 ft: 6910 corp: 1430/290Kb lim: 4096 exec/s: 11514 rss: 505Mb L: 82/4076 MS: 1 EraseBytes-
#4997772	REDUCE cov: 1610 ft: 6910 corp: 1430/289Kb lim: 4096 exec/s: 11515 rss: 505Mb L: 1278/4076 MS: 1 EraseBytes-
#4998218	REDUCE cov: 1610 ft: 6910 corp: 1430/289Kb lim: 4096 exec/s: 11516 rss: 505Mb L: 13/4076 MS: 1 EraseBytes-
#4998229	REDUCE cov: 1610 ft: 6910 corp: 1430/289Kb lim: 4096 exec/s: 11516 rss: 505Mb L: 12/4076 MS: 1 EraseBytes-
#5000735	REDUCE cov: 1610 ft: 6910 corp: 1430/289Kb lim: 4096 exec/s: 11495 rss: 505Mb L: 24/4076 MS: 1 EraseBytes-
#5005066	REDUCE cov: 1610 ft: 6910 corp: 1430/289Kb lim: 4096 exec/s: 11505 rss: 505Mb L: 209/4076 MS: 1 EraseBytes-
#5008172	REDUCE cov: 1610 ft: 6910 corp: 1430/289Kb lim: 4096 exec/s: 11513 rss: 505Mb L: 496/4076 MS: 1 EraseBytes-
#5008394	REDUCE cov: 1610 ft: 6910 corp: 1430/289Kb lim: 4096 exec/s: 11513 rss: 505Mb L: 2528/4076 MS: 2 ShuffleBytes-EraseBytes-
#5011655	REDUCE cov: 1610 ft: 6911 corp: 1431/290Kb lim: 4096 exec/s: 11521 rss: 505Mb L: 927/4076 MS: 1 InsertRepeatedBytes-
#5012537	REDUCE cov: 1612 ft: 6913 corp: 1432/290Kb lim: 4096 exec/s: 11496 rss: 505Mb L: 32/4076 MS: 2 CrossOver-EraseBytes-
#5014859	REDUCE cov: 1612 ft: 6913 corp: 1432/290Kb lim: 4096 exec/s: 11501 rss: 506Mb L: 13/4076 MS: 2 ChangeByte-EraseBytes-
#5017832	REDUCE cov: 1612 ft: 6913 corp: 1432/290Kb lim: 4096 exec/s: 11508 rss: 506Mb L: 163/4076 MS: 3 ChangeBinInt-CopyPart-EraseBytes-
#5018223	REDUCE cov: 1612 ft: 6913 corp: 1432/290Kb lim: 4096 exec/s: 11509 rss: 506Mb L: 300/4076 MS: 1 EraseBytes-
#5019634	REDUCE cov: 1612 ft: 6913 corp: 1432/290Kb lim: 4096 exec/s: 11512 rss: 506Mb L: 133/4076 MS: 1 EraseBytes-
#5021105	REDUCE cov: 1612 ft: 6913 corp: 1432/290Kb lim: 4096 exec/s: 11516 rss: 507Mb L: 23/4076 MS: 1 EraseBytes-
#5030201	REDUCE cov: 1612 ft: 6913 corp: 1432/290Kb lim: 4096 exec/s: 11510 rss: 508Mb L: 31/4076 MS: 1 EraseBytes-
#5031073	REDUCE cov: 1612 ft: 6913 corp: 1432/290Kb lim: 4096 exec/s: 11512 rss: 508Mb L: 23/4076 MS: 2 CopyPart-EraseBytes-
#5036231	REDUCE cov: 1612 ft: 6913 corp: 1432/290Kb lim: 4096 exec/s: 11524 rss: 508Mb L: 11/4076 MS: 3 ChangeBit-ChangeASCIIInt-EraseBytes-
#5036238	REDUCE cov: 1612 ft: 6913 corp: 1432/290Kb lim: 4096 exec/s: 11524 rss: 508Mb L: 278/4076 MS: 2 PersAutoDict-EraseBytes- DE: "=\357\277\275"-
#5037564	REDUCE cov: 1612 ft: 6913 corp: 1432/290Kb lim: 4096 exec/s: 11527 rss: 508Mb L: 1046/4076 MS: 1 EraseBytes-
#5044386	REDUCE cov: 1612 ft: 6913 corp: 1432/290Kb lim: 4096 exec/s: 11516 rss: 508Mb L: 616/4076 MS: 2 ChangeBinInt-EraseBytes-
#5045682	REDUCE cov: 1612 ft: 6913 corp: 1432/290Kb lim: 4096 exec/s: 11519 rss: 508Mb L: 226/4076 MS: 1 EraseBytes-
#5047673	REDUCE cov: 1612 ft: 6913 corp: 1432/290Kb lim: 4096 exec/s: 11524 rss: 508Mb L: 24/4076 MS: 1 EraseBytes-
#5049461	REDUCE cov: 1612 ft: 6913 corp: 1432/290Kb lim: 4096 exec/s: 11528 rss: 508Mb L: 111/4076 MS: 3 CopyPart-EraseBytes-EraseBytes-
#5051397	REDUCE cov: 1612 ft: 6913 corp: 1432/290Kb lim: 4096 exec/s: 11506 rss: 508Mb L: 61/4076 MS: 1 EraseBytes-
#5052358	REDUCE cov: 1612 ft: 6913 corp: 1432/290Kb lim: 4096 exec/s: 11508 rss: 508Mb L: 76/4076 MS: 1 EraseBytes-
#5053895	REDUCE cov: 1612 ft: 6913 corp: 1432/290Kb lim: 4096 exec/s: 11512 rss: 508Mb L: 70/4076 MS: 2 ChangeBit-EraseBytes-
#5055556	REDUCE cov: 1612 ft: 6913 corp: 1432/290Kb lim: 4096 exec/s: 11516 rss: 508Mb L: 478/4076 MS: 1 EraseBytes-
#5060397	REDUCE cov: 1612 ft: 6913 corp: 1432/290Kb lim: 4096 exec/s: 11500 rss: 508Mb L: 37/4076 MS: 1 EraseBytes-
#5060498	REDUCE cov: 1612 ft: 6913 corp: 1432/290Kb lim: 4096 exec/s: 11501 rss: 508Mb L: 1889/4076 MS: 1 EraseBytes-
#5065119	REDUCE cov: 1612 ft: 6913 corp: 1432/290Kb lim: 4096 exec/s: 11511 rss: 508Mb L: 77/4076 MS: 1 EraseBytes-
#5065741	REDUCE cov: 1612 ft: 6913 corp: 1432/290Kb lim: 4096 exec/s: 11513 rss: 508Mb L: 223/4076 MS: 2 ShuffleBytes-EraseBytes-
#5069667	REDUCE cov: 1612 ft: 6913 corp: 1432/290Kb lim: 4096 exec/s: 11495 rss: 508Mb L: 11/4076 MS: 1 EraseBytes-
#5072470	REDUCE cov: 1612 ft: 6913 corp: 1432/290Kb lim: 4096 exec/s: 11502 rss: 508Mb L: 191/4076 MS: 3 CMP-ChangeBit-EraseBytes- DE: "\000\000\000\000\000\000\000\000"-
#5079531	REDUCE cov: 1612 ft: 6913 corp: 1432/290Kb lim: 4096 exec/s: 11492 rss: 508Mb L: 246/4076 MS: 1 EraseBytes-
#5080152	REDUCE cov: 1612 ft: 6913 corp: 1432/290Kb lim: 4096 exec/s: 11493 rss: 508Mb L: 956/4076 MS: 1 EraseBytes-
#5080488	REDUCE cov: 1612 ft: 6913 corp: 1432/290Kb lim: 4096 exec/s: 11494 rss: 508Mb L: 27/4076 MS: 1 EraseBytes-
#5081925	REDUCE cov: 1612 ft: 6913 corp: 1432/290Kb lim: 4096 exec/s: 11497 rss: 508Mb L: 1195/4076 MS: 2 ChangeASCIIInt-EraseBytes-
#5084141	REDUCE cov: 1612 ft: 6913 corp: 1432/290Kb lim: 4096 exec/s: 11476 rss: 508Mb L: 209/4076 MS: 1 EraseBytes-
#5087183	REDUCE cov: 1612 ft: 6913 corp: 1432/289Kb lim: 4096 exec/s: 11483 rss: 508Mb L: 1096/4076 MS: 2 ShuffleBytes-EraseBytes-
#5087644	REDUCE cov: 1612 ft: 6913 corp: 1432/289Kb lim: 4096 exec/s: 11484 rss: 508Mb L: 106/4076 MS: 1 EraseBytes-
#5088160	REDUCE cov: 1612 ft: 6913 corp: 1432/289Kb lim: 4096 exec/s: 11485 rss: 508Mb L: 37/4076 MS: 1 EraseBytes-
#5088586	REDUCE cov: 1612 ft: 6913 corp: 1432/289Kb lim: 4096 exec/s: 11486 rss: 508Mb L: 205/4076 MS: 1 EraseBytes-
#5089097	REDUCE cov: 1612 ft: 6913 corp: 1432/289Kb lim: 4096 exec/s: 11487 rss: 508Mb L: 18/4076 MS: 1 EraseBytes-
#5091864	REDUCE cov: 1612 ft: 6913 corp: 1432/289Kb lim: 4096 exec/s: 11494 rss: 508Mb L: 341/4076 MS: 2 ChangeASCIIInt-EraseBytes-
#5092160	REDUCE cov: 1612 ft: 6913 corp: 1432/289Kb lim: 4096 exec/s: 11494 rss: 508Mb L: 134/4076 MS: 1 EraseBytes-
#5094427	REDUCE cov: 1619 ft: 6920 corp: 1433/289Kb lim: 4096 exec/s: 11473 rss: 508Mb L: 26/4076 MS: 2 CopyPart-ShuffleBytes-
#5095488	REDUCE cov: 1619 ft: 6920 corp: 1433/289Kb lim: 4096 exec/s: 11476 rss: 508Mb L: 13/4076 MS: 1 EraseBytes-
#5098044	REDUCE cov: 1619 ft: 6920 corp: 1433/289Kb lim: 4096 exec/s: 11482 rss: 508Mb L: 771/4076 MS: 1 EraseBytes-
#5098760	REDUCE cov: 1619 ft: 6920 corp: 1433/289Kb lim: 4096 exec/s: 11483 rss: 508Mb L: 44/4076 MS: 1 EraseBytes-
#5103907	REDUCE cov: 1619 ft: 6920 corp: 1433/289Kb lim: 4096 exec/s: 11469 rss: 508Mb L: 23/4076 MS: 2 ShuffleBytes-EraseBytes-
#5107193	REDUCE cov: 1619 ft: 6920 corp: 1433/289Kb lim: 4096 exec/s: 11476 rss: 508Mb L: 313/4076 MS: 1 EraseBytes-
#5107480	REDUCE cov: 1619 ft: 6920 corp: 1433/289Kb lim: 4096 exec/s: 11477 rss: 508Mb L: 104/4076 MS: 2 ShuffleBytes-EraseBytes-
#5107892	REDUCE cov: 1619 ft: 6920 corp: 1433/289Kb lim: 4096 exec/s: 11478 rss: 508Mb L: 116/4076 MS: 2 ChangeBit-EraseBytes-
#5108165	REDUCE cov: 1619 ft: 6920 corp: 1433/289Kb lim: 4096 exec/s: 11479 rss: 508Mb L: 475/4076 MS: 3 PersAutoDict-InsertRepeatedBytes-EraseBytes- DE: "\357\277\275\357\277\275"-
#5110746	REDUCE cov: 1619 ft: 6920 corp: 1433/289Kb lim: 4096 exec/s: 11459 rss: 508Mb L: 50/4076 MS: 1 EraseBytes-
#5111907	REDUCE cov: 1619 ft: 6920 corp: 1433/289Kb lim: 4096 exec/s: 11461 rss: 508Mb L: 15/4076 MS: 1 EraseBytes-
#5111924	REDUCE cov: 1619 ft: 6920 corp: 1433/289Kb lim: 4096 exec/s: 11461 rss: 508Mb L: 18/4076 MS: 2 InsertByte-EraseBytes-
#5114995	REDUCE cov: 1619 ft: 6920 corp: 1433/289Kb lim: 4096 exec/s: 11468 rss: 508Mb L: 34/4076 MS: 1 EraseBytes-
#5116361	REDUCE cov: 1619 ft: 6920 corp: 1433/289Kb lim: 4096 exec/s: 11471 rss: 508Mb L: 20/4076 MS: 1 EraseBytes-
#5116527	REDUCE cov: 1619 ft: 6920 corp: 1433/289Kb lim: 4096 exec/s: 11472 rss: 508Mb L: 111/4076 MS: 1 EraseBytes-
#5118878	REDUCE cov: 1619 ft: 6920 corp: 1433/289Kb lim: 4096 exec/s: 11451 rss: 508Mb L: 40/4076 MS: 1 EraseBytes-
#5120425	REDUCE cov: 1619 ft: 6920 corp: 1433/289Kb lim: 4096 exec/s: 11455 rss: 508Mb L: 277/4076 MS: 2 ChangeBinInt-EraseBytes-
#5122251	REDUCE cov: 1619 ft: 6920 corp: 1433/289Kb lim: 4096 exec/s: 11459 rss: 508Mb L: 1716/4076 MS: 1 EraseBytes-
#5122599	REDUCE cov: 1619 ft: 6921 corp: 1434/289Kb lim: 4096 exec/s: 11459 rss: 508Mb L: 182/4076 MS: 3 CMP-CopyPart-InsertByte- DE: "messige"-
#5123080	REDUCE cov: 1619 ft: 6921 corp: 1434/289Kb lim: 4096 exec/s: 11461 rss: 508Mb L: 73/4076 MS: 1 EraseBytes-
#5125946	REDUCE cov: 1619 ft: 6921 corp: 1434/289Kb lim: 4096 exec/s: 11441 rss: 508Mb L: 190/4076 MS: 1 EraseBytes-
#5126222	REDUCE cov: 1619 ft: 6921 corp: 1434/289Kb lim: 4096 exec/s: 11442 rss: 508Mb L: 275/4076 MS: 1 EraseBytes-
#5127638	REDUCE cov: 1619 ft: 6921 corp: 1434/289Kb lim: 4096 exec/s: 11445 rss: 508Mb L: 1767/4076 MS: 1 EraseBytes-
#5129049	REDUCE cov: 1619 ft: 6921 corp: 1434/289Kb lim: 4096 exec/s: 11448 rss: 508Mb L: 116/4076 MS: 1 EraseBytes-
#5132560	REDUCE cov: 1619 ft: 6921 corp: 1434/289Kb lim: 4096 exec/s: 11456 rss: 508Mb L: 1331/4076 MS: 1 EraseBytes-
#5132916	REDUCE cov: 1619 ft: 6921 corp: 1434/289Kb lim: 4096 exec/s: 11457 rss: 508Mb L: 44/4076 MS: 1 EraseBytes-
#5134652	REDUCE cov: 1619 ft: 6921 corp: 1434/289Kb lim: 4096 exec/s: 11435 rss: 508Mb L: 89/4076 MS: 1 EraseBytes-
#5140058	REDUCE cov: 1619 ft: 6921 corp: 1434/289Kb lim: 4096 exec/s: 11447 rss: 508Mb L: 242/4076 MS: 1 EraseBytes-
#5140374	REDUCE cov: 1619 ft: 6921 corp: 1434/289Kb lim: 4096 exec/s: 11448 rss: 508Mb L: 600/4076 MS: 1 EraseBytes-
#5140715	REDUCE cov: 1619 ft: 6921 corp: 1434/289Kb lim: 4096 exec/s: 11449 rss: 508Mb L: 436/4076 MS: 1 EraseBytes-
#5140946	REDUCE cov: 1619 ft: 6921 corp: 1434/289Kb lim: 4096 exec/s: 11449 rss: 508Mb L: 13/4076 MS: 1 EraseBytes-
#5146753	REDUCE cov: 1619 ft: 6921 corp: 1434/289Kb lim: 4096 exec/s: 11437 rss: 508Mb L: 1115/4076 MS: 2 ChangeBinInt-EraseBytes-
#5147725	REDUCE cov: 1619 ft: 6921 corp: 1434/289Kb lim: 4096 exec/s: 11439 rss: 508Mb L: 99/4076 MS: 2 CopyPart-EraseBytes-
#5148521	REDUCE cov: 1619 ft: 6921 corp: 1434/289Kb lim: 4096 exec/s: 11441 rss: 508Mb L: 163/4076 MS: 1 EraseBytes-
#5155158	REDUCE cov: 1619 ft: 6921 corp: 1434/289Kb lim: 4096 exec/s: 11430 rss: 508Mb L: 493/4076 MS: 2 InsertByte-EraseBytes-
#5157675	REDUCE cov: 1619 ft: 6921 corp: 1434/289Kb lim: 4096 exec/s: 11436 rss: 508Mb L: 2729/4076 MS: 2 InsertByte-EraseBytes-
#5158083	REDUCE cov: 1619 ft: 6921 corp: 1434/289Kb lim: 4096 exec/s: 11411 rss: 508Mb L: 371/4076 MS: 3 ShuffleBytes-InsertRepeatedBytes-EraseBytes-
#5161310	REDUCE cov: 1619 ft: 6921 corp: 1434/289Kb lim: 4096 exec/s: 11418 rss: 508Mb L: 426/4076 MS: 2 EraseBytes-InsertByte-
#5166232	REDUCE cov: 1619 ft: 6921 corp: 1434/289Kb lim: 4096 exec/s: 11404 rss: 508Mb L: 80/4076 MS: 2 ChangeASCIIInt-EraseBytes-
#5166519	REDUCE cov: 1619 ft: 6923 corp: 1435/289Kb lim: 4096 exec/s: 11405 rss: 508Mb L: 99/4076 MS: 2 ChangeByte-CrossOver-
#5166955	REDUCE cov: 1619 ft: 6923 corp: 1435/289Kb lim: 4096 exec/s: 11406 rss: 508Mb L: 11/4076 MS: 1 EraseBytes-
#5168826	REDUCE cov: 1619 ft: 6923 corp: 1435/289Kb lim: 4096 exec/s: 11410 rss: 508Mb L: 64/4076 MS: 1 EraseBytes-
#5169067	REDUCE cov: 1619 ft: 6923 corp: 1435/289Kb lim: 4096 exec/s: 11410 rss: 508Mb L: 11/4076 MS: 1 EraseBytes-
#5169938	REDUCE cov: 1619 ft: 6923 corp: 1435/289Kb lim: 4096 exec/s: 11412 rss: 508Mb L: 951/4076 MS: 1 EraseBytes-
#5173182	REDUCE cov: 1619 ft: 6923 corp: 1435/289Kb lim: 4096 exec/s: 11419 rss: 508Mb L: 19/4076 MS: 4 ChangeByte-CMP-ChangeBinInt-EraseBytes- DE: "\377\377\377\377\377\377\377\001"-
#5176109	REDUCE cov: 1619 ft: 6923 corp: 1435/289Kb lim: 4096 exec/s: 11401 rss: 508Mb L: 23/4076 MS: 2 ChangeBit-EraseBytes-
#5177542	REDUCE cov: 1619 ft: 6923 corp: 1435/289Kb lim: 4096 exec/s: 11404 rss: 508Mb L: 9/4076 MS: 3 ChangeBit-EraseBytes-CopyPart-
#5178663	REDUCE cov: 1619 ft: 6923 corp: 1435/289Kb lim: 4096 exec/s: 11406 rss: 508Mb L: 605/4076 MS: 1 EraseBytes-
#5181114	REDUCE cov: 1619 ft: 6923 corp: 1435/289Kb lim: 4096 exec/s: 11412 rss: 508Mb L: 145/4076 MS: 1 EraseBytes-
#5181542	REDUCE cov: 1619 ft: 6923 corp: 1435/289Kb lim: 4096 exec/s: 11413 rss: 508Mb L: 76/4076 MS: 3 PersAutoDict-ChangeByte-EraseBytes- DE: "#)\357\277\275 "-
#5185449	REDUCE cov: 1619 ft: 6923 corp: 1435/289Kb lim: 4096 exec/s: 11396 rss: 508Mb L: 14/4076 MS: 2 ChangeBit-EraseBytes-
#5185477	REDUCE cov: 1619 ft: 6923 corp: 1435/289Kb lim: 4096 exec/s: 11396 rss: 508Mb L: 74/4076 MS: 3 ChangeASCIIInt-ShuffleBytes-EraseBytes-
#5185998	REDUCE cov: 1619 ft: 6923 corp: 1435/289Kb lim: 4096 exec/s: 11397 rss: 508Mb L: 618/4076 MS: 1 EraseBytes-
#5186261	REDUCE cov: 1619 ft: 6923 corp: 1435/289Kb lim: 4096 exec/s: 11398 rss: 508Mb L: 25/4076 MS: 3 ChangeASCIIInt-InsertByte-EraseBytes-
#5186459	REDUCE cov: 1619 ft: 6923 corp: 1435/289Kb lim: 4096 exec/s: 11398 rss: 508Mb L: 309/4076 MS: 3 CopyPart-ChangeBinInt-EraseBytes-
#5187320	REDUCE cov: 1619 ft: 6923 corp: 1435/289Kb lim: 4096 exec/s: 11400 rss: 508Mb L: 1676/4076 MS: 1 EraseBytes-
#5190202	REDUCE cov: 1619 ft: 6923 corp: 1435/289Kb lim: 4096 exec/s: 11407 rss: 508Mb L: 127/4076 MS: 2 ChangeASCIIInt-EraseBytes-
#5190603	REDUCE cov: 1619 ft: 6923 corp: 1435/289Kb lim: 4096 exec/s: 11407 rss: 508Mb L: 19/4076 MS: 1 EraseBytes-
#5195549	REDUCE cov: 1619 ft: 6923 corp: 1435/289Kb lim: 4096 exec/s: 11393 rss: 508Mb L: 883/4076 MS: 1 EraseBytes-
#5195741	REDUCE cov: 1619 ft: 6923 corp: 1435/289Kb lim: 4096 exec/s: 11394 rss: 508Mb L: 59/4076 MS: 2 CrossOver-EraseBytes-
#5198003	REDUCE cov: 1619 ft: 6923 corp: 1435/289Kb lim: 4096 exec/s: 11399 rss: 508Mb L: 41/4076 MS: 2 InsertByte-EraseBytes-
#5198320	REDUCE cov: 1619 ft: 6923 corp: 1435/289Kb lim: 4096 exec/s: 11399 rss: 508Mb L: 15/4076 MS: 2 EraseBytes-CopyPart-
#5199169	REDUCE cov: 1621 ft: 6925 corp: 1436/289Kb lim: 4096 exec/s: 11401 rss: 508Mb L: 31/4076 MS: 4 ChangeBit-PersAutoDict-ChangeBit-InsertByte- DE: "\357\277\275\357\277\275*"-
#5201525	REDUCE cov: 1621 ft: 6925 corp: 1436/289Kb lim: 4096 exec/s: 11381 rss: 508Mb L: 584/4076 MS: 1 EraseBytes-
#5206481	REDUCE cov: 1621 ft: 6925 corp: 1436/289Kb lim: 4096 exec/s: 11392 rss: 508Mb L: 27/4076 MS: 1 EraseBytes-
#5211143	REDUCE cov: 1621 ft: 6925 corp: 1436/289Kb lim: 4096 exec/s: 11378 rss: 508Mb L: 1085/4076 MS: 2 EraseBytes-InsertByte-
#5212274	REDUCE cov: 1621 ft: 6925 corp: 1436/289Kb lim: 4096 exec/s: 11380 rss: 508Mb L: 180/4076 MS: 1 EraseBytes-
#5213250	REDUCE cov: 1621 ft: 6925 corp: 1436/289Kb lim: 4096 exec/s: 11382 rss: 508Mb L: 30/4076 MS: 1 EraseBytes-
#5213441	REDUCE cov: 1621 ft: 6925 corp: 1436/289Kb lim: 4096 exec/s: 11383 rss: 508Mb L: 52/4076 MS: 1 EraseBytes-
#5214042	REDUCE cov: 1621 ft: 6925 corp: 1436/289Kb lim: 4096 exec/s: 11384 rss: 508Mb L: 290/4076 MS: 1 EraseBytes-
#5215188	REDUCE cov: 1621 ft: 6925 corp: 1436/289Kb lim: 4096 exec/s: 11386 rss: 508Mb L: 184/4076 MS: 1 EraseBytes-
#5222155	REDUCE cov: 1621 ft: 6925 corp: 1436/289Kb lim: 4096 exec/s: 11377 rss: 508Mb L: 74/4076 MS: 2 PersAutoDict-EraseBytes- DE: "\357\277\275\357\277\275*"-
#5222592	REDUCE cov: 1621 ft: 6925 corp: 1436/288Kb lim: 4096 exec/s: 11378 rss: 508Mb L: 40/4076 MS: 2 ChangeBinInt-EraseBytes-
#5226403	REDUCE cov: 1621 ft: 6925 corp: 1436/288Kb lim: 4096 exec/s: 11386 rss: 508Mb L: 2934/4076 MS: 1 EraseBytes-
#5227573	REDUCE cov: 1621 ft: 6925 corp: 1436/288Kb lim: 4096 exec/s: 11389 rss: 508Mb L: 725/4076 MS: 5 ChangeASCIIInt-PersAutoDict-ChangeBinInt-ChangeASCIIInt-EraseBytes- DE: ")\357\277\275\357\277\275"-
#5230084	REDUCE cov: 1621 ft: 6925 corp: 1436/288Kb lim: 4096 exec/s: 11369 rss: 508Mb L: 94/4076 MS: 1 EraseBytes-
#5233030	REDUCE cov: 1621 ft: 6925 corp: 1436/288Kb lim: 4096 exec/s: 11376 rss: 508Mb L: 17/4076 MS: 1 EraseBytes-
#5235581	REDUCE cov: 1621 ft: 6925 corp: 1436/288Kb lim: 4096 exec/s: 11381 rss: 508Mb L: 604/4076 MS: 1 EraseBytes-
#5236577	REDUCE cov: 1621 ft: 6925 corp: 1436/288Kb lim: 4096 exec/s: 11383 rss: 508Mb L: 24/4076 MS: 1 EraseBytes-
#5239553	REDUCE cov: 1621 ft: 6925 corp: 1436/288Kb lim: 4096 exec/s: 11365 rss: 508Mb L: 28/4076 MS: 1 EraseBytes-
#5240024	REDUCE cov: 1621 ft: 6925 corp: 1436/288Kb lim: 4096 exec/s: 11366 rss: 508Mb L: 25/4076 MS: 1 EraseBytes-
#5241768	REDUCE cov: 1621 ft: 6925 corp: 1436/288Kb lim: 4096 exec/s: 11370 rss: 508Mb L: 65/4076 MS: 4 ShuffleBytes-ShuffleBytes-CopyPart-EraseBytes-
#5246684	REDUCE cov: 1621 ft: 6925 corp: 1436/288Kb lim: 4096 exec/s: 11356 rss: 508Mb L: 806/4076 MS: 1 EraseBytes-
#5246743	REDUCE cov: 1621 ft: 6925 corp: 1436/288Kb lim: 4096 exec/s: 11356 rss: 508Mb L: 684/4076 MS: 4 ShuffleBytes-ShuffleBytes-ChangeByte-EraseBytes-
#5247909	REDUCE cov: 1621 ft: 6925 corp: 1436/288Kb lim: 4096 exec/s: 11359 rss: 508Mb L: 122/4076 MS: 1 EraseBytes-
#5250748	REDUCE cov: 1621 ft: 6925 corp: 1436/288Kb lim: 4096 exec/s: 11365 rss: 508Mb L: 17/4076 MS: 4 ShuffleBytes-ChangeBinInt-InsertByte-EraseBytes-
#5252369	REDUCE cov: 1621 ft: 6925 corp: 1436/288Kb lim: 4096 exec/s: 11368 rss: 508Mb L: 183/4076 MS: 1 EraseBytes-
#5253925	REDUCE cov: 1621 ft: 6925 corp: 1436/288Kb lim: 4096 exec/s: 11372 rss: 508Mb L: 24/4076 MS: 1 EraseBytes-
#5254126	REDUCE cov: 1621 ft: 6925 corp: 1436/288Kb lim: 4096 exec/s: 11372 rss: 508Mb L: 1572/4076 MS: 1 EraseBytes-
#5255823	REDUCE cov: 1621 ft: 6925 corp: 1436/288Kb lim: 4096 exec/s: 11351 rss: 508Mb L: 182/4076 MS: 2 ShuffleBytes-EraseBytes-
#5258949	REDUCE cov: 1621 ft: 6925 corp: 1436/288Kb lim: 4096 exec/s: 11358 rss: 508Mb L: 292/4076 MS: 1 EraseBytes-
#5261746	REDUCE cov: 1621 ft: 6925 corp: 1436/288Kb lim: 4096 exec/s: 11364 rss: 508Mb L: 45/4076 MS: 2 EraseBytes-CopyPart-
#5261966	REDUCE cov: 1621 ft: 6925 corp: 1436/288Kb lim: 4096 exec/s: 11364 rss: 508Mb L: 123/4076 MS: 5 ChangeByte-CopyPart-ChangeASCIIInt-CopyPart-EraseBytes-
#5264478	REDUCE cov: 1621 ft: 6925 corp: 1436/288Kb lim: 4096 exec/s: 11345 rss: 508Mb L: 160/4076 MS: 2 ChangeASCIIInt-EraseBytes-
#5265827	REDUCE cov: 1621 ft: 6925 corp: 1436/288Kb lim: 4096 exec/s: 11348 rss: 508Mb L: 222/4076 MS: 4 ShuffleBytes-ShuffleBytes-ChangeASCIIInt-EraseBytes-
#5266569	REDUCE cov: 1621 ft: 6925 corp: 1436/288Kb lim: 4096 exec/s: 11325 rss: 508Mb L: 369/4076 MS: 2 ChangeBit-EraseBytes-
#5268304	REDUCE cov: 1621 ft: 6925 corp: 1436/288Kb lim: 4096 exec/s: 11329 rss: 508Mb L: 922/4076 MS: 5 ShuffleBytes-ChangeByte-ChangeBit-ChangeASCIIInt-EraseBytes-
#5268585	REDUCE cov: 1621 ft: 6925 corp: 1436/288Kb lim: 4096 exec/s: 11330 rss: 508Mb L: 256/4076 MS: 1 EraseBytes-
#5269078	REDUCE cov: 1621 ft: 6925 corp: 1436/288Kb lim: 4096 exec/s: 11331 rss: 508Mb L: 187/4076 MS: 3 ChangeByte-ChangeByte-EraseBytes-
#5272709	REDUCE cov: 1621 ft: 6925 corp: 1436/288Kb lim: 4096 exec/s: 11314 rss: 508Mb L: 132/4076 MS: 1 EraseBytes-
#5273501	REDUCE cov: 1621 ft: 6925 corp: 1436/288Kb lim: 4096 exec/s: 11316 rss: 508Mb L: 1639/4076 MS: 2 ChangeBinInt-EraseBytes-
#5278700	REDUCE cov: 1621 ft: 6925 corp: 1436/288Kb lim: 4096 exec/s: 11303 rss: 508Mb L: 60/4076 MS: 4 CopyPart-ChangeBinInt-ShuffleBytes-EraseBytes-
#5279651	REDUCE cov: 1621 ft: 6925 corp: 1436/288Kb lim: 4096 exec/s: 11305 rss: 508Mb L: 18/4076 MS: 1 EraseBytes-
#5285727	REDUCE cov: 1621 ft: 6925 corp: 1436/288Kb lim: 4096 exec/s: 11318 rss: 508Mb L: 111/4076 MS: 1 EraseBytes-
#5285938	REDUCE cov: 1621 ft: 6925 corp: 1436/288Kb lim: 4096 exec/s: 11318 rss: 508Mb L: 36/4076 MS: 1 EraseBytes-
#5289419	REDUCE cov: 1621 ft: 6925 corp: 1436/288Kb lim: 4096 exec/s: 11302 rss: 508Mb L: 25/4076 MS: 1 EraseBytes-
#5289850	REDUCE cov: 1621 ft: 6926 corp: 1437/288Kb lim: 4096 exec/s: 11303 rss: 508Mb L: 278/4076 MS: 1 InsertRepeatedBytes-
#5292816	REDUCE cov: 1621 ft: 6926 corp: 1437/288Kb lim: 4096 exec/s: 11309 rss: 508Mb L: 154/4076 MS: 1 EraseBytes-
#5294948	REDUCE cov: 1621 ft: 6926 corp: 1437/288Kb lim: 4096 exec/s: 11313 rss: 508Mb L: 927/4076 MS: 2 ChangeBinInt-EraseBytes-
#5300285	REDUCE cov: 1621 ft: 6926 corp: 1437/288Kb lim: 4096 exec/s: 11301 rss: 508Mb L: 1400/4076 MS: 2 ChangeBinInt-EraseBytes-
#5300601	REDUCE cov: 1621 ft: 6926 corp: 1437/288Kb lim: 4096 exec/s: 11301 rss: 508Mb L: 252/4076 MS: 1 EraseBytes-
#5301287	REDUCE cov: 1621 ft: 6926 corp: 1437/288Kb lim: 4096 exec/s: 11303 rss: 508Mb L: 16/4076 MS: 1 EraseBytes-
#5302613	REDUCE cov: 1621 ft: 6926 corp: 1437/288Kb lim: 4096 exec/s: 11306 rss: 508Mb L: 23/4076 MS: 1 EraseBytes-
#5306474	REDUCE cov: 1621 ft: 6926 corp: 1437/288Kb lim: 4096 exec/s: 11290 rss: 508Mb L: 12/4076 MS: 1 EraseBytes-
#5308315	REDUCE cov: 1621 ft: 6926 corp: 1437/288Kb lim: 4096 exec/s: 11270 rss: 508Mb L: 24/4076 MS: 1 EraseBytes-
#5310532	REDUCE cov: 1621 ft: 6926 corp: 1437/288Kb lim: 4096 exec/s: 11251 rss: 508Mb L: 30/4076 MS: 2 EraseBytes-CopyPart-
#5311543	REDUCE cov: 1621 ft: 6926 corp: 1437/288Kb lim: 4096 exec/s: 11253 rss: 508Mb L: 14/4076 MS: 1 EraseBytes-
#5311644	REDUCE cov: 1621 ft: 6926 corp: 1437/288Kb lim: 4096 exec/s: 11253 rss: 508Mb L: 23/4076 MS: 1 EraseBytes-
#5314600	REDUCE cov: 1621 ft: 6926 corp: 1437/288Kb lim: 4096 exec/s: 11235 rss: 508Mb L: 180/4076 MS: 1 EraseBytes-
#5316174	REDUCE cov: 1621 ft: 6926 corp: 1437/288Kb lim: 4096 exec/s: 11239 rss: 508Mb L: 27/4076 MS: 4 ChangeByte-CopyPart-ChangeBit-EraseBytes-
#5318370	REDUCE cov: 1621 ft: 6926 corp: 1437/288Kb lim: 4096 exec/s: 11243 rss: 508Mb L: 3664/4076 MS: 1 EraseBytes-
#5321383	REDUCE cov: 1621 ft: 6926 corp: 1437/288Kb lim: 4096 exec/s: 11250 rss: 508Mb L: 39/4076 MS: 3 CrossOver-CrossOver-EraseBytes-
#5322044	REDUCE cov: 1621 ft: 6926 corp: 1437/288Kb lim: 4096 exec/s: 11227 rss: 508Mb L: 574/4076 MS: 1 EraseBytes-
#5322087	REDUCE cov: 1621 ft: 6926 corp: 1437/288Kb lim: 4096 exec/s: 11228 rss: 508Mb L: 127/4076 MS: 3 ChangeByte-ChangeBit-EraseBytes-
#5325008	REDUCE cov: 1621 ft: 6926 corp: 1437/288Kb lim: 4096 exec/s: 11234 rss: 508Mb L: 101/4076 MS: 1 EraseBytes-
#5327639	REDUCE cov: 1621 ft: 6926 corp: 1437/288Kb lim: 4096 exec/s: 11239 rss: 508Mb L: 69/4076 MS: 1 EraseBytes-
#5327971	REDUCE cov: 1621 ft: 6926 corp: 1437/288Kb lim: 4096 exec/s: 11240 rss: 508Mb L: 24/4076 MS: 2 ChangeASCIIInt-EraseBytes-
#5328942	REDUCE cov: 1621 ft: 6926 corp: 1437/288Kb lim: 4096 exec/s: 11242 rss: 508Mb L: 19/4076 MS: 1 EraseBytes-
#5336328	REDUCE cov: 1621 ft: 6926 corp: 1437/288Kb lim: 4096 exec/s: 11234 rss: 508Mb L: 482/4076 MS: 1 EraseBytes-
#5341429	REDUCE cov: 1621 ft: 6926 corp: 1437/288Kb lim: 4096 exec/s: 11221 rss: 508Mb L: 8/4076 MS: 1 EraseBytes-
#5341845	REDUCE cov: 1621 ft: 6926 corp: 1437/288Kb lim: 4096 exec/s: 11222 rss: 508Mb L: 936/4076 MS: 1 EraseBytes-
#5342281	REDUCE cov: 1622 ft: 6933 corp: 1438/288Kb lim: 4096 exec/s: 11223 rss: 508Mb L: 634/4076 MS: 1 CrossOver-
#5348477	REDUCE cov: 1622 ft: 6933 corp: 1438/288Kb lim: 4096 exec/s: 11236 rss: 508Mb L: 971/4076 MS: 1 EraseBytes-
#5350818	REDUCE cov: 1622 ft: 6933 corp: 1438/288Kb lim: 4096 exec/s: 11241 rss: 508Mb L: 387/4076 MS: 1 EraseBytes-
#5352080	REDUCE cov: 1622 ft: 6933 corp: 1438/288Kb lim: 4096 exec/s: 11243 rss: 508Mb L: 1689/4076 MS: 2 ChangeASCIIInt-EraseBytes-
#5353556	REDUCE cov: 1622 ft: 6933 corp: 1438/288Kb lim: 4096 exec/s: 11246 rss: 508Mb L: 261/4076 MS: 1 EraseBytes-
#5354398	REDUCE cov: 1622 ft: 6933 corp: 1438/288Kb lim: 4096 exec/s: 11248 rss: 508Mb L: 785/4076 MS: 2 EraseBytes-CopyPart-
#5354910	REDUCE cov: 1622 ft: 6933 corp: 1438/288Kb lim: 4096 exec/s: 11226 rss: 508Mb L: 232/4076 MS: 2 ChangeByte-EraseBytes-
#5354966	REDUCE cov: 1622 ft: 6933 corp: 1438/288Kb lim: 4096 exec/s: 11226 rss: 508Mb L: 23/4076 MS: 1 EraseBytes-
#5363799	REDUCE cov: 1622 ft: 6933 corp: 1438/288Kb lim: 4096 exec/s: 11244 rss: 508Mb L: 410/4076 MS: 3 ChangeBit-ChangeByte-EraseBytes-
#5364887	REDUCE cov: 1622 ft: 6933 corp: 1438/288Kb lim: 4096 exec/s: 11247 rss: 508Mb L: 108/4076 MS: 3 CMP-ChangeASCIIInt-EraseBytes- DE: "\000\000"-
#5365329	REDUCE cov: 1622 ft: 6933 corp: 1438/288Kb lim: 4096 exec/s: 11248 rss: 508Mb L: 335/4076 MS: 2 ChangeASCIIInt-EraseBytes-
#5366180	REDUCE cov: 1622 ft: 6933 corp: 1438/288Kb lim: 4096 exec/s: 11249 rss: 508Mb L: 3174/4076 MS: 1 EraseBytes-
#5366981	REDUCE cov: 1622 ft: 6933 corp: 1438/288Kb lim: 4096 exec/s: 11227 rss: 508Mb L: 371/4076 MS: 1 EraseBytes-
#5368567	REDUCE cov: 1622 ft: 6933 corp: 1438/288Kb lim: 4096 exec/s: 11231 rss: 508Mb L: 383/4076 MS: 1 EraseBytes-
#5368965	REDUCE cov: 1622 ft: 6933 corp: 1438/288Kb lim: 4096 exec/s: 11232 rss: 508Mb L: 18/4076 MS: 3 ChangeBit-ChangeBit-EraseBytes-
#5373481	REDUCE cov: 1622 ft: 6933 corp: 1438/288Kb lim: 4096 exec/s: 11241 rss: 508Mb L: 11/4076 MS: 1 EraseBytes-
#5374452	REDUCE cov: 1622 ft: 6933 corp: 1438/288Kb lim: 4096 exec/s: 11243 rss: 508Mb L: 99/4076 MS: 1 EraseBytes-
#5374739	REDUCE cov: 1622 ft: 6933 corp: 1438/288Kb lim: 4096 exec/s: 11244 rss: 508Mb L: 25/4076 MS: 2 ChangeASCIIInt-EraseBytes-
#5376285	REDUCE cov: 1622 ft: 6933 corp: 1438/288Kb lim: 4096 exec/s: 11247 rss: 508Mb L: 899/4076 MS: 1 EraseBytes-
#5377086	REDUCE cov: 1622 ft: 6933 corp: 1438/288Kb lim: 4096 exec/s: 11225 rss: 508Mb L: 165/4076 MS: 1 EraseBytes-
#5377442	REDUCE cov: 1622 ft: 6933 corp: 1438/288Kb lim: 4096 exec/s: 11226 rss: 508Mb L: 143/4076 MS: 1 EraseBytes-
#5380195	REDUCE cov: 1622 ft: 6933 corp: 1438/288Kb lim: 4096 exec/s: 11232 rss: 508Mb L: 2457/4076 MS: 3 ChangeASCIIInt-EraseBytes-CopyPart-
#5380612	REDUCE cov: 1622 ft: 6933 corp: 1438/288Kb lim: 4096 exec/s: 11233 rss: 508Mb L: 680/4076 MS: 2 ChangeASCIIInt-EraseBytes-
#5381103	REDUCE cov: 1622 ft: 6933 corp: 1438/288Kb lim: 4096 exec/s: 11234 rss: 508Mb L: 117/4076 MS: 1 EraseBytes-
#5382304	REDUCE cov: 1622 ft: 6933 corp: 1438/288Kb lim: 4096 exec/s: 11236 rss: 508Mb L: 21/4076 MS: 1 EraseBytes-
#5385298	REDUCE cov: 1622 ft: 6933 corp: 1438/288Kb lim: 4096 exec/s: 11242 rss: 508Mb L: 11/4076 MS: 4 CopyPart-ChangeBit-ChangeBit-EraseBytes-
#5387664	REDUCE cov: 1622 ft: 6933 corp: 1438/288Kb lim: 4096 exec/s: 11224 rss: 508Mb L: 356/4076 MS: 1 EraseBytes-
#5388320	REDUCE cov: 1622 ft: 6933 corp: 1438/288Kb lim: 4096 exec/s: 11225 rss: 508Mb L: 593/4076 MS: 1 EraseBytes-
#5389836	REDUCE cov: 1622 ft: 6933 corp: 1438/288Kb lim: 4096 exec/s: 11228 rss: 508Mb L: 14/4076 MS: 1 EraseBytes-
#5389988	REDUCE cov: 1622 ft: 6933 corp: 1438/288Kb lim: 4096 exec/s: 11229 rss: 508Mb L: 366/4076 MS: 2 CopyPart-EraseBytes-
#5392764	REDUCE cov: 1622 ft: 6933 corp: 1438/288Kb lim: 4096 exec/s: 11234 rss: 508Mb L: 1666/4076 MS: 1 EraseBytes-
#5395438	REDUCE cov: 1622 ft: 6933 corp: 1438/288Kb lim: 4096 exec/s: 11240 rss: 508Mb L: 56/4076 MS: 4 ShuffleBytes-InsertByte-EraseBytes-ChangeByte-
#5395459	REDUCE cov: 1622 ft: 6933 corp: 1438/287Kb lim: 4096 exec/s: 11240 rss: 508Mb L: 246/4076 MS: 1 EraseBytes-
#5396175	REDUCE cov: 1622 ft: 6933 corp: 1438/287Kb lim: 4096 exec/s: 11242 rss: 508Mb L: 278/4076 MS: 1 EraseBytes-
#5398063	REDUCE cov: 1622 ft: 6933 corp: 1438/287Kb lim: 4096 exec/s: 11245 rss: 508Mb L: 32/4076 MS: 3 PersAutoDict-CopyPart-EraseBytes- DE: "\177\033\023\351K\022\000\000"-
#5398556	REDUCE cov: 1622 ft: 6933 corp: 1438/287Kb lim: 4096 exec/s: 11223 rss: 508Mb L: 20/4076 MS: 3 ChangeBit-ChangeByte-EraseBytes-
#5399507	REDUCE cov: 1622 ft: 6933 corp: 1438/287Kb lim: 4096 exec/s: 11225 rss: 508Mb L: 42/4076 MS: 1 EraseBytes-
#5401749	REDUCE cov: 1622 ft: 6933 corp: 1438/287Kb lim: 4096 exec/s: 11230 rss: 508Mb L: 37/4076 MS: 2 EraseBytes-InsertByte-
#5403451	REDUCE cov: 1622 ft: 6933 corp: 1438/287Kb lim: 4096 exec/s: 11233 rss: 508Mb L: 23/4076 MS: 2 ChangeBit-EraseBytes-
#5406892	REDUCE cov: 1622 ft: 6933 corp: 1438/287Kb lim: 4096 exec/s: 11240 rss: 508Mb L: 46/4076 MS: 1 EraseBytes-
#5407509	REDUCE cov: 1622 ft: 6933 corp: 1438/287Kb lim: 4096 exec/s: 11242 rss: 508Mb L: 29/4076 MS: 2 ChangeByte-EraseBytes-
#5409277	REDUCE cov: 1622 ft: 6933 corp: 1438/287Kb lim: 4096 exec/s: 11222 rss: 508Mb L: 2255/4076 MS: 3 CopyPart-InsertRepeatedBytes-EraseBytes-
#5413128	REDUCE cov: 1622 ft: 6933 corp: 1438/287Kb lim: 4096 exec/s: 11230 rss: 508Mb L: 72/4076 MS: 1 EraseBytes-
#5413490	NEW    cov: 1625 ft: 6943 corp: 1439/288Kb lim: 4096 exec/s: 11231 rss: 508Mb L: 580/4076 MS: 2 ChangeASCIIInt-EraseBytes-
#5415722	REDUCE cov: 1625 ft: 6943 corp: 1439/288Kb lim: 4096 exec/s: 11235 rss: 508Mb L: 15/4076 MS: 2 ChangeASCIIInt-EraseBytes-
#5416369	REDUCE cov: 1625 ft: 6943 corp: 1439/288Kb lim: 4096 exec/s: 11237 rss: 508Mb L: 540/4076 MS: 2 CopyPart-EraseBytes-
#5416522	REDUCE cov: 1625 ft: 6943 corp: 1439/288Kb lim: 4096 exec/s: 11237 rss: 508Mb L: 45/4076 MS: 3 ChangeASCIIInt-CopyPart-EraseBytes-
#5418823	REDUCE cov: 1625 ft: 6954 corp: 1440/289Kb lim: 4096 exec/s: 11242 rss: 508Mb L: 799/4076 MS: 1 EraseBytes-
#5418934	REDUCE cov: 1625 ft: 6954 corp: 1440/289Kb lim: 4096 exec/s: 11242 rss: 508Mb L: 361/4076 MS: 1 EraseBytes-
#5419221	REDUCE cov: 1625 ft: 6954 corp: 1440/289Kb lim: 4096 exec/s: 11243 rss: 508Mb L: 99/4076 MS: 2 ChangeByte-EraseBytes-
#5419488	REDUCE cov: 1625 ft: 6954 corp: 1440/288Kb lim: 4096 exec/s: 11243 rss: 508Mb L: 917/4076 MS: 2 ChangeByte-EraseBytes-
#5422420	REDUCE cov: 1625 ft: 6954 corp: 1440/288Kb lim: 4096 exec/s: 11226 rss: 508Mb L: 8/4076 MS: 2 InsertByte-EraseBytes-
#5424502	REDUCE cov: 1625 ft: 6954 corp: 1440/288Kb lim: 4096 exec/s: 11230 rss: 508Mb L: 358/4076 MS: 2 PersAutoDict-EraseBytes- DE: "\363\377\377\377"-
#5424953	REDUCE cov: 1625 ft: 6954 corp: 1440/288Kb lim: 4096 exec/s: 11231 rss: 508Mb L: 312/4076 MS: 1 EraseBytes-
#5426181	REDUCE cov: 1625 ft: 6954 corp: 1440/288Kb lim: 4096 exec/s: 11234 rss: 508Mb L: 200/4076 MS: 3 EraseBytes-ChangeBit-ChangeBinInt-
#5426488	REDUCE cov: 1625 ft: 6954 corp: 1440/288Kb lim: 4096 exec/s: 11234 rss: 508Mb L: 843/4076 MS: 2 ChangeASCIIInt-EraseBytes-
#5429594	REDUCE cov: 1625 ft: 6954 corp: 1440/288Kb lim: 4096 exec/s: 11241 rss: 508Mb L: 630/4076 MS: 1 EraseBytes-
#5432635	REDUCE cov: 1625 ft: 6954 corp: 1440/288Kb lim: 4096 exec/s: 11224 rss: 508Mb L: 18/4076 MS: 1 EraseBytes-
#5432926	REDUCE cov: 1625 ft: 6954 corp: 1440/288Kb lim: 4096 exec/s: 11225 rss: 508Mb L: 22/4076 MS: 1 EraseBytes-
#5438202	REDUCE cov: 1625 ft: 6954 corp: 1440/288Kb lim: 4096 exec/s: 11235 rss: 508Mb L: 605/4076 MS: 1 EraseBytes-
#5440788	REDUCE cov: 1625 ft: 6954 corp: 1440/288Kb lim: 4096 exec/s: 11241 rss: 508Mb L: 202/4076 MS: 1 EraseBytes-
#5441411	REDUCE cov: 1625 ft: 6954 corp: 1440/288Kb lim: 4096 exec/s: 11242 rss: 508Mb L: 23/4076 MS: 3 ChangeByte-EraseBytes-InsertByte-
#5442652	REDUCE cov: 1625 ft: 6954 corp: 1440/288Kb lim: 4096 exec/s: 11221 rss: 508Mb L: 37/4076 MS: 1 EraseBytes-
#5447198	REDUCE cov: 1625 ft: 6954 corp: 1440/288Kb lim: 4096 exec/s: 11231 rss: 508Mb L: 11/4076 MS: 1 EraseBytes-
#5447359	REDUCE cov: 1625 ft: 6954 corp: 1440/288Kb lim: 4096 exec/s: 11231 rss: 508Mb L: 28/4076 MS: 1 EraseBytes-
#5447666	REDUCE cov: 1625 ft: 6954 corp: 1440/288Kb lim: 4096 exec/s: 11232 rss: 508Mb L: 99/4076 MS: 2 CopyPart-EraseBytes-
#5448059	REDUCE cov: 1625 ft: 6954 corp: 1440/288Kb lim: 4096 exec/s: 11233 rss: 508Mb L: 125/4076 MS: 3 ChangeBinInt-ChangeASCIIInt-EraseBytes-
#5454020	REDUCE cov: 1625 ft: 6954 corp: 1440/288Kb lim: 4096 exec/s: 11222 rss: 508Mb L: 2183/4076 MS: 1 EraseBytes-
#5460071	REDUCE cov: 1625 ft: 6954 corp: 1440/288Kb lim: 4096 exec/s: 11234 rss: 508Mb L: 89/4076 MS: 1 EraseBytes-
#5460653	REDUCE cov: 1625 ft: 6954 corp: 1440/288Kb lim: 4096 exec/s: 11235 rss: 508Mb L: 692/4076 MS: 2 InsertByte-EraseBytes-
#5462726	REDUCE cov: 1625 ft: 6954 corp: 1440/288Kb lim: 4096 exec/s: 11217 rss: 509Mb L: 863/4076 MS: 3 EraseBytes-CopyPart-ChangeBit-
#5471487	REDUCE cov: 1625 ft: 6954 corp: 1440/288Kb lim: 4096 exec/s: 11235 rss: 509Mb L: 770/4076 MS: 1 EraseBytes-
#5471848	REDUCE cov: 1625 ft: 6954 corp: 1440/288Kb lim: 4096 exec/s: 11235 rss: 509Mb L: 41/4076 MS: 1 EraseBytes-
#5472764	NEW    cov: 1627 ft: 6956 corp: 1441/288Kb lim: 4096 exec/s: 11237 rss: 509Mb L: 118/4076 MS: 1 InsertRepeatedBytes-
#5474366	REDUCE cov: 1627 ft: 6970 corp: 1442/289Kb lim: 4096 exec/s: 11217 rss: 509Mb L: 1109/4076 MS: 2 ChangeBit-CopyPart-
#5475782	NEW    cov: 1627 ft: 6980 corp: 1443/290Kb lim: 4096 exec/s: 11220 rss: 510Mb L: 972/4076 MS: 1 EraseBytes-
#5478168	REDUCE cov: 1627 ft: 6980 corp: 1443/290Kb lim: 4096 exec/s: 11225 rss: 510Mb L: 57/4076 MS: 1 EraseBytes-
#5478993	REDUCE cov: 1627 ft: 6980 corp: 1443/290Kb lim: 4096 exec/s: 11227 rss: 510Mb L: 108/4076 MS: 5 CMP-InsertByte-InsertByte-InsertByte-EraseBytes- DE: "\377\377\377\377\377\377\377\377"-
#5482709	REDUCE cov: 1627 ft: 6980 corp: 1443/290Kb lim: 4096 exec/s: 11235 rss: 510Mb L: 401/4076 MS: 1 EraseBytes-
#5485135	REDUCE cov: 1627 ft: 6980 corp: 1443/290Kb lim: 4096 exec/s: 11240 rss: 510Mb L: 65/4076 MS: 1 EraseBytes-
#5485702	REDUCE cov: 1627 ft: 6980 corp: 1443/290Kb lim: 4096 exec/s: 11241 rss: 510Mb L: 1274/4076 MS: 2 ChangeASCIIInt-EraseBytes-
#5486074	REDUCE cov: 1627 ft: 6980 corp: 1443/290Kb lim: 4096 exec/s: 11241 rss: 510Mb L: 168/4076 MS: 2 ShuffleBytes-EraseBytes-
#5486810	REDUCE cov: 1627 ft: 6981 corp: 1444/290Kb lim: 4096 exec/s: 11243 rss: 510Mb L: 287/4076 MS: 1 CopyPart-
#5487536	REDUCE cov: 1627 ft: 6981 corp: 1444/290Kb lim: 4096 exec/s: 11221 rss: 510Mb L: 16/4076 MS: 1 EraseBytes-
#5487762	REDUCE cov: 1627 ft: 6981 corp: 1444/290Kb lim: 4096 exec/s: 11222 rss: 510Mb L: 404/4076 MS: 1 EraseBytes-
#5488865	REDUCE cov: 1627 ft: 6981 corp: 1444/290Kb lim: 4096 exec/s: 11224 rss: 510Mb L: 888/4076 MS: 3 ShuffleBytes-EraseBytes-CopyPart-
#5496072	REDUCE cov: 1627 ft: 6981 corp: 1444/290Kb lim: 4096 exec/s: 11239 rss: 510Mb L: 236/4076 MS: 2 ChangeBit-EraseBytes-
#5500993	REDUCE cov: 1627 ft: 6982 corp: 1445/290Kb lim: 4096 exec/s: 11249 rss: 510Mb L: 330/4076 MS: 1 InsertRepeatedBytes-
#5502740	REDUCE cov: 1627 ft: 6982 corp: 1445/290Kb lim: 4096 exec/s: 11230 rss: 510Mb L: 170/4076 MS: 2 InsertRepeatedBytes-EraseBytes-
#5502841	REDUCE cov: 1627 ft: 6982 corp: 1445/290Kb lim: 4096 exec/s: 11230 rss: 510Mb L: 30/4076 MS: 1 CrossOver-
#5503153	REDUCE cov: 1627 ft: 6982 corp: 1445/290Kb lim: 4096 exec/s: 11230 rss: 510Mb L: 126/4076 MS: 2 PersAutoDict-EraseBytes- DE: "detail"-
#5507828	REDUCE cov: 1627 ft: 6982 corp: 1445/290Kb lim: 4096 exec/s: 11240 rss: 510Mb L: 76/4076 MS: 5 CopyPart-CopyPart-InsertByte-EraseBytes-EraseBytes-
#5507924	REDUCE cov: 1627 ft: 6982 corp: 1445/290Kb lim: 4096 exec/s: 11240 rss: 510Mb L: 322/4076 MS: 1 EraseBytes-
#5508259	REDUCE cov: 1627 ft: 6982 corp: 1445/290Kb lim: 4096 exec/s: 11241 rss: 510Mb L: 14/4076 MS: 5 ChangeBit-ChangeBit-ChangeBit-ChangeByte-EraseBytes-
#5508511	REDUCE cov: 1627 ft: 6982 corp: 1445/290Kb lim: 4096 exec/s: 11241 rss: 510Mb L: 20/4076 MS: 2 ChangeByte-EraseBytes-
#5512292	REDUCE cov: 1627 ft: 6982 corp: 1445/290Kb lim: 4096 exec/s: 11249 rss: 510Mb L: 23/4076 MS: 1 EraseBytes-
#5512460	REDUCE cov: 1627 ft: 6982 corp: 1445/290Kb lim: 4096 exec/s: 11249 rss: 510Mb L: 255/4076 MS: 3 ChangeBit-ChangeBinInt-EraseBytes-
#5514071	REDUCE cov: 1627 ft: 6982 corp: 1445/290Kb lim: 4096 exec/s: 11253 rss: 510Mb L: 1007/4076 MS: 1 EraseBytes-
#5514117	REDUCE cov: 1627 ft: 6982 corp: 1445/290Kb lim: 4096 exec/s: 11253 rss: 510Mb L: 2360/4076 MS: 1 EraseBytes-
#5514799	REDUCE cov: 1627 ft: 6982 corp: 1445/290Kb lim: 4096 exec/s: 11231 rss: 510Mb L: 54/4076 MS: 2 ShuffleBytes-EraseBytes-
#5517101	REDUCE cov: 1627 ft: 6982 corp: 1445/290Kb lim: 4096 exec/s: 11236 rss: 510Mb L: 1965/4076 MS: 2 CopyPart-EraseBytes-
#5521552	NEW    cov: 1627 ft: 6983 corp: 1446/291Kb lim: 4096 exec/s: 11245 rss: 510Mb L: 927/4076 MS: 1 ChangeByte-
#5523700	REDUCE cov: 1627 ft: 6983 corp: 1446/291Kb lim: 4096 exec/s: 11249 rss: 510Mb L: 36/4076 MS: 3 EraseBytes-CopyPart-EraseBytes-
#5528151	REDUCE cov: 1627 ft: 6983 corp: 1446/291Kb lim: 4096 exec/s: 11236 rss: 510Mb L: 131/4076 MS: 1 EraseBytes-
#5530168	REDUCE cov: 1627 ft: 6983 corp: 1446/291Kb lim: 4096 exec/s: 11240 rss: 511Mb L: 171/4076 MS: 2 ShuffleBytes-EraseBytes-
#5530836	REDUCE cov: 1627 ft: 6983 corp: 1446/291Kb lim: 4096 exec/s: 11241 rss: 511Mb L: 10/4076 MS: 3 ChangeBinInt-ChangeASCIIInt-EraseBytes-
#5532202	REDUCE cov: 1627 ft: 6983 corp: 1446/291Kb lim: 4096 exec/s: 11244 rss: 511Mb L: 21/4076 MS: 1 EraseBytes-
#5533293	REDUCE cov: 1627 ft: 6984 corp: 1447/291Kb lim: 4096 exec/s: 11246 rss: 511Mb L: 58/4076 MS: 1 CopyPart-
#5534164	REDUCE cov: 1627 ft: 6984 corp: 1447/291Kb lim: 4096 exec/s: 11248 rss: 511Mb L: 65/4076 MS: 1 EraseBytes-
#5537617	REDUCE cov: 1627 ft: 6984 corp: 1447/291Kb lim: 4096 exec/s: 11255 rss: 511Mb L: 9/4076 MS: 3 CopyPart-PersAutoDict-EraseBytes- DE: "messa"-
#5537708	REDUCE cov: 1628 ft: 6985 corp: 1448/291Kb lim: 4096 exec/s: 11255 rss: 511Mb L: 5/4076 MS: 1 EraseBytes-
#5540810	REDUCE cov: 1628 ft: 6985 corp: 1448/291Kb lim: 4096 exec/s: 11238 rss: 511Mb L: 1291/4076 MS: 2 ShuffleBytes-EraseBytes-
#5541091	REDUCE cov: 1628 ft: 6985 corp: 1448/291Kb lim: 4096 exec/s: 11239 rss: 511Mb L: 10/4076 MS: 1 EraseBytes-
#5543537	REDUCE cov: 1628 ft: 6985 corp: 1448/291Kb lim: 4096 exec/s: 11244 rss: 511Mb L: 496/4076 MS: 1 EraseBytes-
#5547843	REDUCE cov: 1628 ft: 6985 corp: 1448/291Kb lim: 4096 exec/s: 11253 rss: 511Mb L: 180/4076 MS: 1 EraseBytes-
#5548954	REDUCE cov: 1628 ft: 6985 corp: 1448/291Kb lim: 4096 exec/s: 11255 rss: 511Mb L: 439/4076 MS: 1 EraseBytes-
#5549066	REDUCE cov: 1628 ft: 6986 corp: 1449/291Kb lim: 4096 exec/s: 11255 rss: 511Mb L: 312/4076 MS: 2 ChangeBit-InsertRepeatedBytes-
#5549864	NEW    cov: 1629 ft: 6987 corp: 1450/291Kb lim: 4096 exec/s: 11234 rss: 511Mb L: 3/4076 MS: 3 InsertByte-ChangeByte-EraseBytes-
#5556030	REDUCE cov: 1629 ft: 6987 corp: 1450/291Kb lim: 4096 exec/s: 11247 rss: 511Mb L: 256/4076 MS: 1 EraseBytes-
#5557541	REDUCE cov: 1629 ft: 6987 corp: 1450/291Kb lim: 4096 exec/s: 11250 rss: 511Mb L: 53/4076 MS: 1 EraseBytes-
#5559661	REDUCE cov: 1629 ft: 6987 corp: 1450/291Kb lim: 4096 exec/s: 11254 rss: 511Mb L: 50/4076 MS: 5 CopyPart-ChangeBit-ChangeBit-ShuffleBytes-EraseBytes-
#5562608	REDUCE cov: 1629 ft: 6987 corp: 1450/291Kb lim: 4096 exec/s: 11237 rss: 511Mb L: 12/4076 MS: 2 InsertByte-EraseBytes-
#5565562	REDUCE cov: 1629 ft: 6987 corp: 1450/291Kb lim: 4096 exec/s: 11243 rss: 511Mb L: 636/4076 MS: 4 ChangeBinInt-CrossOver-ChangeByte-EraseBytes-
#5569027	REDUCE cov: 1629 ft: 6987 corp: 1450/290Kb lim: 4096 exec/s: 11250 rss: 511Mb L: 3844/4076 MS: 5 EraseBytes-InsertRepeatedBytes-ChangeByte-CMP-CopyPart- DE: "messe"-
#5570394	REDUCE cov: 1629 ft: 6987 corp: 1450/290Kb lim: 4096 exec/s: 11253 rss: 511Mb L: 819/4076 MS: 2 ShuffleBytes-EraseBytes-
#5571365	REDUCE cov: 1629 ft: 6987 corp: 1450/290Kb lim: 4096 exec/s: 11232 rss: 511Mb L: 34/4076 MS: 1 EraseBytes-
#5573061	REDUCE cov: 1629 ft: 6987 corp: 1450/290Kb lim: 4096 exec/s: 11236 rss: 511Mb L: 223/4076 MS: 1 EraseBytes-
#5575512	REDUCE cov: 1629 ft: 6987 corp: 1450/290Kb lim: 4096 exec/s: 11240 rss: 511Mb L: 14/4076 MS: 1 EraseBytes-
#5575968	REDUCE cov: 1629 ft: 6987 corp: 1450/290Kb lim: 4096 exec/s: 11241 rss: 511Mb L: 164/4076 MS: 1 EraseBytes-
#5577190	REDUCE cov: 1629 ft: 6987 corp: 1450/290Kb lim: 4096 exec/s: 11244 rss: 511Mb L: 163/4076 MS: 2 ChangeBit-EraseBytes-
#5578927	REDUCE cov: 1629 ft: 6987 corp: 1450/290Kb lim: 4096 exec/s: 11247 rss: 511Mb L: 4/4076 MS: 2 InsertByte-EraseBytes-
#5581008	REDUCE cov: 1629 ft: 6987 corp: 1450/290Kb lim: 4096 exec/s: 11252 rss: 511Mb L: 71/4076 MS: 1 EraseBytes-
#5581944	REDUCE cov: 1629 ft: 6987 corp: 1450/290Kb lim: 4096 exec/s: 11253 rss: 511Mb L: 115/4076 MS: 1 EraseBytes-
#5583170	REDUCE cov: 1629 ft: 6987 corp: 1450/290Kb lim: 4096 exec/s: 11233 rss: 511Mb L: 195/4076 MS: 1 EraseBytes-
#5583556	REDUCE cov: 1629 ft: 6987 corp: 1450/290Kb lim: 4096 exec/s: 11234 rss: 511Mb L: 86/4076 MS: 1 EraseBytes-
#5584777	REDUCE cov: 1629 ft: 6987 corp: 1450/290Kb lim: 4096 exec/s: 11236 rss: 511Mb L: 35/4076 MS: 1 EraseBytes-
#5586759	REDUCE cov: 1629 ft: 6987 corp: 1450/290Kb lim: 4096 exec/s: 11240 rss: 511Mb L: 8/4076 MS: 2 CopyPart-EraseBytes-
#5589375	REDUCE cov: 1629 ft: 6987 corp: 1450/290Kb lim: 4096 exec/s: 11246 rss: 511Mb L: 254/4076 MS: 1 EraseBytes-
#5589581	REDUCE cov: 1629 ft: 6987 corp: 1450/290Kb lim: 4096 exec/s: 11246 rss: 511Mb L: 444/4076 MS: 1 EraseBytes-
#5590251	REDUCE cov: 1629 ft: 6987 corp: 1450/290Kb lim: 4096 exec/s: 11247 rss: 511Mb L: 24/4076 MS: 5 ChangeBinInt-CMP-ChangeByte-ShuffleBytes-EraseBytes- DE: "\377\377\377\377\377\377\377\377"-
#5591462	REDUCE cov: 1629 ft: 6987 corp: 1450/290Kb lim: 4096 exec/s: 11250 rss: 511Mb L: 10/4076 MS: 1 EraseBytes-
#5592089	REDUCE cov: 1629 ft: 6987 corp: 1450/290Kb lim: 4096 exec/s: 11251 rss: 511Mb L: 44/4076 MS: 2 CopyPart-EraseBytes-
#5593715	REDUCE cov: 1629 ft: 6987 corp: 1450/290Kb lim: 4096 exec/s: 11254 rss: 511Mb L: 873/4076 MS: 1 EraseBytes-
#5595076	REDUCE cov: 1629 ft: 6987 corp: 1450/290Kb lim: 4096 exec/s: 11257 rss: 511Mb L: 1049/4076 MS: 1 EraseBytes-
#5597167	REDUCE cov: 1629 ft: 6987 corp: 1450/290Kb lim: 4096 exec/s: 11239 rss: 511Mb L: 534/4076 MS: 1 EraseBytes-
#5598429	REDUCE cov: 1629 ft: 6987 corp: 1450/290Kb lim: 4096 exec/s: 11241 rss: 511Mb L: 277/4076 MS: 2 CopyPart-EraseBytes-
#5598780	REDUCE cov: 1629 ft: 6987 corp: 1450/290Kb lim: 4096 exec/s: 11242 rss: 511Mb L: 57/4076 MS: 1 EraseBytes-
#5599292	REDUCE cov: 1629 ft: 6987 corp: 1450/290Kb lim: 4096 exec/s: 11243 rss: 511Mb L: 394/4076 MS: 2 ChangeByte-EraseBytes-
#5601388	REDUCE cov: 1629 ft: 6987 corp: 1450/290Kb lim: 4096 exec/s: 11247 rss: 511Mb L: 510/4076 MS: 1 EraseBytes-
#5602029	REDUCE cov: 1629 ft: 6987 corp: 1450/290Kb lim: 4096 exec/s: 11249 rss: 511Mb L: 259/4076 MS: 1 EraseBytes-
#5602250	REDUCE cov: 1629 ft: 6987 corp: 1450/290Kb lim: 4096 exec/s: 11249 rss: 511Mb L: 605/4076 MS: 1 EraseBytes-
#5603336	REDUCE cov: 1629 ft: 6987 corp: 1450/290Kb lim: 4096 exec/s: 11251 rss: 511Mb L: 1512/4076 MS: 1 EraseBytes-
#5609067	REDUCE cov: 1629 ft: 6987 corp: 1450/290Kb lim: 4096 exec/s: 11240 rss: 511Mb L: 142/4076 MS: 1 EraseBytes-
#5609393	REDUCE cov: 1629 ft: 6987 corp: 1450/290Kb lim: 4096 exec/s: 11241 rss: 511Mb L: 122/4076 MS: 1 EraseBytes-
#5610960	REDUCE cov: 1629 ft: 6987 corp: 1450/290Kb lim: 4096 exec/s: 11244 rss: 511Mb L: 42/4076 MS: 2 CMP-EraseBytes- DE: "message"-
#5612136	REDUCE cov: 1629 ft: 6987 corp: 1450/289Kb lim: 4096 exec/s: 11246 rss: 511Mb L: 1024/4076 MS: 1 EraseBytes-
#5612192	REDUCE cov: 1629 ft: 6987 corp: 1450/289Kb lim: 4096 exec/s: 11246 rss: 511Mb L: 58/4076 MS: 1 EraseBytes-
#5613253	REDUCE cov: 1629 ft: 6987 corp: 1450/289Kb lim: 4096 exec/s: 11249 rss: 511Mb L: 309/4076 MS: 1 EraseBytes-
#5615984	REDUCE cov: 1629 ft: 6987 corp: 1450/289Kb lim: 4096 exec/s: 11231 rss: 511Mb L: 85/4076 MS: 1 EraseBytes-
#5616490	REDUCE cov: 1629 ft: 6987 corp: 1450/289Kb lim: 4096 exec/s: 11232 rss: 511Mb L: 156/4076 MS: 1 EraseBytes-
#5616626	REDUCE cov: 1629 ft: 6987 corp: 1450/289Kb lim: 4096 exec/s: 11233 rss: 511Mb L: 244/4076 MS: 1 EraseBytes-
#5619263	REDUCE cov: 1629 ft: 6987 corp: 1450/289Kb lim: 4096 exec/s: 11238 rss: 511Mb L: 69/4076 MS: 1 EraseBytes-
#5623775	REDUCE cov: 1629 ft: 6987 corp: 1450/289Kb lim: 4096 exec/s: 11247 rss: 511Mb L: 74/4076 MS: 2 ChangeByte-EraseBytes-
#5624131	REDUCE cov: 1629 ft: 6987 corp: 1450/289Kb lim: 4096 exec/s: 11248 rss: 511Mb L: 129/4076 MS: 1 EraseBytes-
#5625424	REDUCE cov: 1629 ft: 6987 corp: 1450/289Kb lim: 4096 exec/s: 11250 rss: 511Mb L: 229/4076 MS: 3 ChangeBinInt-PersAutoDict-EraseBytes- DE: "\372\377\377\377"-
#5628621	REDUCE cov: 1629 ft: 6987 corp: 1450/289Kb lim: 4096 exec/s: 11234 rss: 511Mb L: 89/4076 MS: 2 ChangeASCIIInt-EraseBytes-
#5628722	REDUCE cov: 1629 ft: 6987 corp: 1450/289Kb lim: 4096 exec/s: 11234 rss: 511Mb L: 205/4076 MS: 1 EraseBytes-
#5628903	REDUCE cov: 1629 ft: 6987 corp: 1450/289Kb lim: 4096 exec/s: 11235 rss: 511Mb L: 32/4076 MS: 1 EraseBytes-
#5636949	REDUCE cov: 1629 ft: 6987 corp: 1450/289Kb lim: 4096 exec/s: 11228 rss: 511Mb L: 16/4076 MS: 1 EraseBytes-
#5637195	REDUCE cov: 1629 ft: 6987 corp: 1450/289Kb lim: 4096 exec/s: 11229 rss: 511Mb L: 16/4076 MS: 1 EraseBytes-
#5639812	REDUCE cov: 1629 ft: 6987 corp: 1450/289Kb lim: 4096 exec/s: 11234 rss: 511Mb L: 22/4076 MS: 2 PersAutoDict-EraseBytes- DE: "\363\377\377\377"-
#5644663	REDUCE cov: 1629 ft: 6987 corp: 1450/289Kb lim: 4096 exec/s: 11244 rss: 511Mb L: 35/4076 MS: 1 EraseBytes-
#5645124	REDUCE cov: 1629 ft: 6987 corp: 1450/289Kb lim: 4096 exec/s: 11245 rss: 511Mb L: 471/4076 MS: 1 EraseBytes-
#5646385	REDUCE cov: 1629 ft: 6987 corp: 1450/289Kb lim: 4096 exec/s: 11247 rss: 511Mb L: 20/4076 MS: 1 EraseBytes-
#5648306	REDUCE cov: 1629 ft: 6987 corp: 1450/289Kb lim: 4096 exec/s: 11229 rss: 511Mb L: 411/4076 MS: 1 EraseBytes-
#5651362	REDUCE cov: 1629 ft: 6987 corp: 1450/289Kb lim: 4096 exec/s: 11235 rss: 511Mb L: 28/4076 MS: 1 EraseBytes-
#5658489	REDUCE cov: 1629 ft: 6987 corp: 1450/289Kb lim: 4096 exec/s: 11227 rss: 511Mb L: 169/4076 MS: 2 ChangeByte-EraseBytes-
#5662910	REDUCE cov: 1629 ft: 6987 corp: 1450/289Kb lim: 4096 exec/s: 11235 rss: 511Mb L: 122/4076 MS: 1 EraseBytes-
#5663211	REDUCE cov: 1629 ft: 6987 corp: 1450/289Kb lim: 4096 exec/s: 11236 rss: 511Mb L: 67/4076 MS: 1 EraseBytes-
#5663457	REDUCE cov: 1629 ft: 6987 corp: 1450/289Kb lim: 4096 exec/s: 11237 rss: 511Mb L: 10/4076 MS: 1 EraseBytes-
#5663703	REDUCE cov: 1629 ft: 6987 corp: 1450/289Kb lim: 4096 exec/s: 11237 rss: 511Mb L: 184/4076 MS: 1 EraseBytes-
#5667170	REDUCE cov: 1629 ft: 6987 corp: 1450/289Kb lim: 4096 exec/s: 11244 rss: 511Mb L: 2275/4076 MS: 2 ChangeASCIIInt-EraseBytes-
#5668296	REDUCE cov: 1629 ft: 6987 corp: 1450/289Kb lim: 4096 exec/s: 11246 rss: 511Mb L: 105/4076 MS: 1 EraseBytes-
#5670562	REDUCE cov: 1629 ft: 6987 corp: 1450/289Kb lim: 4096 exec/s: 11228 rss: 511Mb L: 89/4076 MS: 1 EraseBytes-
#5671914	NEW    cov: 1629 ft: 6989 corp: 1451/289Kb lim: 4096 exec/s: 11231 rss: 511Mb L: 247/4076 MS: 2 CrossOver-PersAutoDict- DE: "2\357\277\275#\357\277\275"-
#5677255	REDUCE cov: 1629 ft: 6989 corp: 1451/289Kb lim: 4096 exec/s: 11242 rss: 511Mb L: 291/4076 MS: 1 EraseBytes-
#5677902	REDUCE cov: 1630 ft: 6990 corp: 1452/290Kb lim: 4096 exec/s: 11243 rss: 511Mb L: 564/4076 MS: 2 CopyPart-ChangeBinInt-
#5678528	REDUCE cov: 1630 ft: 6990 corp: 1452/290Kb lim: 4096 exec/s: 11244 rss: 511Mb L: 72/4076 MS: 1 EraseBytes-
#5684174	REDUCE cov: 1630 ft: 6990 corp: 1452/290Kb lim: 4096 exec/s: 11233 rss: 511Mb L: 17/4076 MS: 1 EraseBytes-
#5685445	REDUCE cov: 1630 ft: 6990 corp: 1452/290Kb lim: 4096 exec/s: 11236 rss: 511Mb L: 22/4076 MS: 1 EraseBytes-
#5686206	REDUCE cov: 1630 ft: 6990 corp: 1452/290Kb lim: 4096 exec/s: 11237 rss: 511Mb L: 277/4076 MS: 1 EraseBytes-
#5688618	REDUCE cov: 1630 ft: 6990 corp: 1452/290Kb lim: 4096 exec/s: 11242 rss: 511Mb L: 20/4076 MS: 2 CopyPart-EraseBytes-
#5688889	REDUCE cov: 1630 ft: 6990 corp: 1452/290Kb lim: 4096 exec/s: 11242 rss: 511Mb L: 308/4076 MS: 1 EraseBytes-
#5692115	REDUCE cov: 1630 ft: 6990 corp: 1452/290Kb lim: 4096 exec/s: 11249 rss: 511Mb L: 27/4076 MS: 1 EraseBytes-
#5692456	REDUCE cov: 1630 ft: 6990 corp: 1452/290Kb lim: 4096 exec/s: 11249 rss: 511Mb L: 20/4076 MS: 1 EraseBytes-
#5692473	REDUCE cov: 1630 ft: 6990 corp: 1452/290Kb lim: 4096 exec/s: 11249 rss: 511Mb L: 263/4076 MS: 2 ShuffleBytes-EraseBytes-
#5692720	REDUCE cov: 1630 ft: 6990 corp: 1452/290Kb lim: 4096 exec/s: 11250 rss: 511Mb L: 224/4076 MS: 2 ChangeASCIIInt-EraseBytes-
#5692731	REDUCE cov: 1630 ft: 6990 corp: 1452/290Kb lim: 4096 exec/s: 11250 rss: 511Mb L: 95/4076 MS: 1 EraseBytes-
#5692869	REDUCE cov: 1630 ft: 6990 corp: 1452/290Kb lim: 4096 exec/s: 11228 rss: 511Mb L: 132/4076 MS: 3 ChangeBit-EraseBytes-EraseBytes-
#5697295	REDUCE cov: 1630 ft: 6990 corp: 1452/290Kb lim: 4096 exec/s: 11237 rss: 511Mb L: 37/4076 MS: 1 EraseBytes-
#5700316	REDUCE cov: 1630 ft: 6990 corp: 1452/290Kb lim: 4096 exec/s: 11243 rss: 511Mb L: 258/4076 MS: 1 EraseBytes-
#5702962	REDUCE cov: 1630 ft: 6990 corp: 1452/290Kb lim: 4096 exec/s: 11248 rss: 511Mb L: 43/4076 MS: 1 EraseBytes-
#5703298	REDUCE cov: 1630 ft: 6990 corp: 1452/290Kb lim: 4096 exec/s: 11249 rss: 511Mb L: 205/4076 MS: 1 EraseBytes-
#5705419	REDUCE cov: 1630 ft: 6990 corp: 1452/290Kb lim: 4096 exec/s: 11253 rss: 511Mb L: 130/4076 MS: 1 EraseBytes-
#5705465	REDUCE cov: 1630 ft: 6990 corp: 1452/289Kb lim: 4096 exec/s: 11253 rss: 511Mb L: 292/4076 MS: 1 EraseBytes-
#5706726	REDUCE cov: 1630 ft: 6990 corp: 1452/289Kb lim: 4096 exec/s: 11255 rss: 511Mb L: 197/4076 MS: 1 EraseBytes-
#5708057	REDUCE cov: 1630 ft: 6990 corp: 1452/289Kb lim: 4096 exec/s: 11236 rss: 511Mb L: 448/4076 MS: 1 EraseBytes-
#5709198	REDUCE cov: 1630 ft: 6990 corp: 1452/289Kb lim: 4096 exec/s: 11238 rss: 511Mb L: 26/4076 MS: 1 EraseBytes-
#5714891	REDUCE cov: 1630 ft: 6990 corp: 1452/289Kb lim: 4096 exec/s: 11249 rss: 511Mb L: 963/4076 MS: 3 CopyPart-CrossOver-EraseBytes-
#5715327	REDUCE cov: 1630 ft: 6990 corp: 1452/289Kb lim: 4096 exec/s: 11250 rss: 511Mb L: 13/4076 MS: 1 EraseBytes-
#5716824	REDUCE cov: 1630 ft: 6990 corp: 1452/289Kb lim: 4096 exec/s: 11253 rss: 511Mb L: 33/4076 MS: 2 ChangeASCIIInt-EraseBytes-
#5717915	REDUCE cov: 1630 ft: 6990 corp: 1452/289Kb lim: 4096 exec/s: 11255 rss: 511Mb L: 240/4076 MS: 1 EraseBytes-
#5721082	REDUCE cov: 1630 ft: 6990 corp: 1452/289Kb lim: 4096 exec/s: 11261 rss: 511Mb L: 33/4076 MS: 2 ChangeBit-EraseBytes-
#5723588	REDUCE cov: 1630 ft: 6990 corp: 1452/289Kb lim: 4096 exec/s: 11244 rss: 511Mb L: 30/4076 MS: 1 EraseBytes-
#5724464	REDUCE cov: 1630 ft: 6990 corp: 1452/289Kb lim: 4096 exec/s: 11246 rss: 511Mb L: 150/4076 MS: 1 EraseBytes-
#5725196	REDUCE cov: 1630 ft: 7005 corp: 1453/290Kb lim: 4096 exec/s: 11247 rss: 511Mb L: 354/4076 MS: 2 InsertByte-CrossOver-
#5727687	REDUCE cov: 1630 ft: 7005 corp: 1453/290Kb lim: 4096 exec/s: 11252 rss: 511Mb L: 138/4076 MS: 1 EraseBytes-
#5728204	REDUCE cov: 1630 ft: 7005 corp: 1453/290Kb lim: 4096 exec/s: 11253 rss: 511Mb L: 147/4076 MS: 2 ChangeByte-EraseBytes-
#5728335	REDUCE cov: 1630 ft: 7005 corp: 1453/290Kb lim: 4096 exec/s: 11254 rss: 511Mb L: 2224/4076 MS: 1 EraseBytes-
#5731781	REDUCE cov: 1630 ft: 7005 corp: 1453/290Kb lim: 4096 exec/s: 11260 rss: 511Mb L: 47/4076 MS: 1 EraseBytes-
#5733102	REDUCE cov: 1630 ft: 7005 corp: 1453/290Kb lim: 4096 exec/s: 11263 rss: 511Mb L: 412/4076 MS: 1 EraseBytes-
#5733433	REDUCE cov: 1630 ft: 7005 corp: 1453/290Kb lim: 4096 exec/s: 11264 rss: 511Mb L: 31/4076 MS: 1 EraseBytes-
#5733884	REDUCE cov: 1630 ft: 7005 corp: 1453/289Kb lim: 4096 exec/s: 11264 rss: 511Mb L: 183/4076 MS: 1 EraseBytes-
#5738725	REDUCE cov: 1630 ft: 7005 corp: 1453/289Kb lim: 4096 exec/s: 11252 rss: 511Mb L: 88/4076 MS: 1 EraseBytes-
#5740072	REDUCE cov: 1630 ft: 7005 corp: 1453/289Kb lim: 4096 exec/s: 11255 rss: 511Mb L: 262/4076 MS: 2 InsertByte-EraseBytes-
#5741380	REDUCE cov: 1630 ft: 7005 corp: 1453/289Kb lim: 4096 exec/s: 11257 rss: 511Mb L: 716/4076 MS: 3 ChangeByte-ChangeByte-EraseBytes-
#5741431	REDUCE cov: 1630 ft: 7005 corp: 1453/289Kb lim: 4096 exec/s: 11257 rss: 511Mb L: 1549/4076 MS: 1 EraseBytes-
#5744028	REDUCE cov: 1630 ft: 7005 corp: 1453/289Kb lim: 4096 exec/s: 11262 rss: 511Mb L: 950/4076 MS: 2 ChangeByte-EraseBytes-
#5746375	REDUCE cov: 1630 ft: 7005 corp: 1453/289Kb lim: 4096 exec/s: 11267 rss: 511Mb L: 30/4076 MS: 2 ChangeASCIIInt-EraseBytes-
#5748992	REDUCE cov: 1630 ft: 7005 corp: 1453/289Kb lim: 4096 exec/s: 11272 rss: 511Mb L: 380/4076 MS: 2 ChangeASCIIInt-EraseBytes-
#5749889	REDUCE cov: 1630 ft: 7005 corp: 1453/289Kb lim: 4096 exec/s: 11274 rss: 511Mb L: 102/4076 MS: 2 ChangeBit-EraseBytes-
#5750851	REDUCE cov: 1630 ft: 7005 corp: 1453/289Kb lim: 4096 exec/s: 11276 rss: 511Mb L: 64/4076 MS: 2 ChangeASCIIInt-EraseBytes-
#5757127	REDUCE cov: 1630 ft: 7005 corp: 1453/289Kb lim: 4096 exec/s: 11266 rss: 511Mb L: 354/4076 MS: 1 EraseBytes-
#5760163	NEW    cov: 1630 ft: 7006 corp: 1454/290Kb lim: 4096 exec/s: 11272 rss: 511Mb L: 318/4076 MS: 1 EraseBytes-
#5760469	REDUCE cov: 1630 ft: 7006 corp: 1454/290Kb lim: 4096 exec/s: 11272 rss: 511Mb L: 81/4076 MS: 1 EraseBytes-
#5760915	REDUCE cov: 1630 ft: 7006 corp: 1454/289Kb lim: 4096 exec/s: 11273 rss: 511Mb L: 120/4076 MS: 1 EraseBytes-
#5764711	REDUCE cov: 1630 ft: 7006 corp: 1454/289Kb lim: 4096 exec/s: 11259 rss: 512Mb L: 1557/4076 MS: 1 EraseBytes-
#5765387	REDUCE cov: 1630 ft: 7006 corp: 1454/289Kb lim: 4096 exec/s: 11260 rss: 512Mb L: 20/4076 MS: 1 EraseBytes-
#5767888	REDUCE cov: 1630 ft: 7006 corp: 1454/289Kb lim: 4096 exec/s: 11265 rss: 512Mb L: 7/4076 MS: 1 EraseBytes-
#5767989	REDUCE cov: 1630 ft: 7006 corp: 1454/289Kb lim: 4096 exec/s: 11265 rss: 513Mb L: 639/4076 MS: 1 EraseBytes-
#5769855	REDUCE cov: 1630 ft: 7006 corp: 1454/289Kb lim: 4096 exec/s: 11269 rss: 514Mb L: 1639/4076 MS: 1 EraseBytes-
#5769956	REDUCE cov: 1630 ft: 7006 corp: 1454/289Kb lim: 4096 exec/s: 11269 rss: 514Mb L: 938/4076 MS: 1 EraseBytes-
#5770560	REDUCE cov: 1630 ft: 7006 corp: 1454/289Kb lim: 4096 exec/s: 11270 rss: 514Mb L: 72/4076 MS: 4 PersAutoDict-ShuffleBytes-ChangeBit-EraseBytes- DE: "\357\277\275\357\277\275@"-
#5771536	REDUCE cov: 1630 ft: 7006 corp: 1454/289Kb lim: 4096 exec/s: 11272 rss: 515Mb L: 57/4076 MS: 1 EraseBytes-
#5773231	REDUCE cov: 1630 ft: 7006 corp: 1454/289Kb lim: 4096 exec/s: 11275 rss: 515Mb L: 230/4076 MS: 5 ChangeASCIIInt-ChangeByte-InsertByte-InsertByte-EraseBytes-
#5773262	REDUCE cov: 1630 ft: 7006 corp: 1454/289Kb lim: 4096 exec/s: 11275 rss: 515Mb L: 31/4076 MS: 1 EraseBytes-
#5786958	REDUCE cov: 1630 ft: 7006 corp: 1454/289Kb lim: 4096 exec/s: 11258 rss: 515Mb L: 1017/4076 MS: 1 EraseBytes-
#5789200	REDUCE cov: 1630 ft: 7006 corp: 1454/289Kb lim: 4096 exec/s: 11263 rss: 515Mb L: 57/4076 MS: 2 ChangeBit-EraseBytes-
#5790216	REDUCE cov: 1630 ft: 7006 corp: 1454/289Kb lim: 4096 exec/s: 11265 rss: 515Mb L: 280/4076 MS: 1 EraseBytes-
#5790369	REDUCE cov: 1630 ft: 7006 corp: 1454/289Kb lim: 4096 exec/s: 11265 rss: 515Mb L: 22/4076 MS: 3 CopyPart-ShuffleBytes-EraseBytes-
#5790741	REDUCE cov: 1630 ft: 7006 corp: 1454/289Kb lim: 4096 exec/s: 11266 rss: 515Mb L: 258/4076 MS: 2 CopyPart-EraseBytes-
#5791392	REDUCE cov: 1630 ft: 7006 corp: 1454/289Kb lim: 4096 exec/s: 11267 rss: 515Mb L: 45/4076 MS: 1 EraseBytes-
#5791938	REDUCE cov: 1630 ft: 7007 corp: 1455/293Kb lim: 4096 exec/s: 11268 rss: 515Mb L: 4060/4076 MS: 1 CopyPart-
#5795245	REDUCE cov: 1630 ft: 7007 corp: 1455/293Kb lim: 4096 exec/s: 11252 rss: 515Mb L: 10/4076 MS: 2 EraseBytes-ChangeBit-
#5796818	REDUCE cov: 1630 ft: 7007 corp: 1455/293Kb lim: 4096 exec/s: 11255 rss: 515Mb L: 82/4076 MS: 3 InsertByte-ChangeByte-EraseBytes-
#5797059	REDUCE cov: 1630 ft: 7007 corp: 1455/293Kb lim: 4096 exec/s: 11256 rss: 515Mb L: 3526/4076 MS: 1 CrossOver-
#5797191	REDUCE cov: 1630 ft: 7007 corp: 1455/293Kb lim: 4096 exec/s: 11256 rss: 515Mb L: 19/4076 MS: 2 ShuffleBytes-EraseBytes-
#5797862	REDUCE cov: 1630 ft: 7007 corp: 1455/293Kb lim: 4096 exec/s: 11257 rss: 515Mb L: 85/4076 MS: 1 EraseBytes-
#5798185	REDUCE cov: 1630 ft: 7007 corp: 1455/293Kb lim: 4096 exec/s: 11258 rss: 515Mb L: 1571/4076 MS: 3 ChangeBinInt-InsertByte-EraseBytes-
#5801457	REDUCE cov: 1630 ft: 7007 corp: 1455/292Kb lim: 4096 exec/s: 11264 rss: 515Mb L: 17/4076 MS: 2 InsertByte-EraseBytes-
#5801684	REDUCE cov: 1630 ft: 7007 corp: 1455/292Kb lim: 4096 exec/s: 11265 rss: 515Mb L: 10/4076 MS: 2 CopyPart-EraseBytes-
#5804200	REDUCE cov: 1630 ft: 7007 corp: 1455/292Kb lim: 4096 exec/s: 11248 rss: 515Mb L: 196/4076 MS: 1 EraseBytes-
#5805156	REDUCE cov: 1630 ft: 7007 corp: 1455/292Kb lim: 4096 exec/s: 11250 rss: 515Mb L: 138/4076 MS: 1 EraseBytes-
#5805278	NEW    cov: 1631 ft: 7008 corp: 1456/293Kb lim: 4096 exec/s: 11250 rss: 515Mb L: 401/4076 MS: 2 InsertRepeatedBytes-ChangeByte-
#5806859	REDUCE cov: 1631 ft: 7008 corp: 1456/293Kb lim: 4096 exec/s: 11253 rss: 515Mb L: 855/4076 MS: 1 EraseBytes-
#5810261	REDUCE cov: 1631 ft: 7008 corp: 1456/293Kb lim: 4096 exec/s: 11260 rss: 515Mb L: 182/4076 MS: 2 ChangeBit-EraseBytes-
#5810837	REDUCE cov: 1631 ft: 7008 corp: 1456/293Kb lim: 4096 exec/s: 11261 rss: 515Mb L: 247/4076 MS: 1 EraseBytes-
#5815168	REDUCE cov: 1631 ft: 7008 corp: 1456/293Kb lim: 4096 exec/s: 11269 rss: 515Mb L: 12/4076 MS: 1 EraseBytes-
#5816419	REDUCE cov: 1631 ft: 7008 corp: 1456/293Kb lim: 4096 exec/s: 11250 rss: 515Mb L: 10/4076 MS: 1 EraseBytes-
#5816721	REDUCE cov: 1631 ft: 7008 corp: 1456/293Kb lim: 4096 exec/s: 11250 rss: 515Mb L: 87/4076 MS: 2 ShuffleBytes-EraseBytes-
#5818947	NEW    cov: 1631 ft: 7009 corp: 1457/293Kb lim: 4096 exec/s: 11255 rss: 515Mb L: 401/4076 MS: 1 ChangeBinInt-
#5818953	REDUCE cov: 1631 ft: 7009 corp: 1457/293Kb lim: 4096 exec/s: 11255 rss: 515Mb L: 44/4076 MS: 1 EraseBytes-
#5821594	REDUCE cov: 1631 ft: 7009 corp: 1457/293Kb lim: 4096 exec/s: 11260 rss: 515Mb L: 2261/4076 MS: 1 EraseBytes-
#5826797	REDUCE cov: 1631 ft: 7009 corp: 1457/293Kb lim: 4096 exec/s: 11248 rss: 515Mb L: 244/4076 MS: 3 ChangeASCIIInt-ChangeBinInt-EraseBytes-
#5826914	REDUCE cov: 1631 ft: 7009 corp: 1457/293Kb lim: 4096 exec/s: 11248 rss: 515Mb L: 309/4076 MS: 2 ChangeBit-EraseBytes-
#5828256	REDUCE cov: 1631 ft: 7009 corp: 1457/293Kb lim: 4096 exec/s: 11251 rss: 515Mb L: 26/4076 MS: 2 ChangeBit-EraseBytes-
#5828542	REDUCE cov: 1631 ft: 7009 corp: 1457/293Kb lim: 4096 exec/s: 11252 rss: 515Mb L: 408/4076 MS: 1 EraseBytes-
#5832123	REDUCE cov: 1631 ft: 7009 corp: 1457/293Kb lim: 4096 exec/s: 11258 rss: 515Mb L: 32/4076 MS: 1 EraseBytes-
#5833444	NEW    cov: 1632 ft: 7010 corp: 1458/293Kb lim: 4096 exec/s: 11261 rss: 515Mb L: 401/4076 MS: 1 CopyPart-
#5834540	REDUCE cov: 1632 ft: 7010 corp: 1458/293Kb lim: 4096 exec/s: 11263 rss: 515Mb L: 423/4076 MS: 1 EraseBytes-
#5836006	REDUCE cov: 1632 ft: 7010 corp: 1458/293Kb lim: 4096 exec/s: 11266 rss: 515Mb L: 40/4076 MS: 1 EraseBytes-
#5839762	REDUCE cov: 1632 ft: 7010 corp: 1458/293Kb lim: 4096 exec/s: 11251 rss: 515Mb L: 280/4076 MS: 1 EraseBytes-
#5840018	REDUCE cov: 1632 ft: 7010 corp: 1458/293Kb lim: 4096 exec/s: 11252 rss: 515Mb L: 59/4076 MS: 1 EraseBytes-
#5841559	REDUCE cov: 1632 ft: 7010 corp: 1458/293Kb lim: 4096 exec/s: 11255 rss: 515Mb L: 69/4076 MS: 1 EraseBytes-
#5842682	NEW    cov: 1633 ft: 7011 corp: 1459/294Kb lim: 4096 exec/s: 11257 rss: 515Mb L: 378/4076 MS: 3 CMP-EraseBytes-ChangeByte- DE: "message"-
#5843249	REDUCE cov: 1633 ft: 7011 corp: 1459/294Kb lim: 4096 exec/s: 11258 rss: 515Mb L: 229/4076 MS: 2 CopyPart-EraseBytes-
#5844532	REDUCE cov: 1633 ft: 7011 corp: 1459/294Kb lim: 4096 exec/s: 11261 rss: 515Mb L: 18/4076 MS: 3 EraseBytes-ShuffleBytes-CopyPart-
#5844998	REDUCE cov: 1633 ft: 7011 corp: 1459/294Kb lim: 4096 exec/s: 11262 rss: 515Mb L: 36/4076 MS: 1 EraseBytes-
#5846654	REDUCE cov: 1633 ft: 7011 corp: 1459/294Kb lim: 4096 exec/s: 11265 rss: 515Mb L: 23/4076 MS: 1 EraseBytes-
#5847616	REDUCE cov: 1633 ft: 7011 corp: 1459/294Kb lim: 4096 exec/s: 11245 rss: 515Mb L: 39/4076 MS: 2 ChangeBit-EraseBytes-
#5850109	REDUCE cov: 1633 ft: 7011 corp: 1459/293Kb lim: 4096 exec/s: 11250 rss: 515Mb L: 2506/4076 MS: 3 ChangeByte-ChangeASCIIInt-EraseBytes-
#5851655	REDUCE cov: 1633 ft: 7011 corp: 1459/293Kb lim: 4096 exec/s: 11253 rss: 515Mb L: 13/4076 MS: 1 EraseBytes-
#5851943	REDUCE cov: 1633 ft: 7011 corp: 1459/293Kb lim: 4096 exec/s: 11253 rss: 515Mb L: 791/4076 MS: 3 ShuffleBytes-ChangeBit-EraseBytes-
#5852069	REDUCE cov: 1633 ft: 7011 corp: 1459/293Kb lim: 4096 exec/s: 11253 rss: 515Mb L: 763/4076 MS: 1 EraseBytes-
#5855365	REDUCE cov: 1633 ft: 7011 corp: 1459/293Kb lim: 4096 exec/s: 11260 rss: 515Mb L: 48/4076 MS: 1 EraseBytes-
#5855706	REDUCE cov: 1633 ft: 7011 corp: 1459/293Kb lim: 4096 exec/s: 11260 rss: 515Mb L: 365/4076 MS: 1 EraseBytes-
#5856257	REDUCE cov: 1634 ft: 7012 corp: 1460/293Kb lim: 4096 exec/s: 11262 rss: 515Mb L: 337/4076 MS: 1 EraseBytes-
#5857514	REDUCE cov: 1634 ft: 7012 corp: 1460/293Kb lim: 4096 exec/s: 11242 rss: 515Mb L: 137/4076 MS: 2 ChangeASCIIInt-EraseBytes-
#5864335	REDUCE cov: 1634 ft: 7012 corp: 1460/293Kb lim: 4096 exec/s: 11255 rss: 515Mb L: 181/4076 MS: 1 EraseBytes-
#5870371	REDUCE cov: 1634 ft: 7012 corp: 1460/293Kb lim: 4096 exec/s: 11245 rss: 515Mb L: 394/4076 MS: 1 EraseBytes-
#5873197	REDUCE cov: 1634 ft: 7012 corp: 1460/293Kb lim: 4096 exec/s: 11251 rss: 515Mb L: 680/4076 MS: 1 EraseBytes-
#5875263	REDUCE cov: 1634 ft: 7012 corp: 1460/293Kb lim: 4096 exec/s: 11255 rss: 515Mb L: 317/4076 MS: 1 EraseBytes-
#5875674	REDUCE cov: 1634 ft: 7012 corp: 1460/293Kb lim: 4096 exec/s: 11256 rss: 515Mb L: 179/4076 MS: 1 EraseBytes-
#5875925	REDUCE cov: 1634 ft: 7012 corp: 1460/293Kb lim: 4096 exec/s: 11256 rss: 515Mb L: 173/4076 MS: 1 EraseBytes-
#5877091	REDUCE cov: 1634 ft: 7012 corp: 1460/293Kb lim: 4096 exec/s: 11258 rss: 515Mb L: 215/4076 MS: 1 EraseBytes-
#5877102	REDUCE cov: 1634 ft: 7012 corp: 1460/293Kb lim: 4096 exec/s: 11258 rss: 515Mb L: 37/4076 MS: 1 EraseBytes-
#5879594	REDUCE cov: 1634 ft: 7012 corp: 1460/293Kb lim: 4096 exec/s: 11263 rss: 515Mb L: 359/4076 MS: 2 ChangeASCIIInt-EraseBytes-
#5880006	REDUCE cov: 1634 ft: 7012 corp: 1460/293Kb lim: 4096 exec/s: 11242 rss: 515Mb L: 65/4076 MS: 2 ShuffleBytes-EraseBytes-
#5881537	REDUCE cov: 1634 ft: 7012 corp: 1460/293Kb lim: 4096 exec/s: 11245 rss: 515Mb L: 44/4076 MS: 1 EraseBytes-
#5883733	REDUCE cov: 1635 ft: 7013 corp: 1461/293Kb lim: 4096 exec/s: 11249 rss: 515Mb L: 281/4076 MS: 1 InsertByte-
#5883819	REDUCE cov: 1635 ft: 7013 corp: 1461/293Kb lim: 4096 exec/s: 11250 rss: 515Mb L: 43/4076 MS: 1 EraseBytes-
#5893660	REDUCE cov: 1635 ft: 7014 corp: 1462/294Kb lim: 4096 exec/s: 11268 rss: 515Mb L: 433/4076 MS: 1 CopyPart-
#5893991	NEW    cov: 1635 ft: 7020 corp: 1463/295Kb lim: 4096 exec/s: 11269 rss: 515Mb L: 737/4076 MS: 1 CopyPart-
#5894507	REDUCE cov: 1635 ft: 7021 corp: 1464/295Kb lim: 4096 exec/s: 11270 rss: 515Mb L: 306/4076 MS: 1 EraseBytes-
#5895393	REDUCE cov: 1635 ft: 7021 corp: 1464/295Kb lim: 4096 exec/s: 11250 rss: 515Mb L: 612/4076 MS: 1 EraseBytes-
#5896460	REDUCE cov: 1635 ft: 7021 corp: 1464/295Kb lim: 4096 exec/s: 11252 rss: 515Mb L: 290/4076 MS: 2 ShuffleBytes-EraseBytes-
#5897227	REDUCE cov: 1635 ft: 7021 corp: 1464/295Kb lim: 4096 exec/s: 11254 rss: 515Mb L: 198/4076 MS: 2 CrossOver-EraseBytes-
#5899948	REDUCE cov: 1635 ft: 7021 corp: 1464/295Kb lim: 4096 exec/s: 11259 rss: 515Mb L: 63/4076 MS: 1 EraseBytes-
#5900380	REDUCE cov: 1635 ft: 7021 corp: 1464/295Kb lim: 4096 exec/s: 11260 rss: 515Mb L: 395/4076 MS: 2 ChangeASCIIInt-EraseBytes-
#5901987	REDUCE cov: 1635 ft: 7021 corp: 1464/295Kb lim: 4096 exec/s: 11263 rss: 515Mb L: 1313/4076 MS: 2 ChangeBit-EraseBytes-
#5902338	REDUCE cov: 1635 ft: 7021 corp: 1464/295Kb lim: 4096 exec/s: 11264 rss: 515Mb L: 359/4076 MS: 1 EraseBytes-
#5903884	REDUCE cov: 1635 ft: 7021 corp: 1464/295Kb lim: 4096 exec/s: 11266 rss: 515Mb L: 1695/4076 MS: 1 EraseBytes-
#5904636	NEW    cov: 1636 ft: 7022 corp: 1465/295Kb lim: 4096 exec/s: 11268 rss: 515Mb L: 281/4076 MS: 2 ChangeBit-ChangeByte-
#5905687	REDUCE cov: 1636 ft: 7022 corp: 1465/295Kb lim: 4096 exec/s: 11270 rss: 515Mb L: 69/4076 MS: 1 EraseBytes-
#5908103	REDUCE cov: 1636 ft: 7022 corp: 1465/295Kb lim: 4096 exec/s: 11275 rss: 515Mb L: 22/4076 MS: 1 EraseBytes-
#5914282	REDUCE cov: 1636 ft: 7028 corp: 1466/297Kb lim: 4096 exec/s: 11265 rss: 515Mb L: 2214/4076 MS: 4 CopyPart-CopyPart-ChangeASCIIInt-CopyPart-
#5915358	REDUCE cov: 1636 ft: 7028 corp: 1466/297Kb lim: 4096 exec/s: 11267 rss: 515Mb L: 102/4076 MS: 1 EraseBytes-
#5916635	REDUCE cov: 1636 ft: 7028 corp: 1466/297Kb lim: 4096 exec/s: 11269 rss: 515Mb L: 125/4076 MS: 2 ChangeBinInt-EraseBytes-
#5917917	REDUCE cov: 1636 ft: 7028 corp: 1466/297Kb lim: 4096 exec/s: 11272 rss: 515Mb L: 6/4076 MS: 2 ChangeBinInt-EraseBytes-
#5920659	REDUCE cov: 1636 ft: 7028 corp: 1466/296Kb lim: 4096 exec/s: 11277 rss: 515Mb L: 1437/4076 MS: 2 CrossOver-EraseBytes-
#5924338	REDUCE cov: 1637 ft: 7029 corp: 1467/297Kb lim: 4096 exec/s: 11263 rss: 515Mb L: 446/4076 MS: 4 ChangeByte-ChangeBit-ChangeASCIIInt-EraseBytes-
#5924604	REDUCE cov: 1637 ft: 7029 corp: 1467/297Kb lim: 4096 exec/s: 11263 rss: 515Mb L: 1348/4076 MS: 1 EraseBytes-
#5924995	REDUCE cov: 1637 ft: 7029 corp: 1467/297Kb lim: 4096 exec/s: 11264 rss: 515Mb L: 98/4076 MS: 1 EraseBytes-
#5925206	REDUCE cov: 1637 ft: 7029 corp: 1467/296Kb lim: 4096 exec/s: 11264 rss: 515Mb L: 191/4076 MS: 1 EraseBytes-
#5927307	REDUCE cov: 1637 ft: 7029 corp: 1467/296Kb lim: 4096 exec/s: 11268 rss: 515Mb L: 394/4076 MS: 1 EraseBytes-
#5927383	REDUCE cov: 1637 ft: 7029 corp: 1467/296Kb lim: 4096 exec/s: 11268 rss: 515Mb L: 619/4076 MS: 1 EraseBytes-
#5928659	REDUCE cov: 1637 ft: 7029 corp: 1467/296Kb lim: 4096 exec/s: 11271 rss: 515Mb L: 34/4076 MS: 1 EraseBytes-
#5929530	REDUCE cov: 1637 ft: 7029 corp: 1467/296Kb lim: 4096 exec/s: 11272 rss: 515Mb L: 73/4076 MS: 1 EraseBytes-
#5930441	REDUCE cov: 1637 ft: 7029 corp: 1467/296Kb lim: 4096 exec/s: 11274 rss: 515Mb L: 24/4076 MS: 1 EraseBytes-
#5933628	REDUCE cov: 1637 ft: 7029 corp: 1467/296Kb lim: 4096 exec/s: 11280 rss: 515Mb L: 134/4076 MS: 2 ChangeASCIIInt-EraseBytes-
#5935244	REDUCE cov: 1637 ft: 7029 corp: 1467/296Kb lim: 4096 exec/s: 11283 rss: 515Mb L: 76/4076 MS: 1 EraseBytes-
#5939446	REDUCE cov: 1637 ft: 7029 corp: 1467/296Kb lim: 4096 exec/s: 11270 rss: 516Mb L: 1943/4076 MS: 2 InsertByte-EraseBytes-
#5939498	REDUCE cov: 1637 ft: 7029 corp: 1467/296Kb lim: 4096 exec/s: 11270 rss: 516Mb L: 379/4076 MS: 2 CopyPart-EraseBytes-
#5940479	REDUCE cov: 1637 ft: 7029 corp: 1467/296Kb lim: 4096 exec/s: 11272 rss: 517Mb L: 859/4076 MS: 1 EraseBytes-
#5941645	REDUCE cov: 1637 ft: 7029 corp: 1467/296Kb lim: 4096 exec/s: 11274 rss: 517Mb L: 237/4076 MS: 1 EraseBytes-
#5942641	REDUCE cov: 1637 ft: 7029 corp: 1467/296Kb lim: 4096 exec/s: 11276 rss: 517Mb L: 29/4076 MS: 1 EraseBytes-
#5943004	REDUCE cov: 1637 ft: 7029 corp: 1467/296Kb lim: 4096 exec/s: 11277 rss: 517Mb L: 217/4076 MS: 3 CrossOver-InsertByte-EraseBytes-
#5943750	REDUCE cov: 1637 ft: 7029 corp: 1467/296Kb lim: 4096 exec/s: 11278 rss: 517Mb L: 13/4076 MS: 1 EraseBytes-
#5946364	REDUCE cov: 1637 ft: 7029 corp: 1467/296Kb lim: 4096 exec/s: 11262 rss: 518Mb L: 431/4076 MS: 4 InsertRepeatedBytes-ChangeBinInt-ChangeASCIIInt-EraseBytes-
#5947845	REDUCE cov: 1637 ft: 7039 corp: 1468/297Kb lim: 4096 exec/s: 11264 rss: 518Mb L: 1039/4076 MS: 1 CopyPart-
#5952285	REDUCE cov: 1637 ft: 7039 corp: 1468/297Kb lim: 4096 exec/s: 11273 rss: 518Mb L: 243/4076 MS: 5 ShuffleBytes-ChangeBinInt-InsertRepeatedBytes-InsertByte-EraseBytes-
#5954381	REDUCE cov: 1637 ft: 7039 corp: 1468/297Kb lim: 4096 exec/s: 11277 rss: 518Mb L: 1319/4076 MS: 1 EraseBytes-
#5955363	REDUCE cov: 1637 ft: 7039 corp: 1468/297Kb lim: 4096 exec/s: 11279 rss: 518Mb L: 281/4076 MS: 2 ChangeASCIIInt-EraseBytes-
#5957496	NEW    cov: 1638 ft: 7040 corp: 1469/298Kb lim: 4096 exec/s: 11283 rss: 518Mb L: 1070/4076 MS: 3 CrossOver-ChangeBit-InsertRepeatedBytes-
#5958172	REDUCE cov: 1638 ft: 7040 corp: 1469/298Kb lim: 4096 exec/s: 11284 rss: 518Mb L: 2405/4076 MS: 1 EraseBytes-
#5958728	REDUCE cov: 1638 ft: 7040 corp: 1469/298Kb lim: 4096 exec/s: 11285 rss: 518Mb L: 727/4076 MS: 1 EraseBytes-
#5959284	REDUCE cov: 1638 ft: 7040 corp: 1469/298Kb lim: 4096 exec/s: 11286 rss: 518Mb L: 372/4076 MS: 1 EraseBytes-
#5959291	REDUCE cov: 1638 ft: 7040 corp: 1469/298Kb lim: 4096 exec/s: 11286 rss: 518Mb L: 61/4076 MS: 2 ChangeASCIIInt-EraseBytes-
#5961323	NEW    cov: 1638 ft: 7041 corp: 1470/299Kb lim: 4096 exec/s: 11269 rss: 518Mb L: 960/4076 MS: 2 InsertRepeatedBytes-EraseBytes-
#5962379	REDUCE cov: 1638 ft: 7041 corp: 1470/299Kb lim: 4096 exec/s: 11271 rss: 518Mb L: 16/4076 MS: 1 EraseBytes-
#5963060	REDUCE cov: 1638 ft: 7041 corp: 1470/299Kb lim: 4096 exec/s: 11272 rss: 518Mb L: 191/4076 MS: 1 EraseBytes-
#5963661	REDUCE cov: 1638 ft: 7041 corp: 1470/299Kb lim: 4096 exec/s: 11273 rss: 518Mb L: 976/4076 MS: 1 EraseBytes-
#5964347	REDUCE cov: 1638 ft: 7041 corp: 1470/299Kb lim: 4096 exec/s: 11274 rss: 518Mb L: 20/4076 MS: 1 EraseBytes-
#5964533	REDUCE cov: 1638 ft: 7041 corp: 1470/299Kb lim: 4096 exec/s: 11275 rss: 518Mb L: 804/4076 MS: 1 EraseBytes-
#5967754	REDUCE cov: 1638 ft: 7043 corp: 1471/300Kb lim: 4096 exec/s: 11281 rss: 519Mb L: 1143/4076 MS: 1 CopyPart-
#5969125	NEW    cov: 1638 ft: 7050 corp: 1472/302Kb lim: 4096 exec/s: 11283 rss: 519Mb L: 1675/4076 MS: 1 CopyPart-
#5971326	REDUCE cov: 1638 ft: 7050 corp: 1472/302Kb lim: 4096 exec/s: 11287 rss: 519Mb L: 58/4076 MS: 1 EraseBytes-
#5971387	REDUCE cov: 1638 ft: 7050 corp: 1472/301Kb lim: 4096 exec/s: 11288 rss: 519Mb L: 812/4076 MS: 1 EraseBytes-
#5972178	REDUCE cov: 1638 ft: 7050 corp: 1472/301Kb lim: 4096 exec/s: 11289 rss: 519Mb L: 154/4076 MS: 1 EraseBytes-
#5973219	REDUCE cov: 1638 ft: 7050 corp: 1472/301Kb lim: 4096 exec/s: 11291 rss: 519Mb L: 35/4076 MS: 1 EraseBytes-
#5974070	REDUCE cov: 1638 ft: 7050 corp: 1472/301Kb lim: 4096 exec/s: 11271 rss: 519Mb L: 10/4076 MS: 1 EraseBytes-
#5976321	REDUCE cov: 1638 ft: 7050 corp: 1472/301Kb lim: 4096 exec/s: 11276 rss: 519Mb L: 114/4076 MS: 1 EraseBytes-
#5977577	REDUCE cov: 1638 ft: 7050 corp: 1472/301Kb lim: 4096 exec/s: 11278 rss: 519Mb L: 97/4076 MS: 1 EraseBytes-
#5977838	REDUCE cov: 1638 ft: 7050 corp: 1472/301Kb lim: 4096 exec/s: 11278 rss: 519Mb L: 744/4076 MS: 1 EraseBytes-
#5979834	REDUCE cov: 1638 ft: 7050 corp: 1472/301Kb lim: 4096 exec/s: 11282 rss: 519Mb L: 22/4076 MS: 1 EraseBytes-
#5981111	REDUCE cov: 1638 ft: 7050 corp: 1472/301Kb lim: 4096 exec/s: 11285 rss: 519Mb L: 20/4076 MS: 2 ChangeASCIIInt-EraseBytes-
#5981872	REDUCE cov: 1638 ft: 7050 corp: 1472/301Kb lim: 4096 exec/s: 11286 rss: 519Mb L: 62/4076 MS: 1 EraseBytes-
#5986225	REDUCE cov: 1638 ft: 7050 corp: 1472/301Kb lim: 4096 exec/s: 11294 rss: 519Mb L: 22/4076 MS: 3 ChangeASCIIInt-CopyPart-EraseBytes-
#5987946	REDUCE cov: 1638 ft: 7050 corp: 1472/301Kb lim: 4096 exec/s: 11276 rss: 519Mb L: 115/4076 MS: 1 EraseBytes-
#5992572	REDUCE cov: 1638 ft: 7051 corp: 1473/302Kb lim: 4096 exec/s: 11285 rss: 519Mb L: 829/4076 MS: 1 InsertRepeatedBytes-
#5994883	REDUCE cov: 1638 ft: 7051 corp: 1473/302Kb lim: 4096 exec/s: 11289 rss: 519Mb L: 27/4076 MS: 1 EraseBytes-
#5995387	REDUCE cov: 1638 ft: 7051 corp: 1473/302Kb lim: 4096 exec/s: 11290 rss: 519Mb L: 41/4076 MS: 4 ChangeASCIIInt-PersAutoDict-InsertByte-EraseBytes- DE: "\377\377\377-"-
#5999033	REDUCE cov: 1638 ft: 7051 corp: 1473/302Kb lim: 4096 exec/s: 11297 rss: 519Mb L: 82/4076 MS: 1 EraseBytes-
#5999081	REDUCE cov: 1638 ft: 7051 corp: 1473/302Kb lim: 4096 exec/s: 11297 rss: 519Mb L: 156/4076 MS: 3 ChangeBit-ShuffleBytes-EraseBytes-
#6000637	REDUCE cov: 1638 ft: 7051 corp: 1473/302Kb lim: 4096 exec/s: 11279 rss: 519Mb L: 93/4076 MS: 1 EraseBytes-
#6000663	REDUCE cov: 1638 ft: 7051 corp: 1473/302Kb lim: 4096 exec/s: 11279 rss: 519Mb L: 172/4076 MS: 1 EraseBytes-
#6000949	REDUCE cov: 1638 ft: 7051 corp: 1473/302Kb lim: 4096 exec/s: 11279 rss: 519Mb L: 262/4076 MS: 1 EraseBytes-
#6001506	REDUCE cov: 1638 ft: 7051 corp: 1473/302Kb lim: 4096 exec/s: 11281 rss: 519Mb L: 156/4076 MS: 2 ChangeBit-EraseBytes-
#6001797	REDUCE cov: 1638 ft: 7051 corp: 1473/302Kb lim: 4096 exec/s: 11281 rss: 519Mb L: 23/4076 MS: 1 EraseBytes-
#6002378	REDUCE cov: 1638 ft: 7051 corp: 1473/302Kb lim: 4096 exec/s: 11282 rss: 519Mb L: 183/4076 MS: 1 EraseBytes-
#6002492	REDUCE cov: 1638 ft: 7051 corp: 1473/302Kb lim: 4096 exec/s: 11282 rss: 519Mb L: 182/4076 MS: 4 ChangeASCIIInt-CopyPart-CopyPart-EraseBytes-
#6004915	REDUCE cov: 1638 ft: 7051 corp: 1473/302Kb lim: 4096 exec/s: 11287 rss: 519Mb L: 56/4076 MS: 3 ChangeBit-ShuffleBytes-EraseBytes-
#6006124	REDUCE cov: 1638 ft: 7051 corp: 1473/302Kb lim: 4096 exec/s: 11289 rss: 519Mb L: 452/4076 MS: 4 InsertByte-ChangeByte-EraseBytes-CopyPart-
#6007850	REDUCE cov: 1638 ft: 7051 corp: 1473/302Kb lim: 4096 exec/s: 11292 rss: 519Mb L: 130/4076 MS: 1 EraseBytes-
#6009068	REDUCE cov: 1638 ft: 7051 corp: 1473/302Kb lim: 4096 exec/s: 11295 rss: 519Mb L: 543/4076 MS: 3 ChangeASCIIInt-EraseBytes-EraseBytes-
#6010231	NEW    cov: 1638 ft: 7064 corp: 1474/304Kb lim: 4096 exec/s: 11297 rss: 519Mb L: 2162/4076 MS: 3 InsertRepeatedBytes-ShuffleBytes-CopyPart-
#6011743	REDUCE cov: 1638 ft: 7064 corp: 1474/304Kb lim: 4096 exec/s: 11300 rss: 519Mb L: 478/4076 MS: 2 ShuffleBytes-EraseBytes-
#6011814	REDUCE cov: 1638 ft: 7064 corp: 1474/304Kb lim: 4096 exec/s: 11300 rss: 519Mb L: 70/4076 MS: 1 EraseBytes-
#6014270	REDUCE cov: 1638 ft: 7064 corp: 1474/304Kb lim: 4096 exec/s: 11283 rss: 519Mb L: 27/4076 MS: 1 EraseBytes-
#6017219	REDUCE cov: 1638 ft: 7064 corp: 1474/304Kb lim: 4096 exec/s: 11289 rss: 519Mb L: 1273/4076 MS: 4 ChangeASCIIInt-EraseBytes-PersAutoDict-CopyPart- DE: "\377\377\377\377\377\377\377\007"-
#6018110	REDUCE cov: 1638 ft: 7064 corp: 1474/304Kb lim: 4096 exec/s: 11291 rss: 519Mb L: 596/4076 MS: 1 EraseBytes-
#6019423	REDUCE cov: 1638 ft: 7064 corp: 1474/303Kb lim: 4096 exec/s: 11293 rss: 519Mb L: 300/4076 MS: 3 ShuffleBytes-InsertByte-EraseBytes-
#6020944	REDUCE cov: 1638 ft: 7064 corp: 1474/303Kb lim: 4096 exec/s: 11296 rss: 519Mb L: 19/4076 MS: 1 EraseBytes-
#6024415	REDUCE cov: 1638 ft: 7064 corp: 1474/303Kb lim: 4096 exec/s: 11302 rss: 519Mb L: 534/4076 MS: 1 EraseBytes-
#6026425	REDUCE cov: 1638 ft: 7064 corp: 1474/303Kb lim: 4096 exec/s: 11306 rss: 519Mb L: 585/4076 MS: 5 ChangeASCIIInt-ShuffleBytes-ChangeBinInt-ChangeBit-EraseBytes-
#6029262	REDUCE cov: 1638 ft: 7064 corp: 1474/303Kb lim: 4096 exec/s: 11290 rss: 519Mb L: 1271/4076 MS: 2 CrossOver-EraseBytes-
#6032748	REDUCE cov: 1638 ft: 7064 corp: 1474/303Kb lim: 4096 exec/s: 11297 rss: 519Mb L: 197/4076 MS: 1 EraseBytes-
#6039144	REDUCE cov: 1638 ft: 7064 corp: 1474/303Kb lim: 4096 exec/s: 11309 rss: 519Mb L: 23/4076 MS: 1 EraseBytes-
#6039720	REDUCE cov: 1638 ft: 7064 corp: 1474/303Kb lim: 4096 exec/s: 11310 rss: 519Mb L: 11/4076 MS: 1 EraseBytes-
#6041908	REDUCE cov: 1638 ft: 7064 corp: 1474/303Kb lim: 4096 exec/s: 11293 rss: 519Mb L: 39/4076 MS: 3 ChangeASCIIInt-ShuffleBytes-EraseBytes-
#6043349	REDUCE cov: 1638 ft: 7064 corp: 1474/303Kb lim: 4096 exec/s: 11295 rss: 519Mb L: 2030/4076 MS: 1 EraseBytes-
#6046718	REDUCE cov: 1638 ft: 7064 corp: 1474/303Kb lim: 4096 exec/s: 11302 rss: 519Mb L: 512/4076 MS: 4 ChangeASCIIInt-ChangeBit-ShuffleBytes-EraseBytes-
#6049264	REDUCE cov: 1638 ft: 7064 corp: 1474/303Kb lim: 4096 exec/s: 11307 rss: 519Mb L: 580/4076 MS: 1 EraseBytes-
#6051331	REDUCE cov: 1638 ft: 7064 corp: 1474/303Kb lim: 4096 exec/s: 11310 rss: 519Mb L: 8/4076 MS: 2 ShuffleBytes-EraseBytes-
#6051947	REDUCE cov: 1638 ft: 7064 corp: 1474/303Kb lim: 4096 exec/s: 11312 rss: 519Mb L: 102/4076 MS: 1 EraseBytes-
#6052303	REDUCE cov: 1638 ft: 7064 corp: 1474/303Kb lim: 4096 exec/s: 11312 rss: 519Mb L: 262/4076 MS: 1 EraseBytes-
#6052944	REDUCE cov: 1638 ft: 7064 corp: 1474/303Kb lim: 4096 exec/s: 11313 rss: 519Mb L: 945/4076 MS: 1 EraseBytes-
#6055131	REDUCE cov: 1638 ft: 7064 corp: 1474/303Kb lim: 4096 exec/s: 11296 rss: 519Mb L: 583/4076 MS: 2 ChangeASCIIInt-EraseBytes-
#6057562	REDUCE cov: 1638 ft: 7064 corp: 1474/303Kb lim: 4096 exec/s: 11301 rss: 519Mb L: 28/4076 MS: 1 EraseBytes-
#6058355	REDUCE cov: 1638 ft: 7064 corp: 1474/303Kb lim: 4096 exec/s: 11302 rss: 519Mb L: 146/4076 MS: 3 ChangeByte-ShuffleBytes-EraseBytes-
#6062616	REDUCE cov: 1638 ft: 7064 corp: 1474/303Kb lim: 4096 exec/s: 11310 rss: 519Mb L: 310/4076 MS: 1 EraseBytes-
#6064537	REDUCE cov: 1638 ft: 7064 corp: 1474/303Kb lim: 4096 exec/s: 11314 rss: 519Mb L: 70/4076 MS: 1 EraseBytes-
#6065508	REDUCE cov: 1638 ft: 7064 corp: 1474/303Kb lim: 4096 exec/s: 11316 rss: 519Mb L: 646/4076 MS: 1 EraseBytes-
#6065769	REDUCE cov: 1638 ft: 7064 corp: 1474/303Kb lim: 4096 exec/s: 11295 rss: 519Mb L: 43/4076 MS: 1 EraseBytes-
#6068061	REDUCE cov: 1638 ft: 7064 corp: 1474/303Kb lim: 4096 exec/s: 11299 rss: 519Mb L: 135/4076 MS: 2 ChangeByte-EraseBytes-
#6070207	REDUCE cov: 1638 ft: 7064 corp: 1474/303Kb lim: 4096 exec/s: 11303 rss: 519Mb L: 34/4076 MS: 1 EraseBytes-
#6070353	REDUCE cov: 1638 ft: 7064 corp: 1474/303Kb lim: 4096 exec/s: 11304 rss: 519Mb L: 58/4076 MS: 1 EraseBytes-
#6070819	REDUCE cov: 1638 ft: 7064 corp: 1474/303Kb lim: 4096 exec/s: 11305 rss: 519Mb L: 33/4076 MS: 1 EraseBytes-
#6076710	REDUCE cov: 1638 ft: 7064 corp: 1474/303Kb lim: 4096 exec/s: 11316 rss: 519Mb L: 333/4076 MS: 1 EraseBytes-
#6077519	REDUCE cov: 1638 ft: 7064 corp: 1474/303Kb lim: 4096 exec/s: 11317 rss: 519Mb L: 55/4076 MS: 4 EraseBytes-ChangeBinInt-InsertByte-InsertByte-
#6078870	REDUCE cov: 1638 ft: 7064 corp: 1474/303Kb lim: 4096 exec/s: 11299 rss: 519Mb L: 2114/4076 MS: 1 EraseBytes-
#6080161	REDUCE cov: 1638 ft: 7064 corp: 1474/303Kb lim: 4096 exec/s: 11301 rss: 519Mb L: 2093/4076 MS: 1 EraseBytes-
#6082387	REDUCE cov: 1638 ft: 7064 corp: 1474/303Kb lim: 4096 exec/s: 11305 rss: 519Mb L: 9/4076 MS: 1 EraseBytes-
#6082733	REDUCE cov: 1638 ft: 7064 corp: 1474/303Kb lim: 4096 exec/s: 11306 rss: 519Mb L: 35/4076 MS: 1 EraseBytes-
#6084045	REDUCE cov: 1638 ft: 7064 corp: 1474/303Kb lim: 4096 exec/s: 11308 rss: 519Mb L: 452/4076 MS: 2 ShuffleBytes-EraseBytes-
#6086766	REDUCE cov: 1638 ft: 7064 corp: 1474/303Kb lim: 4096 exec/s: 11313 rss: 519Mb L: 66/4076 MS: 1 EraseBytes-
#6088596	REDUCE cov: 1638 ft: 7064 corp: 1474/303Kb lim: 4096 exec/s: 11296 rss: 519Mb L: 151/4076 MS: 5 ChangeBinInt-CopyPart-ShuffleBytes-InsertByte-EraseBytes-
#6089297	REDUCE cov: 1638 ft: 7064 corp: 1474/303Kb lim: 4096 exec/s: 11297 rss: 519Mb L: 86/4076 MS: 1 EraseBytes-
#6089319	REDUCE cov: 1638 ft: 7064 corp: 1474/302Kb lim: 4096 exec/s: 11297 rss: 519Mb L: 1164/4076 MS: 2 CMP-EraseBytes- DE: "\317\000\000\000\000\000\000\000"-
#6089321	REDUCE cov: 1638 ft: 7064 corp: 1474/302Kb lim: 4096 exec/s: 11297 rss: 519Mb L: 33/4076 MS: 2 ChangeBit-EraseBytes-
#6093017	REDUCE cov: 1638 ft: 7064 corp: 1474/302Kb lim: 4096 exec/s: 11304 rss: 519Mb L: 447/4076 MS: 1 EraseBytes-
#6093168	REDUCE cov: 1638 ft: 7064 corp: 1474/302Kb lim: 4096 exec/s: 11304 rss: 519Mb L: 23/4076 MS: 1 EraseBytes-
#6094214	REDUCE cov: 1638 ft: 7064 corp: 1474/302Kb lim: 4096 exec/s: 11306 rss: 519Mb L: 159/4076 MS: 1 EraseBytes-
#6097010	REDUCE cov: 1638 ft: 7064 corp: 1474/302Kb lim: 4096 exec/s: 11311 rss: 519Mb L: 509/4076 MS: 1 EraseBytes-
#6098052	REDUCE cov: 1638 ft: 7064 corp: 1474/302Kb lim: 4096 exec/s: 11313 rss: 519Mb L: 129/4076 MS: 2 EraseBytes-ShuffleBytes-
#6099538	REDUCE cov: 1638 ft: 7064 corp: 1474/302Kb lim: 4096 exec/s: 11316 rss: 519Mb L: 56/4076 MS: 1 EraseBytes-
#6102265	NEW    cov: 1638 ft: 7070 corp: 1475/305Kb lim: 4096 exec/s: 11300 rss: 519Mb L: 2421/4076 MS: 2 ChangeASCIIInt-CopyPart-
#6105701	REDUCE cov: 1638 ft: 7070 corp: 1475/305Kb lim: 4096 exec/s: 11306 rss: 519Mb L: 736/4076 MS: 1 EraseBytes-
#6106142	REDUCE cov: 1638 ft: 7070 corp: 1475/305Kb lim: 4096 exec/s: 11307 rss: 519Mb L: 50/4076 MS: 1 EraseBytes-
#6109143	REDUCE cov: 1638 ft: 7070 corp: 1475/305Kb lim: 4096 exec/s: 11313 rss: 519Mb L: 197/4076 MS: 1 EraseBytes-
#6111372	REDUCE cov: 1638 ft: 7070 corp: 1475/305Kb lim: 4096 exec/s: 11317 rss: 519Mb L: 175/4076 MS: 4 ChangeByte-ChangeASCIIInt-ShuffleBytes-EraseBytes-
#6111761	REDUCE cov: 1638 ft: 7074 corp: 1476/308Kb lim: 4096 exec/s: 11318 rss: 519Mb L: 3336/4076 MS: 4 ShuffleBytes-ChangeByte-ChangeByte-CopyPart-
#6113333	REDUCE cov: 1638 ft: 7074 corp: 1476/308Kb lim: 4096 exec/s: 11320 rss: 519Mb L: 63/4076 MS: 2 CopyPart-EraseBytes-
#6114540	REDUCE cov: 1638 ft: 7074 corp: 1476/308Kb lim: 4096 exec/s: 11302 rss: 519Mb L: 943/4076 MS: 2 PersAutoDict-EraseBytes- DE: "2\357\277\275#\357\277\275"-
#6115488	NEW    cov: 1638 ft: 7079 corp: 1477/312Kb lim: 4096 exec/s: 11304 rss: 519Mb L: 3818/4076 MS: 3 CMP-ChangeByte-CopyPart- DE: "message"-
#6116760	REDUCE cov: 1638 ft: 7079 corp: 1477/312Kb lim: 4096 exec/s: 11306 rss: 519Mb L: 30/4076 MS: 2 ChangeASCIIInt-EraseBytes-
#6118817	REDUCE cov: 1638 ft: 7079 corp: 1477/311Kb lim: 4096 exec/s: 11310 rss: 519Mb L: 398/4076 MS: 2 InsertByte-EraseBytes-
#6119374	REDUCE cov: 1638 ft: 7079 corp: 1477/311Kb lim: 4096 exec/s: 11311 rss: 519Mb L: 179/4076 MS: 2 ChangeByte-EraseBytes-
#6119485	REDUCE cov: 1638 ft: 7079 corp: 1477/311Kb lim: 4096 exec/s: 11311 rss: 519Mb L: 10/4076 MS: 1 EraseBytes-
#6119838	NEW    cov: 1638 ft: 7082 corp: 1478/314Kb lim: 4096 exec/s: 11312 rss: 519Mb L: 2797/4076 MS: 3 ChangeByte-ChangeASCIIInt-EraseBytes-
#6126410	NEW    cov: 1638 ft: 7085 corp: 1479/316Kb lim: 4096 exec/s: 11303 rss: 519Mb L: 2069/4076 MS: 2 ChangeByte-EraseBytes-
#6128521	REDUCE cov: 1638 ft: 7085 corp: 1479/316Kb lim: 4096 exec/s: 11307 rss: 519Mb L: 94/4076 MS: 1 EraseBytes-
#6129137	REDUCE cov: 1638 ft: 7085 corp: 1479/316Kb lim: 4096 exec/s: 11308 rss: 519Mb L: 11/4076 MS: 1 EraseBytes-
#6129194	REDUCE cov: 1638 ft: 7085 corp: 1479/316Kb lim: 4096 exec/s: 11308 rss: 519Mb L: 1448/4076 MS: 2 CopyPart-EraseBytes-
#6136425	REDUCE cov: 1638 ft: 7085 corp: 1479/316Kb lim: 4096 exec/s: 11300 rss: 519Mb L: 89/4076 MS: 1 EraseBytes-
#6137321	REDUCE cov: 1638 ft: 7085 corp: 1479/316Kb lim: 4096 exec/s: 11302 rss: 519Mb L: 1428/4076 MS: 1 EraseBytes-
#6138617	REDUCE cov: 1638 ft: 7085 corp: 1479/316Kb lim: 4096 exec/s: 11305 rss: 519Mb L: 136/4076 MS: 1 EraseBytes-
#6141979	NEW    cov: 1638 ft: 7086 corp: 1480/319Kb lim: 4096 exec/s: 11311 rss: 519Mb L: 3168/4076 MS: 2 CrossOver-PersAutoDict- DE: "#)\357\277\2754e1 "-
#6142515	REDUCE cov: 1638 ft: 7086 corp: 1480/319Kb lim: 4096 exec/s: 11312 rss: 519Mb L: 1652/4076 MS: 1 EraseBytes-
#6143331	REDUCE cov: 1638 ft: 7086 corp: 1480/319Kb lim: 4096 exec/s: 11313 rss: 519Mb L: 14/4076 MS: 1 EraseBytes-
#6146802	REDUCE cov: 1638 ft: 7086 corp: 1480/319Kb lim: 4096 exec/s: 11299 rss: 519Mb L: 294/4076 MS: 1 EraseBytes-
#6148573	NEW    cov: 1638 ft: 7088 corp: 1481/323Kb lim: 4096 exec/s: 11302 rss: 519Mb L: 4021/4076 MS: 1 CopyPart-
#6150631	REDUCE cov: 1638 ft: 7088 corp: 1481/323Kb lim: 4096 exec/s: 11306 rss: 522Mb L: 2054/4076 MS: 3 CopyPart-ChangeBinInt-EraseBytes-
#6151447	REDUCE cov: 1638 ft: 7088 corp: 1481/323Kb lim: 4096 exec/s: 11307 rss: 523Mb L: 91/4076 MS: 1 EraseBytes-
#6153058	REDUCE cov: 1638 ft: 7088 corp: 1481/323Kb lim: 4096 exec/s: 11310 rss: 523Mb L: 19/4076 MS: 1 EraseBytes-
#6153135	REDUCE cov: 1638 ft: 7088 corp: 1481/323Kb lim: 4096 exec/s: 11310 rss: 523Mb L: 3804/4076 MS: 2 ChangeByte-EraseBytes-
#6156264	REDUCE cov: 1638 ft: 7088 corp: 1481/322Kb lim: 4096 exec/s: 11316 rss: 523Mb L: 1332/4076 MS: 4 ShuffleBytes-CrossOver-ShuffleBytes-EraseBytes-
#6156475	REDUCE cov: 1638 ft: 7088 corp: 1481/322Kb lim: 4096 exec/s: 11317 rss: 523Mb L: 277/4076 MS: 1 EraseBytes-
#6157047	REDUCE cov: 1638 ft: 7088 corp: 1481/322Kb lim: 4096 exec/s: 11318 rss: 523Mb L: 59/4076 MS: 2 ChangeBit-EraseBytes-
#6159809	REDUCE cov: 1638 ft: 7088 corp: 1481/322Kb lim: 4096 exec/s: 11302 rss: 524Mb L: 2353/4076 MS: 2 ChangeASCIIInt-EraseBytes-
#6160060	REDUCE cov: 1638 ft: 7088 corp: 1481/322Kb lim: 4096 exec/s: 11302 rss: 524Mb L: 156/4076 MS: 1 EraseBytes-
#6160486	REDUCE cov: 1638 ft: 7088 corp: 1481/322Kb lim: 4096 exec/s: 11303 rss: 524Mb L: 788/4076 MS: 1 EraseBytes-
#6160492	REDUCE cov: 1638 ft: 7088 corp: 1481/322Kb lim: 4096 exec/s: 11303 rss: 524Mb L: 121/4076 MS: 1 EraseBytes-
#6161498	REDUCE cov: 1638 ft: 7088 corp: 1481/322Kb lim: 4096 exec/s: 11305 rss: 524Mb L: 723/4076 MS: 1 EraseBytes-
#6163414	REDUCE cov: 1638 ft: 7088 corp: 1481/322Kb lim: 4096 exec/s: 11309 rss: 524Mb L: 11/4076 MS: 1 EraseBytes-
#6164223	REDUCE cov: 1638 ft: 7088 corp: 1481/322Kb lim: 4096 exec/s: 11310 rss: 524Mb L: 2/4076 MS: 4 EraseBytes-ShuffleBytes-ChangeByte-ShuffleBytes-
#6165709	REDUCE cov: 1638 ft: 7088 corp: 1481/322Kb lim: 4096 exec/s: 11292 rss: 524Mb L: 355/4076 MS: 1 EraseBytes-
#6166255	REDUCE cov: 1638 ft: 7088 corp: 1481/322Kb lim: 4096 exec/s: 11293 rss: 524Mb L: 72/4076 MS: 1 EraseBytes-
#6168193	REDUCE cov: 1638 ft: 7088 corp: 1481/322Kb lim: 4096 exec/s: 11297 rss: 524Mb L: 3211/4076 MS: 3 ShuffleBytes-ChangeASCIIInt-EraseBytes-
#6168604	REDUCE cov: 1638 ft: 7088 corp: 1481/322Kb lim: 4096 exec/s: 11297 rss: 524Mb L: 74/4076 MS: 1 EraseBytes-
#6171053	REDUCE cov: 1638 ft: 7088 corp: 1481/322Kb lim: 4096 exec/s: 11302 rss: 524Mb L: 166/4076 MS: 4 InsertByte-ChangeBit-ChangeASCIIInt-EraseBytes-
#6173824	REDUCE cov: 1638 ft: 7088 corp: 1481/322Kb lim: 4096 exec/s: 11286 rss: 524Mb L: 21/4076 MS: 1 EraseBytes-
#6174815	REDUCE cov: 1638 ft: 7088 corp: 1481/322Kb lim: 4096 exec/s: 11288 rss: 524Mb L: 14/4076 MS: 1 EraseBytes-
#6175286	REDUCE cov: 1638 ft: 7088 corp: 1481/321Kb lim: 4096 exec/s: 11289 rss: 524Mb L: 784/4076 MS: 1 EraseBytes-
#6175613	REDUCE cov: 1638 ft: 7088 corp: 1481/321Kb lim: 4096 exec/s: 11289 rss: 524Mb L: 538/4076 MS: 2 InsertByte-EraseBytes-
#6177274	REDUCE cov: 1638 ft: 7088 corp: 1481/321Kb lim: 4096 exec/s: 11293 rss: 524Mb L: 248/4076 MS: 1 EraseBytes-
#6183660	REDUCE cov: 1638 ft: 7088 corp: 1481/321Kb lim: 4096 exec/s: 11284 rss: 524Mb L: 134/4076 MS: 1 EraseBytes-
#6183861	REDUCE cov: 1638 ft: 7088 corp: 1481/321Kb lim: 4096 exec/s: 11284 rss: 524Mb L: 323/4076 MS: 1 EraseBytes-
#6187082	REDUCE cov: 1638 ft: 7088 corp: 1481/321Kb lim: 4096 exec/s: 11269 rss: 524Mb L: 290/4076 MS: 1 EraseBytes-
#6190876	REDUCE cov: 1638 ft: 7088 corp: 1481/321Kb lim: 4096 exec/s: 11276 rss: 524Mb L: 1582/4076 MS: 4 EraseBytes-ShuffleBytes-ChangeBit-ChangeByte-
#6195592	REDUCE cov: 1638 ft: 7088 corp: 1481/321Kb lim: 4096 exec/s: 11264 rss: 524Mb L: 80/4076 MS: 1 EraseBytes-
#6202673	REDUCE cov: 1638 ft: 7088 corp: 1481/321Kb lim: 4096 exec/s: 11257 rss: 524Mb L: 274/4076 MS: 1 EraseBytes-
#6203290	REDUCE cov: 1638 ft: 7088 corp: 1481/321Kb lim: 4096 exec/s: 11258 rss: 524Mb L: 29/4076 MS: 2 ChangeByte-EraseBytes-
#6204067	REDUCE cov: 1638 ft: 7088 corp: 1481/321Kb lim: 4096 exec/s: 11259 rss: 524Mb L: 55/4076 MS: 2 ChangeByte-EraseBytes-
#6204324	REDUCE cov: 1638 ft: 7088 corp: 1481/321Kb lim: 4096 exec/s: 11260 rss: 524Mb L: 253/4076 MS: 2 ChangeBit-EraseBytes-
#6204498	REDUCE cov: 1638 ft: 7088 corp: 1481/321Kb lim: 4096 exec/s: 11260 rss: 524Mb L: 110/4076 MS: 4 ChangeBinInt-CopyPart-InsertByte-EraseBytes-
#6204524	REDUCE cov: 1638 ft: 7088 corp: 1481/321Kb lim: 4096 exec/s: 11260 rss: 524Mb L: 508/4076 MS: 1 EraseBytes-
#6205980	NEW    cov: 1638 ft: 7098 corp: 1482/325Kb lim: 4096 exec/s: 11263 rss: 524Mb L: 4082/4082 MS: 1 CopyPart-
#6209401	REDUCE cov: 1638 ft: 7098 corp: 1482/325Kb lim: 4096 exec/s: 11248 rss: 524Mb L: 64/4082 MS: 1 EraseBytes-
#6210237	REDUCE cov: 1638 ft: 7098 corp: 1482/325Kb lim: 4096 exec/s: 11250 rss: 524Mb L: 58/4082 MS: 1 EraseBytes-
#6210428	REDUCE cov: 1638 ft: 7098 corp: 1482/325Kb lim: 4096 exec/s: 11250 rss: 524Mb L: 922/4082 MS: 1 EraseBytes-
#6213524	REDUCE cov: 1638 ft: 7098 corp: 1482/325Kb lim: 4096 exec/s: 11256 rss: 524Mb L: 27/4082 MS: 1 EraseBytes-
#6214695	REDUCE cov: 1638 ft: 7098 corp: 1482/325Kb lim: 4096 exec/s: 11238 rss: 524Mb L: 2159/4082 MS: 1 EraseBytes-
#6216721	REDUCE cov: 1638 ft: 7098 corp: 1482/325Kb lim: 4096 exec/s: 11241 rss: 524Mb L: 42/4082 MS: 1 EraseBytes-
#6216954	REDUCE cov: 1638 ft: 7098 corp: 1482/325Kb lim: 4096 exec/s: 11242 rss: 524Mb L: 335/4082 MS: 3 ChangeBit-InsertByte-EraseBytes-
#6217061	REDUCE cov: 1638 ft: 7098 corp: 1482/325Kb lim: 4096 exec/s: 11242 rss: 524Mb L: 2345/4082 MS: 2 ChangeBinInt-EraseBytes-
#6217862	REDUCE cov: 1638 ft: 7098 corp: 1482/325Kb lim: 4096 exec/s: 11243 rss: 524Mb L: 8/4082 MS: 1 EraseBytes-
#6222218	REDUCE cov: 1638 ft: 7098 corp: 1482/325Kb lim: 4096 exec/s: 11251 rss: 524Mb L: 179/4082 MS: 1 EraseBytes-
#6229442	REDUCE cov: 1638 ft: 7098 corp: 1482/325Kb lim: 4096 exec/s: 11244 rss: 524Mb L: 2494/4082 MS: 4 InsertRepeatedBytes-ChangeBit-PersAutoDict-EraseBytes- DE: ")\357\277\275\357\277\275"-
#6229503	REDUCE cov: 1638 ft: 7098 corp: 1482/325Kb lim: 4096 exec/s: 11244 rss: 524Mb L: 1156/4082 MS: 1 CrossOver-
#6231414	REDUCE cov: 1638 ft: 7098 corp: 1482/325Kb lim: 4096 exec/s: 11248 rss: 524Mb L: 54/4082 MS: 1 EraseBytes-
#6231580	REDUCE cov: 1638 ft: 7098 corp: 1482/325Kb lim: 4096 exec/s: 11248 rss: 524Mb L: 17/4082 MS: 1 EraseBytes-
#6236676	NEW    cov: 1638 ft: 7104 corp: 1483/328Kb lim: 4096 exec/s: 11257 rss: 524Mb L: 3925/4082 MS: 1 CopyPart-
#6236907	REDUCE cov: 1638 ft: 7104 corp: 1483/328Kb lim: 4096 exec/s: 11257 rss: 524Mb L: 165/4082 MS: 1 EraseBytes-
#6237458	REDUCE cov: 1638 ft: 7104 corp: 1483/328Kb lim: 4096 exec/s: 11258 rss: 524Mb L: 1605/4082 MS: 1 EraseBytes-
#6237985	REDUCE cov: 1638 ft: 7104 corp: 1483/328Kb lim: 4096 exec/s: 11239 rss: 524Mb L: 496/4082 MS: 2 ChangeByte-EraseBytes-
#6240161	REDUCE cov: 1638 ft: 7104 corp: 1483/328Kb lim: 4096 exec/s: 11243 rss: 524Mb L: 19/4082 MS: 1 EraseBytes-
#6241537	REDUCE cov: 1638 ft: 7104 corp: 1483/328Kb lim: 4096 exec/s: 11246 rss: 524Mb L: 54/4082 MS: 1 EraseBytes-
#6243353	REDUCE cov: 1638 ft: 7104 corp: 1483/328Kb lim: 4096 exec/s: 11249 rss: 524Mb L: 27/4082 MS: 1 EraseBytes-
#6244664	REDUCE cov: 1638 ft: 7104 corp: 1483/328Kb lim: 4096 exec/s: 11251 rss: 524Mb L: 140/4082 MS: 1 EraseBytes-
#6246675	REDUCE cov: 1638 ft: 7104 corp: 1483/328Kb lim: 4096 exec/s: 11255 rss: 524Mb L: 685/4082 MS: 1 EraseBytes-
#6250361	REDUCE cov: 1638 ft: 7104 corp: 1483/328Kb lim: 4096 exec/s: 11241 rss: 524Mb L: 150/4082 MS: 1 EraseBytes-
#6251662	REDUCE cov: 1638 ft: 7104 corp: 1483/328Kb lim: 4096 exec/s: 11243 rss: 524Mb L: 14/4082 MS: 1 EraseBytes-
#6253648	REDUCE cov: 1638 ft: 7104 corp: 1483/328Kb lim: 4096 exec/s: 11247 rss: 524Mb L: 29/4082 MS: 1 EraseBytes-
#6261334	REDUCE cov: 1638 ft: 7104 corp: 1483/328Kb lim: 4096 exec/s: 11241 rss: 524Mb L: 20/4082 MS: 1 EraseBytes-
#6261660	REDUCE cov: 1638 ft: 7104 corp: 1483/328Kb lim: 4096 exec/s: 11241 rss: 524Mb L: 469/4082 MS: 1 EraseBytes-
#6263886	REDUCE cov: 1638 ft: 7104 corp: 1483/328Kb lim: 4096 exec/s: 11245 rss: 524Mb L: 1938/4082 MS: 1 EraseBytes-
#6266112	REDUCE cov: 1638 ft: 7104 corp: 1483/328Kb lim: 4096 exec/s: 11249 rss: 524Mb L: 20/4082 MS: 1 EraseBytes-
#6266399	REDUCE cov: 1638 ft: 7104 corp: 1483/328Kb lim: 4096 exec/s: 11250 rss: 524Mb L: 76/4082 MS: 2 ChangeASCIIInt-EraseBytes-
#6267025	REDUCE cov: 1638 ft: 7104 corp: 1483/328Kb lim: 4096 exec/s: 11251 rss: 524Mb L: 250/4082 MS: 1 EraseBytes-
#6268636	REDUCE cov: 1638 ft: 7104 corp: 1483/328Kb lim: 4096 exec/s: 11254 rss: 524Mb L: 17/4082 MS: 1 EraseBytes-
#6271377	REDUCE cov: 1638 ft: 7104 corp: 1483/328Kb lim: 4096 exec/s: 11239 rss: 524Mb L: 2818/4082 MS: 1 EraseBytes-
#6271984	REDUCE cov: 1638 ft: 7104 corp: 1483/328Kb lim: 4096 exec/s: 11240 rss: 524Mb L: 232/4082 MS: 2 CopyPart-EraseBytes-
#6272491	REDUCE cov: 1638 ft: 7104 corp: 1483/328Kb lim: 4096 exec/s: 11241 rss: 524Mb L: 381/4082 MS: 2 CMP-EraseBytes- DE: "\201\000\000\000\000\000\000\003"-
#6273802	REDUCE cov: 1638 ft: 7104 corp: 1483/328Kb lim: 4096 exec/s: 11243 rss: 524Mb L: 28/4082 MS: 1 EraseBytes-
#6275030	REDUCE cov: 1638 ft: 7104 corp: 1483/328Kb lim: 4096 exec/s: 11245 rss: 524Mb L: 43/4082 MS: 3 ChangeASCIIInt-ChangeBinInt-EraseBytes-
#6275366	REDUCE cov: 1638 ft: 7104 corp: 1483/328Kb lim: 4096 exec/s: 11246 rss: 524Mb L: 178/4082 MS: 1 EraseBytes-
#6278197	REDUCE cov: 1638 ft: 7104 corp: 1483/328Kb lim: 4096 exec/s: 11251 rss: 524Mb L: 2278/4082 MS: 1 EraseBytes-
#6278873	REDUCE cov: 1638 ft: 7104 corp: 1483/328Kb lim: 4096 exec/s: 11232 rss: 524Mb L: 41/4082 MS: 1 EraseBytes-
#6283024	REDUCE cov: 1638 ft: 7104 corp: 1483/328Kb lim: 4096 exec/s: 11239 rss: 524Mb L: 26/4082 MS: 1 EraseBytes-
#6284647	REDUCE cov: 1638 ft: 7104 corp: 1483/328Kb lim: 4096 exec/s: 11242 rss: 524Mb L: 12/4082 MS: 3 ChangeBit-EraseBytes-ChangeByte-
#6285658	REDUCE cov: 1638 ft: 7104 corp: 1483/328Kb lim: 4096 exec/s: 11244 rss: 524Mb L: 149/4082 MS: 1 EraseBytes-
#6286855	REDUCE cov: 1638 ft: 7104 corp: 1483/328Kb lim: 4096 exec/s: 11246 rss: 524Mb L: 373/4082 MS: 2 InsertRepeatedBytes-EraseBytes-
#6287852	REDUCE cov: 1638 ft: 7104 corp: 1483/328Kb lim: 4096 exec/s: 11248 rss: 524Mb L: 39/4082 MS: 2 ChangeBit-EraseBytes-
#6287898	REDUCE cov: 1638 ft: 7104 corp: 1483/328Kb lim: 4096 exec/s: 11248 rss: 524Mb L: 34/4082 MS: 1 EraseBytes-
#6291189	REDUCE cov: 1638 ft: 7104 corp: 1483/327Kb lim: 4096 exec/s: 11234 rss: 524Mb L: 655/4082 MS: 1 EraseBytes-
#6293485	REDUCE cov: 1638 ft: 7104 corp: 1483/327Kb lim: 4096 exec/s: 11238 rss: 524Mb L: 584/4082 MS: 1 EraseBytes-
#6295161	REDUCE cov: 1638 ft: 7104 corp: 1483/327Kb lim: 4096 exec/s: 11241 rss: 524Mb L: 17/4082 MS: 1 EraseBytes-
#6298582	REDUCE cov: 1638 ft: 7104 corp: 1483/327Kb lim: 4096 exec/s: 11227 rss: 524Mb L: 2118/4082 MS: 1 EraseBytes-
#6298859	NEW    cov: 1638 ft: 7110 corp: 1484/329Kb lim: 4096 exec/s: 11227 rss: 524Mb L: 1747/4082 MS: 2 ChangeASCIIInt-CopyPart-
#6299816	REDUCE cov: 1638 ft: 7110 corp: 1484/329Kb lim: 4096 exec/s: 11229 rss: 524Mb L: 547/4082 MS: 2 ChangeBinInt-EraseBytes-
#6305426	REDUCE cov: 1638 ft: 7110 corp: 1484/329Kb lim: 4096 exec/s: 11219 rss: 524Mb L: 155/4082 MS: 5 ChangeByte-ShuffleBytes-ChangeByte-InsertByte-EraseBytes-
#6309958	REDUCE cov: 1638 ft: 7110 corp: 1484/329Kb lim: 4096 exec/s: 11227 rss: 524Mb L: 84/4082 MS: 2 InsertByte-EraseBytes-
#6311419	REDUCE cov: 1638 ft: 7110 corp: 1484/329Kb lim: 4096 exec/s: 11210 rss: 524Mb L: 230/4082 MS: 1 EraseBytes-
#6312400	REDUCE cov: 1638 ft: 7110 corp: 1484/329Kb lim: 4096 exec/s: 11212 rss: 524Mb L: 1536/4082 MS: 1 EraseBytes-
#6313566	REDUCE cov: 1638 ft: 7110 corp: 1484/329Kb lim: 4096 exec/s: 11214 rss: 524Mb L: 36/4082 MS: 1 EraseBytes-
#6313742	REDUCE cov: 1638 ft: 7110 corp: 1484/329Kb lim: 4096 exec/s: 11214 rss: 524Mb L: 15/4082 MS: 1 EraseBytes-
#6314084	REDUCE cov: 1638 ft: 7110 corp: 1484/329Kb lim: 4096 exec/s: 11215 rss: 524Mb L: 742/4082 MS: 2 ChangeBit-EraseBytes-
#6323855	REDUCE cov: 1638 ft: 7110 corp: 1484/329Kb lim: 4096 exec/s: 11212 rss: 524Mb L: 354/4082 MS: 1 EraseBytes-
#6326636	REDUCE cov: 1638 ft: 7110 corp: 1484/329Kb lim: 4096 exec/s: 11197 rss: 524Mb L: 5/4082 MS: 1 EraseBytes-
#6330283	REDUCE cov: 1638 ft: 7111 corp: 1485/329Kb lim: 4096 exec/s: 11204 rss: 524Mb L: 340/4082 MS: 2 CopyPart-CopyPart-
#6330964	REDUCE cov: 1638 ft: 7111 corp: 1485/329Kb lim: 4096 exec/s: 11205 rss: 524Mb L: 83/4082 MS: 1 EraseBytes-
#6331050	REDUCE cov: 1638 ft: 7111 corp: 1485/329Kb lim: 4096 exec/s: 11205 rss: 524Mb L: 2098/4082 MS: 1 EraseBytes-
#6332031	REDUCE cov: 1638 ft: 7111 corp: 1485/329Kb lim: 4096 exec/s: 11187 rss: 524Mb L: 4017/4082 MS: 1 EraseBytes-
#6338727	REDUCE cov: 1638 ft: 7111 corp: 1485/329Kb lim: 4096 exec/s: 11199 rss: 524Mb L: 818/4082 MS: 1 EraseBytes-
#6340009	NEW    cov: 1638 ft: 7112 corp: 1486/333Kb lim: 4096 exec/s: 11181 rss: 524Mb L: 4082/4082 MS: 2 PersAutoDict-CopyPart- DE: "\377\377\377\370"-
#6340901	REDUCE cov: 1638 ft: 7112 corp: 1486/333Kb lim: 4096 exec/s: 11183 rss: 524Mb L: 29/4082 MS: 2 ChangeASCIIInt-EraseBytes-
#6343789	REDUCE cov: 1638 ft: 7112 corp: 1486/333Kb lim: 4096 exec/s: 11188 rss: 524Mb L: 454/4082 MS: 3 ShuffleBytes-ChangeASCIIInt-EraseBytes-
#6346743	REDUCE cov: 1638 ft: 7112 corp: 1486/333Kb lim: 4096 exec/s: 11193 rss: 524Mb L: 40/4082 MS: 4 CrossOver-CopyPart-ChangeBinInt-EraseBytes-
#6348214	REDUCE cov: 1638 ft: 7112 corp: 1486/333Kb lim: 4096 exec/s: 11196 rss: 524Mb L: 310/4082 MS: 1 EraseBytes-
#6349410	REDUCE cov: 1638 ft: 7112 corp: 1486/333Kb lim: 4096 exec/s: 11178 rss: 525Mb L: 71/4082 MS: 1 EraseBytes-
#6353166	REDUCE cov: 1638 ft: 7112 corp: 1486/333Kb lim: 4096 exec/s: 11185 rss: 528Mb L: 35/4082 MS: 1 EraseBytes-
#6354623	REDUCE cov: 1638 ft: 7112 corp: 1486/333Kb lim: 4096 exec/s: 11187 rss: 528Mb L: 516/4082 MS: 2 InsertRepeatedBytes-EraseBytes-
#6359819	REDUCE cov: 1638 ft: 7112 corp: 1486/333Kb lim: 4096 exec/s: 11177 rss: 534Mb L: 1250/4082 MS: 1 EraseBytes-
#6360210	REDUCE cov: 1638 ft: 7112 corp: 1486/333Kb lim: 4096 exec/s: 11177 rss: 534Mb L: 13/4082 MS: 1 EraseBytes-
#6360896	REDUCE cov: 1638 ft: 7112 corp: 1486/333Kb lim: 4096 exec/s: 11179 rss: 535Mb L: 1288/4082 MS: 1 EraseBytes-
#6361243	REDUCE cov: 1638 ft: 7112 corp: 1486/333Kb lim: 4096 exec/s: 11179 rss: 535Mb L: 306/4082 MS: 2 ChangeASCIIInt-EraseBytes-
#6362345	REDUCE cov: 1638 ft: 7112 corp: 1486/333Kb lim: 4096 exec/s: 11181 rss: 535Mb L: 163/4082 MS: 2 ShuffleBytes-EraseBytes-
#6365525	REDUCE cov: 1638 ft: 7112 corp: 1486/333Kb lim: 4096 exec/s: 11187 rss: 539Mb L: 1424/4082 MS: 5 ChangeASCIIInt-CopyPart-InsertRepeatedBytes-PersAutoDict-EraseBytes- DE: "messa"-
#6368596	REDUCE cov: 1638 ft: 7112 corp: 1486/333Kb lim: 4096 exec/s: 11172 rss: 540Mb L: 30/4082 MS: 1 EraseBytes-
#6370259	REDUCE cov: 1638 ft: 7112 corp: 1486/333Kb lim: 4096 exec/s: 11175 rss: 540Mb L: 3124/4082 MS: 3 ShuffleBytes-CopyPart-EraseBytes-
#6371840	REDUCE cov: 1638 ft: 7112 corp: 1486/333Kb lim: 4096 exec/s: 11178 rss: 540Mb L: 482/4082 MS: 1 EraseBytes-
#6371893	REDUCE cov: 1638 ft: 7112 corp: 1486/333Kb lim: 4096 exec/s: 11178 rss: 540Mb L: 25/4082 MS: 3 EraseBytes-EraseBytes-PersAutoDict- DE: "\376\377\377\377"-
#6372209	REDUCE cov: 1638 ft: 7112 corp: 1486/333Kb lim: 4096 exec/s: 11179 rss: 540Mb L: 12/4082 MS: 1 EraseBytes-
#6372325	REDUCE cov: 1638 ft: 7112 corp: 1486/333Kb lim: 4096 exec/s: 11179 rss: 540Mb L: 21/4082 MS: 1 EraseBytes-
#6374001	REDUCE cov: 1638 ft: 7112 corp: 1486/333Kb lim: 4096 exec/s: 11182 rss: 540Mb L: 237/4082 MS: 1 EraseBytes-
#6374223	REDUCE cov: 1638 ft: 7112 corp: 1486/333Kb lim: 4096 exec/s: 11182 rss: 540Mb L: 62/4082 MS: 2 ChangeASCIIInt-EraseBytes-
#6374570	REDUCE cov: 1638 ft: 7112 corp: 1486/333Kb lim: 4096 exec/s: 11183 rss: 540Mb L: 244/4082 MS: 2 ChangeASCIIInt-EraseBytes-
#6376361	REDUCE cov: 1638 ft: 7112 corp: 1486/333Kb lim: 4096 exec/s: 11186 rss: 540Mb L: 504/4082 MS: 1 EraseBytes-
#6376398	REDUCE cov: 1638 ft: 7112 corp: 1486/332Kb lim: 4096 exec/s: 11186 rss: 540Mb L: 138/4082 MS: 2 ChangeASCIIInt-EraseBytes-
#6379044	REDUCE cov: 1638 ft: 7112 corp: 1486/332Kb lim: 4096 exec/s: 11171 rss: 540Mb L: 1905/4082 MS: 1 EraseBytes-
#6386425	REDUCE cov: 1638 ft: 7112 corp: 1486/332Kb lim: 4096 exec/s: 11165 rss: 540Mb L: 889/4082 MS: 1 EraseBytes-
#6386616	REDUCE cov: 1638 ft: 7112 corp: 1486/332Kb lim: 4096 exec/s: 11165 rss: 540Mb L: 62/4082 MS: 1 EraseBytes-
#6387582	REDUCE cov: 1638 ft: 7112 corp: 1486/332Kb lim: 4096 exec/s: 11167 rss: 540Mb L: 19/4082 MS: 1 EraseBytes-
#6388075	REDUCE cov: 1638 ft: 7112 corp: 1486/332Kb lim: 4096 exec/s: 11167 rss: 540Mb L: 1247/4082 MS: 3 CrossOver-ChangeBinInt-EraseBytes-
#6392226	REDUCE cov: 1638 ft: 7112 corp: 1486/332Kb lim: 4096 exec/s: 11175 rss: 540Mb L: 22/4082 MS: 1 EraseBytes-
#6392597	REDUCE cov: 1638 ft: 7115 corp: 1487/336Kb lim: 4096 exec/s: 11175 rss: 540Mb L: 4053/4082 MS: 1 CopyPart-
#6394424	REDUCE cov: 1638 ft: 7115 corp: 1487/336Kb lim: 4096 exec/s: 11179 rss: 540Mb L: 1212/4082 MS: 2 ChangeBinInt-EraseBytes-
#6395640	REDUCE cov: 1638 ft: 7115 corp: 1487/336Kb lim: 4096 exec/s: 11161 rss: 540Mb L: 1006/4082 MS: 1 EraseBytes-
#6395922	REDUCE cov: 1638 ft: 7115 corp: 1487/336Kb lim: 4096 exec/s: 11162 rss: 540Mb L: 1030/4082 MS: 2 EraseBytes-CopyPart-
#6398448	REDUCE cov: 1638 ft: 7115 corp: 1487/336Kb lim: 4096 exec/s: 11166 rss: 540Mb L: 100/4082 MS: 1 EraseBytes-
#6402804	REDUCE cov: 1638 ft: 7115 corp: 1487/336Kb lim: 4096 exec/s: 11174 rss: 540Mb L: 3577/4082 MS: 1 EraseBytes-
#6403501	REDUCE cov: 1638 ft: 7115 corp: 1487/336Kb lim: 4096 exec/s: 11175 rss: 540Mb L: 1281/4082 MS: 1 EraseBytes-
#6405527	REDUCE cov: 1638 ft: 7115 corp: 1487/336Kb lim: 4096 exec/s: 11159 rss: 540Mb L: 374/4082 MS: 1 EraseBytes-
#6406798	REDUCE cov: 1638 ft: 7115 corp: 1487/336Kb lim: 4096 exec/s: 11161 rss: 540Mb L: 22/4082 MS: 1 EraseBytes-
#6407825	REDUCE cov: 1638 ft: 7115 corp: 1487/336Kb lim: 4096 exec/s: 11163 rss: 540Mb L: 50/4082 MS: 2 ChangeASCIIInt-EraseBytes-
#6408097	REDUCE cov: 1638 ft: 7115 corp: 1487/336Kb lim: 4096 exec/s: 11163 rss: 540Mb L: 3942/4082 MS: 2 ShuffleBytes-EraseBytes-
#6409418	REDUCE cov: 1638 ft: 7115 corp: 1487/336Kb lim: 4096 exec/s: 11166 rss: 540Mb L: 39/4082 MS: 1 EraseBytes-
#6409732	REDUCE cov: 1638 ft: 7115 corp: 1487/336Kb lim: 4096 exec/s: 11166 rss: 540Mb L: 320/4082 MS: 4 CrossOver-CopyPart-ChangeASCIIInt-EraseBytes-
#6410755	NEW    cov: 1638 ft: 7116 corp: 1488/340Kb lim: 4096 exec/s: 11168 rss: 540Mb L: 4063/4082 MS: 3 ChangeByte-ChangeBit-InsertRepeatedBytes-
#6410793	REDUCE cov: 1638 ft: 7116 corp: 1488/340Kb lim: 4096 exec/s: 11168 rss: 540Mb L: 190/4082 MS: 3 InsertByte-InsertByte-EraseBytes-
#6414819	REDUCE cov: 1638 ft: 7116 corp: 1488/340Kb lim: 4096 exec/s: 11156 rss: 540Mb L: 1626/4082 MS: 1 EraseBytes-
#6415721	REDUCE cov: 1638 ft: 7116 corp: 1488/340Kb lim: 4096 exec/s: 11157 rss: 540Mb L: 12/4082 MS: 2 ChangeBit-EraseBytes-
#6419557	REDUCE cov: 1638 ft: 7116 corp: 1488/340Kb lim: 4096 exec/s: 11164 rss: 540Mb L: 21/4082 MS: 1 EraseBytes-
#6419656	REDUCE cov: 1638 ft: 7116 corp: 1488/340Kb lim: 4096 exec/s: 11164 rss: 540Mb L: 491/4082 MS: 4 EraseBytes-ChangeBinInt-ChangeASCIIInt-InsertRepeatedBytes-
#6424419	REDUCE cov: 1638 ft: 7116 corp: 1488/340Kb lim: 4096 exec/s: 11153 rss: 540Mb L: 66/4082 MS: 3 EraseBytes-ShuffleBytes-EraseBytes-
#6426800	REDUCE cov: 1638 ft: 7116 corp: 1488/339Kb lim: 4096 exec/s: 11157 rss: 540Mb L: 1099/4082 MS: 1 EraseBytes-
#6429008	NEW    cov: 1638 ft: 7117 corp: 1489/343Kb lim: 4096 exec/s: 11161 rss: 540Mb L: 3744/4082 MS: 3 InsertByte-ShuffleBytes-EraseBytes-
#6429849	REDUCE cov: 1638 ft: 7117 corp: 1489/343Kb lim: 4096 exec/s: 11162 rss: 540Mb L: 48/4082 MS: 1 EraseBytes-
#6431695	REDUCE cov: 1638 ft: 7117 corp: 1489/343Kb lim: 4096 exec/s: 11166 rss: 540Mb L: 189/4082 MS: 1 EraseBytes-
#6431867	REDUCE cov: 1638 ft: 7117 corp: 1489/343Kb lim: 4096 exec/s: 11166 rss: 540Mb L: 4/4082 MS: 2 CopyPart-EraseBytes-
#6435351	REDUCE cov: 1638 ft: 7117 corp: 1489/343Kb lim: 4096 exec/s: 11153 rss: 540Mb L: 122/4082 MS: 4 ChangeASCIIInt-ChangeASCIIInt-ShuffleBytes-EraseBytes-
#6437212	REDUCE cov: 1638 ft: 7117 corp: 1489/343Kb lim: 4096 exec/s: 11156 rss: 540Mb L: 1089/4082 MS: 1 EraseBytes-
#6438984	REDUCE cov: 1638 ft: 7117 corp: 1489/342Kb lim: 4096 exec/s: 11159 rss: 540Mb L: 2951/4082 MS: 2 ChangeASCIIInt-EraseBytes-
#6441335	REDUCE cov: 1638 ft: 7117 corp: 1489/342Kb lim: 4096 exec/s: 11163 rss: 540Mb L: 161/4082 MS: 1 EraseBytes-
#6443392	REDUCE cov: 1638 ft: 7117 corp: 1489/342Kb lim: 4096 exec/s: 11167 rss: 540Mb L: 564/4082 MS: 2 CMP-EraseBytes- DE: "\000\000\000\000\000\000\000a"-
#6445159	REDUCE cov: 1638 ft: 7117 corp: 1489/342Kb lim: 4096 exec/s: 11150 rss: 540Mb L: 22/4082 MS: 1 EraseBytes-
#6446680	REDUCE cov: 1638 ft: 7117 corp: 1489/342Kb lim: 4096 exec/s: 11153 rss: 540Mb L: 9/4082 MS: 1 EraseBytes-
#6446846	REDUCE cov: 1638 ft: 7117 corp: 1489/342Kb lim: 4096 exec/s: 11153 rss: 540Mb L: 1060/4082 MS: 1 EraseBytes-
#6448668	REDUCE cov: 1638 ft: 7117 corp: 1489/342Kb lim: 4096 exec/s: 11156 rss: 540Mb L: 422/4082 MS: 2 ChangeASCIIInt-EraseBytes-
#6450520	REDUCE cov: 1638 ft: 7117 corp: 1489/342Kb lim: 4096 exec/s: 11160 rss: 540Mb L: 595/4082 MS: 2 PersAutoDict-EraseBytes- DE: "\357\277\275#\357\277\275."-
#6451136	REDUCE cov: 1638 ft: 7117 corp: 1489/342Kb lim: 4096 exec/s: 11161 rss: 540Mb L: 134/4082 MS: 1 EraseBytes-
#6455322	REDUCE cov: 1638 ft: 7117 corp: 1489/342Kb lim: 4096 exec/s: 11149 rss: 540Mb L: 544/4082 MS: 1 EraseBytes-
#6456853	REDUCE cov: 1638 ft: 7117 corp: 1489/342Kb lim: 4096 exec/s: 11151 rss: 540Mb L: 496/4082 MS: 1 EraseBytes-
#6460129	REDUCE cov: 1638 ft: 7117 corp: 1489/342Kb lim: 4096 exec/s: 11157 rss: 540Mb L: 66/4082 MS: 1 EraseBytes-
#6460545	REDUCE cov: 1638 ft: 7119 corp: 1490/342Kb lim: 4096 exec/s: 11158 rss: 540Mb L: 110/4082 MS: 1 CopyPart-
#6469186	REDUCE cov: 1638 ft: 7119 corp: 1490/342Kb lim: 4096 exec/s: 11153 rss: 540Mb L: 1022/4082 MS: 1 EraseBytes-
#6469812	REDUCE cov: 1638 ft: 7119 corp: 1490/342Kb lim: 4096 exec/s: 11154 rss: 540Mb L: 64/4082 MS: 1 EraseBytes-
#6470025	REDUCE cov: 1638 ft: 7119 corp: 1490/342Kb lim: 4096 exec/s: 11155 rss: 540Mb L: 98/4082 MS: 3 InsertByte-InsertByte-EraseBytes-
#6470057	REDUCE cov: 1638 ft: 7119 corp: 1490/342Kb lim: 4096 exec/s: 11155 rss: 540Mb L: 360/4082 MS: 2 ChangeASCIIInt-EraseBytes-
#6470354	REDUCE cov: 1638 ft: 7119 corp: 1490/342Kb lim: 4096 exec/s: 11155 rss: 540Mb L: 97/4082 MS: 2 ShuffleBytes-EraseBytes-
#6472346	REDUCE cov: 1638 ft: 7119 corp: 1490/342Kb lim: 4096 exec/s: 11159 rss: 540Mb L: 1013/4082 MS: 2 ChangeBinInt-EraseBytes-
#6473567	REDUCE cov: 1638 ft: 7119 corp: 1490/342Kb lim: 4096 exec/s: 11161 rss: 540Mb L: 152/4082 MS: 1 EraseBytes-
#6474533	REDUCE cov: 1638 ft: 7119 corp: 1490/342Kb lim: 4096 exec/s: 11162 rss: 540Mb L: 979/4082 MS: 1 EraseBytes-
#6475189	REDUCE cov: 1638 ft: 7119 corp: 1490/342Kb lim: 4096 exec/s: 11164 rss: 540Mb L: 986/4082 MS: 1 EraseBytes-
#6476385	REDUCE cov: 1638 ft: 7119 corp: 1490/342Kb lim: 4096 exec/s: 11166 rss: 540Mb L: 962/4082 MS: 1 EraseBytes-
#6481684	REDUCE cov: 1638 ft: 7119 corp: 1490/342Kb lim: 4096 exec/s: 11156 rss: 540Mb L: 25/4082 MS: 1 EraseBytes-
#6482172	REDUCE cov: 1638 ft: 7119 corp: 1490/342Kb lim: 4096 exec/s: 11156 rss: 540Mb L: 947/4082 MS: 3 ChangeASCIIInt-CopyPart-EraseBytes-
#6486763	REDUCE cov: 1638 ft: 7119 corp: 1490/342Kb lim: 4096 exec/s: 11164 rss: 540Mb L: 20/4082 MS: 1 EraseBytes-
#6489125	REDUCE cov: 1638 ft: 7119 corp: 1490/342Kb lim: 4096 exec/s: 11149 rss: 540Mb L: 33/4082 MS: 2 CopyPart-EraseBytes-
#6490572	REDUCE cov: 1638 ft: 7119 corp: 1490/342Kb lim: 4096 exec/s: 11152 rss: 540Mb L: 53/4082 MS: 2 ShuffleBytes-EraseBytes-
#6492874	REDUCE cov: 1638 ft: 7119 corp: 1490/342Kb lim: 4096 exec/s: 11156 rss: 540Mb L: 234/4082 MS: 2 EraseBytes-CopyPart-
#6495861	REDUCE cov: 1638 ft: 7119 corp: 1490/341Kb lim: 4096 exec/s: 11161 rss: 540Mb L: 2822/4082 MS: 2 ChangeBit-EraseBytes-
#6496128	REDUCE cov: 1638 ft: 7119 corp: 1490/341Kb lim: 4096 exec/s: 11161 rss: 540Mb L: 324/4082 MS: 2 ChangeBit-EraseBytes-
#6502970	REDUCE cov: 1638 ft: 7119 corp: 1490/341Kb lim: 4096 exec/s: 11154 rss: 540Mb L: 225/4082 MS: 1 EraseBytes-
#6503291	REDUCE cov: 1638 ft: 7119 corp: 1490/341Kb lim: 4096 exec/s: 11154 rss: 540Mb L: 2300/4082 MS: 1 EraseBytes-
#6506142	REDUCE cov: 1638 ft: 7119 corp: 1490/341Kb lim: 4096 exec/s: 11159 rss: 540Mb L: 81/4082 MS: 1 EraseBytes-
#6509093	REDUCE cov: 1638 ft: 7119 corp: 1490/341Kb lim: 4096 exec/s: 11145 rss: 540Mb L: 928/4082 MS: 1 EraseBytes-
#6514039	REDUCE cov: 1638 ft: 7119 corp: 1490/341Kb lim: 4096 exec/s: 11154 rss: 540Mb L: 15/4082 MS: 1 EraseBytes-
#6519061	REDUCE cov: 1638 ft: 7119 corp: 1490/341Kb lim: 4096 exec/s: 11143 rss: 540Mb L: 254/4082 MS: 2 CMP-EraseBytes- DE: "\374\377\377\377"-
#6520519	REDUCE cov: 1638 ft: 7119 corp: 1490/341Kb lim: 4096 exec/s: 11146 rss: 540Mb L: 1097/4082 MS: 3 ShuffleBytes-InsertByte-CrossOver-
#6523605	REDUCE cov: 1638 ft: 7119 corp: 1490/341Kb lim: 4096 exec/s: 11151 rss: 540Mb L: 892/4082 MS: 1 EraseBytes-
#6527706	REDUCE cov: 1638 ft: 7119 corp: 1490/341Kb lim: 4096 exec/s: 11139 rss: 540Mb L: 1323/4082 MS: 1 EraseBytes-
#6528193	REDUCE cov: 1638 ft: 7119 corp: 1490/341Kb lim: 4096 exec/s: 11140 rss: 540Mb L: 174/4082 MS: 1 EraseBytes-
#6529335	REDUCE cov: 1638 ft: 7119 corp: 1490/341Kb lim: 4096 exec/s: 11142 rss: 540Mb L: 251/4082 MS: 2 ChangeASCIIInt-EraseBytes-
#6529831	REDUCE cov: 1638 ft: 7119 corp: 1490/341Kb lim: 4096 exec/s: 11143 rss: 540Mb L: 109/4082 MS: 1 EraseBytes-
#6530293	REDUCE cov: 1638 ft: 7119 corp: 1490/341Kb lim: 4096 exec/s: 11143 rss: 540Mb L: 712/4082 MS: 2 CopyPart-EraseBytes-
#6534061	REDUCE cov: 1638 ft: 7119 corp: 1490/341Kb lim: 4096 exec/s: 11150 rss: 540Mb L: 63/4082 MS: 3 ChangeASCIIInt-ChangeASCIIInt-EraseBytes-
#6534619	REDUCE cov: 1638 ft: 7119 corp: 1490/341Kb lim: 4096 exec/s: 11132 rss: 540Mb L: 14/4082 MS: 3 ChangeBit-ShuffleBytes-EraseBytes-
#6534805	REDUCE cov: 1638 ft: 7119 corp: 1490/341Kb lim: 4096 exec/s: 11132 rss: 540Mb L: 26/4082 MS: 1 EraseBytes-
#6537833	REDUCE cov: 1638 ft: 7119 corp: 1490/341Kb lim: 4096 exec/s: 11137 rss: 540Mb L: 584/4082 MS: 3 ChangeBit-CMP-EraseBytes- DE: "message"-
#6539954	REDUCE cov: 1638 ft: 7119 corp: 1490/341Kb lim: 4096 exec/s: 11141 rss: 540Mb L: 305/4082 MS: 1 EraseBytes-
#6540845	REDUCE cov: 1638 ft: 7119 corp: 1490/341Kb lim: 4096 exec/s: 11142 rss: 540Mb L: 291/4082 MS: 1 EraseBytes-
#6541656	REDUCE cov: 1638 ft: 7119 corp: 1490/341Kb lim: 4096 exec/s: 11144 rss: 540Mb L: 40/4082 MS: 1 EraseBytes-
#6545770	REDUCE cov: 1638 ft: 7119 corp: 1490/341Kb lim: 4096 exec/s: 11132 rss: 540Mb L: 3144/4082 MS: 4 ChangeByte-CopyPart-ChangeByte-EraseBytes-
#6555801	REDUCE cov: 1638 ft: 7119 corp: 1490/341Kb lim: 4096 exec/s: 11149 rss: 540Mb L: 32/4082 MS: 1 EraseBytes-
#6557167	NEW    cov: 1638 ft: 7120 corp: 1491/345Kb lim: 4096 exec/s: 11132 rss: 540Mb L: 3744/4082 MS: 1 ChangeBinInt-
#6559098	REDUCE cov: 1638 ft: 7120 corp: 1491/345Kb lim: 4096 exec/s: 11135 rss: 540Mb L: 88/4082 MS: 1 EraseBytes-
#6559274	REDUCE cov: 1638 ft: 7120 corp: 1491/345Kb lim: 4096 exec/s: 11136 rss: 540Mb L: 238/4082 MS: 1 EraseBytes-
#6559540	REDUCE cov: 1638 ft: 7120 corp: 1491/345Kb lim: 4096 exec/s: 11136 rss: 540Mb L: 1903/4082 MS: 1 EraseBytes-
#6563016	REDUCE cov: 1638 ft: 7120 corp: 1491/345Kb lim: 4096 exec/s: 11142 rss: 540Mb L: 18/4082 MS: 1 EraseBytes-
#6563237	REDUCE cov: 1638 ft: 7120 corp: 1491/345Kb lim: 4096 exec/s: 11143 rss: 540Mb L: 149/4082 MS: 1 EraseBytes-
#6563304	REDUCE cov: 1638 ft: 7120 corp: 1491/345Kb lim: 4096 exec/s: 11143 rss: 540Mb L: 17/4082 MS: 2 CopyPart-EraseBytes-
#6564280	REDUCE cov: 1638 ft: 7120 corp: 1491/345Kb lim: 4096 exec/s: 11144 rss: 540Mb L: 139/4082 MS: 1 EraseBytes-
#6567126	REDUCE cov: 1638 ft: 7120 corp: 1491/345Kb lim: 4096 exec/s: 11149 rss: 540Mb L: 66/4082 MS: 1 EraseBytes-
#6568297	REDUCE cov: 1638 ft: 7120 corp: 1491/345Kb lim: 4096 exec/s: 11151 rss: 540Mb L: 912/4082 MS: 1 EraseBytes-
#6571049	REDUCE cov: 1638 ft: 7120 corp: 1491/345Kb lim: 4096 exec/s: 11137 rss: 540Mb L: 288/4082 MS: 2 ChangeASCIIInt-EraseBytes-
#6571575	REDUCE cov: 1638 ft: 7120 corp: 1491/345Kb lim: 4096 exec/s: 11138 rss: 540Mb L: 891/4082 MS: 1 EraseBytes-
#6573288	NEW    cov: 1638 ft: 7121 corp: 1492/347Kb lim: 4096 exec/s: 11141 rss: 540Mb L: 2816/4082 MS: 3 InsertRepeatedBytes-PersAutoDict-EraseBytes- DE: "\363\377\377\377"-
#6575454	REDUCE cov: 1638 ft: 7121 corp: 1492/347Kb lim: 4096 exec/s: 11144 rss: 540Mb L: 2065/4082 MS: 1 EraseBytes-
#6576685	REDUCE cov: 1638 ft: 7121 corp: 1492/347Kb lim: 4096 exec/s: 11146 rss: 540Mb L: 15/4082 MS: 1 EraseBytes-
#6577076	REDUCE cov: 1638 ft: 7121 corp: 1492/347Kb lim: 4096 exec/s: 11147 rss: 540Mb L: 71/4082 MS: 1 EraseBytes-
#6578122	REDUCE cov: 1638 ft: 7121 corp: 1492/347Kb lim: 4096 exec/s: 11149 rss: 540Mb L: 863/4082 MS: 1 EraseBytes-
#6578277	REDUCE cov: 1638 ft: 7121 corp: 1492/347Kb lim: 4096 exec/s: 11149 rss: 540Mb L: 206/4082 MS: 5 PersAutoDict-ChangeASCIIInt-PersAutoDict-CopyPart-EraseBytes- DE: "<\012\000\000"-"\363\377\377\377"-
#6581619	REDUCE cov: 1638 ft: 7121 corp: 1492/347Kb lim: 4096 exec/s: 11136 rss: 540Mb L: 71/4082 MS: 2 ShuffleBytes-EraseBytes-
#6583826	REDUCE cov: 1638 ft: 7121 corp: 1492/347Kb lim: 4096 exec/s: 11140 rss: 540Mb L: 393/4082 MS: 1 EraseBytes-
#6589314	REDUCE cov: 1638 ft: 7121 corp: 1492/346Kb lim: 4096 exec/s: 11149 rss: 540Mb L: 1801/4082 MS: 3 InsertByte-ChangeASCIIInt-EraseBytes-
#6589465	REDUCE cov: 1638 ft: 7121 corp: 1492/346Kb lim: 4096 exec/s: 11149 rss: 540Mb L: 186/4082 MS: 1 EraseBytes-
#6592467	REDUCE cov: 1638 ft: 7121 corp: 1492/346Kb lim: 4096 exec/s: 11135 rss: 540Mb L: 333/4082 MS: 2 PersAutoDict-EraseBytes- DE: "\357\277\275\357\277\275"-
#6596990	REDUCE cov: 1638 ft: 7121 corp: 1492/346Kb lim: 4096 exec/s: 11143 rss: 540Mb L: 821/4082 MS: 3 ChangeASCIIInt-ChangeByte-EraseBytes-
#6597106	REDUCE cov: 1638 ft: 7121 corp: 1492/346Kb lim: 4096 exec/s: 11143 rss: 540Mb L: 16/4082 MS: 1 EraseBytes-
#6597117	REDUCE cov: 1638 ft: 7121 corp: 1492/346Kb lim: 4096 exec/s: 11143 rss: 540Mb L: 793/4082 MS: 1 EraseBytes-
#6597720	REDUCE cov: 1638 ft: 7121 corp: 1492/346Kb lim: 4096 exec/s: 11144 rss: 540Mb L: 1376/4082 MS: 3 CMP-ChangeASCIIInt-EraseBytes- DE: "messagR"-
#6600271	REDUCE cov: 1638 ft: 7121 corp: 1492/346Kb lim: 4096 exec/s: 11149 rss: 540Mb L: 183/4082 MS: 1 EraseBytes-
#6600477	REDUCE cov: 1638 ft: 7121 corp: 1492/346Kb lim: 4096 exec/s: 11149 rss: 540Mb L: 21/4082 MS: 1 EraseBytes-
#6601043	REDUCE cov: 1638 ft: 7121 corp: 1492/346Kb lim: 4096 exec/s: 11150 rss: 540Mb L: 481/4082 MS: 1 EraseBytes-
#6601744	REDUCE cov: 1638 ft: 7121 corp: 1492/346Kb lim: 4096 exec/s: 11151 rss: 540Mb L: 2770/4082 MS: 1 EraseBytes-
#6605065	REDUCE cov: 1638 ft: 7121 corp: 1492/346Kb lim: 4096 exec/s: 11138 rss: 540Mb L: 22/4082 MS: 1 EraseBytes-
#6606066	REDUCE cov: 1638 ft: 7121 corp: 1492/346Kb lim: 4096 exec/s: 11140 rss: 540Mb L: 786/4082 MS: 1 EraseBytes-
#6608033	REDUCE cov: 1638 ft: 7121 corp: 1492/346Kb lim: 4096 exec/s: 11143 rss: 540Mb L: 3894/4082 MS: 1 EraseBytes-
#6609055	REDUCE cov: 1638 ft: 7121 corp: 1492/346Kb lim: 4096 exec/s: 11145 rss: 540Mb L: 160/4082 MS: 2 ChangeASCIIInt-EraseBytes-
#6610001	REDUCE cov: 1638 ft: 7121 corp: 1492/346Kb lim: 4096 exec/s: 11146 rss: 540Mb L: 24/4082 MS: 1 EraseBytes-
#6610252	REDUCE cov: 1638 ft: 7121 corp: 1492/346Kb lim: 4096 exec/s: 11147 rss: 540Mb L: 439/4082 MS: 1 EraseBytes-
#6610435	REDUCE cov: 1638 ft: 7121 corp: 1492/346Kb lim: 4096 exec/s: 11147 rss: 540Mb L: 1867/4082 MS: 3 ChangeASCIIInt-ChangeByte-EraseBytes-
#6610691	REDUCE cov: 1638 ft: 7121 corp: 1492/346Kb lim: 4096 exec/s: 11147 rss: 540Mb L: 28/4082 MS: 1 EraseBytes-
#6612237	REDUCE cov: 1638 ft: 7121 corp: 1492/346Kb lim: 4096 exec/s: 11150 rss: 540Mb L: 66/4082 MS: 1 EraseBytes-
#6616158	REDUCE cov: 1638 ft: 7121 corp: 1492/346Kb lim: 4096 exec/s: 11138 rss: 540Mb L: 1418/4082 MS: 1 EraseBytes-
#6616434	REDUCE cov: 1638 ft: 7121 corp: 1492/346Kb lim: 4096 exec/s: 11138 rss: 540Mb L: 762/4082 MS: 1 EraseBytes-
#6617052	REDUCE cov: 1638 ft: 7121 corp: 1492/346Kb lim: 4096 exec/s: 11139 rss: 540Mb L: 27/4082 MS: 3 ChangeByte-ChangeBit-EraseBytes-
#6619405	REDUCE cov: 1638 ft: 7121 corp: 1492/346Kb lim: 4096 exec/s: 11143 rss: 540Mb L: 774/4082 MS: 2 ChangeASCIIInt-EraseBytes-
#6619428	REDUCE cov: 1638 ft: 7121 corp: 1492/346Kb lim: 4096 exec/s: 11143 rss: 540Mb L: 1888/4082 MS: 3 ShuffleBytes-ChangeASCIIInt-EraseBytes-
#6620484	REDUCE cov: 1638 ft: 7121 corp: 1492/346Kb lim: 4096 exec/s: 11145 rss: 540Mb L: 749/4082 MS: 1 EraseBytes-
#6626280	REDUCE cov: 1638 ft: 7121 corp: 1492/346Kb lim: 4096 exec/s: 11136 rss: 540Mb L: 1057/4082 MS: 1 EraseBytes-
#6627371	REDUCE cov: 1638 ft: 7121 corp: 1492/346Kb lim: 4096 exec/s: 11138 rss: 540Mb L: 110/4082 MS: 1 EraseBytes-
#6629068	REDUCE cov: 1638 ft: 7121 corp: 1492/345Kb lim: 4096 exec/s: 11141 rss: 540Mb L: 465/4082 MS: 2 ChangeBit-EraseBytes-
#6629910	REDUCE cov: 1638 ft: 7121 corp: 1492/345Kb lim: 4096 exec/s: 11142 rss: 540Mb L: 526/4082 MS: 1 EraseBytes-
#6630261	REDUCE cov: 1638 ft: 7121 corp: 1492/345Kb lim: 4096 exec/s: 11143 rss: 540Mb L: 734/4082 MS: 1 EraseBytes-
#6631713	REDUCE cov: 1638 ft: 7121 corp: 1492/345Kb lim: 4096 exec/s: 11145 rss: 540Mb L: 243/4082 MS: 2 ShuffleBytes-EraseBytes-
#6632944	REDUCE cov: 1638 ft: 7121 corp: 1492/345Kb lim: 4096 exec/s: 11147 rss: 540Mb L: 427/4082 MS: 1 EraseBytes-
#6633067	REDUCE cov: 1638 ft: 7121 corp: 1492/345Kb lim: 4096 exec/s: 11148 rss: 540Mb L: 728/4082 MS: 3 ChangeBit-ChangeASCIIInt-EraseBytes-
#6633184	REDUCE cov: 1638 ft: 7121 corp: 1492/345Kb lim: 4096 exec/s: 11148 rss: 540Mb L: 21/4082 MS: 2 InsertByte-EraseBytes-
#6633880	REDUCE cov: 1638 ft: 7121 corp: 1492/345Kb lim: 4096 exec/s: 11149 rss: 540Mb L: 36/4082 MS: 1 EraseBytes-
#6634271	REDUCE cov: 1638 ft: 7121 corp: 1492/345Kb lim: 4096 exec/s: 11150 rss: 540Mb L: 688/4082 MS: 1 EraseBytes-
#6635653	REDUCE cov: 1638 ft: 7121 corp: 1492/345Kb lim: 4096 exec/s: 11152 rss: 540Mb L: 1657/4082 MS: 2 InsertByte-EraseBytes-
#6635659	NEW    cov: 1638 ft: 7122 corp: 1493/347Kb lim: 4096 exec/s: 11152 rss: 540Mb L: 2245/4082 MS: 1 EraseBytes-
#6638900	REDUCE cov: 1638 ft: 7122 corp: 1493/347Kb lim: 4096 exec/s: 11139 rss: 540Mb L: 1673/4082 MS: 1 EraseBytes-
#6641158	REDUCE cov: 1638 ft: 7122 corp: 1493/347Kb lim: 4096 exec/s: 11142 rss: 540Mb L: 27/4082 MS: 1 EraseBytes-
#6643829	REDUCE cov: 1638 ft: 7122 corp: 1493/347Kb lim: 4096 exec/s: 11147 rss: 540Mb L: 682/4082 MS: 1 EraseBytes-
#6646240	REDUCE cov: 1638 ft: 7122 corp: 1493/347Kb lim: 4096 exec/s: 11151 rss: 540Mb L: 1975/4082 MS: 1 EraseBytes-
#6646486	REDUCE cov: 1638 ft: 7122 corp: 1493/347Kb lim: 4096 exec/s: 11151 rss: 540Mb L: 161/4082 MS: 1 EraseBytes-
#6650097	REDUCE cov: 1638 ft: 7122 corp: 1493/347Kb lim: 4096 exec/s: 11139 rss: 540Mb L: 659/4082 MS: 1 EraseBytes-
#6652324	REDUCE cov: 1638 ft: 7122 corp: 1493/347Kb lim: 4096 exec/s: 11142 rss: 540Mb L: 226/4082 MS: 2 ChangeASCIIInt-EraseBytes-
#6653326	REDUCE cov: 1638 ft: 7122 corp: 1493/347Kb lim: 4096 exec/s: 11144 rss: 540Mb L: 2265/4082 MS: 1 EraseBytes-
#6654389	REDUCE cov: 1638 ft: 7122 corp: 1493/347Kb lim: 4096 exec/s: 11146 rss: 540Mb L: 26/4082 MS: 3 ChangeASCIIInt-PersAutoDict-EraseBytes- DE: "\0006"-
#6655795	REDUCE cov: 1638 ft: 7122 corp: 1493/347Kb lim: 4096 exec/s: 11148 rss: 540Mb L: 148/4082 MS: 1 EraseBytes-
#6658012	REDUCE cov: 1638 ft: 7122 corp: 1493/347Kb lim: 4096 exec/s: 11152 rss: 540Mb L: 110/4082 MS: 2 ChangeBinInt-EraseBytes-
#6660510	REDUCE cov: 1638 ft: 7122 corp: 1493/346Kb lim: 4096 exec/s: 11137 rss: 540Mb L: 891/4082 MS: 3 ShuffleBytes-ShuffleBytes-EraseBytes-
#6661602	REDUCE cov: 1638 ft: 7122 corp: 1493/346Kb lim: 4096 exec/s: 11139 rss: 540Mb L: 11/4082 MS: 2 ChangeBit-EraseBytes-
#6665733	REDUCE cov: 1638 ft: 7122 corp: 1493/346Kb lim: 4096 exec/s: 11146 rss: 540Mb L: 245/4082 MS: 1 EraseBytes-
#6666349	REDUCE cov: 1638 ft: 7122 corp: 1493/346Kb lim: 4096 exec/s: 11147 rss: 540Mb L: 95/4082 MS: 1 EraseBytes-
#6669805	REDUCE cov: 1638 ft: 7122 corp: 1493/346Kb lim: 4096 exec/s: 11153 rss: 540Mb L: 220/4082 MS: 1 EraseBytes-
#6670066	REDUCE cov: 1638 ft: 7122 corp: 1493/346Kb lim: 4096 exec/s: 11153 rss: 540Mb L: 155/4082 MS: 1 EraseBytes-
#6672032	REDUCE cov: 1638 ft: 7122 corp: 1493/346Kb lim: 4096 exec/s: 11138 rss: 540Mb L: 655/4082 MS: 1 EraseBytes-
#6674015	REDUCE cov: 1638 ft: 7122 corp: 1493/346Kb lim: 4096 exec/s: 11141 rss: 540Mb L: 725/4082 MS: 3 ChangeASCIIInt-ChangeBit-EraseBytes-
#6676664	REDUCE cov: 1638 ft: 7122 corp: 1493/346Kb lim: 4096 exec/s: 11146 rss: 540Mb L: 242/4082 MS: 4 ChangeBit-EraseBytes-ChangeBit-CopyPart-
#6682325	REDUCE cov: 1638 ft: 7122 corp: 1493/346Kb lim: 4096 exec/s: 11137 rss: 540Mb L: 1582/4082 MS: 1 EraseBytes-
#6682891	REDUCE cov: 1638 ft: 7122 corp: 1493/346Kb lim: 4096 exec/s: 11138 rss: 540Mb L: 1385/4082 MS: 1 EraseBytes-
#6685652	REDUCE cov: 1638 ft: 7122 corp: 1493/346Kb lim: 4096 exec/s: 11142 rss: 540Mb L: 3610/4082 MS: 1 EraseBytes-
#6689600	REDUCE cov: 1638 ft: 7122 corp: 1493/346Kb lim: 4096 exec/s: 11130 rss: 540Mb L: 22/4082 MS: 3 ChangeBit-EraseBytes-CopyPart-
#6690436	REDUCE cov: 1638 ft: 7122 corp: 1493/346Kb lim: 4096 exec/s: 11132 rss: 540Mb L: 30/4082 MS: 1 EraseBytes-
#6690683	REDUCE cov: 1638 ft: 7122 corp: 1493/346Kb lim: 4096 exec/s: 11132 rss: 540Mb L: 230/4082 MS: 2 ShuffleBytes-EraseBytes-
#6691755	REDUCE cov: 1638 ft: 7123 corp: 1494/346Kb lim: 4096 exec/s: 11134 rss: 540Mb L: 67/4082 MS: 2 InsertByte-CopyPart-
#6693439	REDUCE cov: 1638 ft: 7123 corp: 1494/346Kb lim: 4096 exec/s: 11137 rss: 540Mb L: 749/4082 MS: 4 ShuffleBytes-ChangeBit-ShuffleBytes-EraseBytes-
#6693812	REDUCE cov: 1638 ft: 7128 corp: 1495/347Kb lim: 4096 exec/s: 11137 rss: 540Mb L: 1240/4082 MS: 3 ChangeByte-CopyPart-CopyPart-
#6694253	REDUCE cov: 1638 ft: 7128 corp: 1495/347Kb lim: 4096 exec/s: 11138 rss: 540Mb L: 356/4082 MS: 1 EraseBytes-
#6694609	REDUCE cov: 1638 ft: 7128 corp: 1495/347Kb lim: 4096 exec/s: 11139 rss: 540Mb L: 292/4082 MS: 1 EraseBytes-
#6695141	REDUCE cov: 1638 ft: 7128 corp: 1495/347Kb lim: 4096 exec/s: 11140 rss: 540Mb L: 298/4082 MS: 2 ChangeByte-EraseBytes-
#6700489	REDUCE cov: 1638 ft: 7128 corp: 1495/347Kb lim: 4096 exec/s: 11130 rss: 540Mb L: 267/4082 MS: 3 InsertRepeatedBytes-EraseBytes-EraseBytes-
#6700555	REDUCE cov: 1638 ft: 7128 corp: 1495/347Kb lim: 4096 exec/s: 11130 rss: 540Mb L: 9/4082 MS: 1 EraseBytes-
#6703626	REDUCE cov: 1638 ft: 7128 corp: 1495/347Kb lim: 4096 exec/s: 11135 rss: 540Mb L: 17/4082 MS: 1 EraseBytes-
#6704357	REDUCE cov: 1638 ft: 7128 corp: 1495/347Kb lim: 4096 exec/s: 11136 rss: 540Mb L: 18/4082 MS: 1 EraseBytes-
#6704698	REDUCE cov: 1638 ft: 7128 corp: 1495/347Kb lim: 4096 exec/s: 11137 rss: 540Mb L: 480/4082 MS: 1 EraseBytes-
#6705189	REDUCE cov: 1638 ft: 7128 corp: 1495/347Kb lim: 4096 exec/s: 11138 rss: 540Mb L: 352/4082 MS: 1 EraseBytes-
#6708100	REDUCE cov: 1638 ft: 7128 corp: 1495/347Kb lim: 4096 exec/s: 11124 rss: 540Mb L: 16/4082 MS: 1 EraseBytes-
#6708899	REDUCE cov: 1638 ft: 7128 corp: 1495/347Kb lim: 4096 exec/s: 11125 rss: 540Mb L: 61/4082 MS: 4 ChangeBinInt-ChangeByte-CopyPart-EraseBytes-
#6710820	REDUCE cov: 1638 ft: 7128 corp: 1495/347Kb lim: 4096 exec/s: 11129 rss: 540Mb L: 1059/4082 MS: 1 EraseBytes-
#6712014	REDUCE cov: 1638 ft: 7130 corp: 1496/348Kb lim: 4096 exec/s: 11131 rss: 540Mb L: 1258/4082 MS: 4 PersAutoDict-CopyPart-PersAutoDict-CopyPart- DE: "code"-"messa"-
#6712355	REDUCE cov: 1638 ft: 7130 corp: 1496/348Kb lim: 4096 exec/s: 11131 rss: 540Mb L: 176/4082 MS: 1 EraseBytes-
#6717118	NEW    cov: 1638 ft: 7134 corp: 1497/351Kb lim: 4096 exec/s: 11139 rss: 540Mb L: 3558/4082 MS: 3 ChangeBit-CopyPart-CopyPart-
#6717810	REDUCE cov: 1638 ft: 7134 corp: 1497/351Kb lim: 4096 exec/s: 11122 rss: 540Mb L: 1/4082 MS: 2 ChangeBit-EraseBytes-
#6720146	REDUCE cov: 1638 ft: 7134 corp: 1497/351Kb lim: 4096 exec/s: 11126 rss: 540Mb L: 54/4082 MS: 1 EraseBytes-
#6721387	REDUCE cov: 1638 ft: 7134 corp: 1497/351Kb lim: 4096 exec/s: 11128 rss: 540Mb L: 190/4082 MS: 1 EraseBytes-
#6721728	REDUCE cov: 1638 ft: 7134 corp: 1497/351Kb lim: 4096 exec/s: 11128 rss: 540Mb L: 13/4082 MS: 1 EraseBytes-
#6722184	REDUCE cov: 1638 ft: 7134 corp: 1497/351Kb lim: 4096 exec/s: 11129 rss: 540Mb L: 15/4082 MS: 1 EraseBytes-
#6725618	REDUCE cov: 1638 ft: 7134 corp: 1497/351Kb lim: 4096 exec/s: 11116 rss: 540Mb L: 141/4082 MS: 4 ShuffleBytes-ShuffleBytes-ChangeByte-EraseBytes-
#6727644	REDUCE cov: 1638 ft: 7134 corp: 1497/351Kb lim: 4096 exec/s: 11120 rss: 540Mb L: 253/4082 MS: 1 EraseBytes-
#6728143	REDUCE cov: 1638 ft: 7134 corp: 1497/351Kb lim: 4096 exec/s: 11120 rss: 540Mb L: 647/4082 MS: 4 EraseBytes-ChangeASCIIInt-CopyPart-CopyPart-
#6729244	REDUCE cov: 1638 ft: 7134 corp: 1497/351Kb lim: 4096 exec/s: 11122 rss: 540Mb L: 1065/4082 MS: 1 EraseBytes-
#6730961	REDUCE cov: 1638 ft: 7134 corp: 1497/351Kb lim: 4096 exec/s: 11107 rss: 540Mb L: 9/4082 MS: 2 ShuffleBytes-EraseBytes-
#6731014	REDUCE cov: 1638 ft: 7134 corp: 1497/351Kb lim: 4096 exec/s: 11107 rss: 540Mb L: 481/4082 MS: 3 ChangeBinInt-ChangeBit-EraseBytes-
#6731735	REDUCE cov: 1638 ft: 7134 corp: 1497/351Kb lim: 4096 exec/s: 11108 rss: 540Mb L: 25/4082 MS: 1 EraseBytes-
#6731996	REDUCE cov: 1638 ft: 7134 corp: 1497/351Kb lim: 4096 exec/s: 11108 rss: 540Mb L: 29/4082 MS: 1 EraseBytes-
#6732087	REDUCE cov: 1638 ft: 7134 corp: 1497/351Kb lim: 4096 exec/s: 11109 rss: 540Mb L: 631/4082 MS: 1 EraseBytes-
#6733157	REDUCE cov: 1638 ft: 7135 corp: 1498/351Kb lim: 4096 exec/s: 11110 rss: 540Mb L: 267/4082 MS: 5 ChangeBit-ChangeBit-InsertByte-CopyPart-CopyPart-
#6734744	REDUCE cov: 1638 ft: 7135 corp: 1498/351Kb lim: 4096 exec/s: 11113 rss: 540Mb L: 345/4082 MS: 1 EraseBytes-
#6748420	REDUCE cov: 1638 ft: 7135 corp: 1498/351Kb lim: 4096 exec/s: 11099 rss: 540Mb L: 223/4082 MS: 1 EraseBytes-
#6749586	REDUCE cov: 1638 ft: 7135 corp: 1498/351Kb lim: 4096 exec/s: 11101 rss: 540Mb L: 556/4082 MS: 1 EraseBytes-
#6751867	REDUCE cov: 1638 ft: 7135 corp: 1498/351Kb lim: 4096 exec/s: 11086 rss: 540Mb L: 210/4082 MS: 1 EraseBytes-
#6754704	REDUCE cov: 1638 ft: 7135 corp: 1498/351Kb lim: 4096 exec/s: 11091 rss: 540Mb L: 117/4082 MS: 2 EraseBytes-CopyPart-
#6754963	REDUCE cov: 1638 ft: 7135 corp: 1498/351Kb lim: 4096 exec/s: 11091 rss: 540Mb L: 194/4082 MS: 4 ChangeASCIIInt-ChangeASCIIInt-ChangeASCIIInt-EraseBytes-
#6755434	REDUCE cov: 1638 ft: 7135 corp: 1498/351Kb lim: 4096 exec/s: 11092 rss: 540Mb L: 132/4082 MS: 1 EraseBytes-
#6755462	REDUCE cov: 1638 ft: 7135 corp: 1498/351Kb lim: 4096 exec/s: 11092 rss: 540Mb L: 1236/4082 MS: 3 ChangeBit-CMP-EraseBytes- DE: "instance"-
#6756673	REDUCE cov: 1638 ft: 7135 corp: 1498/351Kb lim: 4096 exec/s: 11094 rss: 540Mb L: 324/4082 MS: 1 EraseBytes-
#6757644	REDUCE cov: 1638 ft: 7135 corp: 1498/351Kb lim: 4096 exec/s: 11096 rss: 540Mb L: 552/4082 MS: 1 EraseBytes-
#6757820	REDUCE cov: 1638 ft: 7135 corp: 1498/351Kb lim: 4096 exec/s: 11096 rss: 540Mb L: 1656/4082 MS: 1 EraseBytes-
#6758631	REDUCE cov: 1638 ft: 7135 corp: 1498/351Kb lim: 4096 exec/s: 11079 rss: 540Mb L: 1849/4082 MS: 1 EraseBytes-
#6760298	REDUCE cov: 1638 ft: 7135 corp: 1498/351Kb lim: 4096 exec/s: 11082 rss: 540Mb L: 184/4082 MS: 2 ChangeASCIIInt-EraseBytes-
#6765334	REDUCE cov: 1638 ft: 7135 corp: 1498/351Kb lim: 4096 exec/s: 11072 rss: 540Mb L: 548/4082 MS: 1 EraseBytes-
#6765435	REDUCE cov: 1638 ft: 7135 corp: 1498/351Kb lim: 4096 exec/s: 11072 rss: 540Mb L: 66/4082 MS: 1 EraseBytes-
#6765873	REDUCE cov: 1638 ft: 7135 corp: 1498/351Kb lim: 4096 exec/s: 11073 rss: 540Mb L: 282/4082 MS: 3 InsertByte-InsertByte-EraseBytes-
#6774900	REDUCE cov: 1638 ft: 7135 corp: 1498/351Kb lim: 4096 exec/s: 11070 rss: 540Mb L: 517/4082 MS: 1 EraseBytes-
#6778107	REDUCE cov: 1638 ft: 7135 corp: 1498/350Kb lim: 4096 exec/s: 11057 rss: 540Mb L: 2891/4082 MS: 2 InsertByte-EraseBytes-
#6779028	REDUCE cov: 1638 ft: 7135 corp: 1498/350Kb lim: 4096 exec/s: 11058 rss: 540Mb L: 226/4082 MS: 1 EraseBytes-
#6782623	REDUCE cov: 1638 ft: 7135 corp: 1498/350Kb lim: 4096 exec/s: 11064 rss: 540Mb L: 3580/4082 MS: 4 ChangeBit-PersAutoDict-ShuffleBytes-EraseBytes- DE: "\357\277\275\357\277\275"-
#6784539	REDUCE cov: 1638 ft: 7135 corp: 1498/350Kb lim: 4096 exec/s: 11049 rss: 540Mb L: 1192/4082 MS: 1 EraseBytes-
#6788465	REDUCE cov: 1638 ft: 7135 corp: 1498/350Kb lim: 4096 exec/s: 11056 rss: 540Mb L: 492/4082 MS: 1 EraseBytes-
#6792157	REDUCE cov: 1638 ft: 7135 corp: 1498/350Kb lim: 4096 exec/s: 11044 rss: 540Mb L: 90/4082 MS: 2 ChangeBit-EraseBytes-
#6794604	REDUCE cov: 1638 ft: 7135 corp: 1498/350Kb lim: 4096 exec/s: 11048 rss: 540Mb L: 84/4082 MS: 2 ShuffleBytes-EraseBytes-
#6795232	REDUCE cov: 1638 ft: 7135 corp: 1498/350Kb lim: 4096 exec/s: 11049 rss: 540Mb L: 1290/4082 MS: 3 ChangeASCIIInt-CopyPart-EraseBytes-
#6799938	REDUCE cov: 1638 ft: 7135 corp: 1498/350Kb lim: 4096 exec/s: 11038 rss: 540Mb L: 35/4082 MS: 1 EraseBytes-
#6800049	REDUCE cov: 1638 ft: 7135 corp: 1498/350Kb lim: 4096 exec/s: 11039 rss: 540Mb L: 815/4082 MS: 1 EraseBytes-
#6800172	REDUCE cov: 1638 ft: 7135 corp: 1498/350Kb lim: 4096 exec/s: 11039 rss: 540Mb L: 38/4082 MS: 3 ChangeBinInt-ChangeASCIIInt-EraseBytes-
#6800393	REDUCE cov: 1638 ft: 7135 corp: 1498/350Kb lim: 4096 exec/s: 11039 rss: 540Mb L: 459/4082 MS: 1 EraseBytes-
#6801344	REDUCE cov: 1638 ft: 7135 corp: 1498/350Kb lim: 4096 exec/s: 11041 rss: 540Mb L: 139/4082 MS: 1 EraseBytes-
#6802046	REDUCE cov: 1638 ft: 7135 corp: 1498/350Kb lim: 4096 exec/s: 11042 rss: 540Mb L: 203/4082 MS: 2 ShuffleBytes-EraseBytes-
#6804252	REDUCE cov: 1638 ft: 7135 corp: 1498/350Kb lim: 4096 exec/s: 11045 rss: 540Mb L: 449/4082 MS: 1 EraseBytes-
#6805159	REDUCE cov: 1638 ft: 7149 corp: 1499/351Kb lim: 4096 exec/s: 11029 rss: 540Mb L: 751/4082 MS: 2 CopyPart-CopyPart-
#6805215	REDUCE cov: 1638 ft: 7149 corp: 1499/351Kb lim: 4096 exec/s: 11029 rss: 540Mb L: 3525/4082 MS: 1 EraseBytes-
#6806356	REDUCE cov: 1638 ft: 7149 corp: 1499/351Kb lim: 4096 exec/s: 11031 rss: 540Mb L: 153/4082 MS: 1 EraseBytes-
#6809058	REDUCE cov: 1638 ft: 7149 corp: 1499/351Kb lim: 4096 exec/s: 11035 rss: 540Mb L: 968/4082 MS: 2 EraseBytes-CMP- DE: "code"-
#6813401	REDUCE cov: 1638 ft: 7149 corp: 1499/351Kb lim: 4096 exec/s: 11024 rss: 540Mb L: 1155/4082 MS: 2 ShuffleBytes-EraseBytes-
#6813752	REDUCE cov: 1638 ft: 7149 corp: 1499/351Kb lim: 4096 exec/s: 11025 rss: 540Mb L: 145/4082 MS: 1 EraseBytes-
#6813858	REDUCE cov: 1638 ft: 7149 corp: 1499/351Kb lim: 4096 exec/s: 11025 rss: 540Mb L: 410/4082 MS: 1 EraseBytes-
#6814894	REDUCE cov: 1638 ft: 7149 corp: 1499/351Kb lim: 4096 exec/s: 11027 rss: 540Mb L: 401/4082 MS: 1 EraseBytes-
#6816021	REDUCE cov: 1638 ft: 7149 corp: 1499/351Kb lim: 4096 exec/s: 11029 rss: 540Mb L: 119/4082 MS: 2 ShuffleBytes-EraseBytes-
#6816118	NEW    cov: 1638 ft: 7152 corp: 1500/352Kb lim: 4096 exec/s: 11029 rss: 540Mb L: 1402/4082 MS: 2 ChangeByte-CopyPart-
#6817349	REDUCE cov: 1638 ft: 7152 corp: 1500/352Kb lim: 4096 exec/s: 11031 rss: 540Mb L: 60/4082 MS: 1 EraseBytes-
#6817765	REDUCE cov: 1638 ft: 7152 corp: 1500/352Kb lim: 4096 exec/s: 11031 rss: 540Mb L: 168/4082 MS: 1 EraseBytes-
#6818118	REDUCE cov: 1638 ft: 7152 corp: 1500/352Kb lim: 4096 exec/s: 11032 rss: 540Mb L: 150/4082 MS: 1 EraseBytes-
#6818134	REDUCE cov: 1638 ft: 7152 corp: 1500/352Kb lim: 4096 exec/s: 11032 rss: 540Mb L: 35/4082 MS: 1 EraseBytes-
#6818410	REDUCE cov: 1638 ft: 7152 corp: 1500/352Kb lim: 4096 exec/s: 11033 rss: 540Mb L: 937/4082 MS: 1 EraseBytes-
#6821241	REDUCE cov: 1638 ft: 7152 corp: 1500/352Kb lim: 4096 exec/s: 11019 rss: 540Mb L: 1322/4082 MS: 1 EraseBytes-
#6827433	REDUCE cov: 1638 ft: 7152 corp: 1500/352Kb lim: 4096 exec/s: 11011 rss: 540Mb L: 70/4082 MS: 1 EraseBytes-
#6828834	REDUCE cov: 1638 ft: 7152 corp: 1500/352Kb lim: 4096 exec/s: 11014 rss: 540Mb L: 724/4082 MS: 1 EraseBytes-
#6829470	REDUCE cov: 1638 ft: 7152 corp: 1500/352Kb lim: 4096 exec/s: 11015 rss: 540Mb L: 393/4082 MS: 1 EraseBytes-
#6832072	REDUCE cov: 1638 ft: 7152 corp: 1500/352Kb lim: 4096 exec/s: 11019 rss: 540Mb L: 37/4082 MS: 2 CMP-EraseBytes- DE: "\373\377\377\377"-
#6832614	REDUCE cov: 1638 ft: 7152 corp: 1500/352Kb lim: 4096 exec/s: 11002 rss: 540Mb L: 1930/4082 MS: 2 InsertRepeatedBytes-EraseBytes-
#6832850	REDUCE cov: 1638 ft: 7152 corp: 1500/352Kb lim: 4096 exec/s: 11002 rss: 540Mb L: 1329/4082 MS: 1 EraseBytes-
#6833422	REDUCE cov: 1638 ft: 7152 corp: 1500/352Kb lim: 4096 exec/s: 11003 rss: 540Mb L: 380/4082 MS: 2 ShuffleBytes-EraseBytes-
#6838073	REDUCE cov: 1638 ft: 7152 corp: 1500/352Kb lim: 4096 exec/s: 11011 rss: 540Mb L: 66/4082 MS: 1 EraseBytes-
#6838629	REDUCE cov: 1638 ft: 7152 corp: 1500/352Kb lim: 4096 exec/s: 11012 rss: 540Mb L: 18/4082 MS: 1 EraseBytes-
#6838685	REDUCE cov: 1638 ft: 7152 corp: 1500/352Kb lim: 4096 exec/s: 11012 rss: 540Mb L: 262/4082 MS: 1 EraseBytes-
#6839386	REDUCE cov: 1638 ft: 7152 corp: 1500/352Kb lim: 4096 exec/s: 11013 rss: 540Mb L: 1174/4082 MS: 1 EraseBytes-
#6842958	REDUCE cov: 1638 ft: 7152 corp: 1500/352Kb lim: 4096 exec/s: 11001 rss: 540Mb L: 45/4082 MS: 1 EraseBytes-
#6843929	REDUCE cov: 1638 ft: 7152 corp: 1500/352Kb lim: 4096 exec/s: 11003 rss: 540Mb L: 103/4082 MS: 1 EraseBytes-
#6846840	REDUCE cov: 1638 ft: 7152 corp: 1500/352Kb lim: 4096 exec/s: 10990 rss: 540Mb L: 70/4082 MS: 1 EraseBytes-
#6848041	REDUCE cov: 1638 ft: 7152 corp: 1500/352Kb lim: 4096 exec/s: 10992 rss: 540Mb L: 21/4082 MS: 1 EraseBytes-
#6848437	REDUCE cov: 1638 ft: 7152 corp: 1500/352Kb lim: 4096 exec/s: 10992 rss: 540Mb L: 1287/4082 MS: 1 EraseBytes-
#6848547	REDUCE cov: 1638 ft: 7152 corp: 1500/352Kb lim: 4096 exec/s: 10992 rss: 540Mb L: 142/4082 MS: 5 ShuffleBytes-ChangeASCIIInt-ChangeBit-ShuffleBytes-EraseBytes-
#6849198	REDUCE cov: 1638 ft: 7152 corp: 1500/351Kb lim: 4096 exec/s: 10993 rss: 540Mb L: 710/4082 MS: 1 EraseBytes-
#6852584	REDUCE cov: 1638 ft: 7152 corp: 1500/351Kb lim: 4096 exec/s: 10999 rss: 540Mb L: 988/4082 MS: 1 EraseBytes-
#6855360	REDUCE cov: 1638 ft: 7152 corp: 1500/351Kb lim: 4096 exec/s: 10986 rss: 540Mb L: 2870/4082 MS: 1 EraseBytes-
#6855486	REDUCE cov: 1638 ft: 7152 corp: 1500/351Kb lim: 4096 exec/s: 10986 rss: 540Mb L: 29/4082 MS: 1 EraseBytes-
#6857796	REDUCE cov: 1638 ft: 7152 corp: 1500/351Kb lim: 4096 exec/s: 10990 rss: 540Mb L: 334/4082 MS: 5 PersAutoDict-ChangeASCIIInt-CrossOver-ShuffleBytes-EraseBytes- DE: "\377\377\377\370"-
#6864242	REDUCE cov: 1638 ft: 7152 corp: 1500/351Kb lim: 4096 exec/s: 10982 rss: 540Mb L: 531/4082 MS: 1 EraseBytes-
#6864478	REDUCE cov: 1638 ft: 7152 corp: 1500/351Kb lim: 4096 exec/s: 10983 rss: 540Mb L: 140/4082 MS: 1 EraseBytes-
#6865384	REDUCE cov: 1638 ft: 7152 corp: 1500/351Kb lim: 4096 exec/s: 10984 rss: 540Mb L: 291/4082 MS: 1 EraseBytes-
#6867145	REDUCE cov: 1638 ft: 7152 corp: 1500/351Kb lim: 4096 exec/s: 10987 rss: 540Mb L: 116/4082 MS: 1 EraseBytes-
#6869531	REDUCE cov: 1638 ft: 7152 corp: 1500/351Kb lim: 4096 exec/s: 10991 rss: 540Mb L: 300/4082 MS: 1 EraseBytes-
#6871703	REDUCE cov: 1638 ft: 7152 corp: 1500/351Kb lim: 4096 exec/s: 10977 rss: 540Mb L: 1255/4082 MS: 1 EraseBytes-
#6874504	REDUCE cov: 1638 ft: 7152 corp: 1500/351Kb lim: 4096 exec/s: 10981 rss: 540Mb L: 248/4082 MS: 1 EraseBytes-
#6875361	REDUCE cov: 1638 ft: 7152 corp: 1500/351Kb lim: 4096 exec/s: 10983 rss: 540Mb L: 23/4082 MS: 2 ChangeByte-EraseBytes-
#6875787	REDUCE cov: 1638 ft: 7152 corp: 1500/351Kb lim: 4096 exec/s: 10983 rss: 540Mb L: 41/4082 MS: 1 CrossOver-
#6877263	REDUCE cov: 1638 ft: 7152 corp: 1500/351Kb lim: 4096 exec/s: 10968 rss: 540Mb L: 54/4082 MS: 1 EraseBytes-
#6881114	REDUCE cov: 1638 ft: 7152 corp: 1500/351Kb lim: 4096 exec/s: 10974 rss: 540Mb L: 62/4082 MS: 1 EraseBytes-
#6881390	REDUCE cov: 1638 ft: 7152 corp: 1500/351Kb lim: 4096 exec/s: 10975 rss: 540Mb L: 461/4082 MS: 1 EraseBytes-
#6883616	REDUCE cov: 1638 ft: 7152 corp: 1500/351Kb lim: 4096 exec/s: 10978 rss: 540Mb L: 48/4082 MS: 1 EraseBytes-
#6887087	REDUCE cov: 1638 ft: 7152 corp: 1500/351Kb lim: 4096 exec/s: 10966 rss: 540Mb L: 116/4082 MS: 1 EraseBytes-
#6887783	REDUCE cov: 1638 ft: 7152 corp: 1500/351Kb lim: 4096 exec/s: 10967 rss: 540Mb L: 193/4082 MS: 1 EraseBytes-
#6890361	REDUCE cov: 1638 ft: 7152 corp: 1500/351Kb lim: 4096 exec/s: 10971 rss: 540Mb L: 1635/4082 MS: 3 CrossOver-CopyPart-EraseBytes-
#6890887	REDUCE cov: 1638 ft: 7152 corp: 1500/351Kb lim: 4096 exec/s: 10972 rss: 540Mb L: 191/4082 MS: 1 EraseBytes-
#6898108	REDUCE cov: 1638 ft: 7152 corp: 1500/351Kb lim: 4096 exec/s: 10966 rss: 540Mb L: 187/4082 MS: 1 EraseBytes-
#6901424	REDUCE cov: 1638 ft: 7152 corp: 1500/351Kb lim: 4096 exec/s: 10954 rss: 540Mb L: 1107/4082 MS: 1 EraseBytes-
#6902115	REDUCE cov: 1638 ft: 7152 corp: 1500/351Kb lim: 4096 exec/s: 10955 rss: 540Mb L: 276/4082 MS: 1 EraseBytes-
#6902172	REDUCE cov: 1638 ft: 7152 corp: 1500/351Kb lim: 4096 exec/s: 10955 rss: 540Mb L: 56/4082 MS: 2 CopyPart-EraseBytes-
#6906899	REDUCE cov: 1638 ft: 7152 corp: 1500/351Kb lim: 4096 exec/s: 10963 rss: 540Mb L: 150/4082 MS: 2 CrossOver-EraseBytes-
#6911395	REDUCE cov: 1638 ft: 7152 corp: 1500/351Kb lim: 4096 exec/s: 10953 rss: 540Mb L: 3094/4082 MS: 1 EraseBytes-
#6911490	REDUCE cov: 1638 ft: 7152 corp: 1500/351Kb lim: 4096 exec/s: 10953 rss: 540Mb L: 212/4082 MS: 5 CopyPart-ShuffleBytes-CopyPart-ChangeByte-EraseBytes-
#6911951	REDUCE cov: 1638 ft: 7152 corp: 1500/351Kb lim: 4096 exec/s: 10953 rss: 540Mb L: 69/4082 MS: 1 EraseBytes-
#6912897	REDUCE cov: 1638 ft: 7152 corp: 1500/351Kb lim: 4096 exec/s: 10955 rss: 540Mb L: 867/4082 MS: 1 EraseBytes-
#6916819	REDUCE cov: 1638 ft: 7152 corp: 1500/351Kb lim: 4096 exec/s: 10944 rss: 540Mb L: 50/4082 MS: 2 ChangeASCIIInt-EraseBytes-
#6921642	REDUCE cov: 1638 ft: 7152 corp: 1500/351Kb lim: 4096 exec/s: 10951 rss: 540Mb L: 925/4082 MS: 3 CopyPart-ChangeByte-EraseBytes-
#6922448	REDUCE cov: 1638 ft: 7152 corp: 1500/351Kb lim: 4096 exec/s: 10953 rss: 540Mb L: 1070/4082 MS: 1 EraseBytes-
#6923105	REDUCE cov: 1638 ft: 7152 corp: 1500/351Kb lim: 4096 exec/s: 10954 rss: 540Mb L: 207/4082 MS: 2 ShuffleBytes-EraseBytes-
#6930761	REDUCE cov: 1638 ft: 7152 corp: 1500/351Kb lim: 4096 exec/s: 10949 rss: 540Mb L: 108/4082 MS: 1 EraseBytes-
#6931389	REDUCE cov: 1638 ft: 7152 corp: 1500/351Kb lim: 4096 exec/s: 10950 rss: 540Mb L: 222/4082 MS: 3 ShuffleBytes-InsertRepeatedBytes-EraseBytes-
#6934761	REDUCE cov: 1638 ft: 7152 corp: 1500/351Kb lim: 4096 exec/s: 10955 rss: 540Mb L: 259/4082 MS: 2 CopyPart-EraseBytes-
#6935648	REDUCE cov: 1638 ft: 7152 corp: 1500/351Kb lim: 4096 exec/s: 10956 rss: 540Mb L: 35/4082 MS: 2 ChangeBit-EraseBytes-
#6937384	REDUCE cov: 1638 ft: 7152 corp: 1500/351Kb lim: 4096 exec/s: 10959 rss: 540Mb L: 59/4082 MS: 1 EraseBytes-
#6938787	REDUCE cov: 1638 ft: 7152 corp: 1500/351Kb lim: 4096 exec/s: 10944 rss: 540Mb L: 121/4082 MS: 3 InsertRepeatedBytes-EraseBytes-CopyPart-
#6938803	REDUCE cov: 1638 ft: 7152 corp: 1500/351Kb lim: 4096 exec/s: 10944 rss: 540Mb L: 88/4082 MS: 1 EraseBytes-
#6939534	REDUCE cov: 1638 ft: 7152 corp: 1500/351Kb lim: 4096 exec/s: 10945 rss: 540Mb L: 98/4082 MS: 1 EraseBytes-
#6942771	REDUCE cov: 1638 ft: 7152 corp: 1500/351Kb lim: 4096 exec/s: 10950 rss: 540Mb L: 248/4082 MS: 1 EraseBytes-
#6948492	REDUCE cov: 1638 ft: 7152 corp: 1500/351Kb lim: 4096 exec/s: 10959 rss: 540Mb L: 238/4082 MS: 1 EraseBytes-
#6951738	REDUCE cov: 1638 ft: 7152 corp: 1500/351Kb lim: 4096 exec/s: 10947 rss: 540Mb L: 218/4082 MS: 1 EraseBytes-
#6952708	REDUCE cov: 1638 ft: 7152 corp: 1500/351Kb lim: 4096 exec/s: 10949 rss: 540Mb L: 235/4082 MS: 3 ChangeASCIIInt-CopyPart-EraseBytes-
#6955489	REDUCE cov: 1638 ft: 7152 corp: 1500/351Kb lim: 4096 exec/s: 10953 rss: 540Mb L: 416/4082 MS: 1 EraseBytes-
#6956630	REDUCE cov: 1638 ft: 7152 corp: 1500/351Kb lim: 4096 exec/s: 10955 rss: 540Mb L: 214/4082 MS: 1 EraseBytes-
#6957891	REDUCE cov: 1638 ft: 7152 corp: 1500/351Kb lim: 4096 exec/s: 10957 rss: 540Mb L: 840/4082 MS: 1 EraseBytes-
#6957952	REDUCE cov: 1638 ft: 7152 corp: 1500/351Kb lim: 4096 exec/s: 10957 rss: 540Mb L: 28/4082 MS: 1 EraseBytes-
#6960079	REDUCE cov: 1638 ft: 7152 corp: 1500/350Kb lim: 4096 exec/s: 10960 rss: 540Mb L: 665/4082 MS: 2 ChangeByte-EraseBytes-
#6962765	REDUCE cov: 1638 ft: 7152 corp: 1500/350Kb lim: 4096 exec/s: 10947 rss: 540Mb L: 54/4082 MS: 1 EraseBytes-
#6962911	REDUCE cov: 1638 ft: 7152 corp: 1500/350Kb lim: 4096 exec/s: 10947 rss: 540Mb L: 21/4082 MS: 1 EraseBytes-
#6963193	REDUCE cov: 1638 ft: 7152 corp: 1500/350Kb lim: 4096 exec/s: 10948 rss: 540Mb L: 210/4082 MS: 2 CopyPart-EraseBytes-
#6963928	REDUCE cov: 1638 ft: 7152 corp: 1500/350Kb lim: 4096 exec/s: 10949 rss: 540Mb L: 805/4082 MS: 2 ChangeASCIIInt-EraseBytes-
#6966421	REDUCE cov: 1638 ft: 7152 corp: 1500/350Kb lim: 4096 exec/s: 10953 rss: 540Mb L: 113/4082 MS: 3 ChangeBit-CopyPart-EraseBytes-
#6967623	REDUCE cov: 1638 ft: 7152 corp: 1500/350Kb lim: 4096 exec/s: 10955 rss: 540Mb L: 201/4082 MS: 2 ChangeASCIIInt-EraseBytes-
#6968782	REDUCE cov: 1638 ft: 7152 corp: 1500/350Kb lim: 4096 exec/s: 10957 rss: 540Mb L: 14/4082 MS: 4 PersAutoDict-ChangeASCIIInt-ChangeASCIIInt-EraseBytes- DE: "\025\000\000\000\000\000\000\000"-
#6976028	REDUCE cov: 1638 ft: 7152 corp: 1500/350Kb lim: 4096 exec/s: 10951 rss: 540Mb L: 1530/4082 MS: 1 EraseBytes-
#6982244	REDUCE cov: 1638 ft: 7152 corp: 1500/350Kb lim: 4096 exec/s: 10943 rss: 540Mb L: 102/4082 MS: 1 EraseBytes-
#6984285	REDUCE cov: 1638 ft: 7152 corp: 1500/350Kb lim: 4096 exec/s: 10947 rss: 540Mb L: 579/4082 MS: 1 EraseBytes-
#6985678	REDUCE cov: 1638 ft: 7152 corp: 1500/350Kb lim: 4096 exec/s: 10949 rss: 540Mb L: 32/4082 MS: 2 PersAutoDict-EraseBytes- DE: "\001&"-
#6986675	REDUCE cov: 1638 ft: 7152 corp: 1500/350Kb lim: 4096 exec/s: 10950 rss: 540Mb L: 241/4082 MS: 2 ChangeASCIIInt-EraseBytes-
#6992691	REDUCE cov: 1638 ft: 7152 corp: 1500/350Kb lim: 4096 exec/s: 10943 rss: 540Mb L: 199/4082 MS: 1 EraseBytes-
#6993414	REDUCE cov: 1638 ft: 7152 corp: 1500/350Kb lim: 4096 exec/s: 10944 rss: 540Mb L: 666/4082 MS: 3 ShuffleBytes-CopyPart-EraseBytes-
#6993455	REDUCE cov: 1638 ft: 7152 corp: 1500/350Kb lim: 4096 exec/s: 10944 rss: 540Mb L: 297/4082 MS: 1 EraseBytes-
#6994966	REDUCE cov: 1638 ft: 7153 corp: 1501/351Kb lim: 4096 exec/s: 10946 rss: 540Mb L: 404/4082 MS: 1 CopyPart-
#6995923	REDUCE cov: 1638 ft: 7153 corp: 1501/351Kb lim: 4096 exec/s: 10948 rss: 540Mb L: 219/4082 MS: 2 CrossOver-EraseBytes-
#6996190	REDUCE cov: 1638 ft: 7154 corp: 1502/351Kb lim: 4096 exec/s: 10948 rss: 540Mb L: 115/4082 MS: 2 EraseBytes-CrossOver-
#6996302	REDUCE cov: 1638 ft: 7154 corp: 1502/351Kb lim: 4096 exec/s: 10948 rss: 540Mb L: 31/4082 MS: 2 InsertByte-EraseBytes-
#6997019	REDUCE cov: 1638 ft: 7154 corp: 1502/351Kb lim: 4096 exec/s: 10949 rss: 540Mb L: 372/4082 MS: 2 CopyPart-EraseBytes-
#6997311	REDUCE cov: 1638 ft: 7154 corp: 1502/351Kb lim: 4096 exec/s: 10950 rss: 540Mb L: 197/4082 MS: 2 ChangeByte-EraseBytes-
#6999167	REDUCE cov: 1638 ft: 7154 corp: 1502/351Kb lim: 4096 exec/s: 10953 rss: 540Mb L: 102/4082 MS: 1 EraseBytes-
#6999258	REDUCE cov: 1638 ft: 7154 corp: 1502/351Kb lim: 4096 exec/s: 10953 rss: 540Mb L: 383/4082 MS: 1 EraseBytes-
#7005309	REDUCE cov: 1638 ft: 7154 corp: 1502/351Kb lim: 4096 exec/s: 10945 rss: 540Mb L: 224/4082 MS: 1 EraseBytes-
#7008141	REDUCE cov: 1638 ft: 7154 corp: 1502/351Kb lim: 4096 exec/s: 10950 rss: 540Mb L: 1254/4082 MS: 1 EraseBytes-
#7010362	REDUCE cov: 1638 ft: 7154 corp: 1502/351Kb lim: 4096 exec/s: 10953 rss: 540Mb L: 3917/4082 MS: 1 EraseBytes-
#7011193	REDUCE cov: 1638 ft: 7154 corp: 1502/351Kb lim: 4096 exec/s: 10954 rss: 540Mb L: 129/4082 MS: 1 EraseBytes-
#7013244	REDUCE cov: 1638 ft: 7154 corp: 1502/351Kb lim: 4096 exec/s: 10958 rss: 540Mb L: 97/4082 MS: 1 EraseBytes-
#7019452	REDUCE cov: 1638 ft: 7154 corp: 1502/351Kb lim: 4096 exec/s: 10950 rss: 540Mb L: 54/4082 MS: 3 ChangeASCIIInt-ShuffleBytes-EraseBytes-
#7020473	REDUCE cov: 1638 ft: 7154 corp: 1502/351Kb lim: 4096 exec/s: 10952 rss: 540Mb L: 215/4082 MS: 1 EraseBytes-
#7022994	REDUCE cov: 1638 ft: 7154 corp: 1502/351Kb lim: 4096 exec/s: 10939 rss: 540Mb L: 183/4082 MS: 1 EraseBytes-
#7025741	REDUCE cov: 1638 ft: 7154 corp: 1502/351Kb lim: 4096 exec/s: 10943 rss: 540Mb L: 165/4082 MS: 2 InsertRepeatedBytes-EraseBytes-
#7028313	REDUCE cov: 1638 ft: 7154 corp: 1502/351Kb lim: 4096 exec/s: 10947 rss: 540Mb L: 163/4082 MS: 1 EraseBytes-
#7038185	REDUCE cov: 1638 ft: 7154 corp: 1502/351Kb lim: 4096 exec/s: 10945 rss: 540Mb L: 13/4082 MS: 2 CopyPart-EraseBytes-
#7040401	REDUCE cov: 1638 ft: 7154 corp: 1502/351Kb lim: 4096 exec/s: 10949 rss: 540Mb L: 48/4082 MS: 1 EraseBytes-
#7040682	REDUCE cov: 1638 ft: 7154 corp: 1502/351Kb lim: 4096 exec/s: 10949 rss: 540Mb L: 50/4082 MS: 1 EraseBytes-
#7043897	REDUCE cov: 1638 ft: 7154 corp: 1502/351Kb lim: 4096 exec/s: 10937 rss: 540Mb L: 138/4082 MS: 5 CMP-InsertByte-ChangeBinInt-CopyPart-EraseBytes- DE: "\245\001\000\000"-
#7044323	REDUCE cov: 1638 ft: 7154 corp: 1502/350Kb lim: 4096 exec/s: 10938 rss: 540Mb L: 1008/4082 MS: 1 EraseBytes-
#7047223	REDUCE cov: 1638 ft: 7154 corp: 1502/350Kb lim: 4096 exec/s: 10942 rss: 540Mb L: 186/4082 MS: 2 PersAutoDict-EraseBytes- DE: "p\000\000\020"-
#7049669	REDUCE cov: 1638 ft: 7154 corp: 1502/350Kb lim: 4096 exec/s: 10929 rss: 540Mb L: 25/4082 MS: 1 EraseBytes-
#7054520	REDUCE cov: 1638 ft: 7154 corp: 1502/350Kb lim: 4096 exec/s: 10937 rss: 540Mb L: 3072/4082 MS: 1 EraseBytes-
#7055978	REDUCE cov: 1638 ft: 7154 corp: 1502/350Kb lim: 4096 exec/s: 10939 rss: 540Mb L: 135/4082 MS: 3 CopyPart-CopyPart-EraseBytes-
#7057869	REDUCE cov: 1638 ft: 7154 corp: 1502/350Kb lim: 4096 exec/s: 10942 rss: 540Mb L: 25/4082 MS: 1 EraseBytes-
#7058251	REDUCE cov: 1638 ft: 7154 corp: 1502/350Kb lim: 4096 exec/s: 10943 rss: 540Mb L: 30/4082 MS: 2 ChangeByte-EraseBytes-
#7061752	REDUCE cov: 1638 ft: 7154 corp: 1502/350Kb lim: 4096 exec/s: 10931 rss: 540Mb L: 52/4082 MS: 1 EraseBytes-
#7063979	REDUCE cov: 1638 ft: 7154 corp: 1502/350Kb lim: 4096 exec/s: 10934 rss: 540Mb L: 1266/4082 MS: 2 ChangeASCIIInt-EraseBytes-
#7068520	REDUCE cov: 1638 ft: 7154 corp: 1502/350Kb lim: 4096 exec/s: 10941 rss: 540Mb L: 80/4082 MS: 1 EraseBytes-
#7070131	REDUCE cov: 1638 ft: 7154 corp: 1502/350Kb lim: 4096 exec/s: 10927 rss: 540Mb L: 1277/4082 MS: 1 EraseBytes-
#7074387	REDUCE cov: 1638 ft: 7154 corp: 1502/350Kb lim: 4096 exec/s: 10934 rss: 540Mb L: 39/4082 MS: 1 EraseBytes-
#7076123	REDUCE cov: 1638 ft: 7154 corp: 1502/350Kb lim: 4096 exec/s: 10919 rss: 540Mb L: 12/4082 MS: 1 EraseBytes-
#7078969	REDUCE cov: 1638 ft: 7154 corp: 1502/350Kb lim: 4096 exec/s: 10924 rss: 540Mb L: 974/4082 MS: 1 EraseBytes-
#7082902	REDUCE cov: 1638 ft: 7154 corp: 1502/350Kb lim: 4096 exec/s: 10930 rss: 540Mb L: 197/4082 MS: 3 EraseBytes-ChangeBit-ChangeByte-
#7085548	REDUCE cov: 1638 ft: 7154 corp: 1502/350Kb lim: 4096 exec/s: 10934 rss: 540Mb L: 17/4082 MS: 1 EraseBytes-
#7086199	REDUCE cov: 1638 ft: 7154 corp: 1502/350Kb lim: 4096 exec/s: 10918 rss: 540Mb L: 126/4082 MS: 1 EraseBytes-
#7086277	REDUCE cov: 1638 ft: 7154 corp: 1502/350Kb lim: 4096 exec/s: 10918 rss: 540Mb L: 19/4082 MS: 3 ChangeBinInt-ChangeBinInt-EraseBytes-
#7086368	REDUCE cov: 1638 ft: 7154 corp: 1502/350Kb lim: 4096 exec/s: 10918 rss: 540Mb L: 124/4082 MS: 1 EraseBytes-
#7086469	REDUCE cov: 1638 ft: 7154 corp: 1502/350Kb lim: 4096 exec/s: 10919 rss: 540Mb L: 24/4082 MS: 1 EraseBytes-
#7089430	REDUCE cov: 1638 ft: 7154 corp: 1502/350Kb lim: 4096 exec/s: 10923 rss: 540Mb L: 120/4082 MS: 1 EraseBytes-
#7092522	REDUCE cov: 1638 ft: 7154 corp: 1502/350Kb lim: 4096 exec/s: 10928 rss: 540Mb L: 130/4082 MS: 2 EraseBytes-CrossOver-
#7092619	REDUCE cov: 1638 ft: 7154 corp: 1502/350Kb lim: 4096 exec/s: 10928 rss: 540Mb L: 7/4082 MS: 2 ChangeBit-EraseBytes-
#7092655	REDUCE cov: 1638 ft: 7154 corp: 1502/350Kb lim: 4096 exec/s: 10928 rss: 540Mb L: 112/4082 MS: 1 EraseBytes-
#7095864	REDUCE cov: 1638 ft: 7154 corp: 1502/350Kb lim: 4096 exec/s: 10933 rss: 540Mb L: 22/4082 MS: 1 EraseBytes-
#7099800	REDUCE cov: 1638 ft: 7154 corp: 1502/350Kb lim: 4096 exec/s: 10922 rss: 540Mb L: 18/4082 MS: 1 EraseBytes-
#7104775	REDUCE cov: 1638 ft: 7154 corp: 1502/350Kb lim: 4096 exec/s: 10930 rss: 540Mb L: 99/4082 MS: 1 EraseBytes-
#7106831	REDUCE cov: 1638 ft: 7154 corp: 1502/350Kb lim: 4096 exec/s: 10916 rss: 540Mb L: 413/4082 MS: 1 EraseBytes-
#7107727	REDUCE cov: 1638 ft: 7154 corp: 1502/350Kb lim: 4096 exec/s: 10918 rss: 540Mb L: 641/4082 MS: 1 EraseBytes-
#7111685	REDUCE cov: 1638 ft: 7154 corp: 1502/350Kb lim: 4096 exec/s: 10924 rss: 540Mb L: 19/4082 MS: 3 CMP-ChangeBinInt-EraseBytes- DE: "\377\377\377\377\377\377\377\004"-
#7116837	REDUCE cov: 1638 ft: 7154 corp: 1502/350Kb lim: 4096 exec/s: 10915 rss: 540Mb L: 2694/4082 MS: 2 CMP-EraseBytes- DE: "message"-
#7118709	REDUCE cov: 1638 ft: 7154 corp: 1502/350Kb lim: 4096 exec/s: 10918 rss: 540Mb L: 617/4082 MS: 2 ChangeASCIIInt-EraseBytes-
#7120960	REDUCE cov: 1638 ft: 7154 corp: 1502/350Kb lim: 4096 exec/s: 10921 rss: 540Mb L: 121/4082 MS: 1 EraseBytes-
#7121782	REDUCE cov: 1638 ft: 7154 corp: 1502/350Kb lim: 4096 exec/s: 10906 rss: 540Mb L: 65/4082 MS: 2 ChangeBit-EraseBytes-
#7121998	REDUCE cov: 1638 ft: 7154 corp: 1502/350Kb lim: 4096 exec/s: 10906 rss: 540Mb L: 31/4082 MS: 1 EraseBytes-
#7122939	REDUCE cov: 1638 ft: 7154 corp: 1502/350Kb lim: 4096 exec/s: 10908 rss: 540Mb L: 109/4082 MS: 1 EraseBytes-
#7123627	REDUCE cov: 1638 ft: 7154 corp: 1502/350Kb lim: 4096 exec/s: 10909 rss: 540Mb L: 30/4082 MS: 3 ChangeASCIIInt-CopyPart-EraseBytes-
#7124164	REDUCE cov: 1638 ft: 7154 corp: 1502/350Kb lim: 4096 exec/s: 10909 rss: 540Mb L: 85/4082 MS: 2 EraseBytes-CrossOver-
#7124617	REDUCE cov: 1638 ft: 7154 corp: 1502/350Kb lim: 4096 exec/s: 10910 rss: 540Mb L: 920/4082 MS: 3 CopyPart-InsertByte-EraseBytes-
#7125289	REDUCE cov: 1638 ft: 7154 corp: 1502/350Kb lim: 4096 exec/s: 10911 rss: 540Mb L: 935/4082 MS: 2 ChangeASCIIInt-EraseBytes-
#7127201	REDUCE cov: 1638 ft: 7154 corp: 1502/350Kb lim: 4096 exec/s: 10914 rss: 540Mb L: 13/4082 MS: 1 EraseBytes-
#7130949	REDUCE cov: 1638 ft: 7154 corp: 1502/350Kb lim: 4096 exec/s: 10903 rss: 540Mb L: 66/4082 MS: 3 ChangeASCIIInt-ChangeBinInt-EraseBytes-
#7131656	REDUCE cov: 1638 ft: 7154 corp: 1502/350Kb lim: 4096 exec/s: 10904 rss: 540Mb L: 31/4082 MS: 2 ChangeASCIIInt-EraseBytes-
#7131702	REDUCE cov: 1638 ft: 7154 corp: 1502/350Kb lim: 4096 exec/s: 10904 rss: 540Mb L: 514/4082 MS: 1 EraseBytes-
#7132128	REDUCE cov: 1638 ft: 7154 corp: 1502/350Kb lim: 4096 exec/s: 10905 rss: 540Mb L: 289/4082 MS: 1 EraseBytes-
#7132284	REDUCE cov: 1638 ft: 7154 corp: 1502/350Kb lim: 4096 exec/s: 10905 rss: 540Mb L: 106/4082 MS: 1 EraseBytes-
#7136091	REDUCE cov: 1638 ft: 7154 corp: 1502/350Kb lim: 4096 exec/s: 10911 rss: 540Mb L: 56/4082 MS: 1 EraseBytes-
#7137492	REDUCE cov: 1638 ft: 7154 corp: 1502/350Kb lim: 4096 exec/s: 10896 rss: 540Mb L: 49/4082 MS: 1 EraseBytes-
#7138558	REDUCE cov: 1638 ft: 7156 corp: 1503/350Kb lim: 4096 exec/s: 10898 rss: 540Mb L: 11/4082 MS: 1 InsertByte-
#7141094	REDUCE cov: 1638 ft: 7156 corp: 1503/350Kb lim: 4096 exec/s: 10902 rss: 540Mb L: 93/4082 MS: 1 EraseBytes-
#7145870	REDUCE cov: 1638 ft: 7156 corp: 1503/350Kb lim: 4096 exec/s: 10893 rss: 540Mb L: 84/4082 MS: 1 EraseBytes-
#7147027	REDUCE cov: 1638 ft: 7156 corp: 1503/349Kb lim: 4096 exec/s: 10894 rss: 540Mb L: 2225/4082 MS: 2 ChangeByte-EraseBytes-
#7148428	REDUCE cov: 1638 ft: 7156 corp: 1503/349Kb lim: 4096 exec/s: 10896 rss: 540Mb L: 1178/4082 MS: 1 EraseBytes-
#7148668	REDUCE cov: 1638 ft: 7156 corp: 1503/349Kb lim: 4096 exec/s: 10897 rss: 540Mb L: 82/4082 MS: 5 ChangeBit-ShuffleBytes-InsertByte-ShuffleBytes-EraseBytes-
#7148924	REDUCE cov: 1638 ft: 7156 corp: 1503/349Kb lim: 4096 exec/s: 10897 rss: 540Mb L: 30/4082 MS: 1 EraseBytes-
#7149680	REDUCE cov: 1638 ft: 7156 corp: 1503/349Kb lim: 4096 exec/s: 10898 rss: 540Mb L: 892/4082 MS: 1 EraseBytes-
#7152072	REDUCE cov: 1638 ft: 7156 corp: 1503/349Kb lim: 4096 exec/s: 10885 rss: 540Mb L: 1953/4082 MS: 1 EraseBytes-
#7153778	REDUCE cov: 1638 ft: 7156 corp: 1503/349Kb lim: 4096 exec/s: 10888 rss: 540Mb L: 25/4082 MS: 1 EraseBytes-
#7154779	REDUCE cov: 1638 ft: 7156 corp: 1503/349Kb lim: 4096 exec/s: 10890 rss: 540Mb L: 76/4082 MS: 1 EraseBytes-
#7155400	REDUCE cov: 1638 ft: 7156 corp: 1503/349Kb lim: 4096 exec/s: 10891 rss: 540Mb L: 152/4082 MS: 1 EraseBytes-
#7155451	REDUCE cov: 1638 ft: 7156 corp: 1503/349Kb lim: 4096 exec/s: 10891 rss: 540Mb L: 127/4082 MS: 1 EraseBytes-
#7156338	REDUCE cov: 1638 ft: 7156 corp: 1503/349Kb lim: 4096 exec/s: 10892 rss: 540Mb L: 140/4082 MS: 2 InsertByte-EraseBytes-
#7160046	REDUCE cov: 1638 ft: 7156 corp: 1503/349Kb lim: 4096 exec/s: 10881 rss: 540Mb L: 4051/4082 MS: 1 EraseBytes-
#7160503	REDUCE cov: 1638 ft: 7156 corp: 1503/349Kb lim: 4096 exec/s: 10882 rss: 540Mb L: 126/4082 MS: 2 ChangeBinInt-EraseBytes-
#7162634	REDUCE cov: 1638 ft: 7156 corp: 1503/349Kb lim: 4096 exec/s: 10885 rss: 540Mb L: 75/4082 MS: 1 EraseBytes-
#7164783	REDUCE cov: 1638 ft: 7156 corp: 1503/349Kb lim: 4096 exec/s: 10888 rss: 540Mb L: 430/4082 MS: 4 CopyPart-InsertByte-ChangeASCIIInt-EraseBytes-
#7170025	REDUCE cov: 1638 ft: 7156 corp: 1503/349Kb lim: 4096 exec/s: 10880 rss: 542Mb L: 3911/4082 MS: 1 EraseBytes-
#7170447	REDUCE cov: 1638 ft: 7156 corp: 1503/349Kb lim: 4096 exec/s: 10880 rss: 542Mb L: 161/4082 MS: 2 ShuffleBytes-EraseBytes-
#7171331	REDUCE cov: 1638 ft: 7156 corp: 1503/349Kb lim: 4096 exec/s: 10882 rss: 542Mb L: 310/4082 MS: 4 EraseBytes-ChangeBit-CopyPart-CopyPart-
#7172022	REDUCE cov: 1638 ft: 7156 corp: 1503/349Kb lim: 4096 exec/s: 10883 rss: 542Mb L: 140/4082 MS: 1 EraseBytes-
#7177259	REDUCE cov: 1638 ft: 7156 corp: 1503/349Kb lim: 4096 exec/s: 10874 rss: 542Mb L: 1151/4082 MS: 2 ChangeBit-EraseBytes-
#7177965	REDUCE cov: 1638 ft: 7156 corp: 1503/349Kb lim: 4096 exec/s: 10875 rss: 542Mb L: 32/4082 MS: 1 EraseBytes-
#7179187	REDUCE cov: 1638 ft: 7156 corp: 1503/349Kb lim: 4096 exec/s: 10877 rss: 542Mb L: 237/4082 MS: 2 ChangeBit-EraseBytes-
#7180233	REDUCE cov: 1638 ft: 7156 corp: 1503/349Kb lim: 4096 exec/s: 10879 rss: 542Mb L: 234/4082 MS: 1 EraseBytes-
#7185349	REDUCE cov: 1638 ft: 7156 corp: 1503/349Kb lim: 4096 exec/s: 10870 rss: 543Mb L: 53/4082 MS: 1 EraseBytes-
#7189965	REDUCE cov: 1638 ft: 7156 corp: 1503/349Kb lim: 4096 exec/s: 10860 rss: 544Mb L: 127/4082 MS: 1 EraseBytes-
#7191121	REDUCE cov: 1638 ft: 7156 corp: 1503/349Kb lim: 4096 exec/s: 10862 rss: 544Mb L: 852/4082 MS: 1 EraseBytes-
#7193497	REDUCE cov: 1638 ft: 7156 corp: 1503/349Kb lim: 4096 exec/s: 10866 rss: 544Mb L: 391/4082 MS: 1 EraseBytes-
#7196129	REDUCE cov: 1638 ft: 7156 corp: 1503/349Kb lim: 4096 exec/s: 10870 rss: 544Mb L: 153/4082 MS: 2 InsertByte-EraseBytes-
#7197531	REDUCE cov: 1638 ft: 7156 corp: 1503/349Kb lim: 4096 exec/s: 10856 rss: 544Mb L: 622/4082 MS: 2 ShuffleBytes-EraseBytes-
#7201292	REDUCE cov: 1638 ft: 7156 corp: 1503/349Kb lim: 4096 exec/s: 10861 rss: 544Mb L: 293/4082 MS: 1 EraseBytes-
#7205450	REDUCE cov: 1638 ft: 7156 corp: 1503/349Kb lim: 4096 exec/s: 10851 rss: 544Mb L: 961/4082 MS: 3 ChangeASCIIInt-CopyPart-EraseBytes-
#7216623	REDUCE cov: 1638 ft: 7156 corp: 1503/349Kb lim: 4096 exec/s: 10852 rss: 544Mb L: 305/4082 MS: 3 EraseBytes-CMP-CopyPart- DE: "message"-
#7220309	REDUCE cov: 1638 ft: 7156 corp: 1503/349Kb lim: 4096 exec/s: 10857 rss: 544Mb L: 73/4082 MS: 1 EraseBytes-
#7220720	REDUCE cov: 1638 ft: 7156 corp: 1503/349Kb lim: 4096 exec/s: 10858 rss: 544Mb L: 363/4082 MS: 1 EraseBytes-
#7220792	REDUCE cov: 1638 ft: 7156 corp: 1503/349Kb lim: 4096 exec/s: 10858 rss: 544Mb L: 190/4082 MS: 2 ShuffleBytes-EraseBytes-
#7220793	REDUCE cov: 1638 ft: 7156 corp: 1503/349Kb lim: 4096 exec/s: 10858 rss: 544Mb L: 124/4082 MS: 1 EraseBytes-
#7223869	REDUCE cov: 1638 ft: 7156 corp: 1503/349Kb lim: 4096 exec/s: 10846 rss: 544Mb L: 202/4082 MS: 1 EraseBytes-
#7224715	REDUCE cov: 1638 ft: 7156 corp: 1503/349Kb lim: 4096 exec/s: 10847 rss: 544Mb L: 307/4082 MS: 1 EraseBytes-
#7228006	REDUCE cov: 1638 ft: 7156 corp: 1503/349Kb lim: 4096 exec/s: 10852 rss: 544Mb L: 46/4082 MS: 1 EraseBytes-
#7232267	REDUCE cov: 1638 ft: 7156 corp: 1503/349Kb lim: 4096 exec/s: 10859 rss: 544Mb L: 1808/4082 MS: 1 EraseBytes-
#7233248	REDUCE cov: 1638 ft: 7156 corp: 1503/349Kb lim: 4096 exec/s: 10860 rss: 544Mb L: 672/4082 MS: 1 EraseBytes-
#7234134	REDUCE cov: 1638 ft: 7156 corp: 1503/349Kb lim: 4096 exec/s: 10862 rss: 544Mb L: 30/4082 MS: 1 EraseBytes-
#7235540	REDUCE cov: 1638 ft: 7156 corp: 1503/349Kb lim: 4096 exec/s: 10847 rss: 544Mb L: 72/4082 MS: 1 EraseBytes-
#7235998	REDUCE cov: 1638 ft: 7156 corp: 1503/349Kb lim: 4096 exec/s: 10848 rss: 544Mb L: 229/4082 MS: 3 InsertRepeatedBytes-ChangeBit-EraseBytes-
#7236459	REDUCE cov: 1638 ft: 7156 corp: 1503/349Kb lim: 4096 exec/s: 10849 rss: 544Mb L: 289/4082 MS: 1 EraseBytes-
#7239744	REDUCE cov: 1638 ft: 7156 corp: 1503/349Kb lim: 4096 exec/s: 10854 rss: 545Mb L: 882/4082 MS: 5 CopyPart-ChangeBit-EraseBytes-ChangeBit-EraseBytes-
#7241805	REDUCE cov: 1638 ft: 7156 corp: 1503/349Kb lim: 4096 exec/s: 10857 rss: 545Mb L: 1146/4082 MS: 1 EraseBytes-
#7243451	REDUCE cov: 1638 ft: 7156 corp: 1503/349Kb lim: 4096 exec/s: 10859 rss: 546Mb L: 21/4082 MS: 1 EraseBytes-
#7250337	REDUCE cov: 1638 ft: 7156 corp: 1503/349Kb lim: 4096 exec/s: 10853 rss: 546Mb L: 111/4082 MS: 1 EraseBytes-
#7251883	REDUCE cov: 1638 ft: 7156 corp: 1503/349Kb lim: 4096 exec/s: 10856 rss: 546Mb L: 27/4082 MS: 1 EraseBytes-
#7252334	REDUCE cov: 1638 ft: 7156 corp: 1503/349Kb lim: 4096 exec/s: 10856 rss: 546Mb L: 234/4082 MS: 1 EraseBytes-
#7259280	REDUCE cov: 1638 ft: 7156 corp: 1503/349Kb lim: 4096 exec/s: 10850 rss: 546Mb L: 19/4082 MS: 1 EraseBytes-
#7259903	REDUCE cov: 1638 ft: 7156 corp: 1503/348Kb lim: 4096 exec/s: 10851 rss: 546Mb L: 1858/4082 MS: 3 ShuffleBytes-ChangeASCIIInt-EraseBytes-
#7259910	REDUCE cov: 1638 ft: 7156 corp: 1503/348Kb lim: 4096 exec/s: 10851 rss: 546Mb L: 29/4082 MS: 2 ChangeBit-EraseBytes-
#7260651	REDUCE cov: 1638 ft: 7156 corp: 1503/348Kb lim: 4096 exec/s: 10852 rss: 546Mb L: 891/4082 MS: 1 EraseBytes-
#7260772	REDUCE cov: 1638 ft: 7156 corp: 1503/348Kb lim: 4096 exec/s: 10853 rss: 546Mb L: 146/4082 MS: 1 EraseBytes-
#7262494	REDUCE cov: 1638 ft: 7156 corp: 1503/348Kb lim: 4096 exec/s: 10855 rss: 546Mb L: 118/4082 MS: 2 InsertByte-EraseBytes-
#7263526	REDUCE cov: 1638 ft: 7156 corp: 1503/348Kb lim: 4096 exec/s: 10857 rss: 546Mb L: 11/4082 MS: 2 CMP-EraseBytes- DE: "message"-
#7264922	REDUCE cov: 1638 ft: 7156 corp: 1503/348Kb lim: 4096 exec/s: 10859 rss: 546Mb L: 9/4082 MS: 1 EraseBytes-
#7267108	REDUCE cov: 1638 ft: 7156 corp: 1503/348Kb lim: 4096 exec/s: 10862 rss: 546Mb L: 450/4082 MS: 1 EraseBytes-
#7267845	REDUCE cov: 1638 ft: 7156 corp: 1503/348Kb lim: 4096 exec/s: 10863 rss: 546Mb L: 20/4082 MS: 2 ChangeASCIIInt-EraseBytes-
#7273351	REDUCE cov: 1638 ft: 7156 corp: 1503/348Kb lim: 4096 exec/s: 10855 rss: 546Mb L: 18/4082 MS: 1 EraseBytes-
#7277957	REDUCE cov: 1638 ft: 7156 corp: 1503/348Kb lim: 4096 exec/s: 10862 rss: 547Mb L: 16/4082 MS: 1 EraseBytes-
#7278821	REDUCE cov: 1638 ft: 7156 corp: 1503/348Kb lim: 4096 exec/s: 10863 rss: 547Mb L: 172/4082 MS: 4 ChangeASCIIInt-InsertByte-EraseBytes-CopyPart-
#7280012	REDUCE cov: 1638 ft: 7156 corp: 1503/348Kb lim: 4096 exec/s: 10849 rss: 547Mb L: 855/4082 MS: 1 EraseBytes-
#7285534	REDUCE cov: 1638 ft: 7156 corp: 1503/348Kb lim: 4096 exec/s: 10857 rss: 550Mb L: 393/4082 MS: 2 ChangeBinInt-EraseBytes-
#7285741	REDUCE cov: 1638 ft: 7157 corp: 1504/348Kb lim: 4096 exec/s: 10858 rss: 550Mb L: 118/4082 MS: 2 ChangeASCIIInt-CopyPart-
#7289333	REDUCE cov: 1638 ft: 7157 corp: 1504/348Kb lim: 4096 exec/s: 10863 rss: 552Mb L: 842/4082 MS: 2 ChangeASCIIInt-EraseBytes-
#7296569	REDUCE cov: 1638 ft: 7157 corp: 1504/348Kb lim: 4096 exec/s: 10857 rss: 556Mb L: 75/4082 MS: 1 EraseBytes-
#7297316	REDUCE cov: 1638 ft: 7157 corp: 1504/348Kb lim: 4096 exec/s: 10859 rss: 558Mb L: 69/4082 MS: 2 CopyPart-EraseBytes-
#7299127	REDUCE cov: 1638 ft: 7157 corp: 1504/348Kb lim: 4096 exec/s: 10861 rss: 559Mb L: 1923/4082 MS: 1 EraseBytes-
#7299199	REDUCE cov: 1638 ft: 7157 corp: 1504/348Kb lim: 4096 exec/s: 10861 rss: 559Mb L: 743/4082 MS: 2 ChangeASCIIInt-EraseBytes-
#7300215	REDUCE cov: 1638 ft: 7157 corp: 1504/348Kb lim: 4096 exec/s: 10847 rss: 559Mb L: 626/4082 MS: 1 EraseBytes-
#7303556	REDUCE cov: 1638 ft: 7157 corp: 1504/348Kb lim: 4096 exec/s: 10852 rss: 559Mb L: 34/4082 MS: 1 EraseBytes-
#7307137	REDUCE cov: 1638 ft: 7157 corp: 1504/348Kb lim: 4096 exec/s: 10841 rss: 559Mb L: 64/4082 MS: 1 EraseBytes-
#7309528	REDUCE cov: 1638 ft: 7157 corp: 1504/348Kb lim: 4096 exec/s: 10844 rss: 559Mb L: 800/4082 MS: 1 EraseBytes-
#7309833	REDUCE cov: 1638 ft: 7157 corp: 1504/348Kb lim: 4096 exec/s: 10845 rss: 559Mb L: 17/4082 MS: 5 PersAutoDict-CrossOver-ChangeASCIIInt-PersAutoDict-EraseBytes- DE: "\317\000\000\000\000\000\000\000"-"\377\377\377\366"-
#7310585	REDUCE cov: 1638 ft: 7157 corp: 1504/348Kb lim: 4096 exec/s: 10846 rss: 559Mb L: 1909/4082 MS: 2 InsertByte-EraseBytes-
#7311381	REDUCE cov: 1638 ft: 7157 corp: 1504/348Kb lim: 4096 exec/s: 10847 rss: 559Mb L: 15/4082 MS: 1 EraseBytes-
#7311763	REDUCE cov: 1638 ft: 7157 corp: 1504/348Kb lim: 4096 exec/s: 10832 rss: 559Mb L: 610/4082 MS: 2 ChangeBit-EraseBytes-
#7314833	REDUCE cov: 1638 ft: 7157 corp: 1504/348Kb lim: 4096 exec/s: 10836 rss: 559Mb L: 51/4082 MS: 2 InsertByte-EraseBytes-
#7317644	REDUCE cov: 1638 ft: 7157 corp: 1504/348Kb lim: 4096 exec/s: 10824 rss: 559Mb L: 1103/4082 MS: 1 EraseBytes-
#7319955	REDUCE cov: 1638 ft: 7157 corp: 1504/348Kb lim: 4096 exec/s: 10828 rss: 559Mb L: 317/4082 MS: 1 EraseBytes-
#7322386	REDUCE cov: 1638 ft: 7157 corp: 1504/348Kb lim: 4096 exec/s: 10831 rss: 559Mb L: 77/4082 MS: 1 EraseBytes-
#7323297	REDUCE cov: 1638 ft: 7157 corp: 1504/348Kb lim: 4096 exec/s: 10833 rss: 559Mb L: 1102/4082 MS: 1 EraseBytes-
#7324741	REDUCE cov: 1638 ft: 7157 corp: 1504/348Kb lim: 4096 exec/s: 10819 rss: 559Mb L: 260/4082 MS: 3 ChangeBit-PersAutoDict-EraseBytes- DE: "\377\377\377\377"-
#7325642	REDUCE cov: 1638 ft: 7157 corp: 1504/348Kb lim: 4096 exec/s: 10820 rss: 559Mb L: 54/4082 MS: 1 EraseBytes-
#7328173	REDUCE cov: 1638 ft: 7157 corp: 1504/348Kb lim: 4096 exec/s: 10824 rss: 561Mb L: 11/4082 MS: 1 EraseBytes-
#7328415	REDUCE cov: 1638 ft: 7157 corp: 1504/348Kb lim: 4096 exec/s: 10824 rss: 561Mb L: 211/4082 MS: 2 PersAutoDict-EraseBytes- DE: "#)\357\277\2754e1 "-
#7328490	REDUCE cov: 1638 ft: 7157 corp: 1504/348Kb lim: 4096 exec/s: 10824 rss: 562Mb L: 1451/4082 MS: 5 CopyPart-InsertByte-ChangeASCIIInt-ChangeByte-EraseBytes-
#7329293	REDUCE cov: 1638 ft: 7157 corp: 1504/348Kb lim: 4096 exec/s: 10826 rss: 562Mb L: 68/4082 MS: 3 ChangeASCIIInt-ChangeASCIIInt-EraseBytes-
#7338879	REDUCE cov: 1638 ft: 7157 corp: 1504/348Kb lim: 4096 exec/s: 10824 rss: 563Mb L: 1908/4082 MS: 1 EraseBytes-
#7341196	NEW    cov: 1638 ft: 7158 corp: 1505/348Kb lim: 4096 exec/s: 10827 rss: 563Mb L: 230/4082 MS: 2 InsertByte-CopyPart-
#7342618	REDUCE cov: 1638 ft: 7158 corp: 1505/348Kb lim: 4096 exec/s: 10813 rss: 563Mb L: 63/4082 MS: 2 CopyPart-EraseBytes-
#7343832	REDUCE cov: 1638 ft: 7158 corp: 1505/348Kb lim: 4096 exec/s: 10815 rss: 563Mb L: 1653/4082 MS: 4 PersAutoDict-CopyPart-ChangeASCIIInt-EraseBytes- DE: "\377\377\377\377\377\377\377\001"-
#7346568	REDUCE cov: 1638 ft: 7158 corp: 1505/348Kb lim: 4096 exec/s: 10819 rss: 563Mb L: 15/4082 MS: 1 EraseBytes-
#7347844	REDUCE cov: 1638 ft: 7158 corp: 1505/348Kb lim: 4096 exec/s: 10821 rss: 563Mb L: 370/4082 MS: 1 EraseBytes-
#7349265	REDUCE cov: 1638 ft: 7158 corp: 1505/348Kb lim: 4096 exec/s: 10823 rss: 563Mb L: 581/4082 MS: 1 EraseBytes-
#7349931	REDUCE cov: 1638 ft: 7158 corp: 1505/348Kb lim: 4096 exec/s: 10824 rss: 563Mb L: 21/4082 MS: 1 EraseBytes-
#7356197	REDUCE cov: 1638 ft: 7158 corp: 1505/348Kb lim: 4096 exec/s: 10817 rss: 563Mb L: 461/4082 MS: 1 EraseBytes-
#7356958	REDUCE cov: 1638 ft: 7158 corp: 1505/348Kb lim: 4096 exec/s: 10819 rss: 563Mb L: 26/4082 MS: 1 EraseBytes-
#7357194	REDUCE cov: 1638 ft: 7158 corp: 1505/348Kb lim: 4096 exec/s: 10819 rss: 563Mb L: 38/4082 MS: 1 EraseBytes-
#7361180	REDUCE cov: 1638 ft: 7158 corp: 1505/348Kb lim: 4096 exec/s: 10809 rss: 563Mb L: 61/4082 MS: 1 EraseBytes-
#7363087	REDUCE cov: 1638 ft: 7158 corp: 1505/347Kb lim: 4096 exec/s: 10812 rss: 563Mb L: 1284/4082 MS: 1 EraseBytes-
#7363130	REDUCE cov: 1638 ft: 7158 corp: 1505/347Kb lim: 4096 exec/s: 10812 rss: 563Mb L: 1244/4082 MS: 3 CopyPart-ShuffleBytes-EraseBytes-
#7363601	REDUCE cov: 1638 ft: 7158 corp: 1505/347Kb lim: 4096 exec/s: 10812 rss: 563Mb L: 852/4082 MS: 1 EraseBytes-
#7363658	REDUCE cov: 1638 ft: 7158 corp: 1505/347Kb lim: 4096 exec/s: 10813 rss: 563Mb L: 67/4082 MS: 2 InsertRepeatedBytes-EraseBytes-
#7364699	REDUCE cov: 1638 ft: 7158 corp: 1505/347Kb lim: 4096 exec/s: 10814 rss: 563Mb L: 580/4082 MS: 1 EraseBytes-
#7366375	REDUCE cov: 1638 ft: 7158 corp: 1505/347Kb lim: 4096 exec/s: 10816 rss: 563Mb L: 65/4082 MS: 1 EraseBytes-
#7368866	REDUCE cov: 1638 ft: 7158 corp: 1505/347Kb lim: 4096 exec/s: 10820 rss: 563Mb L: 14/4082 MS: 1 EraseBytes-
#7370190	REDUCE cov: 1638 ft: 7158 corp: 1505/347Kb lim: 4096 exec/s: 10806 rss: 563Mb L: 152/4082 MS: 4 InsertRepeatedBytes-CMP-ChangeBit-EraseBytes- DE: "code"-
#7372437	REDUCE cov: 1638 ft: 7158 corp: 1505/347Kb lim: 4096 exec/s: 10810 rss: 563Mb L: 64/4082 MS: 2 ChangeASCIIInt-EraseBytes-
#7374967	REDUCE cov: 1638 ft: 7158 corp: 1505/347Kb lim: 4096 exec/s: 10813 rss: 564Mb L: 250/4082 MS: 2 ChangeBinInt-EraseBytes-
#7375454	REDUCE cov: 1638 ft: 7158 corp: 1505/347Kb lim: 4096 exec/s: 10814 rss: 564Mb L: 564/4082 MS: 2 ChangeByte-EraseBytes-
#7376410	REDUCE cov: 1638 ft: 7158 corp: 1505/347Kb lim: 4096 exec/s: 10815 rss: 564Mb L: 215/4082 MS: 1 EraseBytes-
#7376627	REDUCE cov: 1638 ft: 7158 corp: 1505/346Kb lim: 4096 exec/s: 10816 rss: 564Mb L: 2179/4082 MS: 2 ShuffleBytes-EraseBytes-
#7376689	REDUCE cov: 1638 ft: 7158 corp: 1505/346Kb lim: 4096 exec/s: 10816 rss: 564Mb L: 677/4082 MS: 2 ChangeBinInt-EraseBytes-
#7380016	REDUCE cov: 1638 ft: 7158 corp: 1505/346Kb lim: 4096 exec/s: 10821 rss: 564Mb L: 32/4082 MS: 2 ChangeASCIIInt-EraseBytes-
#7380887	REDUCE cov: 1638 ft: 7158 corp: 1505/346Kb lim: 4096 exec/s: 10806 rss: 564Mb L: 33/4082 MS: 1 EraseBytes-
#7387063	REDUCE cov: 1638 ft: 7158 corp: 1505/346Kb lim: 4096 exec/s: 10815 rss: 564Mb L: 62/4082 MS: 1 EraseBytes-
#7387314	REDUCE cov: 1638 ft: 7158 corp: 1505/346Kb lim: 4096 exec/s: 10815 rss: 564Mb L: 2248/4082 MS: 1 EraseBytes-
#7387690	REDUCE cov: 1638 ft: 7158 corp: 1505/346Kb lim: 4096 exec/s: 10816 rss: 564Mb L: 21/4082 MS: 1 EraseBytes-
#7388726	REDUCE cov: 1638 ft: 7158 corp: 1505/346Kb lim: 4096 exec/s: 10818 rss: 564Mb L: 3638/4082 MS: 1 EraseBytes-
#7396403	REDUCE cov: 1638 ft: 7158 corp: 1505/346Kb lim: 4096 exec/s: 10813 rss: 564Mb L: 523/4082 MS: 2 PersAutoDict-EraseBytes- DE: "messe"-
#7397324	REDUCE cov: 1638 ft: 7158 corp: 1505/346Kb lim: 4096 exec/s: 10814 rss: 564Mb L: 59/4082 MS: 1 EraseBytes-
#7399745	REDUCE cov: 1638 ft: 7158 corp: 1505/346Kb lim: 4096 exec/s: 10802 rss: 564Mb L: 1201/4082 MS: 1 EraseBytes-
#7404206	REDUCE cov: 1638 ft: 7158 corp: 1505/346Kb lim: 4096 exec/s: 10809 rss: 564Mb L: 9/4082 MS: 1 EraseBytes-
#7406162	REDUCE cov: 1638 ft: 7158 corp: 1505/346Kb lim: 4096 exec/s: 10811 rss: 564Mb L: 1993/4082 MS: 1 EraseBytes-
#7408799	REDUCE cov: 1638 ft: 7158 corp: 1505/346Kb lim: 4096 exec/s: 10799 rss: 564Mb L: 603/4082 MS: 2 ChangeBinInt-EraseBytes-
#7409650	REDUCE cov: 1638 ft: 7158 corp: 1505/346Kb lim: 4096 exec/s: 10801 rss: 564Mb L: 792/4082 MS: 1 EraseBytes-
#7413926	REDUCE cov: 1638 ft: 7158 corp: 1505/346Kb lim: 4096 exec/s: 10807 rss: 564Mb L: 826/4082 MS: 1 EraseBytes-
#7415522	REDUCE cov: 1638 ft: 7158 corp: 1505/346Kb lim: 4096 exec/s: 10794 rss: 564Mb L: 13/4082 MS: 1 EraseBytes-
#7419388	REDUCE cov: 1638 ft: 7158 corp: 1505/346Kb lim: 4096 exec/s: 10799 rss: 564Mb L: 255/4082 MS: 1 EraseBytes-
#7421354	REDUCE cov: 1638 ft: 7158 corp: 1505/346Kb lim: 4096 exec/s: 10802 rss: 564Mb L: 1266/4082 MS: 1 EraseBytes-
#7421606	REDUCE cov: 1638 ft: 7158 corp: 1505/346Kb lim: 4096 exec/s: 10802 rss: 564Mb L: 807/4082 MS: 2 ChangeBit-EraseBytes-
#7430967	REDUCE cov: 1638 ft: 7158 corp: 1505/346Kb lim: 4096 exec/s: 10800 rss: 564Mb L: 496/4082 MS: 1 EraseBytes-
#7431248	REDUCE cov: 1638 ft: 7158 corp: 1505/346Kb lim: 4096 exec/s: 10801 rss: 564Mb L: 96/4082 MS: 1 EraseBytes-
#7431374	REDUCE cov: 1638 ft: 7158 corp: 1505/346Kb lim: 4096 exec/s: 10801 rss: 564Mb L: 483/4082 MS: 1 EraseBytes-
#7432415	REDUCE cov: 1638 ft: 7158 corp: 1505/346Kb lim: 4096 exec/s: 10787 rss: 564Mb L: 95/4082 MS: 1 EraseBytes-
#7438638	REDUCE cov: 1638 ft: 7158 corp: 1505/346Kb lim: 4096 exec/s: 10796 rss: 564Mb L: 13/4082 MS: 2 CopyPart-EraseBytes-
#7440024	NEW    cov: 1638 ft: 7159 corp: 1506/346Kb lim: 4096 exec/s: 10782 rss: 564Mb L: 319/4082 MS: 1 CopyPart-
#7441981	REDUCE cov: 1638 ft: 7159 corp: 1506/346Kb lim: 4096 exec/s: 10785 rss: 564Mb L: 107/4082 MS: 2 InsertByte-EraseBytes-
#7443622	REDUCE cov: 1638 ft: 7160 corp: 1507/346Kb lim: 4096 exec/s: 10787 rss: 564Mb L: 39/4082 MS: 1 EraseBytes-
#7450523	REDUCE cov: 1638 ft: 7160 corp: 1507/346Kb lim: 4096 exec/s: 10782 rss: 564Mb L: 12/4082 MS: 1 EraseBytes-
#7450644	REDUCE cov: 1638 ft: 7160 corp: 1507/346Kb lim: 4096 exec/s: 10782 rss: 564Mb L: 20/4082 MS: 1 EraseBytes-
#7453590	REDUCE cov: 1638 ft: 7160 corp: 1507/346Kb lim: 4096 exec/s: 10786 rss: 564Mb L: 470/4082 MS: 1 EraseBytes-
#7456381	REDUCE cov: 1638 ft: 7160 corp: 1507/346Kb lim: 4096 exec/s: 10790 rss: 564Mb L: 31/4082 MS: 1 EraseBytes-
#7457837	REDUCE cov: 1638 ft: 7160 corp: 1507/346Kb lim: 4096 exec/s: 10777 rss: 564Mb L: 19/4082 MS: 1 EraseBytes-
#7460838	NEW    cov: 1638 ft: 7163 corp: 1508/347Kb lim: 4096 exec/s: 10781 rss: 564Mb L: 506/4082 MS: 1 CopyPart-
#7462169	REDUCE cov: 1638 ft: 7163 corp: 1508/347Kb lim: 4096 exec/s: 10783 rss: 564Mb L: 1091/4082 MS: 1 EraseBytes-
#7462752	REDUCE cov: 1638 ft: 7163 corp: 1508/347Kb lim: 4096 exec/s: 10784 rss: 564Mb L: 227/4082 MS: 3 ChangeASCIIInt-ShuffleBytes-EraseBytes-
#7464883	REDUCE cov: 1638 ft: 7163 corp: 1508/347Kb lim: 4096 exec/s: 10787 rss: 564Mb L: 145/4082 MS: 1 EraseBytes-
#7465219	REDUCE cov: 1638 ft: 7163 corp: 1508/347Kb lim: 4096 exec/s: 10787 rss: 564Mb L: 13/4082 MS: 1 EraseBytes-
#7465650	REDUCE cov: 1638 ft: 7163 corp: 1508/347Kb lim: 4096 exec/s: 10788 rss: 564Mb L: 47/4082 MS: 1 EraseBytes-
#7466421	REDUCE cov: 1638 ft: 7163 corp: 1508/346Kb lim: 4096 exec/s: 10789 rss: 564Mb L: 1340/4082 MS: 1 EraseBytes-
#7468207	REDUCE cov: 1638 ft: 7163 corp: 1508/346Kb lim: 4096 exec/s: 10776 rss: 564Mb L: 15/4082 MS: 1 EraseBytes-
#7469913	REDUCE cov: 1638 ft: 7163 corp: 1508/346Kb lim: 4096 exec/s: 10779 rss: 564Mb L: 460/4082 MS: 1 EraseBytes-
#7470992	REDUCE cov: 1638 ft: 7163 corp: 1508/346Kb lim: 4096 exec/s: 10780 rss: 564Mb L: 83/4082 MS: 4 ChangeASCIIInt-CopyPart-ChangeByte-EraseBytes-
#7486633	REDUCE cov: 1638 ft: 7163 corp: 1508/346Kb lim: 4096 exec/s: 10772 rss: 564Mb L: 61/4082 MS: 1 EraseBytes-
#7488870	REDUCE cov: 1638 ft: 7163 corp: 1508/346Kb lim: 4096 exec/s: 10775 rss: 564Mb L: 1617/4082 MS: 2 CopyPart-EraseBytes-
#7490811	REDUCE cov: 1638 ft: 7163 corp: 1508/346Kb lim: 4096 exec/s: 10778 rss: 564Mb L: 548/4082 MS: 1 EraseBytes-
#7491934	REDUCE cov: 1638 ft: 7163 corp: 1508/346Kb lim: 4096 exec/s: 10764 rss: 564Mb L: 1078/4082 MS: 3 ChangeASCIIInt-ChangeASCIIInt-EraseBytes-
#7492510	REDUCE cov: 1638 ft: 7163 corp: 1508/346Kb lim: 4096 exec/s: 10765 rss: 564Mb L: 116/4082 MS: 1 EraseBytes-
#7492536	REDUCE cov: 1638 ft: 7163 corp: 1508/346Kb lim: 4096 exec/s: 10765 rss: 564Mb L: 60/4082 MS: 1 EraseBytes-
#7492772	REDUCE cov: 1638 ft: 7163 corp: 1508/346Kb lim: 4096 exec/s: 10765 rss: 564Mb L: 888/4082 MS: 1 EraseBytes-
#7493320	REDUCE cov: 1638 ft: 7164 corp: 1509/347Kb lim: 4096 exec/s: 10766 rss: 564Mb L: 1253/4082 MS: 3 ChangeASCIIInt-ChangeASCIIInt-EraseBytes-
#7496288	NEW    cov: 1638 ft: 7169 corp: 1510/348Kb lim: 4096 exec/s: 10770 rss: 564Mb L: 734/4082 MS: 3 CopyPart-ChangeASCIIInt-EraseBytes-
#7497595	REDUCE cov: 1638 ft: 7169 corp: 1510/348Kb lim: 4096 exec/s: 10772 rss: 564Mb L: 47/4082 MS: 1 EraseBytes-
#7498791	REDUCE cov: 1638 ft: 7169 corp: 1510/348Kb lim: 4096 exec/s: 10774 rss: 564Mb L: 1012/4082 MS: 1 EraseBytes-
#7502737	REDUCE cov: 1638 ft: 7169 corp: 1510/348Kb lim: 4096 exec/s: 10764 rss: 564Mb L: 1065/4082 MS: 1 EraseBytes-
#7502977	NEW    cov: 1638 ft: 7171 corp: 1511/349Kb lim: 4096 exec/s: 10764 rss: 564Mb L: 1078/4082 MS: 5 CopyPart-CMP-ChangeASCIIInt-ShuffleBytes-CopyPart- DE: "\001\000\000\000\000\000\000\000"-
#7503878	NEW    cov: 1638 ft: 7172 corp: 1512/351Kb lim: 4096 exec/s: 10765 rss: 564Mb L: 1339/4082 MS: 1 CopyPart-
#7505590	REDUCE cov: 1638 ft: 7172 corp: 1512/351Kb lim: 4096 exec/s: 10768 rss: 564Mb L: 1267/4082 MS: 1 EraseBytes-
#7510617	REDUCE cov: 1638 ft: 7172 corp: 1512/351Kb lim: 4096 exec/s: 10760 rss: 564Mb L: 1307/4082 MS: 2 ChangeASCIIInt-EraseBytes-
#7513863	REDUCE cov: 1638 ft: 7172 corp: 1512/350Kb lim: 4096 exec/s: 10764 rss: 564Mb L: 451/4082 MS: 1 EraseBytes-
#7515620	REDUCE cov: 1638 ft: 7172 corp: 1512/350Kb lim: 4096 exec/s: 10767 rss: 564Mb L: 541/4082 MS: 2 CopyPart-EraseBytes-
#7515716	REDUCE cov: 1638 ft: 7173 corp: 1513/352Kb lim: 4096 exec/s: 10767 rss: 564Mb L: 1917/4082 MS: 1 CopyPart-
#7516719	REDUCE cov: 1638 ft: 7173 corp: 1513/352Kb lim: 4096 exec/s: 10768 rss: 564Mb L: 63/4082 MS: 3 CopyPart-EraseBytes-CopyPart-
#7516813	NEW    cov: 1638 ft: 7174 corp: 1514/356Kb lim: 4096 exec/s: 10769 rss: 564Mb L: 3886/4082 MS: 4 ChangeByte-CopyPart-ShuffleBytes-InsertRepeatedBytes-
#7518779	REDUCE cov: 1638 ft: 7174 corp: 1514/356Kb lim: 4096 exec/s: 10756 rss: 564Mb L: 29/4082 MS: 1 EraseBytes-
#7519311	REDUCE cov: 1638 ft: 7174 corp: 1514/356Kb lim: 4096 exec/s: 10757 rss: 564Mb L: 448/4082 MS: 2 ChangeBinInt-EraseBytes-
#7522452	REDUCE cov: 1638 ft: 7174 corp: 1514/356Kb lim: 4096 exec/s: 10761 rss: 564Mb L: 86/4082 MS: 1 EraseBytes-
#7522541	REDUCE cov: 1638 ft: 7174 corp: 1514/356Kb lim: 4096 exec/s: 10761 rss: 564Mb L: 263/4082 MS: 4 ChangeASCIIInt-ChangeBinInt-ChangeBit-EraseBytes-
#7524542	REDUCE cov: 1638 ft: 7174 corp: 1514/356Kb lim: 4096 exec/s: 10764 rss: 564Mb L: 9/4082 MS: 1 EraseBytes-
#7526278	REDUCE cov: 1638 ft: 7176 corp: 1515/357Kb lim: 4096 exec/s: 10767 rss: 564Mb L: 694/4082 MS: 1 CopyPart-
#7527804	REDUCE cov: 1638 ft: 7176 corp: 1515/357Kb lim: 4096 exec/s: 10769 rss: 564Mb L: 28/4082 MS: 1 EraseBytes-
#7528766	REDUCE cov: 1638 ft: 7176 corp: 1515/357Kb lim: 4096 exec/s: 10755 rss: 564Mb L: 797/4082 MS: 2 ChangeBit-EraseBytes-
#7528961	REDUCE cov: 1638 ft: 7176 corp: 1515/357Kb lim: 4096 exec/s: 10755 rss: 564Mb L: 90/4082 MS: 5 InsertByte-InsertRepeatedBytes-InsertByte-PersAutoDict-EraseBytes- DE: "\357\277\275\357\277\275@"-
#7533027	REDUCE cov: 1638 ft: 7176 corp: 1515/357Kb lim: 4096 exec/s: 10761 rss: 564Mb L: 28/4082 MS: 1 EraseBytes-
#7534223	REDUCE cov: 1638 ft: 7176 corp: 1515/356Kb lim: 4096 exec/s: 10763 rss: 564Mb L: 3233/4082 MS: 1 EraseBytes-
#7538345	REDUCE cov: 1638 ft: 7176 corp: 1515/356Kb lim: 4096 exec/s: 10753 rss: 564Mb L: 88/4082 MS: 1 EraseBytes-
#7540573	REDUCE cov: 1638 ft: 7176 corp: 1515/356Kb lim: 4096 exec/s: 10756 rss: 564Mb L: 17/4082 MS: 3 ChangeASCIIInt-InsertByte-EraseBytes-
#7541044	REDUCE cov: 1638 ft: 7176 corp: 1515/356Kb lim: 4096 exec/s: 10757 rss: 564Mb L: 13/4082 MS: 1 EraseBytes-
#7541525	REDUCE cov: 1638 ft: 7176 corp: 1515/356Kb lim: 4096 exec/s: 10758 rss: 564Mb L: 617/4082 MS: 1 EraseBytes-
#7545414	REDUCE cov: 1638 ft: 7176 corp: 1515/356Kb lim: 4096 exec/s: 10763 rss: 564Mb L: 629/4082 MS: 4 ChangeBit-ChangeBit-ShuffleBytes-EraseBytes-
#7545745	REDUCE cov: 1638 ft: 7176 corp: 1515/356Kb lim: 4096 exec/s: 10764 rss: 564Mb L: 786/4082 MS: 1 EraseBytes-
#7551722	REDUCE cov: 1638 ft: 7176 corp: 1515/356Kb lim: 4096 exec/s: 10757 rss: 564Mb L: 39/4082 MS: 2 CopyPart-EraseBytes-
#7551903	REDUCE cov: 1638 ft: 7176 corp: 1515/356Kb lim: 4096 exec/s: 10757 rss: 564Mb L: 218/4082 MS: 1 EraseBytes-
#7552034	REDUCE cov: 1638 ft: 7176 corp: 1515/356Kb lim: 4096 exec/s: 10757 rss: 564Mb L: 1755/4082 MS: 1 EraseBytes-
#7556635	REDUCE cov: 1638 ft: 7176 corp: 1515/356Kb lim: 4096 exec/s: 10749 rss: 564Mb L: 3077/4082 MS: 1 EraseBytes-
#7557271	REDUCE cov: 1638 ft: 7176 corp: 1515/356Kb lim: 4096 exec/s: 10750 rss: 564Mb L: 2161/4082 MS: 1 EraseBytes-
#7557807	REDUCE cov: 1638 ft: 7176 corp: 1515/356Kb lim: 4096 exec/s: 10750 rss: 564Mb L: 47/4082 MS: 1 EraseBytes-
#7557943	REDUCE cov: 1638 ft: 7176 corp: 1515/356Kb lim: 4096 exec/s: 10750 rss: 564Mb L: 784/4082 MS: 1 EraseBytes-
#7564219	REDUCE cov: 1638 ft: 7176 corp: 1515/356Kb lim: 4096 exec/s: 10759 rss: 564Mb L: 683/4082 MS: 1 EraseBytes-
#7567505	REDUCE cov: 1638 ft: 7176 corp: 1515/356Kb lim: 4096 exec/s: 10749 rss: 564Mb L: 3714/4082 MS: 1 EraseBytes-
#7574727	REDUCE cov: 1638 ft: 7177 corp: 1516/358Kb lim: 4096 exec/s: 10744 rss: 564Mb L: 2722/4082 MS: 2 CopyPart-CopyPart-
#7576158	REDUCE cov: 1638 ft: 7177 corp: 1516/358Kb lim: 4096 exec/s: 10746 rss: 564Mb L: 55/4082 MS: 1 EraseBytes-
#7580739	REDUCE cov: 1638 ft: 7177 corp: 1516/358Kb lim: 4096 exec/s: 10737 rss: 564Mb L: 32/4082 MS: 1 EraseBytes-
#7581230	REDUCE cov: 1638 ft: 7177 corp: 1516/358Kb lim: 4096 exec/s: 10738 rss: 564Mb L: 149/4082 MS: 1 EraseBytes-
#7581981	REDUCE cov: 1638 ft: 7177 corp: 1516/358Kb lim: 4096 exec/s: 10739 rss: 564Mb L: 2425/4082 MS: 1 EraseBytes-
#7582487	REDUCE cov: 1638 ft: 7177 corp: 1516/358Kb lim: 4096 exec/s: 10740 rss: 564Mb L: 779/4082 MS: 1 EraseBytes-
#7583608	REDUCE cov: 1638 ft: 7177 corp: 1516/358Kb lim: 4096 exec/s: 10741 rss: 564Mb L: 1447/4082 MS: 1 EraseBytes-
#7584204	REDUCE cov: 1638 ft: 7177 corp: 1516/357Kb lim: 4096 exec/s: 10742 rss: 564Mb L: 1916/4082 MS: 1 EraseBytes-
#7586000	REDUCE cov: 1638 ft: 7177 corp: 1516/357Kb lim: 4096 exec/s: 10745 rss: 564Mb L: 647/4082 MS: 1 EraseBytes-
#7588770	REDUCE cov: 1638 ft: 7177 corp: 1516/357Kb lim: 4096 exec/s: 10733 rss: 564Mb L: 761/4082 MS: 5 CopyPart-InsertRepeatedBytes-ShuffleBytes-ChangeASCIIInt-EraseBytes-
#7590327	REDUCE cov: 1638 ft: 7177 corp: 1516/357Kb lim: 4096 exec/s: 10735 rss: 564Mb L: 434/4082 MS: 2 ChangeASCIIInt-EraseBytes-
#7591118	REDUCE cov: 1638 ft: 7177 corp: 1516/357Kb lim: 4096 exec/s: 10737 rss: 564Mb L: 318/4082 MS: 1 EraseBytes-
#7599437	REDUCE cov: 1638 ft: 7177 corp: 1516/356Kb lim: 4096 exec/s: 10733 rss: 564Mb L: 2195/4082 MS: 3 ChangeASCIIInt-ChangeASCIIInt-EraseBytes-
#7604159	REDUCE cov: 1638 ft: 7177 corp: 1516/356Kb lim: 4096 exec/s: 10740 rss: 564Mb L: 88/4082 MS: 2 ChangeBit-EraseBytes-
#7604700	REDUCE cov: 1638 ft: 7177 corp: 1516/356Kb lim: 4096 exec/s: 10725 rss: 564Mb L: 411/4082 MS: 1 EraseBytes-
#7604876	REDUCE cov: 1638 ft: 7177 corp: 1516/356Kb lim: 4096 exec/s: 10726 rss: 564Mb L: 51/4082 MS: 1 EraseBytes-
#7605025	REDUCE cov: 1638 ft: 7177 corp: 1516/356Kb lim: 4096 exec/s: 10726 rss: 564Mb L: 746/4082 MS: 4 InsertByte-CopyPart-ChangeByte-EraseBytes-
#7605106	REDUCE cov: 1638 ft: 7177 corp: 1516/356Kb lim: 4096 exec/s: 10726 rss: 564Mb L: 9/4082 MS: 1 EraseBytes-
#7606392	REDUCE cov: 1638 ft: 7177 corp: 1516/356Kb lim: 4096 exec/s: 10728 rss: 564Mb L: 31/4082 MS: 1 EraseBytes-
#7607443	REDUCE cov: 1638 ft: 7177 corp: 1516/356Kb lim: 4096 exec/s: 10729 rss: 564Mb L: 2011/4082 MS: 1 EraseBytes-
#7615769	REDUCE cov: 1638 ft: 7177 corp: 1516/356Kb lim: 4096 exec/s: 10726 rss: 564Mb L: 196/4082 MS: 1 EraseBytes-
#7616550	REDUCE cov: 1638 ft: 7177 corp: 1516/356Kb lim: 4096 exec/s: 10727 rss: 564Mb L: 28/4082 MS: 1 EraseBytes-
#7617796	REDUCE cov: 1638 ft: 7177 corp: 1516/356Kb lim: 4096 exec/s: 10729 rss: 564Mb L: 410/4082 MS: 1 EraseBytes-
#7624118	REDUCE cov: 1638 ft: 7177 corp: 1516/356Kb lim: 4096 exec/s: 10723 rss: 564Mb L: 214/4082 MS: 1 EraseBytes-
#7627769	REDUCE cov: 1638 ft: 7177 corp: 1516/356Kb lim: 4096 exec/s: 10728 rss: 564Mb L: 57/4082 MS: 1 EraseBytes-
#7631240	REDUCE cov: 1638 ft: 7177 corp: 1516/356Kb lim: 4096 exec/s: 10733 rss: 564Mb L: 59/4082 MS: 1 EraseBytes-
#7631861	REDUCE cov: 1638 ft: 7177 corp: 1516/356Kb lim: 4096 exec/s: 10733 rss: 564Mb L: 150/4082 MS: 1 EraseBytes-
#7631878	REDUCE cov: 1638 ft: 7177 corp: 1516/356Kb lim: 4096 exec/s: 10734 rss: 564Mb L: 270/4082 MS: 2 InsertByte-EraseBytes-
#7631887	REDUCE cov: 1638 ft: 7177 corp: 1516/356Kb lim: 4096 exec/s: 10734 rss: 564Mb L: 442/4082 MS: 4 ShuffleBytes-EraseBytes-CopyPart-InsertRepeatedBytes-
#7634459	REDUCE cov: 1638 ft: 7178 corp: 1517/359Kb lim: 4096 exec/s: 10722 rss: 564Mb L: 3431/4082 MS: 2 CrossOver-CopyPart-
#7637490	REDUCE cov: 1638 ft: 7178 corp: 1517/359Kb lim: 4096 exec/s: 10726 rss: 564Mb L: 449/4082 MS: 1 EraseBytes-
#7637532	REDUCE cov: 1638 ft: 7178 corp: 1517/359Kb lim: 4096 exec/s: 10726 rss: 564Mb L: 2710/4082 MS: 2 CopyPart-EraseBytes-
#7638968	REDUCE cov: 1638 ft: 7178 corp: 1517/359Kb lim: 4096 exec/s: 10728 rss: 564Mb L: 1219/4082 MS: 1 EraseBytes-
#7639110	REDUCE cov: 1638 ft: 7178 corp: 1517/359Kb lim: 4096 exec/s: 10729 rss: 564Mb L: 731/4082 MS: 2 ChangeASCIIInt-EraseBytes-
#7643591	REDUCE cov: 1638 ft: 7178 corp: 1517/359Kb lim: 4096 exec/s: 10720 rss: 564Mb L: 704/4082 MS: 1 EraseBytes-
#7644003	REDUCE cov: 1638 ft: 7178 corp: 1517/359Kb lim: 4096 exec/s: 10720 rss: 564Mb L: 718/4082 MS: 2 ChangeASCIIInt-EraseBytes-
#7647044	REDUCE cov: 1638 ft: 7178 corp: 1517/359Kb lim: 4096 exec/s: 10725 rss: 564Mb L: 736/4082 MS: 1 EraseBytes-
#7650045	REDUCE cov: 1638 ft: 7178 corp: 1517/359Kb lim: 4096 exec/s: 10729 rss: 564Mb L: 16/4082 MS: 1 EraseBytes-
#7650471	REDUCE cov: 1638 ft: 7178 corp: 1517/359Kb lim: 4096 exec/s: 10729 rss: 564Mb L: 406/4082 MS: 1 EraseBytes-
#7654593	REDUCE cov: 1638 ft: 7178 corp: 1517/359Kb lim: 4096 exec/s: 10720 rss: 564Mb L: 406/4082 MS: 1 EraseBytes-
#7659369	REDUCE cov: 1638 ft: 7178 corp: 1517/359Kb lim: 4096 exec/s: 10727 rss: 564Mb L: 54/4082 MS: 1 EraseBytes-
#7661911	REDUCE cov: 1638 ft: 7178 corp: 1517/359Kb lim: 4096 exec/s: 10730 rss: 564Mb L: 1064/4082 MS: 2 ChangeASCIIInt-EraseBytes-
#7662150	REDUCE cov: 1638 ft: 7178 corp: 1517/359Kb lim: 4096 exec/s: 10731 rss: 564Mb L: 725/4082 MS: 4 CMP-EraseBytes-CrossOver-ChangeASCIIInt- DE: "\377\377\377\377\377\377\377\000"-
#7664561	REDUCE cov: 1638 ft: 7178 corp: 1517/359Kb lim: 4096 exec/s: 10719 rss: 564Mb L: 201/4082 MS: 1 EraseBytes-
#7666943	REDUCE cov: 1638 ft: 7199 corp: 1518/362Kb lim: 4096 exec/s: 10722 rss: 564Mb L: 3054/4082 MS: 2 ChangeBit-CopyPart-
#7668654	REDUCE cov: 1638 ft: 7199 corp: 1518/362Kb lim: 4096 exec/s: 10725 rss: 564Mb L: 180/4082 MS: 1 EraseBytes-
#7668923	REDUCE cov: 1638 ft: 7199 corp: 1518/362Kb lim: 4096 exec/s: 10725 rss: 564Mb L: 658/4082 MS: 4 ChangeBit-ChangeBit-InsertByte-EraseBytes-
#7671899	REDUCE cov: 1638 ft: 7199 corp: 1518/362Kb lim: 4096 exec/s: 10729 rss: 564Mb L: 70/4082 MS: 1 EraseBytes-
#7672289	REDUCE cov: 1638 ft: 7199 corp: 1518/362Kb lim: 4096 exec/s: 10730 rss: 564Mb L: 214/4082 MS: 5 ChangeASCIIInt-PersAutoDict-ChangeASCIIInt-CMP-EraseBytes- DE: ".\257\010\000"-"message"-
#7675106	REDUCE cov: 1638 ft: 7199 corp: 1518/362Kb lim: 4096 exec/s: 10719 rss: 564Mb L: 372/4082 MS: 2 ShuffleBytes-EraseBytes-
#7678502	REDUCE cov: 1638 ft: 7199 corp: 1518/362Kb lim: 4096 exec/s: 10724 rss: 564Mb L: 382/4082 MS: 1 EraseBytes-
#7679963	REDUCE cov: 1638 ft: 7199 corp: 1518/362Kb lim: 4096 exec/s: 10726 rss: 564Mb L: 24/4082 MS: 1 EraseBytes-
#7690114	REDUCE cov: 1638 ft: 7199 corp: 1518/362Kb lim: 4096 exec/s: 10725 rss: 564Mb L: 1889/4082 MS: 1 EraseBytes-
#7692145	REDUCE cov: 1638 ft: 7199 corp: 1518/362Kb lim: 4096 exec/s: 10728 rss: 564Mb L: 77/4082 MS: 1 EraseBytes-
#7694346	REDUCE cov: 1638 ft: 7199 corp: 1518/362Kb lim: 4096 exec/s: 10731 rss: 564Mb L: 2872/4082 MS: 1 EraseBytes-
#7696087	REDUCE cov: 1638 ft: 7199 corp: 1518/362Kb lim: 4096 exec/s: 10718 rss: 564Mb L: 87/4082 MS: 1 EraseBytes-
#7700160	REDUCE cov: 1638 ft: 7199 corp: 1518/362Kb lim: 4096 exec/s: 10724 rss: 564Mb L: 18/4082 MS: 3 EraseBytes-CopyPart-ChangeASCIIInt-
#7705129	REDUCE cov: 1638 ft: 7199 corp: 1518/362Kb lim: 4096 exec/s: 10731 rss: 564Mb L: 58/4082 MS: 4 CopyPart-ChangeBinInt-ChangeBinInt-EraseBytes-
#7705235	REDUCE cov: 1638 ft: 7199 corp: 1518/362Kb lim: 4096 exec/s: 10731 rss: 564Mb L: 16/4082 MS: 1 EraseBytes-
#7710086	REDUCE cov: 1638 ft: 7199 corp: 1518/362Kb lim: 4096 exec/s: 10723 rss: 564Mb L: 1827/4082 MS: 1 EraseBytes-
#7710727	REDUCE cov: 1638 ft: 7199 corp: 1518/362Kb lim: 4096 exec/s: 10724 rss: 564Mb L: 289/4082 MS: 1 EraseBytes-
#7716904	REDUCE cov: 1638 ft: 7199 corp: 1518/362Kb lim: 4096 exec/s: 10732 rss: 564Mb L: 10/4082 MS: 2 InsertByte-EraseBytes-
#7720165	REDUCE cov: 1638 ft: 7199 corp: 1518/362Kb lim: 4096 exec/s: 10722 rss: 564Mb L: 1680/4082 MS: 1 EraseBytes-
#7721041	REDUCE cov: 1638 ft: 7199 corp: 1518/362Kb lim: 4096 exec/s: 10723 rss: 564Mb L: 7/4082 MS: 1 EraseBytes-
#7722539	REDUCE cov: 1638 ft: 7199 corp: 1518/362Kb lim: 4096 exec/s: 10725 rss: 564Mb L: 29/4082 MS: 3 ShuffleBytes-ShuffleBytes-EraseBytes-
#7722891	REDUCE cov: 1638 ft: 7199 corp: 1518/362Kb lim: 4096 exec/s: 10726 rss: 564Mb L: 207/4082 MS: 2 ChangeASCIIInt-EraseBytes-
#7723659	REDUCE cov: 1638 ft: 7199 corp: 1518/362Kb lim: 4096 exec/s: 10727 rss: 564Mb L: 438/4082 MS: 3 ChangeASCIIInt-ChangeByte-EraseBytes-
#7726636	REDUCE cov: 1638 ft: 7199 corp: 1518/362Kb lim: 4096 exec/s: 10731 rss: 564Mb L: 382/4082 MS: 2 ChangeASCIIInt-EraseBytes-
#7727632	REDUCE cov: 1638 ft: 7199 corp: 1518/361Kb lim: 4096 exec/s: 10732 rss: 564Mb L: 1884/4082 MS: 1 EraseBytes-
#7730163	REDUCE cov: 1638 ft: 7199 corp: 1518/361Kb lim: 4096 exec/s: 10736 rss: 564Mb L: 36/4082 MS: 1 EraseBytes-
#7736728	REDUCE cov: 1638 ft: 7199 corp: 1518/361Kb lim: 4096 exec/s: 10730 rss: 564Mb L: 1407/4082 MS: 5 EraseBytes-ChangeASCIIInt-InsertByte-ChangeByte-CopyPart-
#7740906	REDUCE cov: 1638 ft: 7199 corp: 1518/361Kb lim: 4096 exec/s: 10736 rss: 564Mb L: 2210/4082 MS: 3 ChangeASCIIInt-InsertByte-EraseBytes-
#7753952	REDUCE cov: 1638 ft: 7199 corp: 1518/361Kb lim: 4096 exec/s: 10724 rss: 564Mb L: 793/4082 MS: 1 EraseBytes-
#7761750	REDUCE cov: 1638 ft: 7199 corp: 1518/361Kb lim: 4096 exec/s: 10720 rss: 564Mb L: 1441/4082 MS: 3 InsertByte-ShuffleBytes-EraseBytes-
#7763847	REDUCE cov: 1638 ft: 7199 corp: 1518/361Kb lim: 4096 exec/s: 10723 rss: 564Mb L: 57/4082 MS: 2 ChangeBinInt-EraseBytes-
#7764903	REDUCE cov: 1638 ft: 7199 corp: 1518/361Kb lim: 4096 exec/s: 10725 rss: 564Mb L: 3313/4082 MS: 1 EraseBytes-
#7765794	REDUCE cov: 1638 ft: 7199 corp: 1518/361Kb lim: 4096 exec/s: 10726 rss: 564Mb L: 1635/4082 MS: 1 EraseBytes-
#7766695	REDUCE cov: 1638 ft: 7199 corp: 1518/361Kb lim: 4096 exec/s: 10727 rss: 564Mb L: 399/4082 MS: 1 EraseBytes-
#7773191	REDUCE cov: 1638 ft: 7199 corp: 1518/361Kb lim: 4096 exec/s: 10721 rss: 564Mb L: 420/4082 MS: 1 EraseBytes-
#7777562	REDUCE cov: 1638 ft: 7199 corp: 1518/361Kb lim: 4096 exec/s: 10727 rss: 564Mb L: 398/4082 MS: 1 EraseBytes-
#7777858	REDUCE cov: 1638 ft: 7199 corp: 1518/361Kb lim: 4096 exec/s: 10728 rss: 564Mb L: 109/4082 MS: 1 EraseBytes-
#7779516	REDUCE cov: 1638 ft: 7199 corp: 1518/361Kb lim: 4096 exec/s: 10730 rss: 564Mb L: 1434/4082 MS: 3 ChangeBinInt-ChangeByte-EraseBytes-
#7784083	REDUCE cov: 1638 ft: 7199 corp: 1518/361Kb lim: 4096 exec/s: 10721 rss: 564Mb L: 139/4082 MS: 1 EraseBytes-
#7784710	REDUCE cov: 1638 ft: 7199 corp: 1518/361Kb lim: 4096 exec/s: 10722 rss: 564Mb L: 75/4082 MS: 2 ShuffleBytes-EraseBytes-
#7791911	REDUCE cov: 1638 ft: 7199 corp: 1518/361Kb lim: 4096 exec/s: 10732 rss: 564Mb L: 1047/4082 MS: 1 EraseBytes-
#7799267	REDUCE cov: 1638 ft: 7199 corp: 1518/361Kb lim: 4096 exec/s: 10728 rss: 564Mb L: 132/4082 MS: 1 EraseBytes-
#7799538	REDUCE cov: 1638 ft: 7199 corp: 1518/361Kb lim: 4096 exec/s: 10728 rss: 564Mb L: 20/4082 MS: 1 EraseBytes-
#7800319	REDUCE cov: 1638 ft: 7199 corp: 1518/361Kb lim: 4096 exec/s: 10729 rss: 564Mb L: 23/4082 MS: 1 EraseBytes-
#7802490	REDUCE cov: 1638 ft: 7199 corp: 1518/361Kb lim: 4096 exec/s: 10732 rss: 564Mb L: 390/4082 MS: 1 EraseBytes-
#7803162	REDUCE cov: 1638 ft: 7199 corp: 1518/361Kb lim: 4096 exec/s: 10718 rss: 564Mb L: 1059/4082 MS: 2 ShuffleBytes-EraseBytes-
#7803763	REDUCE cov: 1638 ft: 7199 corp: 1518/361Kb lim: 4096 exec/s: 10719 rss: 564Mb L: 1595/4082 MS: 1 EraseBytes-
#7805889	REDUCE cov: 1638 ft: 7199 corp: 1518/361Kb lim: 4096 exec/s: 10722 rss: 564Mb L: 373/4082 MS: 1 EraseBytes-
#7812880	REDUCE cov: 1638 ft: 7199 corp: 1518/361Kb lim: 4096 exec/s: 10731 rss: 564Mb L: 369/4082 MS: 1 EraseBytes-
#7818888	REDUCE cov: 1638 ft: 7199 corp: 1518/361Kb lim: 4096 exec/s: 10725 rss: 564Mb L: 14/4082 MS: 3 CMP-InsertByte-EraseBytes- DE: "\377\377\377\377"-
#7819389	REDUCE cov: 1638 ft: 7199 corp: 1518/361Kb lim: 4096 exec/s: 10726 rss: 564Mb L: 38/4082 MS: 1 EraseBytes-
#7819655	REDUCE cov: 1638 ft: 7199 corp: 1518/361Kb lim: 4096 exec/s: 10726 rss: 564Mb L: 26/4082 MS: 1 EraseBytes-
#7821251	REDUCE cov: 1638 ft: 7199 corp: 1518/361Kb lim: 4096 exec/s: 10728 rss: 564Mb L: 11/4082 MS: 1 EraseBytes-
#7823314	REDUCE cov: 1638 ft: 7199 corp: 1518/361Kb lim: 4096 exec/s: 10716 rss: 564Mb L: 97/4082 MS: 3 ChangeBit-ChangeASCIIInt-EraseBytes-
#7824082	REDUCE cov: 1638 ft: 7199 corp: 1518/361Kb lim: 4096 exec/s: 10717 rss: 564Mb L: 368/4082 MS: 1 EraseBytes-
#7825088	REDUCE cov: 1638 ft: 7199 corp: 1518/361Kb lim: 4096 exec/s: 10719 rss: 564Mb L: 338/4082 MS: 1 EraseBytes-
#7827556	REDUCE cov: 1638 ft: 7199 corp: 1518/361Kb lim: 4096 exec/s: 10722 rss: 564Mb L: 103/4082 MS: 3 ShuffleBytes-ShuffleBytes-EraseBytes-
#7831912	REDUCE cov: 1638 ft: 7199 corp: 1518/361Kb lim: 4096 exec/s: 10713 rss: 564Mb L: 980/4082 MS: 1 EraseBytes-
#7832760	REDUCE cov: 1638 ft: 7199 corp: 1518/361Kb lim: 4096 exec/s: 10715 rss: 564Mb L: 363/4082 MS: 3 InsertByte-ShuffleBytes-EraseBytes-
#7834871	REDUCE cov: 1638 ft: 7199 corp: 1518/361Kb lim: 4096 exec/s: 10703 rss: 564Mb L: 20/4082 MS: 1 EraseBytes-
#7835302	REDUCE cov: 1638 ft: 7199 corp: 1518/361Kb lim: 4096 exec/s: 10703 rss: 564Mb L: 56/4082 MS: 1 EraseBytes-
#7839239	REDUCE cov: 1638 ft: 7199 corp: 1518/361Kb lim: 4096 exec/s: 10709 rss: 564Mb L: 20/4082 MS: 1 EraseBytes-
#7840780	REDUCE cov: 1638 ft: 7199 corp: 1518/361Kb lim: 4096 exec/s: 10696 rss: 564Mb L: 918/4082 MS: 1 EraseBytes-
#7846246	REDUCE cov: 1638 ft: 7199 corp: 1518/361Kb lim: 4096 exec/s: 10704 rss: 564Mb L: 171/4082 MS: 1 EraseBytes-
#7846768	REDUCE cov: 1638 ft: 7199 corp: 1518/361Kb lim: 4096 exec/s: 10690 rss: 564Mb L: 85/4082 MS: 2 CopyPart-EraseBytes-
#7849282	REDUCE cov: 1638 ft: 7207 corp: 1519/362Kb lim: 4096 exec/s: 10693 rss: 564Mb L: 1565/4082 MS: 4 CopyPart-CopyPart-CrossOver-CopyPart-
#7851168	REDUCE cov: 1638 ft: 7207 corp: 1519/362Kb lim: 4096 exec/s: 10696 rss: 564Mb L: 36/4082 MS: 1 EraseBytes-
#7853132	REDUCE cov: 1638 ft: 7207 corp: 1519/362Kb lim: 4096 exec/s: 10699 rss: 564Mb L: 204/4082 MS: 4 ChangeByte-ChangeBit-ShuffleBytes-EraseBytes-
#7853633	REDUCE cov: 1638 ft: 7207 corp: 1519/362Kb lim: 4096 exec/s: 10699 rss: 564Mb L: 130/4082 MS: 1 EraseBytes-
#7853714	REDUCE cov: 1638 ft: 7207 corp: 1519/362Kb lim: 4096 exec/s: 10699 rss: 564Mb L: 74/4082 MS: 1 EraseBytes-
#7854575	REDUCE cov: 1638 ft: 7207 corp: 1519/362Kb lim: 4096 exec/s: 10701 rss: 564Mb L: 63/4082 MS: 1 EraseBytes-
#7859777	REDUCE cov: 1638 ft: 7207 corp: 1519/362Kb lim: 4096 exec/s: 10693 rss: 564Mb L: 3311/4082 MS: 2 ChangeASCIIInt-EraseBytes-
#7862083	REDUCE cov: 1638 ft: 7207 corp: 1519/362Kb lim: 4096 exec/s: 10696 rss: 564Mb L: 1025/4082 MS: 1 EraseBytes-
#7863049	REDUCE cov: 1638 ft: 7207 corp: 1519/362Kb lim: 4096 exec/s: 10698 rss: 564Mb L: 82/4082 MS: 1 EraseBytes-
#7868061	REDUCE cov: 1638 ft: 7207 corp: 1519/362Kb lim: 4096 exec/s: 10690 rss: 564Mb L: 88/4082 MS: 2 ChangeBit-EraseBytes-
#7871781	REDUCE cov: 1638 ft: 7207 corp: 1519/362Kb lim: 4096 exec/s: 10695 rss: 564Mb L: 361/4082 MS: 5 CopyPart-EraseBytes-ChangeByte-PersAutoDict-CopyPart- DE: "\374\377\377\377"-
#7872778	REDUCE cov: 1638 ft: 7207 corp: 1519/362Kb lim: 4096 exec/s: 10696 rss: 564Mb L: 189/4082 MS: 2 ShuffleBytes-EraseBytes-
#7873134	REDUCE cov: 1638 ft: 7207 corp: 1519/362Kb lim: 4096 exec/s: 10697 rss: 564Mb L: 12/4082 MS: 1 EraseBytes-
#7878686	REDUCE cov: 1638 ft: 7207 corp: 1519/362Kb lim: 4096 exec/s: 10690 rss: 564Mb L: 137/4082 MS: 2 InsertByte-EraseBytes-
#7879433	REDUCE cov: 1638 ft: 7207 corp: 1519/362Kb lim: 4096 exec/s: 10691 rss: 564Mb L: 138/4082 MS: 2 ChangeASCIIInt-EraseBytes-
#7882926	REDUCE cov: 1638 ft: 7207 corp: 1519/362Kb lim: 4096 exec/s: 10695 rss: 564Mb L: 23/4082 MS: 3 CopyPart-CopyPart-EraseBytes-
#7883583	REDUCE cov: 1638 ft: 7207 corp: 1519/362Kb lim: 4096 exec/s: 10696 rss: 564Mb L: 3228/4082 MS: 2 ChangeASCIIInt-EraseBytes-
#7883616	REDUCE cov: 1638 ft: 7207 corp: 1519/362Kb lim: 4096 exec/s: 10696 rss: 564Mb L: 1411/4082 MS: 3 ChangeBit-InsertRepeatedBytes-EraseBytes-
#7885128	REDUCE cov: 1638 ft: 7207 corp: 1519/362Kb lim: 4096 exec/s: 10698 rss: 564Mb L: 23/4082 MS: 2 ChangeASCIIInt-EraseBytes-
#7890024	REDUCE cov: 1638 ft: 7207 corp: 1519/362Kb lim: 4096 exec/s: 10691 rss: 564Mb L: 31/4082 MS: 1 EraseBytes-
#7893947	REDUCE cov: 1638 ft: 7207 corp: 1519/362Kb lim: 4096 exec/s: 10696 rss: 564Mb L: 2152/4082 MS: 3 CopyPart-EraseBytes-InsertByte-
#7895518	REDUCE cov: 1638 ft: 7207 corp: 1519/362Kb lim: 4096 exec/s: 10698 rss: 564Mb L: 107/4082 MS: 1 EraseBytes-
#7900484	REDUCE cov: 1638 ft: 7207 corp: 1519/362Kb lim: 4096 exec/s: 10690 rss: 564Mb L: 188/4082 MS: 1 EraseBytes-
#7901136	REDUCE cov: 1638 ft: 7207 corp: 1519/362Kb lim: 4096 exec/s: 10691 rss: 564Mb L: 69/4082 MS: 2 EraseBytes-CopyPart-
#7902042	REDUCE cov: 1638 ft: 7207 corp: 1519/362Kb lim: 4096 exec/s: 10692 rss: 564Mb L: 103/4082 MS: 1 EraseBytes-
#7903391	REDUCE cov: 1638 ft: 7207 corp: 1519/362Kb lim: 4096 exec/s: 10694 rss: 564Mb L: 2653/4082 MS: 4 InsertByte-ChangeByte-CopyPart-EraseBytes-
#7904195	REDUCE cov: 1638 ft: 7207 corp: 1519/362Kb lim: 4096 exec/s: 10695 rss: 564Mb L: 366/4082 MS: 4 CopyPart-CopyPart-CMP-EraseBytes- DE: "\376\377\374\246"-
#7906386	REDUCE cov: 1638 ft: 7207 corp: 1519/362Kb lim: 4096 exec/s: 10698 rss: 564Mb L: 357/4082 MS: 1 EraseBytes-
#7907125	REDUCE cov: 1638 ft: 7207 corp: 1519/362Kb lim: 4096 exec/s: 10699 rss: 564Mb L: 1602/4082 MS: 4 InsertRepeatedBytes-ChangeASCIIInt-EraseBytes-CopyPart-
#7907984	REDUCE cov: 1638 ft: 7207 corp: 1519/362Kb lim: 4096 exec/s: 10700 rss: 564Mb L: 132/4082 MS: 4 ShuffleBytes-ChangeASCIIInt-ShuffleBytes-EraseBytes-
#7914630	REDUCE cov: 1638 ft: 7207 corp: 1519/362Kb lim: 4096 exec/s: 10695 rss: 564Mb L: 19/4082 MS: 1 EraseBytes-
#7915336	REDUCE cov: 1638 ft: 7207 corp: 1519/362Kb lim: 4096 exec/s: 10696 rss: 564Mb L: 346/4082 MS: 1 EraseBytes-
#7916327	REDUCE cov: 1638 ft: 7207 corp: 1519/362Kb lim: 4096 exec/s: 10697 rss: 564Mb L: 148/4082 MS: 1 EraseBytes-
#7916669	REDUCE cov: 1638 ft: 7207 corp: 1519/362Kb lim: 4096 exec/s: 10698 rss: 564Mb L: 102/4082 MS: 1 EraseBytes-
#7919628	REDUCE cov: 1638 ft: 7207 corp: 1519/362Kb lim: 4096 exec/s: 10702 rss: 564Mb L: 275/4082 MS: 4 ChangeBinInt-ChangeASCIIInt-CopyPart-EraseBytes-
#7924661	REDUCE cov: 1638 ft: 7207 corp: 1519/361Kb lim: 4096 exec/s: 10694 rss: 564Mb L: 3094/4082 MS: 3 PersAutoDict-ShuffleBytes-EraseBytes- DE: "\201\000\000\000\000\000\000\003"-
#7928058	REDUCE cov: 1638 ft: 7207 corp: 1519/361Kb lim: 4096 exec/s: 10699 rss: 564Mb L: 3175/4082 MS: 2 InsertByte-EraseBytes-
#7929074	REDUCE cov: 1638 ft: 7207 corp: 1519/361Kb lim: 4096 exec/s: 10700 rss: 564Mb L: 31/4082 MS: 1 EraseBytes-
#7929940	REDUCE cov: 1638 ft: 7207 corp: 1519/361Kb lim: 4096 exec/s: 10701 rss: 564Mb L: 68/4082 MS: 1 EraseBytes-
#7930626	REDUCE cov: 1638 ft: 7207 corp: 1519/361Kb lim: 4096 exec/s: 10702 rss: 564Mb L: 970/4082 MS: 1 EraseBytes-
#7933657	REDUCE cov: 1638 ft: 7207 corp: 1519/361Kb lim: 4096 exec/s: 10706 rss: 564Mb L: 412/4082 MS: 1 EraseBytes-
#7933769	REDUCE cov: 1638 ft: 7207 corp: 1519/361Kb lim: 4096 exec/s: 10706 rss: 564Mb L: 2630/4082 MS: 2 PersAutoDict-EraseBytes- DE: "\376\377\377\377"-
#7934305	REDUCE cov: 1638 ft: 7207 corp: 1519/361Kb lim: 4096 exec/s: 10707 rss: 564Mb L: 339/4082 MS: 1 EraseBytes-
#7936958	REDUCE cov: 1638 ft: 7208 corp: 1520/365Kb lim: 4096 exec/s: 10696 rss: 564Mb L: 3880/4082 MS: 3 CopyPart-CopyPart-CopyPart-
#7939265	REDUCE cov: 1638 ft: 7208 corp: 1520/365Kb lim: 4096 exec/s: 10699 rss: 564Mb L: 132/4082 MS: 2 PersAutoDict-EraseBytes- DE: "\001\220"-
#7945786	REDUCE cov: 1638 ft: 7208 corp: 1520/365Kb lim: 4096 exec/s: 10694 rss: 564Mb L: 1301/4082 MS: 1 EraseBytes-
#7947257	REDUCE cov: 1638 ft: 7208 corp: 1520/365Kb lim: 4096 exec/s: 10696 rss: 564Mb L: 278/4082 MS: 1 EraseBytes-
#7948548	REDUCE cov: 1638 ft: 7208 corp: 1520/365Kb lim: 4096 exec/s: 10697 rss: 564Mb L: 137/4082 MS: 1 EraseBytes-
#7950899	REDUCE cov: 1638 ft: 7208 corp: 1520/365Kb lim: 4096 exec/s: 10701 rss: 564Mb L: 95/4082 MS: 1 EraseBytes-
#7951490	REDUCE cov: 1638 ft: 7208 corp: 1520/365Kb lim: 4096 exec/s: 10701 rss: 564Mb L: 63/4082 MS: 1 EraseBytes-
#7951911	REDUCE cov: 1638 ft: 7208 corp: 1520/365Kb lim: 4096 exec/s: 10702 rss: 564Mb L: 52/4082 MS: 1 EraseBytes-
#7952538	REDUCE cov: 1638 ft: 7208 corp: 1520/365Kb lim: 4096 exec/s: 10703 rss: 564Mb L: 235/4082 MS: 2 ChangeASCIIInt-EraseBytes-
#7952544	REDUCE cov: 1638 ft: 7208 corp: 1520/365Kb lim: 4096 exec/s: 10703 rss: 564Mb L: 333/4082 MS: 1 EraseBytes-
#7960865	REDUCE cov: 1638 ft: 7208 corp: 1520/365Kb lim: 4096 exec/s: 10700 rss: 564Mb L: 784/4082 MS: 1 CrossOver-
#7960901	REDUCE cov: 1638 ft: 7208 corp: 1520/365Kb lim: 4096 exec/s: 10700 rss: 564Mb L: 425/4082 MS: 1 EraseBytes-
#7966824	REDUCE cov: 1638 ft: 7208 corp: 1520/365Kb lim: 4096 exec/s: 10693 rss: 564Mb L: 3566/4082 MS: 3 ShuffleBytes-ChangeBit-EraseBytes-
#7968380	REDUCE cov: 1638 ft: 7208 corp: 1520/365Kb lim: 4096 exec/s: 10695 rss: 564Mb L: 13/4082 MS: 1 EraseBytes-
#7970476	REDUCE cov: 1638 ft: 7208 corp: 1520/365Kb lim: 4096 exec/s: 10698 rss: 564Mb L: 78/4082 MS: 1 EraseBytes-
#7971247	REDUCE cov: 1638 ft: 7208 corp: 1520/365Kb lim: 4096 exec/s: 10699 rss: 564Mb L: 129/4082 MS: 1 EraseBytes-
#7973358	REDUCE cov: 1638 ft: 7208 corp: 1520/365Kb lim: 4096 exec/s: 10688 rss: 564Mb L: 867/4082 MS: 1 EraseBytes-
#7976615	REDUCE cov: 1638 ft: 7208 corp: 1520/365Kb lim: 4096 exec/s: 10692 rss: 564Mb L: 90/4082 MS: 2 CrossOver-EraseBytes-
#7976787	REDUCE cov: 1638 ft: 7208 corp: 1520/365Kb lim: 4096 exec/s: 10692 rss: 564Mb L: 370/4082 MS: 2 CopyPart-EraseBytes-
#7982708	REDUCE cov: 1638 ft: 7208 corp: 1520/365Kb lim: 4096 exec/s: 10700 rss: 564Mb L: 705/4082 MS: 1 EraseBytes-
#7984254	REDUCE cov: 1638 ft: 7208 corp: 1520/365Kb lim: 4096 exec/s: 10688 rss: 564Mb L: 172/4082 MS: 1 EraseBytes-
#7989480	REDUCE cov: 1638 ft: 7208 corp: 1520/365Kb lim: 4096 exec/s: 10695 rss: 564Mb L: 7/4082 MS: 1 EraseBytes-
#7989571	REDUCE cov: 1638 ft: 7208 corp: 1520/365Kb lim: 4096 exec/s: 10695 rss: 564Mb L: 30/4082 MS: 1 EraseBytes-
#7994207	REDUCE cov: 1638 ft: 7208 corp: 1520/365Kb lim: 4096 exec/s: 10701 rss: 564Mb L: 100/4082 MS: 1 EraseBytes-
#7996649	REDUCE cov: 1638 ft: 7208 corp: 1520/365Kb lim: 4096 exec/s: 10690 rss: 564Mb L: 99/4082 MS: 2 CopyPart-EraseBytes-
#8001120	REDUCE cov: 1638 ft: 7208 corp: 1520/365Kb lim: 4096 exec/s: 10696 rss: 564Mb L: 675/4082 MS: 1 EraseBytes-
#8009686	REDUCE cov: 1638 ft: 7208 corp: 1520/365Kb lim: 4096 exec/s: 10693 rss: 565Mb L: 151/4082 MS: 1 EraseBytes-
#8011092	REDUCE cov: 1638 ft: 7208 corp: 1520/365Kb lim: 4096 exec/s: 10695 rss: 565Mb L: 22/4082 MS: 1 EraseBytes-
#8013528	REDUCE cov: 1638 ft: 7208 corp: 1520/365Kb lim: 4096 exec/s: 10698 rss: 565Mb L: 669/4082 MS: 1 EraseBytes-
#8017064	REDUCE cov: 1638 ft: 7208 corp: 1520/365Kb lim: 4096 exec/s: 10689 rss: 565Mb L: 623/4082 MS: 1 EraseBytes-
#8017091	REDUCE cov: 1638 ft: 7208 corp: 1520/365Kb lim: 4096 exec/s: 10689 rss: 565Mb L: 37/4082 MS: 2 ShuffleBytes-EraseBytes-
#8021112	REDUCE cov: 1638 ft: 7208 corp: 1520/364Kb lim: 4096 exec/s: 10694 rss: 565Mb L: 57/4082 MS: 1 EraseBytes-
#8021363	REDUCE cov: 1638 ft: 7208 corp: 1520/364Kb lim: 4096 exec/s: 10695 rss: 565Mb L: 3068/4082 MS: 1 EraseBytes-
#8023549	REDUCE cov: 1638 ft: 7208 corp: 1520/364Kb lim: 4096 exec/s: 10698 rss: 565Mb L: 189/4082 MS: 1 EraseBytes-
#8023805	REDUCE cov: 1638 ft: 7208 corp: 1520/364Kb lim: 4096 exec/s: 10698 rss: 565Mb L: 1259/4082 MS: 1 EraseBytes-
#8026586	REDUCE cov: 1638 ft: 7208 corp: 1520/364Kb lim: 4096 exec/s: 10702 rss: 565Mb L: 20/4082 MS: 1 EraseBytes-
#8032705	REDUCE cov: 1638 ft: 7208 corp: 1520/364Kb lim: 4096 exec/s: 10696 rss: 565Mb L: 54/4082 MS: 4 ChangeASCIIInt-ChangeASCIIInt-CopyPart-EraseBytes-
#8034111	REDUCE cov: 1638 ft: 7208 corp: 1520/364Kb lim: 4096 exec/s: 10697 rss: 565Mb L: 177/4082 MS: 1 EraseBytes-
#8035738	REDUCE cov: 1638 ft: 7208 corp: 1520/364Kb lim: 4096 exec/s: 10700 rss: 565Mb L: 210/4082 MS: 2 ChangeByte-EraseBytes-
#8039079	REDUCE cov: 1638 ft: 7208 corp: 1520/364Kb lim: 4096 exec/s: 10704 rss: 565Mb L: 656/4082 MS: 1 EraseBytes-
#8052270	REDUCE cov: 1638 ft: 7208 corp: 1520/364Kb lim: 4096 exec/s: 10693 rss: 565Mb L: 651/4082 MS: 1 EraseBytes-
#8054566	REDUCE cov: 1638 ft: 7208 corp: 1520/364Kb lim: 4096 exec/s: 10696 rss: 565Mb L: 123/4082 MS: 1 EraseBytes-
#8056767	REDUCE cov: 1638 ft: 7208 corp: 1520/364Kb lim: 4096 exec/s: 10699 rss: 565Mb L: 580/4082 MS: 1 EraseBytes-
#8056813	REDUCE cov: 1638 ft: 7208 corp: 1520/364Kb lim: 4096 exec/s: 10699 rss: 565Mb L: 3486/4082 MS: 1 EraseBytes-
#8062492	REDUCE cov: 1638 ft: 7208 corp: 1520/364Kb lim: 4096 exec/s: 10692 rss: 565Mb L: 28/4082 MS: 3 ShuffleBytes-ChangeByte-EraseBytes-
#8063269	REDUCE cov: 1638 ft: 7208 corp: 1520/364Kb lim: 4096 exec/s: 10693 rss: 565Mb L: 35/4082 MS: 2 EraseBytes-InsertByte-
#8064886	REDUCE cov: 1638 ft: 7208 corp: 1520/364Kb lim: 4096 exec/s: 10696 rss: 565Mb L: 39/4082 MS: 2 ChangeASCIIInt-EraseBytes-
#8076108	REDUCE cov: 1638 ft: 7208 corp: 1520/364Kb lim: 4096 exec/s: 10696 rss: 565Mb L: 49/4082 MS: 2 CopyPart-EraseBytes-
#8084599	REDUCE cov: 1638 ft: 7208 corp: 1520/364Kb lim: 4096 exec/s: 10693 rss: 565Mb L: 88/4082 MS: 1 EraseBytes-
#8090995	REDUCE cov: 1638 ft: 7208 corp: 1520/364Kb lim: 4096 exec/s: 10688 rss: 565Mb L: 639/4082 MS: 1 EraseBytes-
#8091556	REDUCE cov: 1638 ft: 7208 corp: 1520/364Kb lim: 4096 exec/s: 10688 rss: 565Mb L: 328/4082 MS: 1 EraseBytes-
#8093102	REDUCE cov: 1638 ft: 7208 corp: 1520/364Kb lim: 4096 exec/s: 10691 rss: 565Mb L: 53/4082 MS: 1 EraseBytes-
#8094908	REDUCE cov: 1638 ft: 7208 corp: 1520/364Kb lim: 4096 exec/s: 10679 rss: 565Mb L: 1578/4082 MS: 1 EraseBytes-
#8095105	NEW    cov: 1638 ft: 7209 corp: 1521/368Kb lim: 4096 exec/s: 10679 rss: 565Mb L: 3513/4082 MS: 2 CrossOver-CrossOver-
#8096089	REDUCE cov: 1638 ft: 7209 corp: 1521/368Kb lim: 4096 exec/s: 10680 rss: 565Mb L: 69/4082 MS: 4 ChangeASCIIInt-CopyPart-PersAutoDict-EraseBytes- DE: "messa"-
#8097580	REDUCE cov: 1638 ft: 7209 corp: 1521/368Kb lim: 4096 exec/s: 10682 rss: 565Mb L: 175/4082 MS: 1 EraseBytes-
#8103836	REDUCE cov: 1638 ft: 7209 corp: 1521/368Kb lim: 4096 exec/s: 10676 rss: 565Mb L: 345/4082 MS: 1 EraseBytes-
#8103869	REDUCE cov: 1638 ft: 7209 corp: 1521/368Kb lim: 4096 exec/s: 10677 rss: 565Mb L: 1012/4082 MS: 3 InsertByte-ChangeASCIIInt-EraseBytes-
#8110810	REDUCE cov: 1638 ft: 7209 corp: 1521/367Kb lim: 4096 exec/s: 10672 rss: 565Mb L: 3801/4082 MS: 1 EraseBytes-
#8110836	REDUCE cov: 1638 ft: 7209 corp: 1521/367Kb lim: 4096 exec/s: 10672 rss: 565Mb L: 105/4082 MS: 1 EraseBytes-
#8114887	REDUCE cov: 1638 ft: 7209 corp: 1521/366Kb lim: 4096 exec/s: 10677 rss: 565Mb L: 2487/4082 MS: 1 EraseBytes-
#8115028	REDUCE cov: 1638 ft: 7209 corp: 1521/366Kb lim: 4096 exec/s: 10677 rss: 565Mb L: 147/4082 MS: 1 EraseBytes-
#8121575	REDUCE cov: 1638 ft: 7209 corp: 1521/366Kb lim: 4096 exec/s: 10672 rss: 565Mb L: 2209/4082 MS: 2 ChangeBit-EraseBytes-
#8121586	REDUCE cov: 1638 ft: 7209 corp: 1521/366Kb lim: 4096 exec/s: 10672 rss: 565Mb L: 51/4082 MS: 1 EraseBytes-
#8121952	REDUCE cov: 1638 ft: 7209 corp: 1521/366Kb lim: 4096 exec/s: 10672 rss: 565Mb L: 1194/4082 MS: 1 EraseBytes-
#8122673	REDUCE cov: 1638 ft: 7209 corp: 1521/366Kb lim: 4096 exec/s: 10673 rss: 565Mb L: 27/4082 MS: 1 EraseBytes-
#8122799	REDUCE cov: 1638 ft: 7209 corp: 1521/366Kb lim: 4096 exec/s: 10673 rss: 565Mb L: 774/4082 MS: 1 EraseBytes-
#8123910	REDUCE cov: 1638 ft: 7209 corp: 1521/366Kb lim: 4096 exec/s: 10675 rss: 565Mb L: 14/4082 MS: 1 EraseBytes-
#8124311	REDUCE cov: 1638 ft: 7209 corp: 1521/366Kb lim: 4096 exec/s: 10675 rss: 565Mb L: 84/4082 MS: 1 EraseBytes-
#8125272	REDUCE cov: 1638 ft: 7209 corp: 1521/366Kb lim: 4096 exec/s: 10677 rss: 565Mb L: 741/4082 MS: 1 EraseBytes-
#8125669	REDUCE cov: 1638 ft: 7209 corp: 1521/366Kb lim: 4096 exec/s: 10677 rss: 565Mb L: 419/4082 MS: 2 ChangeASCIIInt-EraseBytes-
#8126490	REDUCE cov: 1638 ft: 7209 corp: 1521/366Kb lim: 4096 exec/s: 10678 rss: 565Mb L: 9/4082 MS: 1 EraseBytes-
#8127046	REDUCE cov: 1638 ft: 7209 corp: 1521/366Kb lim: 4096 exec/s: 10679 rss: 565Mb L: 2060/4082 MS: 1 EraseBytes-
#8131502	REDUCE cov: 1638 ft: 7209 corp: 1521/366Kb lim: 4096 exec/s: 10671 rss: 565Mb L: 326/4082 MS: 1 EraseBytes-
#8135390	REDUCE cov: 1638 ft: 7209 corp: 1521/366Kb lim: 4096 exec/s: 10676 rss: 565Mb L: 2831/4082 MS: 3 ChangeASCIIInt-ChangeBinInt-EraseBytes-
#8139896	REDUCE cov: 1638 ft: 7209 corp: 1521/366Kb lim: 4096 exec/s: 10668 rss: 565Mb L: 126/4082 MS: 1 EraseBytes-
#8144078	REDUCE cov: 1638 ft: 7209 corp: 1521/366Kb lim: 4096 exec/s: 10673 rss: 565Mb L: 117/4082 MS: 2 CopyPart-EraseBytes-
#8145635	REDUCE cov: 1638 ft: 7209 corp: 1521/366Kb lim: 4096 exec/s: 10675 rss: 565Mb L: 843/4082 MS: 2 CopyPart-EraseBytes-
#8151680	REDUCE cov: 1638 ft: 7209 corp: 1521/365Kb lim: 4096 exec/s: 10669 rss: 565Mb L: 1702/4082 MS: 5 ChangeBit-ShuffleBytes-ChangeBit-ChangeASCIIInt-EraseBytes-
#8153616	REDUCE cov: 1638 ft: 7209 corp: 1521/365Kb lim: 4096 exec/s: 10672 rss: 565Mb L: 50/4082 MS: 1 EraseBytes-
#8156397	REDUCE cov: 1638 ft: 7209 corp: 1521/365Kb lim: 4096 exec/s: 10661 rss: 565Mb L: 100/4082 MS: 1 EraseBytes-
#8158183	REDUCE cov: 1638 ft: 7209 corp: 1521/365Kb lim: 4096 exec/s: 10664 rss: 565Mb L: 10/4082 MS: 1 EraseBytes-
#8159319	REDUCE cov: 1638 ft: 7209 corp: 1521/365Kb lim: 4096 exec/s: 10665 rss: 565Mb L: 18/4082 MS: 1 EraseBytes-
#8163385	REDUCE cov: 1638 ft: 7209 corp: 1521/365Kb lim: 4096 exec/s: 10657 rss: 565Mb L: 885/4082 MS: 1 EraseBytes-
#8163861	REDUCE cov: 1638 ft: 7209 corp: 1521/365Kb lim: 4096 exec/s: 10657 rss: 565Mb L: 61/4082 MS: 1 EraseBytes-
#8165174	REDUCE cov: 1638 ft: 7209 corp: 1521/365Kb lim: 4096 exec/s: 10659 rss: 565Mb L: 1580/4082 MS: 3 ChangeASCIIInt-ChangeByte-EraseBytes-
#8166090	REDUCE cov: 1638 ft: 7209 corp: 1521/365Kb lim: 4096 exec/s: 10660 rss: 565Mb L: 1633/4082 MS: 1 EraseBytes-
#8166371	REDUCE cov: 1638 ft: 7209 corp: 1521/365Kb lim: 4096 exec/s: 10661 rss: 565Mb L: 71/4082 MS: 1 EraseBytes-
#8168577	REDUCE cov: 1638 ft: 7209 corp: 1521/365Kb lim: 4096 exec/s: 10663 rss: 565Mb L: 2982/4082 MS: 1 EraseBytes-
#8168969	REDUCE cov: 1638 ft: 7209 corp: 1521/365Kb lim: 4096 exec/s: 10664 rss: 565Mb L: 629/4082 MS: 2 ChangeASCIIInt-EraseBytes-
#8169880	REDUCE cov: 1638 ft: 7209 corp: 1521/365Kb lim: 4096 exec/s: 10665 rss: 565Mb L: 94/4082 MS: 1 EraseBytes-
#8174332	REDUCE cov: 1638 ft: 7209 corp: 1521/365Kb lim: 4096 exec/s: 10657 rss: 565Mb L: 29/4082 MS: 2 InsertByte-EraseBytes-
#8177170	REDUCE cov: 1638 ft: 7209 corp: 1521/365Kb lim: 4096 exec/s: 10661 rss: 565Mb L: 543/4082 MS: 3 ChangeBit-ShuffleBytes-EraseBytes-
#8177582	REDUCE cov: 1638 ft: 7209 corp: 1521/365Kb lim: 4096 exec/s: 10661 rss: 565Mb L: 628/4082 MS: 2 ShuffleBytes-EraseBytes-
#8180864	REDUCE cov: 1638 ft: 7209 corp: 1521/365Kb lim: 4096 exec/s: 10666 rss: 565Mb L: 1554/4082 MS: 2 ChangeASCIIInt-EraseBytes-
#8182064	REDUCE cov: 1638 ft: 7209 corp: 1521/365Kb lim: 4096 exec/s: 10653 rss: 565Mb L: 56/4082 MS: 5 ChangeByte-ChangeASCIIInt-ChangeBit-ChangeASCIIInt-EraseBytes-
#8183846	REDUCE cov: 1638 ft: 7209 corp: 1521/365Kb lim: 4096 exec/s: 10656 rss: 565Mb L: 392/4082 MS: 1 EraseBytes-
#8186532	REDUCE cov: 1638 ft: 7209 corp: 1521/365Kb lim: 4096 exec/s: 10659 rss: 565Mb L: 83/4082 MS: 1 EraseBytes-
#8190079	REDUCE cov: 1638 ft: 7209 corp: 1521/365Kb lim: 4096 exec/s: 10650 rss: 565Mb L: 16/4082 MS: 2 ChangeASCIIInt-EraseBytes-
#8195520	REDUCE cov: 1638 ft: 7209 corp: 1521/365Kb lim: 4096 exec/s: 10657 rss: 565Mb L: 302/4082 MS: 1 EraseBytes-
#8200811	REDUCE cov: 1638 ft: 7209 corp: 1521/365Kb lim: 4096 exec/s: 10650 rss: 565Mb L: 290/4082 MS: 1 EraseBytes-
#8204533	REDUCE cov: 1638 ft: 7209 corp: 1521/365Kb lim: 4096 exec/s: 10655 rss: 565Mb L: 29/4082 MS: 2 ChangeBit-EraseBytes-
#8206720	REDUCE cov: 1638 ft: 7209 corp: 1521/365Kb lim: 4096 exec/s: 10658 rss: 565Mb L: 621/4082 MS: 2 CopyPart-EraseBytes-
#8208896	REDUCE cov: 1638 ft: 7209 corp: 1521/365Kb lim: 4096 exec/s: 10660 rss: 565Mb L: 899/4082 MS: 1 EraseBytes-
#8212073	REDUCE cov: 1638 ft: 7209 corp: 1521/365Kb lim: 4096 exec/s: 10651 rss: 565Mb L: 20/4082 MS: 1 EraseBytes-
#8212129	REDUCE cov: 1638 ft: 7209 corp: 1521/365Kb lim: 4096 exec/s: 10651 rss: 565Mb L: 62/4082 MS: 1 EraseBytes-
#8216700	REDUCE cov: 1638 ft: 7209 corp: 1521/365Kb lim: 4096 exec/s: 10657 rss: 565Mb L: 1212/4082 MS: 1 EraseBytes-
#8221898	REDUCE cov: 1638 ft: 7209 corp: 1521/365Kb lim: 4096 exec/s: 10650 rss: 565Mb L: 393/4082 MS: 3 CrossOver-InsertByte-EraseBytes-
#8226004	REDUCE cov: 1638 ft: 7209 corp: 1521/365Kb lim: 4096 exec/s: 10655 rss: 565Mb L: 15/4082 MS: 1 EraseBytes-
#8226135	REDUCE cov: 1638 ft: 7210 corp: 1522/367Kb lim: 4096 exec/s: 10655 rss: 565Mb L: 2101/4082 MS: 1 CopyPart-
#8229827	REDUCE cov: 1638 ft: 7210 corp: 1522/367Kb lim: 4096 exec/s: 10646 rss: 565Mb L: 1677/4082 MS: 2 CrossOver-EraseBytes-
#8231077	REDUCE cov: 1638 ft: 7210 corp: 1522/367Kb lim: 4096 exec/s: 10648 rss: 565Mb L: 196/4082 MS: 5 ChangeBit-ChangeBit-CopyPart-InsertByte-EraseBytes-
#8231534	REDUCE cov: 1638 ft: 7210 corp: 1522/367Kb lim: 4096 exec/s: 10648 rss: 565Mb L: 1616/4082 MS: 2 InsertByte-EraseBytes-
#8236620	REDUCE cov: 1638 ft: 7210 corp: 1522/367Kb lim: 4096 exec/s: 10655 rss: 565Mb L: 267/4082 MS: 1 EraseBytes-
#8239246	REDUCE cov: 1638 ft: 7210 corp: 1522/367Kb lim: 4096 exec/s: 10645 rss: 565Mb L: 45/4082 MS: 1 EraseBytes-
#8240563	REDUCE cov: 1638 ft: 7210 corp: 1522/367Kb lim: 4096 exec/s: 10646 rss: 565Mb L: 66/4082 MS: 2 InsertRepeatedBytes-EraseBytes-
#8242815	REDUCE cov: 1638 ft: 7210 corp: 1522/367Kb lim: 4096 exec/s: 10649 rss: 565Mb L: 101/4082 MS: 2 ChangeBinInt-EraseBytes-
#8245471	REDUCE cov: 1638 ft: 7210 corp: 1522/366Kb lim: 4096 exec/s: 10653 rss: 565Mb L: 1305/4082 MS: 1 EraseBytes-
#8246322	REDUCE cov: 1638 ft: 7210 corp: 1522/366Kb lim: 4096 exec/s: 10654 rss: 565Mb L: 77/4082 MS: 1 EraseBytes-
#8254090	REDUCE cov: 1638 ft: 7210 corp: 1522/366Kb lim: 4096 exec/s: 10650 rss: 565Mb L: 1427/4082 MS: 3 CopyPart-EraseBytes-CopyPart-
#8254106	REDUCE cov: 1638 ft: 7210 corp: 1522/366Kb lim: 4096 exec/s: 10650 rss: 565Mb L: 1235/4082 MS: 1 EraseBytes-
#8254277	REDUCE cov: 1638 ft: 7210 corp: 1522/366Kb lim: 4096 exec/s: 10650 rss: 565Mb L: 187/4082 MS: 1 EraseBytes-
#8256698	REDUCE cov: 1638 ft: 7210 corp: 1522/366Kb lim: 4096 exec/s: 10653 rss: 565Mb L: 195/4082 MS: 1 EraseBytes-
#8257739	REDUCE cov: 1638 ft: 7210 corp: 1522/366Kb lim: 4096 exec/s: 10655 rss: 565Mb L: 35/4082 MS: 1 EraseBytes-
#8258675	REDUCE cov: 1638 ft: 7210 corp: 1522/366Kb lim: 4096 exec/s: 10656 rss: 565Mb L: 84/4082 MS: 1 EraseBytes-
#8258693	REDUCE cov: 1638 ft: 7210 corp: 1522/366Kb lim: 4096 exec/s: 10656 rss: 565Mb L: 1223/4082 MS: 3 CopyPart-ChangeBinInt-EraseBytes-
#8262415	REDUCE cov: 1638 ft: 7210 corp: 1522/366Kb lim: 4096 exec/s: 10647 rss: 565Mb L: 360/4082 MS: 2 ChangeASCIIInt-EraseBytes-
#8262931	REDUCE cov: 1638 ft: 7210 corp: 1522/366Kb lim: 4096 exec/s: 10648 rss: 565Mb L: 1531/4082 MS: 1 EraseBytes-
#8266837	REDUCE cov: 1638 ft: 7210 corp: 1522/366Kb lim: 4096 exec/s: 10653 rss: 565Mb L: 45/4082 MS: 1 EraseBytes-
#8267132	REDUCE cov: 1638 ft: 7210 corp: 1522/366Kb lim: 4096 exec/s: 10653 rss: 565Mb L: 604/4082 MS: 5 CopyPart-ChangeASCIIInt-InsertRepeatedBytes-ChangeASCIIInt-EraseBytes-
#8267933	REDUCE cov: 1638 ft: 7210 corp: 1522/366Kb lim: 4096 exec/s: 10640 rss: 565Mb L: 247/4082 MS: 1 EraseBytes-
#8269194	REDUCE cov: 1638 ft: 7210 corp: 1522/366Kb lim: 4096 exec/s: 10642 rss: 565Mb L: 390/4082 MS: 1 EraseBytes-
#8270375	REDUCE cov: 1638 ft: 7210 corp: 1522/366Kb lim: 4096 exec/s: 10643 rss: 565Mb L: 14/4082 MS: 1 EraseBytes-
#8274046	REDUCE cov: 1638 ft: 7210 corp: 1522/366Kb lim: 4096 exec/s: 10648 rss: 565Mb L: 42/4082 MS: 1 EraseBytes-
#8278223	REDUCE cov: 1638 ft: 7210 corp: 1522/366Kb lim: 4096 exec/s: 10640 rss: 565Mb L: 24/4082 MS: 2 CopyPart-EraseBytes-
#8281099	REDUCE cov: 1638 ft: 7210 corp: 1522/366Kb lim: 4096 exec/s: 10644 rss: 565Mb L: 28/4082 MS: 1 EraseBytes-
#8289585	REDUCE cov: 1638 ft: 7211 corp: 1523/369Kb lim: 4096 exec/s: 10641 rss: 565Mb L: 2768/4082 MS: 1 CopyPart-
#8289797	REDUCE cov: 1638 ft: 7211 corp: 1523/369Kb lim: 4096 exec/s: 10641 rss: 565Mb L: 173/4082 MS: 2 ChangeASCIIInt-EraseBytes-
#8292258	NEW    cov: 1638 ft: 7216 corp: 1524/371Kb lim: 4096 exec/s: 10644 rss: 565Mb L: 2768/4082 MS: 1 CopyPart-
#8292919	REDUCE cov: 1638 ft: 7216 corp: 1524/371Kb lim: 4096 exec/s: 10645 rss: 565Mb L: 548/4082 MS: 1 EraseBytes-
#8295185	REDUCE cov: 1638 ft: 7216 corp: 1524/371Kb lim: 4096 exec/s: 10634 rss: 565Mb L: 560/4082 MS: 1 EraseBytes-
#8296993	REDUCE cov: 1638 ft: 7216 corp: 1524/371Kb lim: 4096 exec/s: 10637 rss: 565Mb L: 92/4082 MS: 3 ShuffleBytes-EraseBytes-CopyPart-
#8298331	REDUCE cov: 1638 ft: 7216 corp: 1524/371Kb lim: 4096 exec/s: 10638 rss: 565Mb L: 669/4082 MS: 3 EraseBytes-ChangeBit-CopyPart-
#8299162	REDUCE cov: 1638 ft: 7216 corp: 1524/371Kb lim: 4096 exec/s: 10639 rss: 565Mb L: 597/4082 MS: 1 EraseBytes-
#8299753	REDUCE cov: 1638 ft: 7216 corp: 1524/371Kb lim: 4096 exec/s: 10640 rss: 565Mb L: 253/4082 MS: 1 EraseBytes-
#8301699	REDUCE cov: 1638 ft: 7216 corp: 1524/371Kb lim: 4096 exec/s: 10643 rss: 565Mb L: 1028/4082 MS: 1 EraseBytes-
#8301760	REDUCE cov: 1638 ft: 7216 corp: 1524/371Kb lim: 4096 exec/s: 10643 rss: 565Mb L: 146/4082 MS: 1 EraseBytes-
#8303337	REDUCE cov: 1638 ft: 7216 corp: 1524/371Kb lim: 4096 exec/s: 10645 rss: 565Mb L: 136/4082 MS: 2 ChangeByte-EraseBytes-
#8303654	REDUCE cov: 1638 ft: 7216 corp: 1524/371Kb lim: 4096 exec/s: 10645 rss: 565Mb L: 1317/4082 MS: 2 ChangeASCIIInt-EraseBytes-
#8304400	REDUCE cov: 1638 ft: 7216 corp: 1524/371Kb lim: 4096 exec/s: 10633 rss: 565Mb L: 102/4082 MS: 1 EraseBytes-
#8306766	REDUCE cov: 1638 ft: 7216 corp: 1524/371Kb lim: 4096 exec/s: 10636 rss: 565Mb L: 26/4082 MS: 1 EraseBytes-
#8308909	REDUCE cov: 1638 ft: 7216 corp: 1524/371Kb lim: 4096 exec/s: 10638 rss: 565Mb L: 38/4082 MS: 3 ShuffleBytes-CopyPart-EraseBytes-
#8312172	REDUCE cov: 1638 ft: 7216 corp: 1524/371Kb lim: 4096 exec/s: 10642 rss: 565Mb L: 1668/4082 MS: 3 ChangeBinInt-CopyPart-EraseBytes-
#8322773	REDUCE cov: 1638 ft: 7216 corp: 1524/371Kb lim: 4096 exec/s: 10629 rss: 565Mb L: 115/4082 MS: 1 EraseBytes-
#8326529	REDUCE cov: 1638 ft: 7216 corp: 1524/371Kb lim: 4096 exec/s: 10634 rss: 565Mb L: 49/4082 MS: 1 EraseBytes-
#8329745	REDUCE cov: 1638 ft: 7216 corp: 1524/371Kb lim: 4096 exec/s: 10638 rss: 565Mb L: 1513/4082 MS: 1 EraseBytes-
#8331411	REDUCE cov: 1638 ft: 7216 corp: 1524/371Kb lim: 4096 exec/s: 10640 rss: 565Mb L: 122/4082 MS: 1 EraseBytes-
#8331918	REDUCE cov: 1638 ft: 7216 corp: 1524/371Kb lim: 4096 exec/s: 10641 rss: 565Mb L: 1225/4082 MS: 2 ShuffleBytes-EraseBytes-
#8333284	REDUCE cov: 1638 ft: 7216 corp: 1524/371Kb lim: 4096 exec/s: 10629 rss: 565Mb L: 22/4082 MS: 1 EraseBytes-
#8333575	REDUCE cov: 1638 ft: 7216 corp: 1524/370Kb lim: 4096 exec/s: 10629 rss: 565Mb L: 1393/4082 MS: 1 EraseBytes-
#8334871	REDUCE cov: 1638 ft: 7216 corp: 1524/370Kb lim: 4096 exec/s: 10631 rss: 565Mb L: 32/4082 MS: 1 EraseBytes-
#8337722	REDUCE cov: 1638 ft: 7216 corp: 1524/370Kb lim: 4096 exec/s: 10634 rss: 565Mb L: 920/4082 MS: 1 EraseBytes-
#8346654	REDUCE cov: 1638 ft: 7216 corp: 1524/370Kb lim: 4096 exec/s: 10632 rss: 565Mb L: 126/4082 MS: 2 ChangeByte-EraseBytes-
#8346780	REDUCE cov: 1638 ft: 7216 corp: 1524/370Kb lim: 4096 exec/s: 10632 rss: 565Mb L: 20/4082 MS: 1 EraseBytes-
#8348471	REDUCE cov: 1638 ft: 7216 corp: 1524/370Kb lim: 4096 exec/s: 10634 rss: 565Mb L: 16/4082 MS: 1 EraseBytes-
#8356347	REDUCE cov: 1638 ft: 7216 corp: 1524/370Kb lim: 4096 exec/s: 10631 rss: 565Mb L: 23/4082 MS: 1 EraseBytes-
#8358676	REDUCE cov: 1638 ft: 7216 corp: 1524/370Kb lim: 4096 exec/s: 10634 rss: 565Mb L: 2869/4082 MS: 4 CopyPart-ChangeASCIIInt-ChangeBinInt-EraseBytes-
#8359757	REDUCE cov: 1638 ft: 7216 corp: 1524/370Kb lim: 4096 exec/s: 10635 rss: 565Mb L: 325/4082 MS: 1 EraseBytes-
#8360178	REDUCE cov: 1638 ft: 7216 corp: 1524/370Kb lim: 4096 exec/s: 10636 rss: 565Mb L: 154/4082 MS: 1 EraseBytes-
#8362595	REDUCE cov: 1638 ft: 7216 corp: 1524/370Kb lim: 4096 exec/s: 10625 rss: 565Mb L: 120/4082 MS: 2 ChangeByte-EraseBytes-
#8363321	REDUCE cov: 1638 ft: 7216 corp: 1524/370Kb lim: 4096 exec/s: 10626 rss: 565Mb L: 95/4082 MS: 1 EraseBytes-
#8363377	REDUCE cov: 1638 ft: 7216 corp: 1524/370Kb lim: 4096 exec/s: 10626 rss: 565Mb L: 322/4082 MS: 1 EraseBytes-
#8364290	REDUCE cov: 1638 ft: 7216 corp: 1524/370Kb lim: 4096 exec/s: 10628 rss: 565Mb L: 47/4082 MS: 3 ShuffleBytes-CopyPart-EraseBytes-
#8365223	REDUCE cov: 1638 ft: 7216 corp: 1524/370Kb lim: 4096 exec/s: 10629 rss: 565Mb L: 2756/4082 MS: 3 ChangeBit-ChangeByte-EraseBytes-
#8372800	REDUCE cov: 1638 ft: 7216 corp: 1524/370Kb lim: 4096 exec/s: 10625 rss: 565Mb L: 18/4082 MS: 1 EraseBytes-
#8375321	REDUCE cov: 1638 ft: 7216 corp: 1524/370Kb lim: 4096 exec/s: 10628 rss: 565Mb L: 1066/4082 MS: 1 EraseBytes-
#8375967	REDUCE cov: 1638 ft: 7216 corp: 1524/370Kb lim: 4096 exec/s: 10629 rss: 565Mb L: 894/4082 MS: 1 EraseBytes-
#8378703	REDUCE cov: 1638 ft: 7216 corp: 1524/370Kb lim: 4096 exec/s: 10632 rss: 565Mb L: 271/4082 MS: 1 EraseBytes-
#8378884	REDUCE cov: 1638 ft: 7226 corp: 1525/371Kb lim: 4096 exec/s: 10633 rss: 565Mb L: 738/4082 MS: 1 CopyPart-
#8379045	REDUCE cov: 1638 ft: 7226 corp: 1525/371Kb lim: 4096 exec/s: 10633 rss: 565Mb L: 819/4082 MS: 1 EraseBytes-
#8380226	REDUCE cov: 1638 ft: 7226 corp: 1525/371Kb lim: 4096 exec/s: 10634 rss: 565Mb L: 625/4082 MS: 1 EraseBytes-
#8382227	REDUCE cov: 1638 ft: 7226 corp: 1525/371Kb lim: 4096 exec/s: 10623 rss: 565Mb L: 26/4082 MS: 1 EraseBytes-
#8383918	REDUCE cov: 1638 ft: 7226 corp: 1525/370Kb lim: 4096 exec/s: 10626 rss: 565Mb L: 1008/4082 MS: 1 EraseBytes-
#8386234	REDUCE cov: 1638 ft: 7226 corp: 1525/370Kb lim: 4096 exec/s: 10628 rss: 565Mb L: 735/4082 MS: 1 EraseBytes-
#8388175	REDUCE cov: 1638 ft: 7226 corp: 1525/370Kb lim: 4096 exec/s: 10631 rss: 565Mb L: 16/4082 MS: 1 EraseBytes-
#8388608	pulse  cov: 1638 ft: 7226 corp: 1525/370Kb lim: 4096 exec/s: 10631 rss: 565Mb
#8393372	REDUCE cov: 1638 ft: 7226 corp: 1525/370Kb lim: 4096 exec/s: 10624 rss: 565Mb L: 48/4082 MS: 2 ChangeASCIIInt-EraseBytes-
#8394320	REDUCE cov: 1638 ft: 7226 corp: 1525/370Kb lim: 4096 exec/s: 10625 rss: 565Mb L: 27/4082 MS: 3 ChangeASCIIInt-ChangeASCIIInt-EraseBytes-
#8396617	REDUCE cov: 1638 ft: 7226 corp: 1525/370Kb lim: 4096 exec/s: 10628 rss: 565Mb L: 2756/4082 MS: 2 ChangeBinInt-EraseBytes-
#8399648	REDUCE cov: 1638 ft: 7226 corp: 1525/370Kb lim: 4096 exec/s: 10632 rss: 565Mb L: 875/4082 MS: 1 EraseBytes-
#8400787	REDUCE cov: 1638 ft: 7226 corp: 1525/370Kb lim: 4096 exec/s: 10620 rss: 565Mb L: 21/4082 MS: 4 ChangeBit-CopyPart-ChangeBit-EraseBytes-
#8401778	REDUCE cov: 1638 ft: 7226 corp: 1525/370Kb lim: 4096 exec/s: 10621 rss: 565Mb L: 1566/4082 MS: 1 EraseBytes-
#8402559	REDUCE cov: 1638 ft: 7226 corp: 1525/370Kb lim: 4096 exec/s: 10622 rss: 565Mb L: 987/4082 MS: 1 EraseBytes-
#8403890	REDUCE cov: 1638 ft: 7226 corp: 1525/370Kb lim: 4096 exec/s: 10624 rss: 565Mb L: 28/4082 MS: 1 EraseBytes-
#8411916	REDUCE cov: 1638 ft: 7226 corp: 1525/370Kb lim: 4096 exec/s: 10621 rss: 565Mb L: 3635/4082 MS: 1 EraseBytes-
#8412015	REDUCE cov: 1638 ft: 7226 corp: 1525/370Kb lim: 4096 exec/s: 10621 rss: 565Mb L: 838/4082 MS: 4 CMP-ShuffleBytes-ChangeByte-EraseBytes- DE: "\377\377\377\377"-
#8413051	REDUCE cov: 1638 ft: 7226 corp: 1525/370Kb lim: 4096 exec/s: 10622 rss: 565Mb L: 687/4082 MS: 1 EraseBytes-
#8414812	REDUCE cov: 1638 ft: 7226 corp: 1525/370Kb lim: 4096 exec/s: 10624 rss: 565Mb L: 128/4082 MS: 1 EraseBytes-
#8420003	REDUCE cov: 1638 ft: 7226 corp: 1525/370Kb lim: 4096 exec/s: 10631 rss: 565Mb L: 260/4082 MS: 1 EraseBytes-
#8420196	REDUCE cov: 1638 ft: 7226 corp: 1525/370Kb lim: 4096 exec/s: 10631 rss: 565Mb L: 1233/4082 MS: 3 CopyPart-EraseBytes-CopyPart-
#8422628	REDUCE cov: 1638 ft: 7226 corp: 1525/370Kb lim: 4096 exec/s: 10621 rss: 565Mb L: 670/4082 MS: 2 ChangeBit-EraseBytes-
#8435790	REDUCE cov: 1638 ft: 7226 corp: 1525/370Kb lim: 4096 exec/s: 10624 rss: 566Mb L: 339/4082 MS: 2 InsertByte-EraseBytes-
#8440861	REDUCE cov: 1638 ft: 7226 corp: 1525/370Kb lim: 4096 exec/s: 10630 rss: 566Mb L: 53/4082 MS: 1 EraseBytes-
#8444123	REDUCE cov: 1638 ft: 7226 corp: 1525/370Kb lim: 4096 exec/s: 10621 rss: 567Mb L: 3041/4082 MS: 2 EraseBytes-CopyPart-
#8444724	REDUCE cov: 1638 ft: 7227 corp: 1526/370Kb lim: 4096 exec/s: 10622 rss: 567Mb L: 670/4082 MS: 1 CopyPart-
#8447051	REDUCE cov: 1638 ft: 7227 corp: 1526/370Kb lim: 4096 exec/s: 10625 rss: 567Mb L: 33/4082 MS: 2 ChangeBit-EraseBytes-
#8448163	REDUCE cov: 1638 ft: 7227 corp: 1526/370Kb lim: 4096 exec/s: 10626 rss: 567Mb L: 1027/4082 MS: 2 CMP-EraseBytes- DE: "\357\277\275#5."-
#8448769	REDUCE cov: 1638 ft: 7227 corp: 1526/370Kb lim: 4096 exec/s: 10627 rss: 567Mb L: 24/4082 MS: 1 EraseBytes-
#8449010	REDUCE cov: 1638 ft: 7227 corp: 1526/370Kb lim: 4096 exec/s: 10627 rss: 567Mb L: 620/4082 MS: 1 EraseBytes-
#8451811	REDUCE cov: 1638 ft: 7227 corp: 1526/370Kb lim: 4096 exec/s: 10617 rss: 567Mb L: 945/4082 MS: 1 EraseBytes-
#8452772	REDUCE cov: 1638 ft: 7227 corp: 1526/370Kb lim: 4096 exec/s: 10619 rss: 567Mb L: 35/4082 MS: 1 EraseBytes-
#8453399	REDUCE cov: 1638 ft: 7227 corp: 1526/370Kb lim: 4096 exec/s: 10619 rss: 567Mb L: 535/4082 MS: 2 ChangeByte-EraseBytes-
#8453830	REDUCE cov: 1638 ft: 7227 corp: 1526/370Kb lim: 4096 exec/s: 10620 rss: 567Mb L: 15/4082 MS: 1 EraseBytes-
#8455852	REDUCE cov: 1638 ft: 7227 corp: 1526/370Kb lim: 4096 exec/s: 10622 rss: 567Mb L: 126/4082 MS: 2 ChangeBinInt-EraseBytes-
#8456609	REDUCE cov: 1638 ft: 7227 corp: 1526/370Kb lim: 4096 exec/s: 10623 rss: 567Mb L: 844/4082 MS: 2 ChangeASCIIInt-EraseBytes-
#8456915	REDUCE cov: 1638 ft: 7227 corp: 1526/370Kb lim: 4096 exec/s: 10624 rss: 567Mb L: 17/4082 MS: 1 EraseBytes-
#8458361	REDUCE cov: 1638 ft: 7227 corp: 1526/370Kb lim: 4096 exec/s: 10626 rss: 567Mb L: 517/4082 MS: 1 EraseBytes-
#8459293	REDUCE cov: 1638 ft: 7227 corp: 1526/370Kb lim: 4096 exec/s: 10627 rss: 567Mb L: 2811/4082 MS: 2 ChangeASCIIInt-EraseBytes-
#8462334	REDUCE cov: 1638 ft: 7227 corp: 1526/370Kb lim: 4096 exec/s: 10617 rss: 567Mb L: 141/4082 MS: 1 EraseBytes-
#8469025	REDUCE cov: 1638 ft: 7227 corp: 1526/370Kb lim: 4096 exec/s: 10626 rss: 567Mb L: 769/4082 MS: 1 EraseBytes-
#8470716	REDUCE cov: 1638 ft: 7227 corp: 1526/370Kb lim: 4096 exec/s: 10614 rss: 568Mb L: 293/4082 MS: 1 EraseBytes-
#8473147	REDUCE cov: 1638 ft: 7227 corp: 1526/370Kb lim: 4096 exec/s: 10617 rss: 573Mb L: 317/4082 MS: 1 EraseBytes-
#8475463	REDUCE cov: 1638 ft: 7227 corp: 1526/370Kb lim: 4096 exec/s: 10620 rss: 576Mb L: 518/4082 MS: 1 EraseBytes-
#8476416	REDUCE cov: 1638 ft: 7227 corp: 1526/370Kb lim: 4096 exec/s: 10608 rss: 577Mb L: 1406/4082 MS: 3 ShuffleBytes-ShuffleBytes-EraseBytes-
#8480062	REDUCE cov: 1638 ft: 7227 corp: 1526/370Kb lim: 4096 exec/s: 10613 rss: 580Mb L: 66/4082 MS: 1 EraseBytes-
#8480164	REDUCE cov: 1638 ft: 7227 corp: 1526/370Kb lim: 4096 exec/s: 10613 rss: 580Mb L: 118/4082 MS: 2 ChangeASCIIInt-EraseBytes-
#8480190	REDUCE cov: 1638 ft: 7227 corp: 1526/370Kb lim: 4096 exec/s: 10613 rss: 580Mb L: 90/4082 MS: 1 EraseBytes-
#8486647	REDUCE cov: 1638 ft: 7227 corp: 1526/370Kb lim: 4096 exec/s: 10608 rss: 586Mb L: 19/4082 MS: 2 ChangeASCIIInt-EraseBytes-
#8486958	REDUCE cov: 1638 ft: 7227 corp: 1526/370Kb lim: 4096 exec/s: 10608 rss: 586Mb L: 8/4082 MS: 1 EraseBytes-
#8489492	REDUCE cov: 1638 ft: 7227 corp: 1526/370Kb lim: 4096 exec/s: 10598 rss: 586Mb L: 53/4082 MS: 4 InsertByte-ChangeBit-PersAutoDict-EraseBytes- DE: "\374\377\377\377"-
#8490023	REDUCE cov: 1638 ft: 7227 corp: 1526/370Kb lim: 4096 exec/s: 10599 rss: 586Mb L: 832/4082 MS: 1 EraseBytes-
#8492414	REDUCE cov: 1638 ft: 7227 corp: 1526/370Kb lim: 4096 exec/s: 10602 rss: 586Mb L: 19/4082 MS: 1 EraseBytes-
#8495860	REDUCE cov: 1638 ft: 7227 corp: 1526/370Kb lim: 4096 exec/s: 10593 rss: 586Mb L: 63/4082 MS: 1 EraseBytes-
#8496138	REDUCE cov: 1638 ft: 7227 corp: 1526/370Kb lim: 4096 exec/s: 10593 rss: 586Mb L: 830/4082 MS: 3 EraseBytes-InsertByte-InsertByte-
#8497230	REDUCE cov: 1638 ft: 7227 corp: 1526/370Kb lim: 4096 exec/s: 10595 rss: 586Mb L: 26/4082 MS: 2 ChangeBit-EraseBytes-
#8498521	REDUCE cov: 1638 ft: 7227 corp: 1526/370Kb lim: 4096 exec/s: 10596 rss: 586Mb L: 34/4082 MS: 1 EraseBytes-
#8498602	REDUCE cov: 1638 ft: 7227 corp: 1526/370Kb lim: 4096 exec/s: 10596 rss: 586Mb L: 1379/4082 MS: 1 EraseBytes-
#8503543	REDUCE cov: 1638 ft: 7227 corp: 1526/370Kb lim: 4096 exec/s: 10589 rss: 586Mb L: 516/4082 MS: 1 EraseBytes-
#8505950	REDUCE cov: 1638 ft: 7227 corp: 1526/369Kb lim: 4096 exec/s: 10592 rss: 586Mb L: 2098/4082 MS: 2 PersAutoDict-EraseBytes- DE: "messe"-
#8507151	REDUCE cov: 1638 ft: 7227 corp: 1526/369Kb lim: 4096 exec/s: 10594 rss: 586Mb L: 314/4082 MS: 1 EraseBytes-
#8508823	REDUCE cov: 1638 ft: 7227 corp: 1526/369Kb lim: 4096 exec/s: 10583 rss: 586Mb L: 2675/4082 MS: 2 InsertByte-EraseBytes-
#8517890	REDUCE cov: 1638 ft: 7227 corp: 1526/369Kb lim: 4096 exec/s: 10581 rss: 587Mb L: 406/4082 MS: 2 ChangeByte-EraseBytes-
#8537257	REDUCE cov: 1638 ft: 7227 corp: 1526/369Kb lim: 4096 exec/s: 10565 rss: 588Mb L: 91/4082 MS: 2 ChangeBit-EraseBytes-
#8537568	REDUCE cov: 1638 ft: 7227 corp: 1526/369Kb lim: 4096 exec/s: 10566 rss: 588Mb L: 36/4082 MS: 1 EraseBytes-
#8540854	REDUCE cov: 1638 ft: 7227 corp: 1526/369Kb lim: 4096 exec/s: 10570 rss: 590Mb L: 820/4082 MS: 1 EraseBytes-
#8543385	REDUCE cov: 1638 ft: 7227 corp: 1526/369Kb lim: 4096 exec/s: 10573 rss: 590Mb L: 100/4082 MS: 1 EraseBytes-
#8545022	REDUCE cov: 1638 ft: 7227 corp: 1526/369Kb lim: 4096 exec/s: 10562 rss: 592Mb L: 3595/4082 MS: 2 ShuffleBytes-EraseBytes-
#8555688	NEW    cov: 1638 ft: 7229 corp: 1527/371Kb lim: 4096 exec/s: 10562 rss: 593Mb L: 1811/4082 MS: 1 EraseBytes-
#8556439	REDUCE cov: 1638 ft: 7229 corp: 1527/371Kb lim: 4096 exec/s: 10563 rss: 593Mb L: 37/4082 MS: 1 EraseBytes-
#8557262	REDUCE cov: 1638 ft: 7229 corp: 1527/371Kb lim: 4096 exec/s: 10564 rss: 593Mb L: 39/4082 MS: 3 ChangeASCIIInt-EraseBytes-CopyPart-
#8557703	REDUCE cov: 1638 ft: 7229 corp: 1527/371Kb lim: 4096 exec/s: 10565 rss: 593Mb L: 190/4082 MS: 1 EraseBytes-
#8558308	REDUCE cov: 1638 ft: 7231 corp: 1528/372Kb lim: 4096 exec/s: 10565 rss: 593Mb L: 1053/4082 MS: 5 CopyPart-ShuffleBytes-ChangeBit-ShuffleBytes-CopyPart-
#8559960	NEW    cov: 1638 ft: 7232 corp: 1529/373Kb lim: 4096 exec/s: 10567 rss: 593Mb L: 1054/4082 MS: 2 InsertByte-CopyPart-
#8561811	REDUCE cov: 1638 ft: 7232 corp: 1529/373Kb lim: 4096 exec/s: 10557 rss: 593Mb L: 97/4082 MS: 1 EraseBytes-
#8563468	REDUCE cov: 1638 ft: 7232 corp: 1529/373Kb lim: 4096 exec/s: 10559 rss: 593Mb L: 901/4082 MS: 2 ChangeBit-EraseBytes-
#8568563	REDUCE cov: 1638 ft: 7232 corp: 1529/373Kb lim: 4096 exec/s: 10565 rss: 593Mb L: 36/4082 MS: 5 CopyPart-ChangeBit-CopyPart-CopyPart-EraseBytes-
#8570919	REDUCE cov: 1638 ft: 7232 corp: 1529/373Kb lim: 4096 exec/s: 10555 rss: 593Mb L: 136/4082 MS: 1 EraseBytes-
#8576025	REDUCE cov: 1638 ft: 7232 corp: 1529/373Kb lim: 4096 exec/s: 10561 rss: 593Mb L: 1823/4082 MS: 1 EraseBytes-
#8581586	REDUCE cov: 1638 ft: 7232 corp: 1529/373Kb lim: 4096 exec/s: 10555 rss: 593Mb L: 18/4082 MS: 1 EraseBytes-
#8582618	NEW    cov: 1638 ft: 7234 corp: 1530/374Kb lim: 4096 exec/s: 10556 rss: 593Mb L: 1661/4082 MS: 2 ChangeBinInt-CopyPart-
#8585045	REDUCE cov: 1638 ft: 7234 corp: 1530/374Kb lim: 4096 exec/s: 10559 rss: 593Mb L: 202/4082 MS: 2 ChangeASCIIInt-EraseBytes-
#8585477	REDUCE cov: 1638 ft: 7235 corp: 1531/375Kb lim: 4096 exec/s: 10560 rss: 593Mb L: 904/4082 MS: 2 ChangeBinInt-CopyPart-
#8588410	REDUCE cov: 1638 ft: 7235 corp: 1531/375Kb lim: 4096 exec/s: 10550 rss: 593Mb L: 591/4082 MS: 3 EraseBytes-InsertByte-CrossOver-
#8590966	REDUCE cov: 1638 ft: 7235 corp: 1531/375Kb lim: 4096 exec/s: 10554 rss: 593Mb L: 1277/4082 MS: 1 EraseBytes-
#8591432	REDUCE cov: 1638 ft: 7235 corp: 1531/375Kb lim: 4096 exec/s: 10554 rss: 593Mb L: 1188/4082 MS: 1 EraseBytes-
#8594348	REDUCE cov: 1638 ft: 7235 corp: 1531/375Kb lim: 4096 exec/s: 10558 rss: 594Mb L: 65/4082 MS: 1 EraseBytes-
#8597269	REDUCE cov: 1638 ft: 7235 corp: 1531/375Kb lim: 4096 exec/s: 10548 rss: 594Mb L: 21/4082 MS: 1 EraseBytes-
#8600315	REDUCE cov: 1638 ft: 7235 corp: 1531/375Kb lim: 4096 exec/s: 10552 rss: 594Mb L: 19/4082 MS: 1 EraseBytes-
#8601901	REDUCE cov: 1638 ft: 7235 corp: 1531/375Kb lim: 4096 exec/s: 10554 rss: 594Mb L: 231/4082 MS: 1 EraseBytes-
#8602702	REDUCE cov: 1638 ft: 7235 corp: 1531/375Kb lim: 4096 exec/s: 10555 rss: 594Mb L: 311/4082 MS: 1 EraseBytes-
#8604162	REDUCE cov: 1638 ft: 7235 corp: 1531/375Kb lim: 4096 exec/s: 10557 rss: 594Mb L: 828/4082 MS: 5 ChangeByte-ChangeASCIIInt-ShuffleBytes-InsertRepeatedBytes-EraseBytes-
#8607793	REDUCE cov: 1638 ft: 7235 corp: 1531/375Kb lim: 4096 exec/s: 10548 rss: 594Mb L: 149/4082 MS: 1 EraseBytes-
#8607835	REDUCE cov: 1638 ft: 7235 corp: 1531/375Kb lim: 4096 exec/s: 10548 rss: 594Mb L: 294/4082 MS: 2 ChangeBinInt-EraseBytes-
#8609526	REDUCE cov: 1638 ft: 7235 corp: 1531/375Kb lim: 4096 exec/s: 10550 rss: 594Mb L: 53/4082 MS: 1 EraseBytes-
#8610522	REDUCE cov: 1638 ft: 7235 corp: 1531/375Kb lim: 4096 exec/s: 10552 rss: 594Mb L: 1598/4082 MS: 1 EraseBytes-
#8611968	REDUCE cov: 1638 ft: 7235 corp: 1531/375Kb lim: 4096 exec/s: 10553 rss: 594Mb L: 638/4082 MS: 1 EraseBytes-
#8615740	REDUCE cov: 1638 ft: 7235 corp: 1531/375Kb lim: 4096 exec/s: 10558 rss: 594Mb L: 548/4082 MS: 2 EraseBytes-ShuffleBytes-
#8617031	REDUCE cov: 1638 ft: 7235 corp: 1531/375Kb lim: 4096 exec/s: 10547 rss: 594Mb L: 776/4082 MS: 1 EraseBytes-
#8621442	REDUCE cov: 1638 ft: 7235 corp: 1531/374Kb lim: 4096 exec/s: 10552 rss: 594Mb L: 1311/4082 MS: 1 EraseBytes-
#8621704	REDUCE cov: 1638 ft: 7235 corp: 1531/374Kb lim: 4096 exec/s: 10552 rss: 594Mb L: 137/4082 MS: 2 CrossOver-EraseBytes-
#8623667	REDUCE cov: 1638 ft: 7235 corp: 1531/374Kb lim: 4096 exec/s: 10555 rss: 594Mb L: 133/4082 MS: 3 ShuffleBytes-ShuffleBytes-EraseBytes-
#8626998	REDUCE cov: 1638 ft: 7235 corp: 1531/374Kb lim: 4096 exec/s: 10546 rss: 594Mb L: 60/4082 MS: 1 EraseBytes-
#8627074	REDUCE cov: 1638 ft: 7235 corp: 1531/374Kb lim: 4096 exec/s: 10546 rss: 594Mb L: 564/4082 MS: 1 EraseBytes-
#8628495	REDUCE cov: 1638 ft: 7235 corp: 1531/374Kb lim: 4096 exec/s: 10548 rss: 594Mb L: 119/4082 MS: 1 EraseBytes-
#8630341	NEW    cov: 1638 ft: 7236 corp: 1532/375Kb lim: 4096 exec/s: 10550 rss: 594Mb L: 1054/4082 MS: 1 InsertByte-
#8631630	REDUCE cov: 1638 ft: 7236 corp: 1532/375Kb lim: 4096 exec/s: 10552 rss: 594Mb L: 1001/4082 MS: 4 CopyPart-EraseBytes-InsertRepeatedBytes-EraseBytes-
#8632741	REDUCE cov: 1638 ft: 7236 corp: 1532/375Kb lim: 4096 exec/s: 10553 rss: 594Mb L: 607/4082 MS: 1 EraseBytes-
#8633397	REDUCE cov: 1638 ft: 7236 corp: 1532/375Kb lim: 4096 exec/s: 10554 rss: 594Mb L: 1190/4082 MS: 1 EraseBytes-
#8637479	REDUCE cov: 1638 ft: 7236 corp: 1532/375Kb lim: 4096 exec/s: 10546 rss: 594Mb L: 60/4082 MS: 2 InsertByte-EraseBytes-
#8639005	REDUCE cov: 1638 ft: 7236 corp: 1532/375Kb lim: 4096 exec/s: 10548 rss: 594Mb L: 310/4082 MS: 1 EraseBytes-
#8639178	REDUCE cov: 1638 ft: 7238 corp: 1533/377Kb lim: 4096 exec/s: 10548 rss: 594Mb L: 2436/4082 MS: 3 CrossOver-ChangeASCIIInt-CopyPart-
#8639432	REDUCE cov: 1638 ft: 7238 corp: 1533/377Kb lim: 4096 exec/s: 10548 rss: 594Mb L: 441/4082 MS: 4 CopyPart-CrossOver-ChangeASCIIInt-EraseBytes-
#8639498	REDUCE cov: 1638 ft: 7238 corp: 1533/377Kb lim: 4096 exec/s: 10548 rss: 594Mb L: 695/4082 MS: 1 EraseBytes-
#8643279	REDUCE cov: 1638 ft: 7238 corp: 1533/377Kb lim: 4096 exec/s: 10553 rss: 594Mb L: 510/4082 MS: 1 EraseBytes-
#8643576	REDUCE cov: 1638 ft: 7238 corp: 1533/377Kb lim: 4096 exec/s: 10553 rss: 594Mb L: 2142/4082 MS: 2 ChangeASCIIInt-CrossOver-
#8646432	REDUCE cov: 1638 ft: 7238 corp: 1533/377Kb lim: 4096 exec/s: 10544 rss: 594Mb L: 27/4082 MS: 1 EraseBytes-
#8648828	REDUCE cov: 1638 ft: 7238 corp: 1533/377Kb lim: 4096 exec/s: 10547 rss: 594Mb L: 52/4082 MS: 1 EraseBytes-
#8659024	REDUCE cov: 1638 ft: 7238 corp: 1533/377Kb lim: 4096 exec/s: 10546 rss: 594Mb L: 2627/4082 MS: 1 EraseBytes-
#8661575	REDUCE cov: 1638 ft: 7238 corp: 1533/377Kb lim: 4096 exec/s: 10537 rss: 594Mb L: 2735/4082 MS: 1 EraseBytes-
#8669837	REDUCE cov: 1638 ft: 7238 corp: 1533/377Kb lim: 4096 exec/s: 10547 rss: 594Mb L: 444/4082 MS: 2 ChangeBit-EraseBytes-
#8675488	REDUCE cov: 1638 ft: 7238 corp: 1533/377Kb lim: 4096 exec/s: 10541 rss: 594Mb L: 962/4082 MS: 1 EraseBytes-
#8681349	REDUCE cov: 1638 ft: 7238 corp: 1533/377Kb lim: 4096 exec/s: 10535 rss: 594Mb L: 13/4082 MS: 1 EraseBytes-
#8681680	REDUCE cov: 1638 ft: 7238 corp: 1533/377Kb lim: 4096 exec/s: 10536 rss: 594Mb L: 514/4082 MS: 1 EraseBytes-
#8683281	REDUCE cov: 1638 ft: 7238 corp: 1533/377Kb lim: 4096 exec/s: 10537 rss: 594Mb L: 144/4082 MS: 1 EraseBytes-
#8685857	REDUCE cov: 1638 ft: 7238 corp: 1533/377Kb lim: 4096 exec/s: 10541 rss: 594Mb L: 827/4082 MS: 1 EraseBytes-
#8687899	REDUCE cov: 1638 ft: 7238 corp: 1533/377Kb lim: 4096 exec/s: 10543 rss: 594Mb L: 2701/4082 MS: 2 InsertRepeatedBytes-EraseBytes-
#8689062	REDUCE cov: 1638 ft: 7238 corp: 1533/377Kb lim: 4096 exec/s: 10532 rss: 594Mb L: 825/4082 MS: 3 ShuffleBytes-PersAutoDict-EraseBytes- DE: "messag"-
#8689590	REDUCE cov: 1638 ft: 7238 corp: 1533/377Kb lim: 4096 exec/s: 10532 rss: 594Mb L: 3606/4082 MS: 2 InsertByte-EraseBytes-
#8690734	REDUCE cov: 1638 ft: 7238 corp: 1533/377Kb lim: 4096 exec/s: 10534 rss: 594Mb L: 484/4082 MS: 4 ChangeBinInt-ShuffleBytes-EraseBytes-CrossOver-
#8694790	REDUCE cov: 1638 ft: 7238 corp: 1533/377Kb lim: 4096 exec/s: 10539 rss: 594Mb L: 1196/4082 MS: 1 EraseBytes-
#8696541	REDUCE cov: 1638 ft: 7238 corp: 1533/377Kb lim: 4096 exec/s: 10528 rss: 594Mb L: 1189/4082 MS: 1 EraseBytes-
#8697545	REDUCE cov: 1638 ft: 7238 corp: 1533/377Kb lim: 4096 exec/s: 10529 rss: 594Mb L: 658/4082 MS: 4 InsertByte-InsertByte-InsertByte-EraseBytes-
#8705912	REDUCE cov: 1638 ft: 7238 corp: 1533/377Kb lim: 4096 exec/s: 10527 rss: 594Mb L: 500/4082 MS: 1 EraseBytes-
#8706098	REDUCE cov: 1638 ft: 7238 corp: 1533/377Kb lim: 4096 exec/s: 10527 rss: 594Mb L: 9/4082 MS: 1 EraseBytes-
#8707109	REDUCE cov: 1638 ft: 7238 corp: 1533/377Kb lim: 4096 exec/s: 10528 rss: 594Mb L: 779/4082 MS: 1 EraseBytes-
#8707475	REDUCE cov: 1638 ft: 7238 corp: 1533/377Kb lim: 4096 exec/s: 10528 rss: 594Mb L: 1184/4082 MS: 1 EraseBytes-
#8712167	REDUCE cov: 1638 ft: 7238 corp: 1533/377Kb lim: 4096 exec/s: 10521 rss: 594Mb L: 1461/4082 MS: 1 EraseBytes-
#8717029	REDUCE cov: 1638 ft: 7238 corp: 1533/376Kb lim: 4096 exec/s: 10527 rss: 594Mb L: 2032/4082 MS: 2 ChangeBit-EraseBytes-
#8717416	REDUCE cov: 1638 ft: 7238 corp: 1533/376Kb lim: 4096 exec/s: 10528 rss: 594Mb L: 321/4082 MS: 2 ChangeByte-EraseBytes-
#8720262	REDUCE cov: 1638 ft: 7238 corp: 1533/376Kb lim: 4096 exec/s: 10519 rss: 594Mb L: 701/4082 MS: 1 EraseBytes-
#8721001	REDUCE cov: 1638 ft: 7239 corp: 1534/376Kb lim: 4096 exec/s: 10519 rss: 594Mb L: 60/4082 MS: 4 ChangeASCIIInt-ChangeBit-ChangeASCIIInt-CopyPart-
#8726042	REDUCE cov: 1638 ft: 7239 corp: 1534/376Kb lim: 4096 exec/s: 10525 rss: 594Mb L: 484/4082 MS: 1 EraseBytes-
#8726563	REDUCE cov: 1638 ft: 7239 corp: 1534/376Kb lim: 4096 exec/s: 10526 rss: 594Mb L: 32/4082 MS: 1 EraseBytes-
#8730789	REDUCE cov: 1638 ft: 7239 corp: 1534/376Kb lim: 4096 exec/s: 10519 rss: 594Mb L: 1505/4082 MS: 1 EraseBytes-
#8735451	REDUCE cov: 1638 ft: 7239 corp: 1534/376Kb lim: 4096 exec/s: 10524 rss: 594Mb L: 21/4082 MS: 2 EraseBytes-CopyPart-
#8736937	REDUCE cov: 1638 ft: 7239 corp: 1534/376Kb lim: 4096 exec/s: 10513 rss: 594Mb L: 156/4082 MS: 1 CrossOver-
#8737493	REDUCE cov: 1638 ft: 7239 corp: 1534/376Kb lim: 4096 exec/s: 10514 rss: 594Mb L: 18/4082 MS: 1 EraseBytes-
#8737750	REDUCE cov: 1638 ft: 7239 corp: 1534/376Kb lim: 4096 exec/s: 10514 rss: 594Mb L: 924/4082 MS: 2 ShuffleBytes-EraseBytes-
#8738176	REDUCE cov: 1638 ft: 7239 corp: 1534/376Kb lim: 4096 exec/s: 10515 rss: 594Mb L: 663/4082 MS: 1 EraseBytes-
#8741183	REDUCE cov: 1638 ft: 7239 corp: 1534/376Kb lim: 4096 exec/s: 10518 rss: 594Mb L: 456/4082 MS: 2 EraseBytes-InsertByte-
#8744994	REDUCE cov: 1638 ft: 7239 corp: 1534/376Kb lim: 4096 exec/s: 10510 rss: 594Mb L: 16/4082 MS: 1 EraseBytes-
#8747446	REDUCE cov: 1638 ft: 7239 corp: 1534/376Kb lim: 4096 exec/s: 10513 rss: 594Mb L: 404/4082 MS: 2 EraseBytes-CopyPart-
#8748222	REDUCE cov: 1638 ft: 7239 corp: 1534/376Kb lim: 4096 exec/s: 10514 rss: 594Mb L: 350/4082 MS: 1 EraseBytes-
#8750303	REDUCE cov: 1638 ft: 7239 corp: 1534/376Kb lim: 4096 exec/s: 10504 rss: 594Mb L: 1411/4082 MS: 1 EraseBytes-
#8751789	REDUCE cov: 1638 ft: 7239 corp: 1534/376Kb lim: 4096 exec/s: 10506 rss: 594Mb L: 14/4082 MS: 1 EraseBytes-
#8753891	REDUCE cov: 1638 ft: 7239 corp: 1534/376Kb lim: 4096 exec/s: 10508 rss: 594Mb L: 25/4082 MS: 1 EraseBytes-
#8754372	REDUCE cov: 1638 ft: 7239 corp: 1534/376Kb lim: 4096 exec/s: 10509 rss: 594Mb L: 480/4082 MS: 1 EraseBytes-
#8761170	REDUCE cov: 1638 ft: 7239 corp: 1534/376Kb lim: 4096 exec/s: 10505 rss: 594Mb L: 85/4082 MS: 3 InsertByte-PersAutoDict-EraseBytes- DE: "p\000\000\020"-
#8762407	REDUCE cov: 1638 ft: 7239 corp: 1534/376Kb lim: 4096 exec/s: 10506 rss: 594Mb L: 1472/4082 MS: 2 PersAutoDict-EraseBytes- DE: "\001\220"-
#8767228	REDUCE cov: 1638 ft: 7239 corp: 1534/376Kb lim: 4096 exec/s: 10499 rss: 594Mb L: 13/4082 MS: 1 EraseBytes-
#8770805	NEW    cov: 1638 ft: 7240 corp: 1535/376Kb lim: 4096 exec/s: 10503 rss: 594Mb L: 106/4082 MS: 1 CopyPart-
#8773542	REDUCE cov: 1638 ft: 7240 corp: 1535/376Kb lim: 4096 exec/s: 10507 rss: 594Mb L: 347/4082 MS: 2 CopyPart-EraseBytes-
#8776528	REDUCE cov: 1638 ft: 7240 corp: 1535/376Kb lim: 4096 exec/s: 10498 rss: 594Mb L: 459/4082 MS: 1 EraseBytes-
#8778589	REDUCE cov: 1638 ft: 7240 corp: 1535/376Kb lim: 4096 exec/s: 10500 rss: 594Mb L: 97/4082 MS: 1 EraseBytes-
#8778905	REDUCE cov: 1638 ft: 7240 corp: 1535/376Kb lim: 4096 exec/s: 10501 rss: 594Mb L: 48/4082 MS: 1 EraseBytes-
#8779146	REDUCE cov: 1638 ft: 7240 corp: 1535/376Kb lim: 4096 exec/s: 10501 rss: 594Mb L: 1008/4082 MS: 1 EraseBytes-
#8783628	REDUCE cov: 1638 ft: 7240 corp: 1535/376Kb lim: 4096 exec/s: 10494 rss: 594Mb L: 745/4082 MS: 2 PersAutoDict-EraseBytes- DE: "\000\000\000\000"-
#8786729	REDUCE cov: 1638 ft: 7240 corp: 1535/376Kb lim: 4096 exec/s: 10485 rss: 594Mb L: 49/4082 MS: 1 EraseBytes-
#8788320	REDUCE cov: 1638 ft: 7240 corp: 1535/376Kb lim: 4096 exec/s: 10487 rss: 594Mb L: 1469/4082 MS: 1 EraseBytes-
#8791496	REDUCE cov: 1638 ft: 7240 corp: 1535/376Kb lim: 4096 exec/s: 10478 rss: 594Mb L: 741/4082 MS: 1 EraseBytes-
#8791962	REDUCE cov: 1638 ft: 7240 corp: 1535/376Kb lim: 4096 exec/s: 10479 rss: 594Mb L: 334/4082 MS: 1 EraseBytes-
#8794053	REDUCE cov: 1638 ft: 7240 corp: 1535/376Kb lim: 4096 exec/s: 10481 rss: 594Mb L: 303/4082 MS: 1 EraseBytes-
#8794675	REDUCE cov: 1638 ft: 7240 corp: 1535/376Kb lim: 4096 exec/s: 10482 rss: 594Mb L: 422/4082 MS: 2 ChangeBinInt-EraseBytes-
#8794888	REDUCE cov: 1638 ft: 7240 corp: 1535/376Kb lim: 4096 exec/s: 10482 rss: 594Mb L: 1169/4082 MS: 3 CopyPart-ChangeASCIIInt-EraseBytes-
#8795610	REDUCE cov: 1638 ft: 7240 corp: 1535/376Kb lim: 4096 exec/s: 10483 rss: 594Mb L: 288/4082 MS: 2 ChangeASCIIInt-EraseBytes-
#8798707	REDUCE cov: 1638 ft: 7240 corp: 1535/376Kb lim: 4096 exec/s: 10474 rss: 594Mb L: 269/4082 MS: 2 CopyPart-EraseBytes-
#8801493	REDUCE cov: 1638 ft: 7240 corp: 1535/376Kb lim: 4096 exec/s: 10477 rss: 594Mb L: 16/4082 MS: 1 EraseBytes-
#8807259	REDUCE cov: 1638 ft: 7240 corp: 1535/376Kb lim: 4096 exec/s: 10472 rss: 594Mb L: 256/4082 MS: 1 EraseBytes-
#8808845	REDUCE cov: 1638 ft: 7240 corp: 1535/376Kb lim: 4096 exec/s: 10461 rss: 594Mb L: 20/4082 MS: 1 EraseBytes-
#8809146	REDUCE cov: 1638 ft: 7240 corp: 1535/376Kb lim: 4096 exec/s: 10462 rss: 594Mb L: 126/4082 MS: 1 EraseBytes-
#8810283	REDUCE cov: 1638 ft: 7240 corp: 1535/376Kb lim: 4096 exec/s: 10463 rss: 594Mb L: 445/4082 MS: 2 ChangeASCIIInt-EraseBytes-
#8817769	REDUCE cov: 1638 ft: 7240 corp: 1535/376Kb lim: 4096 exec/s: 10459 rss: 594Mb L: 90/4082 MS: 1 EraseBytes-
#8819650	REDUCE cov: 1638 ft: 7240 corp: 1535/376Kb lim: 4096 exec/s: 10449 rss: 594Mb L: 253/4082 MS: 1 EraseBytes-
#8820532	REDUCE cov: 1638 ft: 7240 corp: 1535/376Kb lim: 4096 exec/s: 10450 rss: 594Mb L: 21/4082 MS: 2 EraseBytes-EraseBytes-
#8824128	REDUCE cov: 1638 ft: 7240 corp: 1535/376Kb lim: 4096 exec/s: 10442 rss: 594Mb L: 897/4082 MS: 1 EraseBytes-
#8824959	REDUCE cov: 1638 ft: 7240 corp: 1535/376Kb lim: 4096 exec/s: 10443 rss: 594Mb L: 24/4082 MS: 1 EraseBytes-
#8826205	REDUCE cov: 1638 ft: 7240 corp: 1535/376Kb lim: 4096 exec/s: 10445 rss: 594Mb L: 133/4082 MS: 1 EraseBytes-
#8826587	REDUCE cov: 1638 ft: 7240 corp: 1535/376Kb lim: 4096 exec/s: 10445 rss: 594Mb L: 435/4082 MS: 2 ChangeBit-EraseBytes-
#8827826	REDUCE cov: 1638 ft: 7240 corp: 1535/376Kb lim: 4096 exec/s: 10447 rss: 594Mb L: 73/4082 MS: 4 ChangeASCIIInt-ChangeBinInt-ShuffleBytes-EraseBytes-
#8836197	REDUCE cov: 1638 ft: 7240 corp: 1535/376Kb lim: 4096 exec/s: 10432 rss: 594Mb L: 430/4082 MS: 1 EraseBytes-
#8846584	REDUCE cov: 1638 ft: 7240 corp: 1535/376Kb lim: 4096 exec/s: 10420 rss: 594Mb L: 309/4082 MS: 1 EraseBytes-
#8847405	REDUCE cov: 1638 ft: 7240 corp: 1535/376Kb lim: 4096 exec/s: 10420 rss: 594Mb L: 735/4082 MS: 1 EraseBytes-
#8849566	REDUCE cov: 1638 ft: 7240 corp: 1535/376Kb lim: 4096 exec/s: 10423 rss: 594Mb L: 388/4082 MS: 1 EraseBytes-
#8854288	REDUCE cov: 1638 ft: 7240 corp: 1535/376Kb lim: 4096 exec/s: 10416 rss: 594Mb L: 1043/4082 MS: 2 CopyPart-EraseBytes-
#8854749	REDUCE cov: 1638 ft: 7240 corp: 1535/376Kb lim: 4096 exec/s: 10417 rss: 594Mb L: 19/4082 MS: 1 EraseBytes-
#8855630	REDUCE cov: 1638 ft: 7240 corp: 1535/376Kb lim: 4096 exec/s: 10418 rss: 594Mb L: 244/4082 MS: 1 EraseBytes-
#8860296	REDUCE cov: 1638 ft: 7240 corp: 1535/376Kb lim: 4096 exec/s: 10411 rss: 594Mb L: 476/4082 MS: 1 EraseBytes-
#8860702	REDUCE cov: 1638 ft: 7240 corp: 1535/376Kb lim: 4096 exec/s: 10412 rss: 594Mb L: 1401/4082 MS: 1 EraseBytes-
#8861578	REDUCE cov: 1638 ft: 7240 corp: 1535/376Kb lim: 4096 exec/s: 10413 rss: 594Mb L: 1305/4082 MS: 1 EraseBytes-
#8867589	REDUCE cov: 1638 ft: 7240 corp: 1535/376Kb lim: 4096 exec/s: 10407 rss: 594Mb L: 1215/4082 MS: 1 EraseBytes-
#8869630	REDUCE cov: 1638 ft: 7240 corp: 1535/376Kb lim: 4096 exec/s: 10398 rss: 594Mb L: 252/4082 MS: 1 EraseBytes-
#8869707	REDUCE cov: 1638 ft: 7240 corp: 1535/376Kb lim: 4096 exec/s: 10398 rss: 594Mb L: 97/4082 MS: 2 ChangeByte-EraseBytes-
#8870853	REDUCE cov: 1638 ft: 7240 corp: 1535/376Kb lim: 4096 exec/s: 10399 rss: 594Mb L: 89/4082 MS: 1 EraseBytes-
#8878085	REDUCE cov: 1638 ft: 7240 corp: 1535/376Kb lim: 4096 exec/s: 10395 rss: 594Mb L: 399/4082 MS: 2 InsertByte-EraseBytes-
#8879166	REDUCE cov: 1638 ft: 7240 corp: 1535/376Kb lim: 4096 exec/s: 10397 rss: 594Mb L: 723/4082 MS: 1 EraseBytes-
#8881482	REDUCE cov: 1638 ft: 7240 corp: 1535/376Kb lim: 4096 exec/s: 10387 rss: 594Mb L: 913/4082 MS: 1 EraseBytes-
#8884248	REDUCE cov: 1638 ft: 7240 corp: 1535/376Kb lim: 4096 exec/s: 10390 rss: 594Mb L: 62/4082 MS: 1 EraseBytes-
#8884489	REDUCE cov: 1638 ft: 7240 corp: 1535/376Kb lim: 4096 exec/s: 10391 rss: 594Mb L: 15/4082 MS: 1 EraseBytes-
#8886145	REDUCE cov: 1638 ft: 7240 corp: 1535/376Kb lim: 4096 exec/s: 10393 rss: 594Mb L: 456/4082 MS: 1 EraseBytes-
#8886696	REDUCE cov: 1638 ft: 7240 corp: 1535/376Kb lim: 4096 exec/s: 10393 rss: 594Mb L: 719/4082 MS: 1 EraseBytes-
#8887277	REDUCE cov: 1638 ft: 7240 corp: 1535/376Kb lim: 4096 exec/s: 10394 rss: 594Mb L: 229/4082 MS: 1 EraseBytes-
#8890124	REDUCE cov: 1638 ft: 7240 corp: 1535/376Kb lim: 4096 exec/s: 10385 rss: 594Mb L: 387/4082 MS: 2 ChangeBit-EraseBytes-
#8891895	REDUCE cov: 1638 ft: 7240 corp: 1535/376Kb lim: 4096 exec/s: 10387 rss: 594Mb L: 694/4082 MS: 1 EraseBytes-
#8892096	REDUCE cov: 1638 ft: 7240 corp: 1535/376Kb lim: 4096 exec/s: 10387 rss: 594Mb L: 385/4082 MS: 1 EraseBytes-
#8892157	REDUCE cov: 1638 ft: 7241 corp: 1536/376Kb lim: 4096 exec/s: 10388 rss: 594Mb L: 101/4082 MS: 1 CopyPart-
#8895049	REDUCE cov: 1638 ft: 7241 corp: 1536/376Kb lim: 4096 exec/s: 10391 rss: 594Mb L: 1394/4082 MS: 2 ChangeASCIIInt-EraseBytes-
#8896397	REDUCE cov: 1638 ft: 7241 corp: 1536/376Kb lim: 4096 exec/s: 10380 rss: 594Mb L: 1435/4082 MS: 1 EraseBytes-
#8897453	REDUCE cov: 1638 ft: 7241 corp: 1536/376Kb lim: 4096 exec/s: 10382 rss: 594Mb L: 102/4082 MS: 1 EraseBytes-
#8899414	REDUCE cov: 1638 ft: 7241 corp: 1536/376Kb lim: 4096 exec/s: 10384 rss: 594Mb L: 257/4082 MS: 1 EraseBytes-
#8903081	REDUCE cov: 1638 ft: 7241 corp: 1536/376Kb lim: 4096 exec/s: 10388 rss: 594Mb L: 199/4082 MS: 2 ChangeASCIIInt-EraseBytes-
#8904423	REDUCE cov: 1638 ft: 7241 corp: 1536/376Kb lim: 4096 exec/s: 10390 rss: 594Mb L: 21/4082 MS: 1 EraseBytes-
#8906454	REDUCE cov: 1638 ft: 7241 corp: 1536/376Kb lim: 4096 exec/s: 10380 rss: 594Mb L: 173/4082 MS: 1 EraseBytes-
#8910305	REDUCE cov: 1638 ft: 7241 corp: 1536/376Kb lim: 4096 exec/s: 10384 rss: 594Mb L: 227/4082 MS: 1 EraseBytes-
#8910811	REDUCE cov: 1638 ft: 7241 corp: 1536/376Kb lim: 4096 exec/s: 10385 rss: 594Mb L: 1136/4082 MS: 1 EraseBytes-
#8914953	REDUCE cov: 1638 ft: 7241 corp: 1536/376Kb lim: 4096 exec/s: 10378 rss: 594Mb L: 217/4082 MS: 2 ChangeASCIIInt-EraseBytes-
#8917444	REDUCE cov: 1638 ft: 7241 corp: 1536/376Kb lim: 4096 exec/s: 10381 rss: 594Mb L: 383/4082 MS: 1 EraseBytes-
#8921495	REDUCE cov: 1638 ft: 7241 corp: 1536/376Kb lim: 4096 exec/s: 10373 rss: 594Mb L: 1386/4082 MS: 1 EraseBytes-
#8924636	REDUCE cov: 1638 ft: 7241 corp: 1536/376Kb lim: 4096 exec/s: 10377 rss: 594Mb L: 201/4082 MS: 1 EraseBytes-
#8924927	REDUCE cov: 1638 ft: 7241 corp: 1536/376Kb lim: 4096 exec/s: 10377 rss: 594Mb L: 153/4082 MS: 1 EraseBytes-
#8925219	REDUCE cov: 1638 ft: 7241 corp: 1536/376Kb lim: 4096 exec/s: 10378 rss: 594Mb L: 689/4082 MS: 2 ChangeBit-EraseBytes-
#8932401	REDUCE cov: 1638 ft: 7241 corp: 1536/376Kb lim: 4096 exec/s: 10374 rss: 595Mb L: 36/4082 MS: 2 CrossOver-EraseBytes-
#8932587	REDUCE cov: 1638 ft: 7241 corp: 1536/376Kb lim: 4096 exec/s: 10374 rss: 595Mb L: 674/4082 MS: 1 EraseBytes-
#8933438	REDUCE cov: 1638 ft: 7241 corp: 1536/376Kb lim: 4096 exec/s: 10375 rss: 595Mb L: 897/4082 MS: 1 EraseBytes-
#8933439	REDUCE cov: 1638 ft: 7241 corp: 1536/376Kb lim: 4096 exec/s: 10375 rss: 595Mb L: 94/4082 MS: 1 EraseBytes-
#8935295	REDUCE cov: 1638 ft: 7241 corp: 1536/376Kb lim: 4096 exec/s: 10377 rss: 595Mb L: 379/4082 MS: 1 EraseBytes-
#8935338	REDUCE cov: 1638 ft: 7241 corp: 1536/376Kb lim: 4096 exec/s: 10377 rss: 595Mb L: 55/4082 MS: 3 ShuffleBytes-ChangeASCIIInt-EraseBytes-
#8935390	REDUCE cov: 1638 ft: 7241 corp: 1536/375Kb lim: 4096 exec/s: 10377 rss: 595Mb L: 664/4082 MS: 2 ChangeASCIIInt-EraseBytes-
#8936995	REDUCE cov: 1638 ft: 7241 corp: 1536/375Kb lim: 4096 exec/s: 10367 rss: 595Mb L: 194/4082 MS: 3 ChangeASCIIInt-CopyPart-EraseBytes-
#8941772	REDUCE cov: 1638 ft: 7241 corp: 1536/375Kb lim: 4096 exec/s: 10373 rss: 595Mb L: 1303/4082 MS: 2 ChangeASCIIInt-EraseBytes-
#8944418	REDUCE cov: 1638 ft: 7241 corp: 1536/375Kb lim: 4096 exec/s: 10376 rss: 595Mb L: 1118/4082 MS: 1 EraseBytes-
#8946605	REDUCE cov: 1638 ft: 7241 corp: 1536/375Kb lim: 4096 exec/s: 10366 rss: 595Mb L: 1869/4082 MS: 1 EraseBytes-
#8947637	REDUCE cov: 1638 ft: 7241 corp: 1536/375Kb lim: 4096 exec/s: 10368 rss: 595Mb L: 156/4082 MS: 2 EraseBytes-CopyPart-
#8954123	REDUCE cov: 1638 ft: 7241 corp: 1536/375Kb lim: 4096 exec/s: 10363 rss: 595Mb L: 366/4082 MS: 1 EraseBytes-
#8954971	REDUCE cov: 1638 ft: 7241 corp: 1536/375Kb lim: 4096 exec/s: 10364 rss: 595Mb L: 162/4082 MS: 3 ShuffleBytes-CMP-EraseBytes- DE: "\374\377\377\377"-
#8955863	REDUCE cov: 1638 ft: 7241 corp: 1536/375Kb lim: 4096 exec/s: 10365 rss: 595Mb L: 412/4082 MS: 2 InsertByte-EraseBytes-
#8960310	REDUCE cov: 1638 ft: 7241 corp: 1536/375Kb lim: 4096 exec/s: 10370 rss: 595Mb L: 1415/4082 MS: 2 ShuffleBytes-EraseBytes-
#8961626	REDUCE cov: 1638 ft: 7241 corp: 1536/375Kb lim: 4096 exec/s: 10360 rss: 595Mb L: 79/4082 MS: 1 EraseBytes-
#8963267	REDUCE cov: 1638 ft: 7241 corp: 1536/375Kb lim: 4096 exec/s: 10362 rss: 595Mb L: 16/4082 MS: 1 EraseBytes-
#8963499	REDUCE cov: 1638 ft: 7241 corp: 1536/375Kb lim: 4096 exec/s: 10362 rss: 595Mb L: 3246/4082 MS: 2 CopyPart-EraseBytes-
#8963955	REDUCE cov: 1638 ft: 7241 corp: 1536/375Kb lim: 4096 exec/s: 10362 rss: 595Mb L: 661/4082 MS: 1 EraseBytes-
#8965011	REDUCE cov: 1638 ft: 7241 corp: 1536/375Kb lim: 4096 exec/s: 10364 rss: 595Mb L: 35/4082 MS: 1 EraseBytes-
#8966949	REDUCE cov: 1638 ft: 7241 corp: 1536/375Kb lim: 4096 exec/s: 10354 rss: 595Mb L: 99/4082 MS: 3 ChangeASCIIInt-ShuffleBytes-EraseBytes-
#8973215	REDUCE cov: 1638 ft: 7241 corp: 1536/375Kb lim: 4096 exec/s: 10349 rss: 596Mb L: 77/4082 MS: 1 EraseBytes-
#8974696	REDUCE cov: 1638 ft: 7241 corp: 1536/375Kb lim: 4096 exec/s: 10351 rss: 596Mb L: 1361/4082 MS: 1 EraseBytes-
#8977172	REDUCE cov: 1638 ft: 7241 corp: 1536/375Kb lim: 4096 exec/s: 10354 rss: 596Mb L: 82/4082 MS: 1 EraseBytes-
#8980923	REDUCE cov: 1638 ft: 7241 corp: 1536/375Kb lim: 4096 exec/s: 10346 rss: 596Mb L: 912/4082 MS: 1 EraseBytes-
#8981444	REDUCE cov: 1638 ft: 7241 corp: 1536/375Kb lim: 4096 exec/s: 10347 rss: 596Mb L: 83/4082 MS: 1 EraseBytes-
#8983090	REDUCE cov: 1638 ft: 7241 corp: 1536/375Kb lim: 4096 exec/s: 10349 rss: 596Mb L: 1850/4082 MS: 1 EraseBytes-
#8986181	REDUCE cov: 1638 ft: 7241 corp: 1536/375Kb lim: 4096 exec/s: 10352 rss: 596Mb L: 1300/4082 MS: 1 EraseBytes-
#8993168	REDUCE cov: 1638 ft: 7241 corp: 1536/374Kb lim: 4096 exec/s: 10336 rss: 596Mb L: 1449/4082 MS: 2 InsertByte-EraseBytes-
#8994555	REDUCE cov: 1638 ft: 7241 corp: 1536/374Kb lim: 4096 exec/s: 10338 rss: 596Mb L: 761/4082 MS: 2 CopyPart-EraseBytes-
#8996353	REDUCE cov: 1638 ft: 7241 corp: 1536/374Kb lim: 4096 exec/s: 10340 rss: 596Mb L: 389/4082 MS: 3 ShuffleBytes-ChangeByte-EraseBytes-
#9006129	REDUCE cov: 1638 ft: 7241 corp: 1536/374Kb lim: 4096 exec/s: 10339 rss: 596Mb L: 1289/4082 MS: 1 EraseBytes-
#9007091	REDUCE cov: 1638 ft: 7241 corp: 1536/374Kb lim: 4096 exec/s: 10329 rss: 596Mb L: 116/4082 MS: 2 ChangeByte-EraseBytes-
#9010472	REDUCE cov: 1638 ft: 7241 corp: 1536/374Kb lim: 4096 exec/s: 10333 rss: 596Mb L: 16/4082 MS: 1 EraseBytes-
#9019343	REDUCE cov: 1638 ft: 7241 corp: 1536/374Kb lim: 4096 exec/s: 10331 rss: 596Mb L: 11/4082 MS: 1 EraseBytes-
#9025539	REDUCE cov: 1638 ft: 7241 corp: 1536/374Kb lim: 4096 exec/s: 10326 rss: 596Mb L: 306/4082 MS: 1 EraseBytes-
#9025860	REDUCE cov: 1638 ft: 7241 corp: 1536/374Kb lim: 4096 exec/s: 10327 rss: 596Mb L: 826/4082 MS: 1 EraseBytes-
#9027611	REDUCE cov: 1638 ft: 7241 corp: 1536/374Kb lim: 4096 exec/s: 10329 rss: 596Mb L: 611/4082 MS: 1 EraseBytes-
#9032862	REDUCE cov: 1638 ft: 7241 corp: 1536/374Kb lim: 4096 exec/s: 10323 rss: 596Mb L: 1341/4082 MS: 1 EraseBytes-
#9035318	REDUCE cov: 1638 ft: 7241 corp: 1536/374Kb lim: 4096 exec/s: 10326 rss: 596Mb L: 20/4082 MS: 1 EraseBytes-
#9040464	REDUCE cov: 1638 ft: 7241 corp: 1536/374Kb lim: 4096 exec/s: 10320 rss: 596Mb L: 146/4082 MS: 1 EraseBytes-
#9041276	REDUCE cov: 1638 ft: 7241 corp: 1536/374Kb lim: 4096 exec/s: 10321 rss: 596Mb L: 131/4082 MS: 2 ChangeBit-EraseBytes-
#9046538	REDUCE cov: 1638 ft: 7241 corp: 1536/374Kb lim: 4096 exec/s: 10315 rss: 596Mb L: 129/4082 MS: 2 ShuffleBytes-EraseBytes-
#9048541	REDUCE cov: 1638 ft: 7241 corp: 1536/374Kb lim: 4096 exec/s: 10317 rss: 596Mb L: 594/4082 MS: 3 PersAutoDict-ShuffleBytes-EraseBytes- DE: "2\357\277\275#\357\277\275"-
#9052123	REDUCE cov: 1638 ft: 7241 corp: 1536/374Kb lim: 4096 exec/s: 10309 rss: 596Mb L: 165/4082 MS: 1 EraseBytes-
#9053895	REDUCE cov: 1638 ft: 7241 corp: 1536/374Kb lim: 4096 exec/s: 10311 rss: 596Mb L: 141/4082 MS: 2 CopyPart-EraseBytes-
#9057487	REDUCE cov: 1638 ft: 7241 corp: 1536/374Kb lim: 4096 exec/s: 10304 rss: 596Mb L: 137/4082 MS: 2 CopyPart-EraseBytes-
#9063813	REDUCE cov: 1638 ft: 7241 corp: 1536/374Kb lim: 4096 exec/s: 10299 rss: 596Mb L: 302/4082 MS: 1 EraseBytes-
#9064854	REDUCE cov: 1638 ft: 7241 corp: 1536/374Kb lim: 4096 exec/s: 10300 rss: 596Mb L: 132/4082 MS: 1 EraseBytes-
#9066307	REDUCE cov: 1638 ft: 7241 corp: 1536/374Kb lim: 4096 exec/s: 10302 rss: 596Mb L: 126/4082 MS: 3 ChangeBit-InsertByte-EraseBytes-
#9066748	REDUCE cov: 1638 ft: 7241 corp: 1536/374Kb lim: 4096 exec/s: 10303 rss: 596Mb L: 365/4082 MS: 1 EraseBytes-
#9069154	REDUCE cov: 1638 ft: 7241 corp: 1536/374Kb lim: 4096 exec/s: 10294 rss: 596Mb L: 121/4082 MS: 1 EraseBytes-
#9073571	REDUCE cov: 1638 ft: 7241 corp: 1536/374Kb lim: 4096 exec/s: 10299 rss: 596Mb L: 13/4082 MS: 1 EraseBytes-
#9075789	REDUCE cov: 1638 ft: 7241 corp: 1536/374Kb lim: 4096 exec/s: 10301 rss: 596Mb L: 1383/4082 MS: 3 ChangeASCIIInt-ChangeASCIIInt-EraseBytes-
#9084250	REDUCE cov: 1638 ft: 7241 corp: 1536/374Kb lim: 4096 exec/s: 10299 rss: 596Mb L: 607/4082 MS: 1 EraseBytes-
#9084499	REDUCE cov: 1638 ft: 7241 corp: 1536/374Kb lim: 4096 exec/s: 10288 rss: 596Mb L: 461/4082 MS: 4 ChangeASCIIInt-InsertRepeatedBytes-EraseBytes-CopyPart-
#9088925	REDUCE cov: 1638 ft: 7241 corp: 1536/374Kb lim: 4096 exec/s: 10293 rss: 596Mb L: 1201/4082 MS: 1 EraseBytes-
#9090612	REDUCE cov: 1638 ft: 7241 corp: 1536/374Kb lim: 4096 exec/s: 10295 rss: 596Mb L: 575/4082 MS: 2 ShuffleBytes-EraseBytes-
#9090768	REDUCE cov: 1638 ft: 7241 corp: 1536/374Kb lim: 4096 exec/s: 10295 rss: 596Mb L: 126/4082 MS: 1 EraseBytes-
#9095874	REDUCE cov: 1638 ft: 7241 corp: 1536/374Kb lim: 4096 exec/s: 10289 rss: 596Mb L: 21/4082 MS: 1 EraseBytes-
#9098747	REDUCE cov: 1638 ft: 7241 corp: 1536/374Kb lim: 4096 exec/s: 10292 rss: 596Mb L: 98/4082 MS: 3 ChangeASCIIInt-ChangeBit-EraseBytes-
#9099898	REDUCE cov: 1638 ft: 7241 corp: 1536/374Kb lim: 4096 exec/s: 10282 rss: 596Mb L: 715/4082 MS: 1 EraseBytes-
#9100259	REDUCE cov: 1638 ft: 7241 corp: 1536/374Kb lim: 4096 exec/s: 10282 rss: 596Mb L: 804/4082 MS: 1 EraseBytes-
#9102125	REDUCE cov: 1638 ft: 7241 corp: 1536/374Kb lim: 4096 exec/s: 10284 rss: 596Mb L: 90/4082 MS: 1 EraseBytes-
#9102251	REDUCE cov: 1638 ft: 7241 corp: 1536/374Kb lim: 4096 exec/s: 10285 rss: 596Mb L: 96/4082 MS: 1 EraseBytes-
#9102732	REDUCE cov: 1638 ft: 7241 corp: 1536/374Kb lim: 4096 exec/s: 10285 rss: 596Mb L: 596/4082 MS: 1 EraseBytes-
#9109583	REDUCE cov: 1638 ft: 7244 corp: 1537/375Kb lim: 4096 exec/s: 10281 rss: 596Mb L: 1598/4082 MS: 1 CopyPart-
#9115645	REDUCE cov: 1638 ft: 7244 corp: 1537/375Kb lim: 4096 exec/s: 10276 rss: 596Mb L: 121/4082 MS: 2 EraseBytes-CopyPart-
#9116636	REDUCE cov: 1638 ft: 7244 corp: 1537/375Kb lim: 4096 exec/s: 10278 rss: 596Mb L: 129/4082 MS: 1 EraseBytes-
#9118092	REDUCE cov: 1638 ft: 7244 corp: 1537/375Kb lim: 4096 exec/s: 10279 rss: 596Mb L: 1115/4082 MS: 1 EraseBytes-
#9119813	REDUCE cov: 1638 ft: 7244 corp: 1537/375Kb lim: 4096 exec/s: 10281 rss: 596Mb L: 68/4082 MS: 1 EraseBytes-
	NEW_FUNC[1/2]: 0x5e9a684e4cd0  (/home/ther12k/Workspace/Learning/velqu/fuzz/target/x86_64-unknown-linux-gnu/release/codec_encoders+0x53ccd0) (BuildId: ffbab5315636f10f79c36e1592fe877e09efe821)
	NEW_FUNC[2/2]: 0x5e9a6850cdb0  (/home/ther12k/Workspace/Learning/velqu/fuzz/target/x86_64-unknown-linux-gnu/release/codec_encoders+0x564db0) (BuildId: ffbab5315636f10f79c36e1592fe877e09efe821)
#9121555	REDUCE cov: 1671 ft: 7308 corp: 1538/375Kb lim: 4096 exec/s: 10272 rss: 596Mb L: 107/4082 MS: 2 InsertRepeatedBytes-CrossOver-
#9122042	REDUCE cov: 1671 ft: 7308 corp: 1538/375Kb lim: 4096 exec/s: 10272 rss: 596Mb L: 95/4082 MS: 2 ChangeBinInt-EraseBytes-
#9123198	NEW    cov: 1672 ft: 7309 corp: 1539/376Kb lim: 4096 exec/s: 10273 rss: 596Mb L: 107/4082 MS: 1 ChangeByte-
#9123704	REDUCE cov: 1672 ft: 7309 corp: 1539/376Kb lim: 4096 exec/s: 10274 rss: 596Mb L: 136/4082 MS: 1 EraseBytes-
#9125748	REDUCE cov: 1672 ft: 7309 corp: 1539/376Kb lim: 4096 exec/s: 10276 rss: 596Mb L: 553/4082 MS: 4 InsertRepeatedBytes-ChangeASCIIInt-ChangeBinInt-EraseBytes-
#9129609	REDUCE cov: 1672 ft: 7309 corp: 1539/376Kb lim: 4096 exec/s: 10281 rss: 596Mb L: 1211/4082 MS: 1 EraseBytes-
	NEW_FUNC[1/1]: 0x5e9a684ab3c0  (/home/ther12k/Workspace/Learning/velqu/fuzz/target/x86_64-unknown-linux-gnu/release/codec_encoders+0x5033c0) (BuildId: ffbab5315636f10f79c36e1592fe877e09efe821)
#9130065	NEW    cov: 1676 ft: 7320 corp: 1540/376Kb lim: 4096 exec/s: 10270 rss: 596Mb L: 107/4082 MS: 1 CopyPart-
#9130470	NEW    cov: 1676 ft: 7340 corp: 1541/376Kb lim: 4096 exec/s: 10270 rss: 596Mb L: 198/4082 MS: 5 PersAutoDict-PersAutoDict-CrossOver-InsertRepeatedBytes-EraseBytes- DE: "\374\377\377\377"-"\357\277\275#\357\277\275."-
#9130568	REDUCE cov: 1676 ft: 7340 corp: 1541/376Kb lim: 4096 exec/s: 10270 rss: 596Mb L: 1878/4082 MS: 3 ChangeASCIIInt-CMP-EraseBytes- DE: "\000\000\000\000\000\000\000\025"-
#9130685	NEW    cov: 1678 ft: 7343 corp: 1542/376Kb lim: 4096 exec/s: 10270 rss: 596Mb L: 198/4082 MS: 2 ShuffleBytes-ChangeBit-
#9130806	REDUCE cov: 1678 ft: 7343 corp: 1542/376Kb lim: 4096 exec/s: 10270 rss: 596Mb L: 1617/4082 MS: 1 EraseBytes-
#9131008	REDUCE cov: 1678 ft: 7343 corp: 1542/376Kb lim: 4096 exec/s: 10271 rss: 596Mb L: 81/4082 MS: 2 EraseBytes-ShuffleBytes-
#9131668	REDUCE cov: 1678 ft: 7343 corp: 1542/376Kb lim: 4096 exec/s: 10271 rss: 596Mb L: 1550/4082 MS: 5 ChangeBinInt-InsertByte-CopyPart-ShuffleBytes-EraseBytes-
#9131750	NEW    cov: 1679 ft: 7344 corp: 1543/376Kb lim: 4096 exec/s: 10271 rss: 596Mb L: 181/4082 MS: 2 InsertRepeatedBytes-ChangeBit-
#9133542	NEW    cov: 1679 ft: 7376 corp: 1544/376Kb lim: 4096 exec/s: 10273 rss: 596Mb L: 84/4082 MS: 2 CMP-EraseBytes- DE: "messa"-
#9133764	REDUCE cov: 1679 ft: 7376 corp: 1544/376Kb lim: 4096 exec/s: 10274 rss: 596Mb L: 114/4082 MS: 2 ChangeBit-EraseBytes-
#9133984	REDUCE cov: 1679 ft: 7376 corp: 1544/376Kb lim: 4096 exec/s: 10274 rss: 596Mb L: 48/4082 MS: 5 ChangeBinInt-CrossOver-PersAutoDict-ChangeBinInt-EraseBytes- DE: "\356\377\377\377"-
#9134145	REDUCE cov: 1679 ft: 7376 corp: 1544/376Kb lim: 4096 exec/s: 10274 rss: 596Mb L: 93/4082 MS: 1 EraseBytes-
#9138832	NEW    cov: 1680 ft: 7377 corp: 1545/376Kb lim: 4096 exec/s: 10279 rss: 599Mb L: 108/4082 MS: 2 ChangeBit-InsertByte-
#9143408	REDUCE cov: 1680 ft: 7377 corp: 1545/376Kb lim: 4096 exec/s: 10273 rss: 603Mb L: 190/4082 MS: 1 EraseBytes-
#9143659	REDUCE cov: 1680 ft: 7377 corp: 1545/376Kb lim: 4096 exec/s: 10273 rss: 603Mb L: 41/4082 MS: 1 EraseBytes-
#9145572	NEW    cov: 1680 ft: 7378 corp: 1546/376Kb lim: 4096 exec/s: 10275 rss: 605Mb L: 100/4082 MS: 3 PersAutoDict-EraseBytes-CrossOver- DE: "\376\377\374\246"-
#9146369	REDUCE cov: 1680 ft: 7378 corp: 1546/376Kb lim: 4096 exec/s: 10276 rss: 605Mb L: 90/4082 MS: 2 ChangeASCIIInt-EraseBytes-
#9148766	REDUCE cov: 1680 ft: 7378 corp: 1546/376Kb lim: 4096 exec/s: 10279 rss: 606Mb L: 203/4082 MS: 2 InsertRepeatedBytes-EraseBytes-
#9149617	REDUCE cov: 1680 ft: 7378 corp: 1546/376Kb lim: 4096 exec/s: 10280 rss: 606Mb L: 75/4082 MS: 1 EraseBytes-
#9150029	REDUCE cov: 1680 ft: 7378 corp: 1546/376Kb lim: 4096 exec/s: 10269 rss: 607Mb L: 180/4082 MS: 2 ChangeByte-EraseBytes-
#9150765	REDUCE cov: 1680 ft: 7378 corp: 1546/376Kb lim: 4096 exec/s: 10270 rss: 607Mb L: 12/4082 MS: 1 EraseBytes-
#9151357	REDUCE cov: 1680 ft: 7378 corp: 1546/376Kb lim: 4096 exec/s: 10270 rss: 607Mb L: 37/4082 MS: 2 ShuffleBytes-EraseBytes-
#9151418	REDUCE cov: 1680 ft: 7378 corp: 1546/376Kb lim: 4096 exec/s: 10270 rss: 607Mb L: 37/4082 MS: 1 EraseBytes-
#9152331	REDUCE cov: 1680 ft: 7379 corp: 1547/376Kb lim: 4096 exec/s: 10271 rss: 607Mb L: 56/4082 MS: 3 ShuffleBytes-ChangeBinInt-CopyPart-
#9152588	REDUCE cov: 1680 ft: 7379 corp: 1547/376Kb lim: 4096 exec/s: 10272 rss: 607Mb L: 111/4082 MS: 2 InsertByte-EraseBytes-
#9154117	REDUCE cov: 1680 ft: 7379 corp: 1547/376Kb lim: 4096 exec/s: 10273 rss: 608Mb L: 27/4082 MS: 4 CMP-InsertByte-CopyPart-EraseBytes- DE: "\000\000\000\376"-
#9156048	REDUCE cov: 1680 ft: 7379 corp: 1547/376Kb lim: 4096 exec/s: 10276 rss: 609Mb L: 64/4082 MS: 1 EraseBytes-
#9157994	REDUCE cov: 1680 ft: 7379 corp: 1547/376Kb lim: 4096 exec/s: 10278 rss: 610Mb L: 56/4082 MS: 1 EraseBytes-
#9161165	REDUCE cov: 1680 ft: 7379 corp: 1547/376Kb lim: 4096 exec/s: 10270 rss: 610Mb L: 89/4082 MS: 1 EraseBytes-
#9161998	REDUCE cov: 1680 ft: 7379 corp: 1547/376Kb lim: 4096 exec/s: 10271 rss: 611Mb L: 110/4082 MS: 3 ChangeByte-ChangeASCIIInt-EraseBytes-
#9162440	REDUCE cov: 1680 ft: 7379 corp: 1547/376Kb lim: 4096 exec/s: 10271 rss: 611Mb L: 797/4082 MS: 2 ShuffleBytes-EraseBytes-
#9162792	REDUCE cov: 1680 ft: 7379 corp: 1547/376Kb lim: 4096 exec/s: 10272 rss: 611Mb L: 43/4082 MS: 2 ChangeASCIIInt-EraseBytes-
#9164325	REDUCE cov: 1680 ft: 7379 corp: 1547/376Kb lim: 4096 exec/s: 10273 rss: 611Mb L: 46/4082 MS: 3 ChangeASCIIInt-ChangeBit-EraseBytes-
#9165416	REDUCE cov: 1680 ft: 7379 corp: 1547/376Kb lim: 4096 exec/s: 10275 rss: 611Mb L: 97/4082 MS: 1 EraseBytes-
#9166017	REDUCE cov: 1680 ft: 7379 corp: 1547/376Kb lim: 4096 exec/s: 10275 rss: 611Mb L: 327/4082 MS: 1 EraseBytes-
#9167098	REDUCE cov: 1680 ft: 7380 corp: 1548/376Kb lim: 4096 exec/s: 10277 rss: 611Mb L: 175/4082 MS: 1 CopyPart-
#9171298	NEW    cov: 1681 ft: 7381 corp: 1549/376Kb lim: 4096 exec/s: 10270 rss: 611Mb L: 167/4082 MS: 5 InsertRepeatedBytes-InsertByte-ChangeBit-ChangeBinInt-ChangeByte-
#9172375	REDUCE cov: 1681 ft: 7381 corp: 1549/376Kb lim: 4096 exec/s: 10271 rss: 611Mb L: 963/4082 MS: 2 ShuffleBytes-EraseBytes-
#9174877	REDUCE cov: 1681 ft: 7381 corp: 1549/376Kb lim: 4096 exec/s: 10274 rss: 611Mb L: 73/4082 MS: 2 ChangeBit-EraseBytes-
#9176243	REDUCE cov: 1681 ft: 7381 corp: 1549/376Kb lim: 4096 exec/s: 10275 rss: 611Mb L: 86/4082 MS: 1 EraseBytes-
#9177309	REDUCE cov: 1681 ft: 7381 corp: 1549/376Kb lim: 4096 exec/s: 10276 rss: 611Mb L: 7/4082 MS: 1 EraseBytes-
#9178975	REDUCE cov: 1681 ft: 7381 corp: 1549/376Kb lim: 4096 exec/s: 10278 rss: 611Mb L: 47/4082 MS: 1 EraseBytes-
#9180326	REDUCE cov: 1681 ft: 7381 corp: 1549/376Kb lim: 4096 exec/s: 10268 rss: 611Mb L: 95/4082 MS: 1 EraseBytes-
#9180952	REDUCE cov: 1681 ft: 7381 corp: 1549/376Kb lim: 4096 exec/s: 10269 rss: 611Mb L: 902/4082 MS: 1 EraseBytes-
#9181738	REDUCE cov: 1681 ft: 7381 corp: 1549/376Kb lim: 4096 exec/s: 10270 rss: 611Mb L: 28/4082 MS: 1 EraseBytes-
#9183399	REDUCE cov: 1681 ft: 7381 corp: 1549/376Kb lim: 4096 exec/s: 10272 rss: 611Mb L: 651/4082 MS: 1 EraseBytes-
#9183570	REDUCE cov: 1681 ft: 7381 corp: 1549/376Kb lim: 4096 exec/s: 10272 rss: 611Mb L: 125/4082 MS: 1 EraseBytes-
#9185046	REDUCE cov: 1681 ft: 7381 corp: 1549/376Kb lim: 4096 exec/s: 10274 rss: 611Mb L: 219/4082 MS: 1 EraseBytes-
#9186032	REDUCE cov: 1681 ft: 7381 corp: 1549/376Kb lim: 4096 exec/s: 10275 rss: 611Mb L: 203/4082 MS: 1 EraseBytes-
#9186608	REDUCE cov: 1681 ft: 7381 corp: 1549/376Kb lim: 4096 exec/s: 10275 rss: 611Mb L: 11/4082 MS: 1 EraseBytes-
#9188779	REDUCE cov: 1681 ft: 7381 corp: 1549/376Kb lim: 4096 exec/s: 10278 rss: 611Mb L: 2067/4082 MS: 1 EraseBytes-
#9190150	REDUCE cov: 1681 ft: 7381 corp: 1549/376Kb lim: 4096 exec/s: 10279 rss: 611Mb L: 67/4082 MS: 1 EraseBytes-
#9190881	REDUCE cov: 1681 ft: 7381 corp: 1549/376Kb lim: 4096 exec/s: 10280 rss: 611Mb L: 36/4082 MS: 1 EraseBytes-
#9192688	REDUCE cov: 1681 ft: 7381 corp: 1549/376Kb lim: 4096 exec/s: 10271 rss: 611Mb L: 1596/4082 MS: 2 InsertByte-EraseBytes-
#9193129	REDUCE cov: 1681 ft: 7381 corp: 1549/376Kb lim: 4096 exec/s: 10271 rss: 611Mb L: 26/4082 MS: 1 EraseBytes-
#9195271	REDUCE cov: 1681 ft: 7381 corp: 1549/376Kb lim: 4096 exec/s: 10274 rss: 611Mb L: 573/4082 MS: 2 ChangeASCIIInt-EraseBytes-
#9199517	REDUCE cov: 1681 ft: 7381 corp: 1549/376Kb lim: 4096 exec/s: 10278 rss: 611Mb L: 207/4082 MS: 1 EraseBytes-
#9200034	REDUCE cov: 1681 ft: 7381 corp: 1549/376Kb lim: 4096 exec/s: 10279 rss: 611Mb L: 12/4082 MS: 2 ShuffleBytes-EraseBytes-
#9200766	REDUCE cov: 1681 ft: 7381 corp: 1549/376Kb lim: 4096 exec/s: 10280 rss: 611Mb L: 73/4082 MS: 2 ChangeASCIIInt-EraseBytes-
#9200982	REDUCE cov: 1681 ft: 7381 corp: 1549/376Kb lim: 4096 exec/s: 10280 rss: 611Mb L: 251/4082 MS: 1 EraseBytes-
#9204733	NEW    cov: 1681 ft: 7382 corp: 1550/376Kb lim: 4096 exec/s: 10273 rss: 611Mb L: 56/4082 MS: 1 CopyPart-
#9204854	REDUCE cov: 1681 ft: 7382 corp: 1550/376Kb lim: 4096 exec/s: 10273 rss: 611Mb L: 64/4082 MS: 1 EraseBytes-
#9205550	REDUCE cov: 1681 ft: 7382 corp: 1550/376Kb lim: 4096 exec/s: 10274 rss: 611Mb L: 136/4082 MS: 1 EraseBytes-
#9205707	REDUCE cov: 1681 ft: 7382 corp: 1550/376Kb lim: 4096 exec/s: 10274 rss: 611Mb L: 1559/4082 MS: 2 ChangeBit-EraseBytes-
#9208258	NEW    cov: 1681 ft: 7383 corp: 1551/376Kb lim: 4096 exec/s: 10277 rss: 611Mb L: 108/4082 MS: 1 ChangeBinInt-
#9209245	REDUCE cov: 1681 ft: 7383 corp: 1551/376Kb lim: 4096 exec/s: 10278 rss: 611Mb L: 23/4082 MS: 2 ShuffleBytes-EraseBytes-
#9209892	REDUCE cov: 1681 ft: 7383 corp: 1551/376Kb lim: 4096 exec/s: 10278 rss: 611Mb L: 46/4082 MS: 2 ChangeBit-EraseBytes-
#9212485	REDUCE cov: 1681 ft: 7384 corp: 1552/377Kb lim: 4096 exec/s: 10270 rss: 611Mb L: 1008/4082 MS: 3 ShuffleBytes-ChangeByte-CopyPart-
#9212581	REDUCE cov: 1681 ft: 7384 corp: 1552/377Kb lim: 4096 exec/s: 10270 rss: 611Mb L: 34/4082 MS: 1 EraseBytes-
#9216182	REDUCE cov: 1681 ft: 7384 corp: 1552/377Kb lim: 4096 exec/s: 10274 rss: 611Mb L: 66/4082 MS: 1 EraseBytes-
#9216368	REDUCE cov: 1681 ft: 7384 corp: 1552/377Kb lim: 4096 exec/s: 10274 rss: 611Mb L: 82/4082 MS: 1 EraseBytes-
#9217834	REDUCE cov: 1681 ft: 7385 corp: 1553/377Kb lim: 4096 exec/s: 10276 rss: 611Mb L: 19/4082 MS: 1 EraseBytes-
#9219145	REDUCE cov: 1681 ft: 7385 corp: 1553/377Kb lim: 4096 exec/s: 10277 rss: 611Mb L: 36/4082 MS: 1 EraseBytes-
#9219581	REDUCE cov: 1681 ft: 7385 corp: 1553/377Kb lim: 4096 exec/s: 10278 rss: 611Mb L: 1036/4082 MS: 1 EraseBytes-
#9220048	REDUCE cov: 1681 ft: 7385 corp: 1553/377Kb lim: 4096 exec/s: 10267 rss: 611Mb L: 1001/4082 MS: 2 EraseBytes-CopyPart-
#9221070	REDUCE cov: 1681 ft: 7385 corp: 1553/377Kb lim: 4096 exec/s: 10268 rss: 611Mb L: 162/4082 MS: 2 CrossOver-EraseBytes-
#9221121	REDUCE cov: 1681 ft: 7385 corp: 1553/377Kb lim: 4096 exec/s: 10268 rss: 611Mb L: 1832/4082 MS: 1 EraseBytes-
#9224398	REDUCE cov: 1681 ft: 7385 corp: 1553/377Kb lim: 4096 exec/s: 10272 rss: 611Mb L: 56/4082 MS: 2 ChangeASCIIInt-EraseBytes-
#9225159	REDUCE cov: 1681 ft: 7385 corp: 1553/377Kb lim: 4096 exec/s: 10273 rss: 611Mb L: 43/4082 MS: 1 EraseBytes-
#9225275	REDUCE cov: 1681 ft: 7385 corp: 1553/377Kb lim: 4096 exec/s: 10273 rss: 611Mb L: 38/4082 MS: 1 EraseBytes-
#9226392	NEW    cov: 1681 ft: 7386 corp: 1554/378Kb lim: 4096 exec/s: 10274 rss: 611Mb L: 1009/4082 MS: 2 InsertByte-ShuffleBytes-
#9227073	REDUCE cov: 1681 ft: 7386 corp: 1554/378Kb lim: 4096 exec/s: 10275 rss: 611Mb L: 122/4082 MS: 1 EraseBytes-
#9228199	REDUCE cov: 1681 ft: 7386 corp: 1554/378Kb lim: 4096 exec/s: 10264 rss: 611Mb L: 129/4082 MS: 1 EraseBytes-
#9229202	REDUCE cov: 1682 ft: 7387 corp: 1555/378Kb lim: 4096 exec/s: 10266 rss: 611Mb L: 162/4082 MS: 3 ChangeBit-ChangeByte-PersAutoDict- DE: "messe"-
#9229840	NEW    cov: 1682 ft: 7388 corp: 1556/379Kb lim: 4096 exec/s: 10266 rss: 611Mb L: 1008/4082 MS: 3 ChangeBit-ChangeBit-ChangeByte-
#9232106	REDUCE cov: 1682 ft: 7388 corp: 1556/379Kb lim: 4096 exec/s: 10269 rss: 611Mb L: 34/4082 MS: 1 EraseBytes-
#9232479	REDUCE cov: 1682 ft: 7389 corp: 1557/383Kb lim: 4096 exec/s: 10269 rss: 611Mb L: 4051/4082 MS: 3 ChangeASCIIInt-CopyPart-PersAutoDict- DE: "\001\000\000\000\000\000\000\004"-
#9233035	REDUCE cov: 1682 ft: 7389 corp: 1557/383Kb lim: 4096 exec/s: 10270 rss: 611Mb L: 98/4082 MS: 1 EraseBytes-
#9234601	REDUCE cov: 1682 ft: 7389 corp: 1557/383Kb lim: 4096 exec/s: 10272 rss: 611Mb L: 103/4082 MS: 1 EraseBytes-
#9236430	REDUCE cov: 1682 ft: 7389 corp: 1557/383Kb lim: 4096 exec/s: 10274 rss: 611Mb L: 9/4082 MS: 4 EraseBytes-CopyPart-EraseBytes-PersAutoDict- DE: "\376\377\377\377"-
#9236681	REDUCE cov: 1682 ft: 7389 corp: 1557/383Kb lim: 4096 exec/s: 10274 rss: 611Mb L: 18/4082 MS: 1 EraseBytes-
#9236937	REDUCE cov: 1682 ft: 7389 corp: 1557/383Kb lim: 4096 exec/s: 10274 rss: 611Mb L: 97/4082 MS: 1 EraseBytes-
#9242088	REDUCE cov: 1682 ft: 7389 corp: 1557/383Kb lim: 4096 exec/s: 10268 rss: 611Mb L: 27/4082 MS: 1 EraseBytes-
#9245095	NEW    cov: 1682 ft: 7393 corp: 1558/383Kb lim: 4096 exec/s: 10272 rss: 611Mb L: 110/4082 MS: 2 ShuffleBytes-CopyPart-
#9246280	DONE   cov: 1682 ft: 7393 corp: 1558/383Kb lim: 4096 exec/s: 10262 rss: 611Mb
###### Recommended dictionary. ######
"\001&" # Uses: 24042
"\377\377\377\377\377\377\377\007" # Uses: 21200
".\257\010\000" # Uses: 21760
"\0006" # Uses: 21852
"\001\000\000\000\000\000\000\002" # Uses: 20378
"detail" # Uses: 20473
"\0015" # Uses: 19836
"code" # Uses: 18789
"\357\277\275\357\277\275*" # Uses: 17833
"\025\000\000\000\000\000\000\000" # Uses: 17209
"\000\000\000\000" # Uses: 18125
"\376\377\377\377" # Uses: 18093
"message" # Uses: 16961
"\001\000\000\000\000\000\000\200" # Uses: 16550
"\0017" # Uses: 17292
"\377\377\377\377\377\377\377\377" # Uses: 15880
"#)\357\277\2754e1 " # Uses: 15739
"\314\314\314\014" # Uses: 16528
"\377\377\377\364" # Uses: 16142
"*\357\277\275" # Uses: 15760
"\001\000\000\000\000\000\000\004" # Uses: 15106
")\357\277\275\357\277\275" # Uses: 15030
"A\000" # Uses: 16187
"\377\377\377-" # Uses: 15625
"instance" # Uses: 15044
"#)\357\277\275 " # Uses: 15038
"\000\000\000\003" # Uses: 15201
"2\357\277\275#\357\277\275" # Uses: 14185
"\001\000\000\000\000\000\000\007" # Uses: 14004
"b\000\000\000\000\000\000\000" # Uses: 13945
"\177\033\023\351K\022\000\000" # Uses: 14111
"\002\000\000\000\000\000\000\000" # Uses: 13570
"=\357\277\275" # Uses: 13116
"\377\377\377\377\377\377\377\001" # Uses: 12473
"\001\220" # Uses: 13353
"\357\277\275#\357\277\275." # Uses: 12361
"p\000\000\020" # Uses: 11974
"=\012\000\000" # Uses: 11822
"<\012\000\000" # Uses: 11493
"\377\377\377\377" # Uses: 10512
"\356\377\377\377" # Uses: 10610
"\001\000\000\000\000\000\000\000" # Uses: 8870
"\377\377\377\370" # Uses: 8645
"messag" # Uses: 7952
"\357\277\275\357\277\275@" # Uses: 7383
"\357\277\275\357\277\275" # Uses: 7111
"\372\377\377\377" # Uses: 7411
"\271K0\351K\022\000\000" # Uses: 6681
"messa" # Uses: 6955
"YYYYYY" # Uses: 6193
"\363\377\377\377" # Uses: 6349
"\377\377\377\366" # Uses: 6022
"\000\000\000\000\000\000\000\000" # Uses: 5684
"messige" # Uses: 5681
"\000\000" # Uses: 5536
"messe" # Uses: 5018
"\317\000\000\000\000\000\000\000" # Uses: 4174
"\201\000\000\000\000\000\000\003" # Uses: 3835
"\000\000\000\000\000\000\000a" # Uses: 3676
"\374\377\377\377" # Uses: 3654
"messagR" # Uses: 3432
"\373\377\377\377" # Uses: 3284
"\245\001\000\000" # Uses: 2910
"\377\377\377\377\377\377\377\004" # Uses: 2697
"\377\377\377\377\377\377\377\000" # Uses: 1946
"\376\377\374\246" # Uses: 1747
"\357\277\275#5." # Uses: 944
"\000\000\000\000\000\000\000\025" # Uses: 123
"\000\000\000\376" # Uses: 107
###### End of recommended dictionary. ######
Done 9246280 runs in 901 second(s)
stat::number_of_executed_units: 9246280
stat::average_exec_per_sec:     10262
stat::new_units_added:          5722
stat::slowest_unit_time_sec:    0
stat::peak_rss_mb:              611
