warning: binary `bridge_handles` should have a kebab-case name
   |
 1 | /home/ther12k/Workspace/Learning/velqu/fuzz/target/.../bridge_handles
   |                                                        ^^^^^^^^^^^^^^
   |
   = note: `cargo::non_kebab_case_bins` is set to `warn` by default
help: to change the binary name to `bridge-handles`, convert `bin.name`
  --> Cargo.toml:60:8
   |
60 - name = "bridge_handles"
60 + name = "bridge-handles"
   |
warning: binary `capabilities_policy` should have a kebab-case name
   |
 1 | /home/ther12k/Workspace/Learning/velqu/fuzz/target/.../capabilities_policy
   |                                                        ^^^^^^^^^^^^^^^^^^^
   |
help: to change the binary name to `capabilities-policy`, convert `bin.name`
  --> Cargo.toml:74:8
   |
74 - name = "capabilities_policy"
74 + name = "capabilities-policy"
   |
warning: binary `codec_encoders` should have a kebab-case name
   |
 1 | /home/ther12k/Workspace/Learning/velqu/fuzz/target/.../codec_encoders
   |                                                        ^^^^^^^^^^^^^^
   |
help: to change the binary name to `codec-encoders`, convert `bin.name`
  --> Cargo.toml:67:8
   |
67 - name = "codec_encoders"
67 + name = "codec-encoders"
   |
warning: binary `http_decode` should have a kebab-case name
   |
 1 | /home/ther12k/Workspace/Learning/velqu/fuzz/target/.../http_decode
   |                                                        ^^^^^^^^^^^
   |
help: to change the binary name to `http-decode`, convert `bin.name`
  --> Cargo.toml:46:8
   |
46 - name = "http_decode"
46 + name = "http-decode"
   |
warning: binary `pack_verify` should have a kebab-case name
   |
 1 | /home/ther12k/Workspace/Learning/velqu/fuzz/target/.../pack_verify
   |                                                        ^^^^^^^^^^^
   |
help: to change the binary name to `pack-verify`, convert `bin.name`
  --> Cargo.toml:32:8
   |
32 - name = "pack_verify"
32 + name = "pack-verify"
   |
warning: binary `router_match` should have a kebab-case name
   |
 1 | /home/ther12k/Workspace/Learning/velqu/fuzz/target/.../router_match
   |                                                        ^^^^^^^^^^^^
   |
help: to change the binary name to `router-match`, convert `bin.name`
  --> Cargo.toml:39:8
   |
39 - name = "router_match"
39 + name = "router-match"
   |
warning: binary `schema_validate` should have a kebab-case name
   |
 1 | /home/ther12k/Workspace/Learning/velqu/fuzz/target/.../schema_validate
   |                                                        ^^^^^^^^^^^^^^^
   |
help: to change the binary name to `schema-validate`, convert `bin.name`
  --> Cargo.toml:53:8
   |
53 - name = "schema_validate"
53 + name = "schema-validate"
   |
warning: `velqu-runtime-fuzz` (manifest) generated 7 warnings
warning: use of deprecated method `std::sync::atomic::Atomic::<u64>::fetch_update`: renamed to `try_update` for consistency
  --> /home/ther12k/Workspace/Learning/velqu/crates/q-capabilities/src/drain.rs:77:18
   |
77 |                 .fetch_update(Ordering::Relaxed, Ordering::Relaxed, |v| v.checked_add(1));
   |                  ^^^^^^^^^^^^
   |
   = note: `#[warn(deprecated)]` on by default
help: replace the use of the deprecated method
   |
77 -                 .fetch_update(Ordering::Relaxed, Ordering::Relaxed, |v| v.checked_add(1));
77 +                 .try_update(Ordering::Relaxed, Ordering::Relaxed, |v| v.checked_add(1));
   |

warning: use of deprecated method `std::sync::atomic::Atomic::<u64>::fetch_update`: renamed to `try_update` for consistency
   --> /home/ther12k/Workspace/Learning/velqu/crates/q-capabilities/src/load_shed.rs:199:14
    |
199 |             .fetch_update(Ordering::Relaxed, Ordering::Relaxed, |v| v.checked_add(1))
    |              ^^^^^^^^^^^^
    |
help: replace the use of the deprecated method
    |
199 -             .fetch_update(Ordering::Relaxed, Ordering::Relaxed, |v| v.checked_add(1))
199 +             .try_update(Ordering::Relaxed, Ordering::Relaxed, |v| v.checked_add(1))
    |

warning: `q-capabilities` (lib) generated 2 warnings (run `cargo fix --lib -p q-capabilities` to apply 2 suggestions)
   Compiling velqu-runtime-fuzz v0.0.0 (/home/ther12k/Workspace/Learning/velqu/fuzz)
    Finished `release` profile [optimized + debuginfo] target(s) in 2.31s
warning: binary `bridge_handles` should have a kebab-case name
   |
 1 | /home/ther12k/Workspace/Learning/velqu/fuzz/target/.../bridge_handles
   |                                                        ^^^^^^^^^^^^^^
   |
   = note: `cargo::non_kebab_case_bins` is set to `warn` by default
help: to change the binary name to `bridge-handles`, convert `bin.name`
  --> Cargo.toml:60:8
   |
60 - name = "bridge_handles"
60 + name = "bridge-handles"
   |
warning: binary `capabilities_policy` should have a kebab-case name
   |
 1 | /home/ther12k/Workspace/Learning/velqu/fuzz/target/.../capabilities_policy
   |                                                        ^^^^^^^^^^^^^^^^^^^
   |
help: to change the binary name to `capabilities-policy`, convert `bin.name`
  --> Cargo.toml:74:8
   |
74 - name = "capabilities_policy"
74 + name = "capabilities-policy"
   |
warning: binary `codec_encoders` should have a kebab-case name
   |
 1 | /home/ther12k/Workspace/Learning/velqu/fuzz/target/.../codec_encoders
   |                                                        ^^^^^^^^^^^^^^
   |
help: to change the binary name to `codec-encoders`, convert `bin.name`
  --> Cargo.toml:67:8
   |
67 - name = "codec_encoders"
67 + name = "codec-encoders"
   |
warning: binary `http_decode` should have a kebab-case name
   |
 1 | /home/ther12k/Workspace/Learning/velqu/fuzz/target/.../http_decode
   |                                                        ^^^^^^^^^^^
   |
help: to change the binary name to `http-decode`, convert `bin.name`
  --> Cargo.toml:46:8
   |
46 - name = "http_decode"
46 + name = "http-decode"
   |
warning: binary `pack_verify` should have a kebab-case name
   |
 1 | /home/ther12k/Workspace/Learning/velqu/fuzz/target/.../pack_verify
   |                                                        ^^^^^^^^^^^
   |
help: to change the binary name to `pack-verify`, convert `bin.name`
  --> Cargo.toml:32:8
   |
32 - name = "pack_verify"
32 + name = "pack-verify"
   |
warning: binary `router_match` should have a kebab-case name
   |
 1 | /home/ther12k/Workspace/Learning/velqu/fuzz/target/.../router_match
   |                                                        ^^^^^^^^^^^^
   |
help: to change the binary name to `router-match`, convert `bin.name`
  --> Cargo.toml:39:8
   |
39 - name = "router_match"
39 + name = "router-match"
   |
warning: binary `schema_validate` should have a kebab-case name
   |
 1 | /home/ther12k/Workspace/Learning/velqu/fuzz/target/.../schema_validate
   |                                                        ^^^^^^^^^^^^^^^
   |
help: to change the binary name to `schema-validate`, convert `bin.name`
  --> Cargo.toml:53:8
   |
53 - name = "schema_validate"
53 + name = "schema-validate"
   |
warning: `velqu-runtime-fuzz` (manifest) generated 7 warnings
warning: use of deprecated method `std::sync::atomic::Atomic::<u64>::fetch_update`: renamed to `try_update` for consistency
  --> /home/ther12k/Workspace/Learning/velqu/crates/q-capabilities/src/drain.rs:77:18
   |
77 |                 .fetch_update(Ordering::Relaxed, Ordering::Relaxed, |v| v.checked_add(1));
   |                  ^^^^^^^^^^^^
   |
   = note: `#[warn(deprecated)]` on by default
help: replace the use of the deprecated method
   |
77 -                 .fetch_update(Ordering::Relaxed, Ordering::Relaxed, |v| v.checked_add(1));
77 +                 .try_update(Ordering::Relaxed, Ordering::Relaxed, |v| v.checked_add(1));
   |

warning: use of deprecated method `std::sync::atomic::Atomic::<u64>::fetch_update`: renamed to `try_update` for consistency
   --> /home/ther12k/Workspace/Learning/velqu/crates/q-capabilities/src/load_shed.rs:199:14
    |
199 |             .fetch_update(Ordering::Relaxed, Ordering::Relaxed, |v| v.checked_add(1))
    |              ^^^^^^^^^^^^
    |
help: replace the use of the deprecated method
    |
199 -             .fetch_update(Ordering::Relaxed, Ordering::Relaxed, |v| v.checked_add(1))
199 +             .try_update(Ordering::Relaxed, Ordering::Relaxed, |v| v.checked_add(1))
    |

warning: `q-capabilities` (lib) generated 2 warnings (run `cargo fix --lib -p q-capabilities` to apply 2 suggestions)
    Finished `release` profile [optimized + debuginfo] target(s) in 0.04s
     Running `fuzz/target/x86_64-unknown-linux-gnu/release/codec_encoders -artifact_prefix=/home/ther12k/Workspace/Learning/velqu/fuzz/artifacts/codec_encoders/ -max_total_time=900 -rss_limit_mb=4096 -seed=1789265912 -print_final_stats=1 /home/ther12k/Workspace/Learning/velqu/fuzz/corpus/codec_encoders`
INFO: Running with entropic power schedule (0xFF, 100).
INFO: Seed: 1789265912
INFO: Loaded 1 modules   (89545 inline 8-bit counters): 89545 [0x5bb3d29ea1a0, 0x5bb3d29fff69), 
INFO: Loaded 1 PC tables (89545 PCs): 89545 [0x5bb3d29fff70,0x5bb3d2b5dc00), 
INFO:     6956 files found in /home/ther12k/Workspace/Learning/velqu/fuzz/corpus/codec_encoders
INFO: -max_len is not provided; libFuzzer will not generate inputs larger than 4096 bytes
INFO: seed corpus: files: 6956 min: 1b max: 4082b total: 1469371b rss: 46Mb
#6957	INITED cov: 1678 ft: 7366 corp: 1518/316Kb exec/s: 6957 rss: 277Mb
#7233	REDUCE cov: 1678 ft: 7366 corp: 1518/316Kb lim: 4093 exec/s: 7233 rss: 281Mb L: 1547/4082 MS: 1 EraseBytes-
#7257	REDUCE cov: 1678 ft: 7366 corp: 1518/316Kb lim: 4093 exec/s: 7257 rss: 281Mb L: 14/4082 MS: 4 ChangeASCIIInt-ChangeByte-ShuffleBytes-EraseBytes-
#7658	REDUCE cov: 1678 ft: 7366 corp: 1518/316Kb lim: 4093 exec/s: 7658 rss: 285Mb L: 10/4082 MS: 1 EraseBytes-
#7693	NEW    cov: 1678 ft: 7367 corp: 1519/317Kb lim: 4093 exec/s: 7693 rss: 286Mb L: 1014/4082 MS: 5 CMP-CopyPart-EraseBytes-CMP-ChangeASCIIInt- DE: "\247\001"-"\217\001\000\000"-
#7771	NEW    cov: 1678 ft: 7368 corp: 1520/321Kb lim: 4093 exec/s: 7771 rss: 287Mb L: 3714/4082 MS: 3 CMP-PersAutoDict-CrossOver- DE: "\377\377\377\377\377\377\377\037"-"\247\001"-
#8521	NEW    cov: 1678 ft: 7371 corp: 1521/323Kb lim: 4093 exec/s: 8521 rss: 293Mb L: 2161/4082 MS: 5 ChangeBit-ChangeByte-ChangeByte-ChangeASCIIInt-ChangeASCIIInt-
#10207	REDUCE cov: 1678 ft: 7371 corp: 1521/323Kb lim: 4096 exec/s: 10207 rss: 312Mb L: 700/4082 MS: 1 EraseBytes-
#17618	REDUCE cov: 1678 ft: 7371 corp: 1521/323Kb lim: 4096 exec/s: 17618 rss: 384Mb L: 87/4082 MS: 1 EraseBytes-
#17934	REDUCE cov: 1678 ft: 7371 corp: 1521/323Kb lim: 4096 exec/s: 17934 rss: 388Mb L: 13/4082 MS: 1 EraseBytes-
#19635	REDUCE cov: 1678 ft: 7371 corp: 1521/323Kb lim: 4096 exec/s: 19635 rss: 400Mb L: 70/4082 MS: 1 EraseBytes-
#20647	NEW    cov: 1678 ft: 7374 corp: 1522/323Kb lim: 4096 exec/s: 10323 rss: 406Mb L: 57/4082 MS: 2 ChangeByte-EraseBytes-
#22038	REDUCE cov: 1678 ft: 7374 corp: 1522/323Kb lim: 4096 exec/s: 11019 rss: 415Mb L: 9/4082 MS: 1 EraseBytes-
#22814	REDUCE cov: 1678 ft: 7374 corp: 1522/323Kb lim: 4096 exec/s: 11407 rss: 417Mb L: 91/4082 MS: 1 EraseBytes-
#25245	REDUCE cov: 1678 ft: 7374 corp: 1522/323Kb lim: 4096 exec/s: 12622 rss: 434Mb L: 55/4082 MS: 1 EraseBytes-
#25286	REDUCE cov: 1678 ft: 7374 corp: 1522/323Kb lim: 4096 exec/s: 12643 rss: 434Mb L: 14/4082 MS: 1 EraseBytes-
#25832	REDUCE cov: 1678 ft: 7374 corp: 1522/323Kb lim: 4096 exec/s: 12916 rss: 435Mb L: 349/4082 MS: 1 EraseBytes-
#29913	REDUCE cov: 1678 ft: 7374 corp: 1522/323Kb lim: 4096 exec/s: 14956 rss: 452Mb L: 377/4082 MS: 1 EraseBytes-
#32768	pulse  cov: 1678 ft: 7374 corp: 1522/323Kb lim: 4096 exec/s: 16384 rss: 465Mb
#33450	REDUCE cov: 1678 ft: 7374 corp: 1522/323Kb lim: 4096 exec/s: 16725 rss: 468Mb L: 11/4082 MS: 2 ChangeBit-EraseBytes-
#35361	REDUCE cov: 1678 ft: 7374 corp: 1522/323Kb lim: 4096 exec/s: 17680 rss: 476Mb L: 337/4082 MS: 1 EraseBytes-
#37128	REDUCE cov: 1678 ft: 7374 corp: 1522/323Kb lim: 4096 exec/s: 18564 rss: 485Mb L: 72/4082 MS: 2 CopyPart-EraseBytes-
#40017	REDUCE cov: 1678 ft: 7374 corp: 1522/323Kb lim: 4096 exec/s: 13339 rss: 495Mb L: 131/4082 MS: 4 ChangeByte-ChangeASCIIInt-ChangeBit-EraseBytes-
#40473	REDUCE cov: 1678 ft: 7374 corp: 1522/323Kb lim: 4096 exec/s: 13491 rss: 496Mb L: 220/4082 MS: 1 EraseBytes-
#46576	REDUCE cov: 1678 ft: 7374 corp: 1522/323Kb lim: 4096 exec/s: 15525 rss: 510Mb L: 52/4082 MS: 3 PersAutoDict-ShuffleBytes-EraseBytes- DE: "\247\001"-
#47713	REDUCE cov: 1678 ft: 7374 corp: 1522/323Kb lim: 4096 exec/s: 15904 rss: 510Mb L: 34/4082 MS: 2 InsertByte-EraseBytes-
#48180	REDUCE cov: 1678 ft: 7374 corp: 1522/323Kb lim: 4096 exec/s: 16060 rss: 510Mb L: 191/4082 MS: 2 ChangeASCIIInt-EraseBytes-
#53108	NEW    cov: 1678 ft: 7377 corp: 1523/325Kb lim: 4096 exec/s: 17702 rss: 513Mb L: 1969/4082 MS: 3 EraseBytes-ChangeASCIIInt-ChangeBit-
#55179	REDUCE cov: 1678 ft: 7377 corp: 1523/325Kb lim: 4096 exec/s: 13794 rss: 513Mb L: 316/4082 MS: 1 EraseBytes-
#56181	REDUCE cov: 1678 ft: 7377 corp: 1523/325Kb lim: 4096 exec/s: 14045 rss: 516Mb L: 1539/4082 MS: 2 InsertByte-EraseBytes-
#57508	NEW    cov: 1679 ft: 7378 corp: 1524/325Kb lim: 4096 exec/s: 14377 rss: 517Mb L: 102/4082 MS: 2 ChangeASCIIInt-CMP- DE: "msesage"-
#60722	REDUCE cov: 1679 ft: 7378 corp: 1524/325Kb lim: 4096 exec/s: 15180 rss: 518Mb L: 105/4082 MS: 4 ShuffleBytes-ChangeBit-CMP-EraseBytes- DE: "\377\377\377\320"-
#65329	REDUCE cov: 1679 ft: 7378 corp: 1524/324Kb lim: 4096 exec/s: 16332 rss: 521Mb L: 1176/4082 MS: 1 EraseBytes-
#65350	REDUCE cov: 1679 ft: 7378 corp: 1524/324Kb lim: 4096 exec/s: 16337 rss: 521Mb L: 120/4082 MS: 1 EraseBytes-
#65536	pulse  cov: 1679 ft: 7378 corp: 1524/324Kb lim: 4096 exec/s: 16384 rss: 521Mb
#67467	REDUCE cov: 1679 ft: 7378 corp: 1524/324Kb lim: 4096 exec/s: 16866 rss: 521Mb L: 22/4082 MS: 2 CopyPart-EraseBytes-
#68283	REDUCE cov: 1679 ft: 7378 corp: 1524/324Kb lim: 4096 exec/s: 17070 rss: 521Mb L: 34/4082 MS: 1 EraseBytes-
#68950	REDUCE cov: 1679 ft: 7378 corp: 1524/324Kb lim: 4096 exec/s: 17237 rss: 521Mb L: 1185/4082 MS: 2 CopyPart-EraseBytes-
#69232	REDUCE cov: 1679 ft: 7378 corp: 1524/324Kb lim: 4096 exec/s: 17308 rss: 521Mb L: 9/4082 MS: 2 InsertByte-EraseBytes-
#69560	REDUCE cov: 1679 ft: 7378 corp: 1524/324Kb lim: 4096 exec/s: 17390 rss: 521Mb L: 1080/4082 MS: 3 EraseBytes-ShuffleBytes-CopyPart-
#71656	REDUCE cov: 1679 ft: 7378 corp: 1524/324Kb lim: 4096 exec/s: 17914 rss: 523Mb L: 191/4082 MS: 1 EraseBytes-
#72404	REDUCE cov: 1679 ft: 7378 corp: 1524/324Kb lim: 4096 exec/s: 18101 rss: 523Mb L: 205/4082 MS: 3 ChangeASCIIInt-ChangeByte-EraseBytes-
#73305	NEW    cov: 1681 ft: 7380 corp: 1525/324Kb lim: 4096 exec/s: 14661 rss: 523Mb L: 95/4082 MS: 1 ChangeBit-
#74047	REDUCE cov: 1681 ft: 7380 corp: 1525/324Kb lim: 4096 exec/s: 14809 rss: 523Mb L: 502/4082 MS: 2 CrossOver-EraseBytes-
#78638	REDUCE cov: 1681 ft: 7380 corp: 1525/324Kb lim: 4096 exec/s: 15727 rss: 523Mb L: 572/4082 MS: 1 EraseBytes-
#78885	REDUCE cov: 1681 ft: 7380 corp: 1525/324Kb lim: 4096 exec/s: 15777 rss: 523Mb L: 15/4082 MS: 1 EraseBytes-
#79566	NEW    cov: 1681 ft: 7383 corp: 1526/328Kb lim: 4096 exec/s: 15913 rss: 523Mb L: 4082/4082 MS: 1 CMP- DE: "A\357\277\275"-
#79612	REDUCE cov: 1681 ft: 7383 corp: 1526/328Kb lim: 4096 exec/s: 15922 rss: 523Mb L: 88/4082 MS: 1 EraseBytes-
#81108	REDUCE cov: 1681 ft: 7383 corp: 1526/328Kb lim: 4096 exec/s: 16221 rss: 523Mb L: 403/4082 MS: 1 EraseBytes-
#81434	REDUCE cov: 1681 ft: 7383 corp: 1526/328Kb lim: 4096 exec/s: 16286 rss: 523Mb L: 4/4082 MS: 1 EraseBytes-
#83171	REDUCE cov: 1681 ft: 7383 corp: 1526/328Kb lim: 4096 exec/s: 16634 rss: 523Mb L: 48/4082 MS: 2 InsertByte-EraseBytes-
#83732	REDUCE cov: 1681 ft: 7383 corp: 1526/328Kb lim: 4096 exec/s: 16746 rss: 523Mb L: 124/4082 MS: 1 EraseBytes-
#84849	REDUCE cov: 1681 ft: 7383 corp: 1526/328Kb lim: 4096 exec/s: 16969 rss: 523Mb L: 41/4082 MS: 2 ChangeByte-EraseBytes-
#85061	REDUCE cov: 1681 ft: 7383 corp: 1526/328Kb lim: 4096 exec/s: 17012 rss: 523Mb L: 24/4082 MS: 2 CopyPart-EraseBytes-
#92477	REDUCE cov: 1681 ft: 7383 corp: 1526/328Kb lim: 4096 exec/s: 15412 rss: 523Mb L: 205/4082 MS: 1 EraseBytes-
#95158	REDUCE cov: 1681 ft: 7383 corp: 1526/328Kb lim: 4096 exec/s: 15859 rss: 523Mb L: 147/4082 MS: 1 EraseBytes-
#95934	REDUCE cov: 1681 ft: 7383 corp: 1526/328Kb lim: 4096 exec/s: 15989 rss: 523Mb L: 11/4082 MS: 1 EraseBytes-
#97081	REDUCE cov: 1681 ft: 7383 corp: 1526/328Kb lim: 4096 exec/s: 16180 rss: 523Mb L: 106/4082 MS: 2 InsertByte-EraseBytes-
#97103	REDUCE cov: 1681 ft: 7383 corp: 1526/328Kb lim: 4096 exec/s: 16183 rss: 523Mb L: 1719/4082 MS: 2 ChangeASCIIInt-EraseBytes-
#97769	REDUCE cov: 1681 ft: 7383 corp: 1526/328Kb lim: 4096 exec/s: 16294 rss: 523Mb L: 105/4082 MS: 1 EraseBytes-
#98070	REDUCE cov: 1681 ft: 7383 corp: 1526/328Kb lim: 4096 exec/s: 16345 rss: 523Mb L: 13/4082 MS: 1 EraseBytes-
#100016	REDUCE cov: 1681 ft: 7383 corp: 1526/328Kb lim: 4096 exec/s: 16669 rss: 523Mb L: 86/4082 MS: 1 EraseBytes-
#107287	REDUCE cov: 1681 ft: 7383 corp: 1526/328Kb lim: 4096 exec/s: 17881 rss: 523Mb L: 63/4082 MS: 1 EraseBytes-
#108593	REDUCE cov: 1681 ft: 7383 corp: 1526/328Kb lim: 4096 exec/s: 18098 rss: 523Mb L: 2308/4082 MS: 1 CrossOver-
#108670	REDUCE cov: 1681 ft: 7383 corp: 1526/328Kb lim: 4096 exec/s: 18111 rss: 523Mb L: 29/4082 MS: 2 CopyPart-EraseBytes-
#109516	REDUCE cov: 1681 ft: 7383 corp: 1526/328Kb lim: 4096 exec/s: 15645 rss: 523Mb L: 75/4082 MS: 1 EraseBytes-
#109577	REDUCE cov: 1681 ft: 7383 corp: 1526/328Kb lim: 4096 exec/s: 15653 rss: 523Mb L: 29/4082 MS: 1 EraseBytes-
#111418	REDUCE cov: 1681 ft: 7383 corp: 1526/328Kb lim: 4096 exec/s: 15916 rss: 523Mb L: 211/4082 MS: 1 EraseBytes-
#115326	REDUCE cov: 1681 ft: 7383 corp: 1526/328Kb lim: 4096 exec/s: 16475 rss: 523Mb L: 135/4082 MS: 3 ShuffleBytes-EraseBytes-ChangeByte-
#116082	REDUCE cov: 1681 ft: 7383 corp: 1526/328Kb lim: 4096 exec/s: 16583 rss: 523Mb L: 25/4082 MS: 1 EraseBytes-
#118081	NEW    cov: 1681 ft: 7384 corp: 1527/332Kb lim: 4096 exec/s: 16868 rss: 523Mb L: 4096/4096 MS: 4 InsertRepeatedBytes-ChangeASCIIInt-ShuffleBytes-ShuffleBytes-
#120242	REDUCE cov: 1681 ft: 7384 corp: 1527/332Kb lim: 4096 exec/s: 17177 rss: 523Mb L: 247/4096 MS: 1 EraseBytes-
#122343	REDUCE cov: 1681 ft: 7384 corp: 1527/332Kb lim: 4096 exec/s: 17477 rss: 523Mb L: 331/4096 MS: 1 EraseBytes-
#123720	REDUCE cov: 1681 ft: 7384 corp: 1527/332Kb lim: 4096 exec/s: 17674 rss: 523Mb L: 93/4096 MS: 2 ChangeByte-EraseBytes-
#124737	REDUCE cov: 1681 ft: 7384 corp: 1527/332Kb lim: 4096 exec/s: 17819 rss: 523Mb L: 38/4096 MS: 2 ChangeByte-EraseBytes-
#126553	REDUCE cov: 1681 ft: 7384 corp: 1527/332Kb lim: 4096 exec/s: 15819 rss: 523Mb L: 26/4096 MS: 1 EraseBytes-
#130149	REDUCE cov: 1681 ft: 7384 corp: 1527/332Kb lim: 4096 exec/s: 16268 rss: 523Mb L: 19/4096 MS: 1 EraseBytes-
#131072	pulse  cov: 1681 ft: 7384 corp: 1527/332Kb lim: 4096 exec/s: 16384 rss: 523Mb
#131760	REDUCE cov: 1681 ft: 7384 corp: 1527/331Kb lim: 4096 exec/s: 16470 rss: 523Mb L: 170/4096 MS: 1 EraseBytes-
#132716	REDUCE cov: 1681 ft: 7384 corp: 1527/331Kb lim: 4096 exec/s: 16589 rss: 523Mb L: 194/4096 MS: 1 EraseBytes-
#136997	REDUCE cov: 1681 ft: 7384 corp: 1527/331Kb lim: 4096 exec/s: 17124 rss: 523Mb L: 23/4096 MS: 1 EraseBytes-
#137088	NEW    cov: 1681 ft: 7405 corp: 1528/332Kb lim: 4096 exec/s: 17136 rss: 523Mb L: 40/4096 MS: 1 CrossOver-
#137944	REDUCE cov: 1681 ft: 7405 corp: 1528/332Kb lim: 4096 exec/s: 17243 rss: 523Mb L: 49/4096 MS: 1 EraseBytes-
#139495	REDUCE cov: 1681 ft: 7405 corp: 1528/332Kb lim: 4096 exec/s: 17436 rss: 523Mb L: 22/4096 MS: 1 EraseBytes-
#140987	NEW    cov: 1681 ft: 7406 corp: 1529/332Kb lim: 4096 exec/s: 17623 rss: 523Mb L: 159/4096 MS: 2 CopyPart-CopyPart-
#144918	REDUCE cov: 1681 ft: 7406 corp: 1529/332Kb lim: 4096 exec/s: 16102 rss: 523Mb L: 41/4096 MS: 1 EraseBytes-
#147006	REDUCE cov: 1681 ft: 7406 corp: 1529/332Kb lim: 4096 exec/s: 16334 rss: 523Mb L: 14/4096 MS: 3 ChangeByte-ChangeBit-EraseBytes-
#149647	REDUCE cov: 1681 ft: 7406 corp: 1529/332Kb lim: 4096 exec/s: 16627 rss: 523Mb L: 3530/4096 MS: 1 EraseBytes-
#151183	REDUCE cov: 1681 ft: 7406 corp: 1529/332Kb lim: 4096 exec/s: 16798 rss: 523Mb L: 1338/4096 MS: 1 EraseBytes-
#151295	REDUCE cov: 1681 ft: 7406 corp: 1529/332Kb lim: 4096 exec/s: 16810 rss: 523Mb L: 40/4096 MS: 2 ShuffleBytes-EraseBytes-
#156479	REDUCE cov: 1681 ft: 7406 corp: 1529/332Kb lim: 4096 exec/s: 17386 rss: 523Mb L: 9/4096 MS: 4 PersAutoDict-EraseBytes-ShuffleBytes-EraseBytes- DE: "A\357\277\275"-
#157007	REDUCE cov: 1681 ft: 7406 corp: 1529/332Kb lim: 4096 exec/s: 17445 rss: 523Mb L: 177/4096 MS: 3 ChangeASCIIInt-InsertByte-EraseBytes-
#157484	REDUCE cov: 1681 ft: 7406 corp: 1529/332Kb lim: 4096 exec/s: 17498 rss: 523Mb L: 14/4096 MS: 2 EraseBytes-ChangeBinInt-
#158800	REDUCE cov: 1681 ft: 7406 corp: 1529/332Kb lim: 4096 exec/s: 17644 rss: 523Mb L: 336/4096 MS: 1 EraseBytes-
#159346	REDUCE cov: 1681 ft: 7406 corp: 1529/332Kb lim: 4096 exec/s: 17705 rss: 523Mb L: 172/4096 MS: 1 EraseBytes-
#163267	REDUCE cov: 1681 ft: 7406 corp: 1529/332Kb lim: 4096 exec/s: 18140 rss: 523Mb L: 29/4096 MS: 1 EraseBytes-
#165398	REDUCE cov: 1681 ft: 7406 corp: 1529/332Kb lim: 4096 exec/s: 16539 rss: 523Mb L: 20/4096 MS: 1 EraseBytes-
#168709	REDUCE cov: 1681 ft: 7406 corp: 1529/332Kb lim: 4096 exec/s: 16870 rss: 523Mb L: 881/4096 MS: 1 EraseBytes-
#174852	REDUCE cov: 1681 ft: 7406 corp: 1529/332Kb lim: 4096 exec/s: 17485 rss: 523Mb L: 3/4096 MS: 3 ChangeByte-EraseBytes-ChangeByte-
#180463	REDUCE cov: 1681 ft: 7406 corp: 1529/332Kb lim: 4096 exec/s: 18046 rss: 523Mb L: 4/4096 MS: 1 EraseBytes-
#181754	REDUCE cov: 1681 ft: 7406 corp: 1529/332Kb lim: 4096 exec/s: 18175 rss: 523Mb L: 7/4096 MS: 1 EraseBytes-
#182146	REDUCE cov: 1681 ft: 7406 corp: 1529/332Kb lim: 4096 exec/s: 18214 rss: 523Mb L: 31/4096 MS: 2 ChangeBinInt-EraseBytes-
#182363	REDUCE cov: 1681 ft: 7406 corp: 1529/332Kb lim: 4096 exec/s: 18236 rss: 523Mb L: 957/4096 MS: 2 ShuffleBytes-EraseBytes-
#184146	REDUCE cov: 1681 ft: 7406 corp: 1529/332Kb lim: 4096 exec/s: 18414 rss: 523Mb L: 91/4096 MS: 3 ShuffleBytes-CopyPart-EraseBytes-
#185902	REDUCE cov: 1681 ft: 7406 corp: 1529/332Kb lim: 4096 exec/s: 16900 rss: 523Mb L: 25/4096 MS: 1 EraseBytes-
#189003	REDUCE cov: 1681 ft: 7406 corp: 1529/332Kb lim: 4096 exec/s: 17182 rss: 523Mb L: 20/4096 MS: 1 EraseBytes-
#190604	REDUCE cov: 1681 ft: 7406 corp: 1529/332Kb lim: 4096 exec/s: 17327 rss: 523Mb L: 21/4096 MS: 1 EraseBytes-
#191865	REDUCE cov: 1681 ft: 7406 corp: 1529/332Kb lim: 4096 exec/s: 17442 rss: 523Mb L: 572/4096 MS: 1 EraseBytes-
#192156	REDUCE cov: 1681 ft: 7406 corp: 1529/332Kb lim: 4096 exec/s: 17468 rss: 523Mb L: 167/4096 MS: 1 EraseBytes-
#192477	REDUCE cov: 1681 ft: 7406 corp: 1529/332Kb lim: 4096 exec/s: 17497 rss: 523Mb L: 106/4096 MS: 1 EraseBytes-
#195578	REDUCE cov: 1681 ft: 7406 corp: 1529/332Kb lim: 4096 exec/s: 17779 rss: 523Mb L: 12/4096 MS: 1 EraseBytes-
#197251	REDUCE cov: 1681 ft: 7406 corp: 1529/331Kb lim: 4096 exec/s: 17931 rss: 523Mb L: 2639/4096 MS: 3 ChangeByte-ChangeBinInt-EraseBytes-
#201398	REDUCE cov: 1681 ft: 7406 corp: 1529/331Kb lim: 4096 exec/s: 18308 rss: 523Mb L: 126/4096 MS: 2 ChangeByte-EraseBytes-
#202794	REDUCE cov: 1681 ft: 7406 corp: 1529/331Kb lim: 4096 exec/s: 18435 rss: 523Mb L: 43/4096 MS: 1 EraseBytes-
#203940	REDUCE cov: 1681 ft: 7406 corp: 1529/331Kb lim: 4096 exec/s: 18540 rss: 523Mb L: 1707/4096 MS: 1 EraseBytes-
#204501	REDUCE cov: 1681 ft: 7406 corp: 1529/331Kb lim: 4096 exec/s: 18591 rss: 523Mb L: 3420/4096 MS: 1 EraseBytes-
#209649	REDUCE cov: 1681 ft: 7406 corp: 1529/331Kb lim: 4096 exec/s: 17470 rss: 523Mb L: 3/4096 MS: 3 ShuffleBytes-InsertByte-EraseBytes-
#215385	REDUCE cov: 1681 ft: 7406 corp: 1529/331Kb lim: 4096 exec/s: 17948 rss: 523Mb L: 837/4096 MS: 1 EraseBytes-
#215601	REDUCE cov: 1681 ft: 7406 corp: 1529/331Kb lim: 4096 exec/s: 17966 rss: 523Mb L: 791/4096 MS: 1 EraseBytes-
#216867	REDUCE cov: 1681 ft: 7406 corp: 1529/331Kb lim: 4096 exec/s: 18072 rss: 523Mb L: 14/4096 MS: 1 EraseBytes-
#216984	REDUCE cov: 1681 ft: 7406 corp: 1529/331Kb lim: 4096 exec/s: 18082 rss: 523Mb L: 16/4096 MS: 2 CMP-EraseBytes- DE: "\003\000\000\000\000\000\000\000"-
#220252	REDUCE cov: 1681 ft: 7406 corp: 1529/331Kb lim: 4096 exec/s: 18354 rss: 523Mb L: 43/4096 MS: 3 ChangeBinInt-EraseBytes-CopyPart-
#229794	REDUCE cov: 1681 ft: 7406 corp: 1529/331Kb lim: 4096 exec/s: 17676 rss: 523Mb L: 92/4096 MS: 2 ChangeASCIIInt-EraseBytes-
#230330	REDUCE cov: 1681 ft: 7406 corp: 1529/331Kb lim: 4096 exec/s: 17717 rss: 523Mb L: 343/4096 MS: 1 EraseBytes-
#231104	REDUCE cov: 1681 ft: 7406 corp: 1529/331Kb lim: 4096 exec/s: 17777 rss: 523Mb L: 145/4096 MS: 4 ChangeASCIIInt-ChangeASCIIInt-ChangeASCIIInt-EraseBytes-
#231380	REDUCE cov: 1681 ft: 7406 corp: 1529/331Kb lim: 4096 exec/s: 17798 rss: 523Mb L: 111/4096 MS: 1 EraseBytes-
#233261	REDUCE cov: 1681 ft: 7406 corp: 1529/331Kb lim: 4096 exec/s: 17943 rss: 523Mb L: 149/4096 MS: 1 EraseBytes-
#235145	REDUCE cov: 1681 ft: 7406 corp: 1529/331Kb lim: 4096 exec/s: 18088 rss: 523Mb L: 7/4096 MS: 4 CrossOver-ChangeBit-ChangeASCIIInt-EraseBytes-
#241996	REDUCE cov: 1681 ft: 7406 corp: 1529/331Kb lim: 4096 exec/s: 18615 rss: 523Mb L: 21/4096 MS: 1 EraseBytes-
#244292	REDUCE cov: 1681 ft: 7406 corp: 1529/331Kb lim: 4096 exec/s: 18791 rss: 523Mb L: 1854/4096 MS: 1 EraseBytes-
#248068	NEW    cov: 1681 ft: 7410 corp: 1530/334Kb lim: 4096 exec/s: 17719 rss: 523Mb L: 2972/4096 MS: 1 CopyPart-
#248819	REDUCE cov: 1681 ft: 7410 corp: 1530/334Kb lim: 4096 exec/s: 17772 rss: 523Mb L: 92/4096 MS: 1 EraseBytes-
#250878	REDUCE cov: 1681 ft: 7410 corp: 1530/334Kb lim: 4096 exec/s: 17919 rss: 523Mb L: 34/4096 MS: 4 ChangeASCIIInt-CopyPart-CrossOver-EraseBytes-
#254559	REDUCE cov: 1681 ft: 7410 corp: 1530/334Kb lim: 4096 exec/s: 18182 rss: 523Mb L: 147/4096 MS: 1 EraseBytes-
#254905	REDUCE cov: 1681 ft: 7410 corp: 1530/334Kb lim: 4096 exec/s: 18207 rss: 523Mb L: 3706/4096 MS: 1 EraseBytes-
#255536	REDUCE cov: 1681 ft: 7410 corp: 1530/334Kb lim: 4096 exec/s: 18252 rss: 523Mb L: 762/4096 MS: 1 EraseBytes-
#256994	REDUCE cov: 1681 ft: 7410 corp: 1530/334Kb lim: 4096 exec/s: 18356 rss: 523Mb L: 1329/4096 MS: 3 InsertRepeatedBytes-ChangeASCIIInt-CrossOver-
#262144	pulse  cov: 1681 ft: 7410 corp: 1530/334Kb lim: 4096 exec/s: 18724 rss: 523Mb
#264105	REDUCE cov: 1681 ft: 7410 corp: 1530/334Kb lim: 4096 exec/s: 18864 rss: 523Mb L: 35/4096 MS: 1 EraseBytes-
#264626	REDUCE cov: 1681 ft: 7410 corp: 1530/334Kb lim: 4096 exec/s: 18901 rss: 523Mb L: 35/4096 MS: 1 EraseBytes-
#267267	REDUCE cov: 1681 ft: 7410 corp: 1530/334Kb lim: 4096 exec/s: 17817 rss: 523Mb L: 69/4096 MS: 1 EraseBytes-
#270964	REDUCE cov: 1681 ft: 7410 corp: 1530/334Kb lim: 4096 exec/s: 18064 rss: 523Mb L: 119/4096 MS: 2 ShuffleBytes-EraseBytes-
#274305	REDUCE cov: 1681 ft: 7410 corp: 1530/334Kb lim: 4096 exec/s: 18287 rss: 523Mb L: 19/4096 MS: 1 EraseBytes-
#274496	REDUCE cov: 1681 ft: 7410 corp: 1530/334Kb lim: 4096 exec/s: 18299 rss: 523Mb L: 198/4096 MS: 1 EraseBytes-
#275349	REDUCE cov: 1681 ft: 7410 corp: 1530/334Kb lim: 4096 exec/s: 18356 rss: 523Mb L: 14/4096 MS: 3 PersAutoDict-ChangeByte-EraseBytes- DE: "\247\001"-
#278435	REDUCE cov: 1681 ft: 7410 corp: 1530/334Kb lim: 4096 exec/s: 18562 rss: 523Mb L: 73/4096 MS: 1 EraseBytes-
#280528	REDUCE cov: 1681 ft: 7410 corp: 1530/334Kb lim: 4096 exec/s: 18701 rss: 523Mb L: 46/4096 MS: 3 CopyPart-ChangeASCIIInt-EraseBytes-
#280709	REDUCE cov: 1681 ft: 7410 corp: 1530/334Kb lim: 4096 exec/s: 18713 rss: 523Mb L: 31/4096 MS: 1 EraseBytes-
#281290	REDUCE cov: 1681 ft: 7410 corp: 1530/334Kb lim: 4096 exec/s: 18752 rss: 523Mb L: 165/4096 MS: 1 EraseBytes-
#282636	REDUCE cov: 1681 ft: 7410 corp: 1530/334Kb lim: 4096 exec/s: 18842 rss: 523Mb L: 97/4096 MS: 1 EraseBytes-
#288693	REDUCE cov: 1681 ft: 7410 corp: 1530/334Kb lim: 4096 exec/s: 18043 rss: 523Mb L: 702/4096 MS: 2 ShuffleBytes-EraseBytes-
#290790	REDUCE cov: 1681 ft: 7410 corp: 1530/334Kb lim: 4096 exec/s: 18174 rss: 523Mb L: 87/4096 MS: 2 ChangeByte-EraseBytes-
#295966	REDUCE cov: 1681 ft: 7410 corp: 1530/334Kb lim: 4096 exec/s: 18497 rss: 523Mb L: 46/4096 MS: 1 EraseBytes-
#296167	NEW    cov: 1681 ft: 7411 corp: 1531/336Kb lim: 4096 exec/s: 18510 rss: 523Mb L: 2261/4096 MS: 1 ChangeBit-
#299300	REDUCE cov: 1681 ft: 7411 corp: 1531/336Kb lim: 4096 exec/s: 18706 rss: 523Mb L: 2948/4096 MS: 3 CopyPart-ChangeASCIIInt-EraseBytes-
#303776	REDUCE cov: 1681 ft: 7411 corp: 1531/336Kb lim: 4096 exec/s: 18986 rss: 523Mb L: 221/4096 MS: 1 EraseBytes-
#308752	REDUCE cov: 1681 ft: 7411 corp: 1531/336Kb lim: 4096 exec/s: 18161 rss: 523Mb L: 659/4096 MS: 1 EraseBytes-
#311303	REDUCE cov: 1681 ft: 7411 corp: 1531/336Kb lim: 4096 exec/s: 18311 rss: 523Mb L: 396/4096 MS: 1 EraseBytes-
#311529	REDUCE cov: 1681 ft: 7411 corp: 1531/336Kb lim: 4096 exec/s: 18325 rss: 523Mb L: 25/4096 MS: 1 EraseBytes-
#318116	REDUCE cov: 1681 ft: 7411 corp: 1531/336Kb lim: 4096 exec/s: 18712 rss: 523Mb L: 7/4096 MS: 2 CopyPart-EraseBytes-
#318257	REDUCE cov: 1681 ft: 7411 corp: 1531/336Kb lim: 4096 exec/s: 18721 rss: 523Mb L: 56/4096 MS: 1 EraseBytes-
#327498	REDUCE cov: 1681 ft: 7411 corp: 1531/336Kb lim: 4096 exec/s: 18194 rss: 523Mb L: 163/4096 MS: 1 EraseBytes-
#332470	REDUCE cov: 1681 ft: 7411 corp: 1531/336Kb lim: 4096 exec/s: 18470 rss: 523Mb L: 442/4096 MS: 2 ShuffleBytes-EraseBytes-
#333216	REDUCE cov: 1681 ft: 7411 corp: 1531/336Kb lim: 4096 exec/s: 18512 rss: 523Mb L: 16/4096 MS: 1 EraseBytes-
#333807	REDUCE cov: 1681 ft: 7411 corp: 1531/336Kb lim: 4096 exec/s: 18544 rss: 523Mb L: 115/4096 MS: 1 EraseBytes-
#336319	REDUCE cov: 1681 ft: 7411 corp: 1531/336Kb lim: 4096 exec/s: 18684 rss: 523Mb L: 778/4096 MS: 2 ChangeASCIIInt-EraseBytes-
#338700	REDUCE cov: 1681 ft: 7411 corp: 1531/336Kb lim: 4096 exec/s: 18816 rss: 523Mb L: 41/4096 MS: 1 EraseBytes-
#341891	REDUCE cov: 1681 ft: 7411 corp: 1531/336Kb lim: 4096 exec/s: 18993 rss: 523Mb L: 157/4096 MS: 1 EraseBytes-
#341977	REDUCE cov: 1681 ft: 7411 corp: 1531/336Kb lim: 4096 exec/s: 18998 rss: 523Mb L: 7/4096 MS: 1 EraseBytes-
#342246	REDUCE cov: 1681 ft: 7411 corp: 1531/336Kb lim: 4096 exec/s: 19013 rss: 523Mb L: 183/4096 MS: 4 ChangeASCIIInt-CrossOver-EraseBytes-CopyPart-
#343897	REDUCE cov: 1681 ft: 7411 corp: 1531/336Kb lim: 4096 exec/s: 19105 rss: 523Mb L: 14/4096 MS: 1 EraseBytes-
#350148	REDUCE cov: 1681 ft: 7411 corp: 1531/335Kb lim: 4096 exec/s: 18428 rss: 523Mb L: 3855/4096 MS: 1 EraseBytes-
#352169	REDUCE cov: 1681 ft: 7411 corp: 1531/335Kb lim: 4096 exec/s: 18535 rss: 523Mb L: 648/4096 MS: 1 EraseBytes-
#353211	REDUCE cov: 1681 ft: 7411 corp: 1531/335Kb lim: 4096 exec/s: 18590 rss: 523Mb L: 527/4096 MS: 2 ChangeBit-EraseBytes-
#357082	REDUCE cov: 1681 ft: 7411 corp: 1531/335Kb lim: 4096 exec/s: 18793 rss: 523Mb L: 40/4096 MS: 1 EraseBytes-
#370423	REDUCE cov: 1681 ft: 7411 corp: 1531/335Kb lim: 4096 exec/s: 18521 rss: 523Mb L: 37/4096 MS: 1 EraseBytes-
#379455	REDUCE cov: 1681 ft: 7411 corp: 1531/335Kb lim: 4096 exec/s: 18972 rss: 523Mb L: 19/4096 MS: 2 ShuffleBytes-EraseBytes-
#381117	REDUCE cov: 1681 ft: 7411 corp: 1531/335Kb lim: 4096 exec/s: 19055 rss: 523Mb L: 170/4096 MS: 2 ChangeBit-EraseBytes-
#385899	REDUCE cov: 1681 ft: 7411 corp: 1531/335Kb lim: 4096 exec/s: 18376 rss: 523Mb L: 58/4096 MS: 2 CopyPart-EraseBytes-
#385965	REDUCE cov: 1681 ft: 7411 corp: 1531/335Kb lim: 4096 exec/s: 18379 rss: 523Mb L: 27/4096 MS: 1 EraseBytes-
#387066	REDUCE cov: 1681 ft: 7411 corp: 1531/335Kb lim: 4096 exec/s: 18431 rss: 523Mb L: 10/4096 MS: 1 EraseBytes-
#388967	REDUCE cov: 1681 ft: 7411 corp: 1531/335Kb lim: 4096 exec/s: 18522 rss: 523Mb L: 423/4096 MS: 1 EraseBytes-
#392398	REDUCE cov: 1681 ft: 7411 corp: 1531/335Kb lim: 4096 exec/s: 18685 rss: 523Mb L: 793/4096 MS: 1 EraseBytes-
#393355	NEW    cov: 1681 ft: 7412 corp: 1532/335Kb lim: 4096 exec/s: 18731 rss: 523Mb L: 157/4096 MS: 2 ChangeASCIIInt-CopyPart-
#400236	REDUCE cov: 1681 ft: 7412 corp: 1532/335Kb lim: 4096 exec/s: 19058 rss: 523Mb L: 101/4096 MS: 1 EraseBytes-
#410802	REDUCE cov: 1681 ft: 7412 corp: 1532/335Kb lim: 4096 exec/s: 18672 rss: 523Mb L: 11/4096 MS: 1 EraseBytes-
#413273	REDUCE cov: 1681 ft: 7412 corp: 1532/335Kb lim: 4096 exec/s: 18785 rss: 523Mb L: 55/4096 MS: 1 EraseBytes-
#416989	REDUCE cov: 1681 ft: 7412 corp: 1532/335Kb lim: 4096 exec/s: 18954 rss: 523Mb L: 1603/4096 MS: 1 EraseBytes-
#417697	REDUCE cov: 1681 ft: 7412 corp: 1532/335Kb lim: 4096 exec/s: 18986 rss: 523Mb L: 52/4096 MS: 3 ChangeASCIIInt-ChangeASCIIInt-EraseBytes-
#419883	REDUCE cov: 1681 ft: 7412 corp: 1532/335Kb lim: 4096 exec/s: 19085 rss: 523Mb L: 159/4096 MS: 1 EraseBytes-
#420599	REDUCE cov: 1681 ft: 7412 corp: 1532/335Kb lim: 4096 exec/s: 19118 rss: 523Mb L: 154/4096 MS: 1 EraseBytes-
#422216	REDUCE cov: 1681 ft: 7412 corp: 1532/335Kb lim: 4096 exec/s: 19191 rss: 523Mb L: 96/4096 MS: 2 ShuffleBytes-EraseBytes-
#426407	REDUCE cov: 1681 ft: 7412 corp: 1532/335Kb lim: 4096 exec/s: 18539 rss: 523Mb L: 436/4096 MS: 1 EraseBytes-
#427068	REDUCE cov: 1681 ft: 7412 corp: 1532/335Kb lim: 4096 exec/s: 18568 rss: 523Mb L: 141/4096 MS: 1 EraseBytes-
#428515	REDUCE cov: 1681 ft: 7412 corp: 1532/335Kb lim: 4096 exec/s: 18631 rss: 523Mb L: 820/4096 MS: 2 CopyPart-EraseBytes-
#442591	REDUCE cov: 1681 ft: 7412 corp: 1532/335Kb lim: 4096 exec/s: 18441 rss: 523Mb L: 12/4096 MS: 1 EraseBytes-
#443882	REDUCE cov: 1681 ft: 7412 corp: 1532/335Kb lim: 4096 exec/s: 18495 rss: 523Mb L: 263/4096 MS: 1 EraseBytes-
#451778	REDUCE cov: 1681 ft: 7412 corp: 1532/335Kb lim: 4096 exec/s: 18824 rss: 523Mb L: 1335/4096 MS: 1 EraseBytes-
#454653	REDUCE cov: 1681 ft: 7412 corp: 1532/335Kb lim: 4096 exec/s: 18943 rss: 523Mb L: 44/4096 MS: 5 CMP-InsertByte-EraseBytes-InsertByte-CopyPart- DE: "\026\000"-
#457425	REDUCE cov: 1681 ft: 7412 corp: 1532/335Kb lim: 4096 exec/s: 19059 rss: 523Mb L: 91/4096 MS: 2 ChangeBinInt-EraseBytes-
#460826	REDUCE cov: 1681 ft: 7412 corp: 1532/335Kb lim: 4096 exec/s: 18433 rss: 523Mb L: 21/4096 MS: 1 EraseBytes-
#461293	REDUCE cov: 1681 ft: 7412 corp: 1532/335Kb lim: 4096 exec/s: 18451 rss: 523Mb L: 24/4096 MS: 2 ShuffleBytes-EraseBytes-
#464459	REDUCE cov: 1681 ft: 7412 corp: 1532/335Kb lim: 4096 exec/s: 18578 rss: 523Mb L: 10/4096 MS: 1 EraseBytes-
#465866	REDUCE cov: 1681 ft: 7412 corp: 1532/335Kb lim: 4096 exec/s: 18634 rss: 523Mb L: 9/4096 MS: 2 EraseBytes-CopyPart-
#471074	REDUCE cov: 1681 ft: 7412 corp: 1532/335Kb lim: 4096 exec/s: 18842 rss: 523Mb L: 84/4096 MS: 3 InsertRepeatedBytes-CopyPart-EraseBytes-
#472295	REDUCE cov: 1681 ft: 7412 corp: 1532/335Kb lim: 4096 exec/s: 18891 rss: 523Mb L: 10/4096 MS: 1 EraseBytes-
#483576	REDUCE cov: 1681 ft: 7412 corp: 1532/335Kb lim: 4096 exec/s: 18599 rss: 523Mb L: 67/4096 MS: 1 EraseBytes-
#487774	REDUCE cov: 1681 ft: 7412 corp: 1532/335Kb lim: 4096 exec/s: 18760 rss: 523Mb L: 114/4096 MS: 3 InsertByte-CopyPart-EraseBytes-
#489260	REDUCE cov: 1681 ft: 7412 corp: 1532/335Kb lim: 4096 exec/s: 18817 rss: 523Mb L: 107/4096 MS: 1 EraseBytes-
#491217	REDUCE cov: 1681 ft: 7412 corp: 1532/335Kb lim: 4096 exec/s: 18892 rss: 523Mb L: 87/4096 MS: 2 CopyPart-EraseBytes-
#491303	REDUCE cov: 1681 ft: 7412 corp: 1532/335Kb lim: 4096 exec/s: 18896 rss: 523Mb L: 10/4096 MS: 1 EraseBytes-
#492067	REDUCE cov: 1681 ft: 7412 corp: 1532/335Kb lim: 4096 exec/s: 18925 rss: 523Mb L: 575/4096 MS: 4 InsertByte-ShuffleBytes-EraseBytes-CopyPart-
#493481	REDUCE cov: 1681 ft: 7412 corp: 1532/335Kb lim: 4096 exec/s: 18980 rss: 523Mb L: 995/4096 MS: 4 ChangeBinInt-ShuffleBytes-ShuffleBytes-EraseBytes-
#494530	REDUCE cov: 1681 ft: 7412 corp: 1532/335Kb lim: 4096 exec/s: 18315 rss: 523Mb L: 83/4096 MS: 4 InsertByte-CopyPart-ChangeByte-EraseBytes-
#494951	REDUCE cov: 1681 ft: 7412 corp: 1532/335Kb lim: 4096 exec/s: 18331 rss: 523Mb L: 784/4096 MS: 1 EraseBytes-
#495844	REDUCE cov: 1681 ft: 7412 corp: 1532/335Kb lim: 4096 exec/s: 18364 rss: 523Mb L: 76/4096 MS: 3 CopyPart-CMP-EraseBytes- DE: "message"-
#496430	REDUCE cov: 1681 ft: 7412 corp: 1532/335Kb lim: 4096 exec/s: 18386 rss: 523Mb L: 56/4096 MS: 1 EraseBytes-
#497851	REDUCE cov: 1681 ft: 7412 corp: 1532/335Kb lim: 4096 exec/s: 18438 rss: 523Mb L: 2210/4096 MS: 1 EraseBytes-
#505957	NEW    cov: 1681 ft: 7413 corp: 1533/339Kb lim: 4096 exec/s: 18739 rss: 523Mb L: 4082/4096 MS: 1 ChangeByte-
#509036	REDUCE cov: 1681 ft: 7416 corp: 1534/340Kb lim: 4096 exec/s: 18853 rss: 523Mb L: 766/4096 MS: 4 CopyPart-InsertByte-InsertRepeatedBytes-CopyPart-
#520827	REDUCE cov: 1681 ft: 7416 corp: 1534/339Kb lim: 4096 exec/s: 18600 rss: 523Mb L: 298/4096 MS: 1 EraseBytes-
#522048	REDUCE cov: 1681 ft: 7416 corp: 1534/339Kb lim: 4096 exec/s: 18644 rss: 523Mb L: 49/4096 MS: 1 EraseBytes-
#523099	REDUCE cov: 1681 ft: 7416 corp: 1534/339Kb lim: 4096 exec/s: 18682 rss: 523Mb L: 1003/4096 MS: 1 EraseBytes-
#524288	pulse  cov: 1681 ft: 7416 corp: 1534/339Kb lim: 4096 exec/s: 18724 rss: 523Mb
#525235	REDUCE cov: 1681 ft: 7416 corp: 1534/339Kb lim: 4096 exec/s: 18758 rss: 523Mb L: 54/4096 MS: 1 EraseBytes-
#525781	REDUCE cov: 1681 ft: 7416 corp: 1534/339Kb lim: 4096 exec/s: 18777 rss: 523Mb L: 84/4096 MS: 1 EraseBytes-
#527077	REDUCE cov: 1681 ft: 7416 corp: 1534/339Kb lim: 4096 exec/s: 18824 rss: 523Mb L: 13/4096 MS: 1 EraseBytes-
#528978	REDUCE cov: 1681 ft: 7416 corp: 1534/339Kb lim: 4096 exec/s: 18240 rss: 523Mb L: 116/4096 MS: 1 EraseBytes-
#530704	REDUCE cov: 1681 ft: 7416 corp: 1534/339Kb lim: 4096 exec/s: 18300 rss: 523Mb L: 122/4096 MS: 1 EraseBytes-
#532300	REDUCE cov: 1681 ft: 7416 corp: 1534/339Kb lim: 4096 exec/s: 18355 rss: 523Mb L: 90/4096 MS: 1 EraseBytes-
#533256	REDUCE cov: 1681 ft: 7416 corp: 1534/339Kb lim: 4096 exec/s: 18388 rss: 523Mb L: 394/4096 MS: 1 EraseBytes-
#538438	NEW    cov: 1681 ft: 7430 corp: 1535/340Kb lim: 4096 exec/s: 18566 rss: 523Mb L: 767/4096 MS: 2 InsertByte-ChangeBinInt-
#545634	REDUCE cov: 1681 ft: 7430 corp: 1535/340Kb lim: 4096 exec/s: 18187 rss: 523Mb L: 119/4096 MS: 1 EraseBytes-
#550086	REDUCE cov: 1681 ft: 7430 corp: 1535/340Kb lim: 4096 exec/s: 18336 rss: 523Mb L: 985/4096 MS: 2 ShuffleBytes-EraseBytes-
#550168	REDUCE cov: 1681 ft: 7430 corp: 1535/340Kb lim: 4096 exec/s: 18338 rss: 523Mb L: 30/4096 MS: 2 ChangeBinInt-EraseBytes-
#550215	REDUCE cov: 1681 ft: 7430 corp: 1535/340Kb lim: 4096 exec/s: 18340 rss: 523Mb L: 201/4096 MS: 2 ShuffleBytes-EraseBytes-
#550487	REDUCE cov: 1681 ft: 7430 corp: 1535/340Kb lim: 4096 exec/s: 18349 rss: 523Mb L: 25/4096 MS: 2 CopyPart-EraseBytes-
#553638	REDUCE cov: 1681 ft: 7430 corp: 1535/340Kb lim: 4096 exec/s: 18454 rss: 523Mb L: 6/4096 MS: 1 EraseBytes-
#554214	REDUCE cov: 1681 ft: 7430 corp: 1535/340Kb lim: 4096 exec/s: 18473 rss: 523Mb L: 1844/4096 MS: 1 EraseBytes-
#559207	REDUCE cov: 1681 ft: 7430 corp: 1535/340Kb lim: 4096 exec/s: 18640 rss: 523Mb L: 757/4096 MS: 3 ShuffleBytes-ChangeBit-EraseBytes-
#561886	REDUCE cov: 1681 ft: 7430 corp: 1535/340Kb lim: 4096 exec/s: 18729 rss: 523Mb L: 521/4096 MS: 4 ChangeASCIIInt-ChangeASCIIInt-ShuffleBytes-EraseBytes-
#564237	REDUCE cov: 1681 ft: 7430 corp: 1535/340Kb lim: 4096 exec/s: 18201 rss: 523Mb L: 32/4096 MS: 1 EraseBytes-
#567794	REDUCE cov: 1681 ft: 7430 corp: 1535/340Kb lim: 4096 exec/s: 18315 rss: 523Mb L: 517/4096 MS: 2 ChangeBit-EraseBytes-
#568791	REDUCE cov: 1681 ft: 7430 corp: 1535/340Kb lim: 4096 exec/s: 18348 rss: 523Mb L: 45/4096 MS: 2 ShuffleBytes-EraseBytes-
#570834	REDUCE cov: 1681 ft: 7430 corp: 1535/340Kb lim: 4096 exec/s: 18414 rss: 523Mb L: 463/4096 MS: 3 ChangeBit-ChangeASCIIInt-EraseBytes-
#579304	REDUCE cov: 1681 ft: 7430 corp: 1535/340Kb lim: 4096 exec/s: 18687 rss: 523Mb L: 725/4096 MS: 4 ChangeBinInt-ShuffleBytes-ChangeByte-EraseBytes-
#581455	REDUCE cov: 1681 ft: 7430 corp: 1535/340Kb lim: 4096 exec/s: 18170 rss: 523Mb L: 457/4096 MS: 1 EraseBytes-
#582161	REDUCE cov: 1681 ft: 7430 corp: 1535/340Kb lim: 4096 exec/s: 18192 rss: 523Mb L: 1001/4096 MS: 1 EraseBytes-
#583352	REDUCE cov: 1681 ft: 7430 corp: 1535/340Kb lim: 4096 exec/s: 18229 rss: 523Mb L: 113/4096 MS: 1 EraseBytes-
#583368	REDUCE cov: 1681 ft: 7430 corp: 1535/340Kb lim: 4096 exec/s: 18230 rss: 523Mb L: 1181/4096 MS: 1 EraseBytes-
#585844	REDUCE cov: 1681 ft: 7430 corp: 1535/340Kb lim: 4096 exec/s: 18307 rss: 523Mb L: 197/4096 MS: 1 EraseBytes-
#587150	REDUCE cov: 1681 ft: 7430 corp: 1535/340Kb lim: 4096 exec/s: 18348 rss: 523Mb L: 118/4096 MS: 1 EraseBytes-
#588486	REDUCE cov: 1681 ft: 7430 corp: 1535/340Kb lim: 4096 exec/s: 18390 rss: 523Mb L: 3735/4096 MS: 1 EraseBytes-
#590342	REDUCE cov: 1681 ft: 7430 corp: 1535/340Kb lim: 4096 exec/s: 18448 rss: 523Mb L: 455/4096 MS: 1 EraseBytes-
#591861	REDUCE cov: 1681 ft: 7430 corp: 1535/340Kb lim: 4096 exec/s: 18495 rss: 523Mb L: 29/4096 MS: 4 ChangeBit-ChangeASCIIInt-ChangeASCIIInt-EraseBytes-
#595664	REDUCE cov: 1681 ft: 7430 corp: 1535/340Kb lim: 4096 exec/s: 18614 rss: 523Mb L: 749/4096 MS: 2 ChangeASCIIInt-EraseBytes-
#595745	REDUCE cov: 1681 ft: 7430 corp: 1535/340Kb lim: 4096 exec/s: 18617 rss: 523Mb L: 139/4096 MS: 1 EraseBytes-
#597351	REDUCE cov: 1681 ft: 7430 corp: 1535/340Kb lim: 4096 exec/s: 18101 rss: 523Mb L: 195/4096 MS: 1 EraseBytes-
#600292	REDUCE cov: 1681 ft: 7431 corp: 1536/341Kb lim: 4096 exec/s: 18190 rss: 523Mb L: 1007/4096 MS: 1 InsertRepeatedBytes-
#600583	REDUCE cov: 1681 ft: 7431 corp: 1536/341Kb lim: 4096 exec/s: 18199 rss: 523Mb L: 25/4096 MS: 1 EraseBytes-
#600900	NEW    cov: 1681 ft: 7435 corp: 1537/341Kb lim: 4096 exec/s: 18209 rss: 523Mb L: 373/4096 MS: 2 ChangeBit-EraseBytes-
#604496	REDUCE cov: 1681 ft: 7435 corp: 1537/341Kb lim: 4096 exec/s: 18318 rss: 523Mb L: 38/4096 MS: 1 EraseBytes-
#606543	REDUCE cov: 1681 ft: 7435 corp: 1537/341Kb lim: 4096 exec/s: 18380 rss: 523Mb L: 689/4096 MS: 2 ChangeASCIIInt-EraseBytes-
#614160	REDUCE cov: 1681 ft: 7435 corp: 1537/341Kb lim: 4096 exec/s: 18610 rss: 523Mb L: 7/4096 MS: 2 ChangeASCIIInt-EraseBytes-
#614232	REDUCE cov: 1681 ft: 7435 corp: 1537/341Kb lim: 4096 exec/s: 18613 rss: 523Mb L: 93/4096 MS: 2 CopyPart-EraseBytes-
#615099	REDUCE cov: 1681 ft: 7435 corp: 1537/341Kb lim: 4096 exec/s: 18091 rss: 523Mb L: 2551/4096 MS: 2 CMP-CrossOver- DE: "\030\000\000\000\000\000\000\000"-
#615629	REDUCE cov: 1681 ft: 7435 corp: 1537/341Kb lim: 4096 exec/s: 18106 rss: 523Mb L: 41/4096 MS: 5 ChangeASCIIInt-EraseBytes-ChangeBinInt-CMP-EraseBytes- DE: "\377\377\377\377\377\377\377\377"-
#616130	REDUCE cov: 1681 ft: 7435 corp: 1537/341Kb lim: 4096 exec/s: 18121 rss: 523Mb L: 12/4096 MS: 1 EraseBytes-
#619522	REDUCE cov: 1681 ft: 7435 corp: 1537/341Kb lim: 4096 exec/s: 18221 rss: 523Mb L: 128/4096 MS: 2 ShuffleBytes-EraseBytes-
#620443	REDUCE cov: 1681 ft: 7435 corp: 1537/341Kb lim: 4096 exec/s: 18248 rss: 523Mb L: 21/4096 MS: 1 EraseBytes-
#620534	REDUCE cov: 1681 ft: 7435 corp: 1537/341Kb lim: 4096 exec/s: 18251 rss: 523Mb L: 2231/4096 MS: 1 EraseBytes-
#622475	REDUCE cov: 1681 ft: 7435 corp: 1537/341Kb lim: 4096 exec/s: 18308 rss: 523Mb L: 173/4096 MS: 1 EraseBytes-
#625831	REDUCE cov: 1681 ft: 7435 corp: 1537/341Kb lim: 4096 exec/s: 18406 rss: 523Mb L: 92/4096 MS: 1 EraseBytes-
#628909	REDUCE cov: 1681 ft: 7435 corp: 1537/341Kb lim: 4096 exec/s: 18497 rss: 523Mb L: 354/4096 MS: 3 CopyPart-ChangeByte-EraseBytes-
#635070	REDUCE cov: 1681 ft: 7435 corp: 1537/341Kb lim: 4096 exec/s: 18144 rss: 523Mb L: 78/4096 MS: 1 EraseBytes-
#635121	REDUCE cov: 1681 ft: 7435 corp: 1537/341Kb lim: 4096 exec/s: 18146 rss: 523Mb L: 139/4096 MS: 1 EraseBytes-
#635657	REDUCE cov: 1681 ft: 7435 corp: 1537/341Kb lim: 4096 exec/s: 18161 rss: 523Mb L: 110/4096 MS: 1 EraseBytes-
#640283	REDUCE cov: 1681 ft: 7435 corp: 1537/341Kb lim: 4096 exec/s: 18293 rss: 523Mb L: 727/4096 MS: 1 EraseBytes-
#640399	REDUCE cov: 1681 ft: 7435 corp: 1537/341Kb lim: 4096 exec/s: 18297 rss: 523Mb L: 116/4096 MS: 1 EraseBytes-
#641350	REDUCE cov: 1681 ft: 7435 corp: 1537/341Kb lim: 4096 exec/s: 18324 rss: 523Mb L: 33/4096 MS: 1 EraseBytes-
#644918	REDUCE cov: 1681 ft: 7435 corp: 1537/341Kb lim: 4096 exec/s: 18426 rss: 523Mb L: 125/4096 MS: 3 CopyPart-ShuffleBytes-EraseBytes-
#649059	REDUCE cov: 1681 ft: 7435 corp: 1537/341Kb lim: 4096 exec/s: 18544 rss: 523Mb L: 19/4096 MS: 1 EraseBytes-
#650661	REDUCE cov: 1681 ft: 7435 corp: 1537/341Kb lim: 4096 exec/s: 18073 rss: 523Mb L: 909/4096 MS: 2 CopyPart-EraseBytes-
#651188	REDUCE cov: 1681 ft: 7435 corp: 1537/341Kb lim: 4096 exec/s: 18088 rss: 523Mb L: 112/4096 MS: 2 ChangeASCIIInt-EraseBytes-
#652129	REDUCE cov: 1681 ft: 7435 corp: 1537/341Kb lim: 4096 exec/s: 18114 rss: 523Mb L: 109/4096 MS: 1 EraseBytes-
#653736	REDUCE cov: 1681 ft: 7435 corp: 1537/341Kb lim: 4096 exec/s: 18159 rss: 523Mb L: 1798/4096 MS: 2 ChangeBinInt-EraseBytes-
#654263	NEW    cov: 1681 ft: 7436 corp: 1538/341Kb lim: 4096 exec/s: 18173 rss: 523Mb L: 525/4096 MS: 2 CrossOver-InsertByte-
#655919	REDUCE cov: 1681 ft: 7436 corp: 1538/341Kb lim: 4096 exec/s: 18219 rss: 523Mb L: 34/4096 MS: 1 EraseBytes-
#657221	REDUCE cov: 1681 ft: 7436 corp: 1538/341Kb lim: 4096 exec/s: 18256 rss: 523Mb L: 42/4096 MS: 2 ShuffleBytes-EraseBytes-
#657630	REDUCE cov: 1681 ft: 7436 corp: 1538/341Kb lim: 4096 exec/s: 18267 rss: 523Mb L: 234/4096 MS: 4 PersAutoDict-CopyPart-EraseBytes-EraseBytes- DE: "A\357\277\275"-
#657766	REDUCE cov: 1681 ft: 7436 corp: 1538/341Kb lim: 4096 exec/s: 18271 rss: 523Mb L: 3652/4096 MS: 1 EraseBytes-
#659587	REDUCE cov: 1681 ft: 7436 corp: 1538/341Kb lim: 4096 exec/s: 18321 rss: 523Mb L: 405/4096 MS: 1 EraseBytes-
#665215	REDUCE cov: 1681 ft: 7436 corp: 1538/341Kb lim: 4096 exec/s: 18478 rss: 523Mb L: 1661/4096 MS: 3 ShuffleBytes-ChangeBit-EraseBytes-
#670048	REDUCE cov: 1681 ft: 7436 corp: 1538/341Kb lim: 4096 exec/s: 18109 rss: 523Mb L: 450/4096 MS: 3 ChangeBinInt-EraseBytes-InsertByte-
#670769	REDUCE cov: 1681 ft: 7436 corp: 1538/341Kb lim: 4096 exec/s: 18128 rss: 523Mb L: 193/4096 MS: 1 EraseBytes-
#671210	REDUCE cov: 1681 ft: 7436 corp: 1538/341Kb lim: 4096 exec/s: 18140 rss: 523Mb L: 15/4096 MS: 1 EraseBytes-
#671401	REDUCE cov: 1681 ft: 7451 corp: 1539/342Kb lim: 4096 exec/s: 18145 rss: 523Mb L: 1063/4096 MS: 1 CopyPart-
#671887	REDUCE cov: 1681 ft: 7451 corp: 1539/342Kb lim: 4096 exec/s: 18159 rss: 523Mb L: 26/4096 MS: 1 EraseBytes-
#673813	REDUCE cov: 1681 ft: 7451 corp: 1539/342Kb lim: 4096 exec/s: 18211 rss: 523Mb L: 376/4096 MS: 1 EraseBytes-
#676039	REDUCE cov: 1681 ft: 7451 corp: 1539/342Kb lim: 4096 exec/s: 18271 rss: 523Mb L: 202/4096 MS: 1 EraseBytes-
#676351	REDUCE cov: 1681 ft: 7451 corp: 1539/342Kb lim: 4096 exec/s: 18279 rss: 523Mb L: 76/4096 MS: 2 EraseBytes-InsertByte-
#679837	REDUCE cov: 1681 ft: 7451 corp: 1539/342Kb lim: 4096 exec/s: 18373 rss: 523Mb L: 21/4096 MS: 1 EraseBytes-
#679860	REDUCE cov: 1681 ft: 7451 corp: 1539/342Kb lim: 4096 exec/s: 18374 rss: 523Mb L: 79/4096 MS: 3 ChangeASCIIInt-ShuffleBytes-EraseBytes-
#681198	REDUCE cov: 1681 ft: 7451 corp: 1539/342Kb lim: 4096 exec/s: 18410 rss: 523Mb L: 1587/4096 MS: 3 ChangeASCIIInt-ShuffleBytes-EraseBytes-
#681639	REDUCE cov: 1681 ft: 7451 corp: 1539/342Kb lim: 4096 exec/s: 18422 rss: 523Mb L: 81/4096 MS: 1 EraseBytes-
#687905	REDUCE cov: 1681 ft: 7451 corp: 1539/342Kb lim: 4096 exec/s: 18102 rss: 523Mb L: 240/4096 MS: 1 EraseBytes-
#688981	REDUCE cov: 1681 ft: 7451 corp: 1539/342Kb lim: 4096 exec/s: 18131 rss: 523Mb L: 440/4096 MS: 1 EraseBytes-
#690292	REDUCE cov: 1681 ft: 7451 corp: 1539/342Kb lim: 4096 exec/s: 18165 rss: 523Mb L: 832/4096 MS: 1 EraseBytes-
#695424	REDUCE cov: 1681 ft: 7451 corp: 1539/342Kb lim: 4096 exec/s: 18300 rss: 523Mb L: 362/4096 MS: 2 EraseBytes-CrossOver-
#695740	REDUCE cov: 1681 ft: 7451 corp: 1539/342Kb lim: 4096 exec/s: 18308 rss: 523Mb L: 3153/4096 MS: 1 EraseBytes-
#696461	REDUCE cov: 1681 ft: 7451 corp: 1539/342Kb lim: 4096 exec/s: 18327 rss: 523Mb L: 1171/4096 MS: 1 EraseBytes-
#696787	REDUCE cov: 1681 ft: 7451 corp: 1539/342Kb lim: 4096 exec/s: 18336 rss: 523Mb L: 513/4096 MS: 1 EraseBytes-
#697329	REDUCE cov: 1681 ft: 7451 corp: 1539/341Kb lim: 4096 exec/s: 18350 rss: 523Mb L: 172/4096 MS: 2 ChangeBit-EraseBytes-
#700740	REDUCE cov: 1681 ft: 7451 corp: 1539/341Kb lim: 4096 exec/s: 18440 rss: 523Mb L: 188/4096 MS: 1 EraseBytes-
#703226	REDUCE cov: 1681 ft: 7451 corp: 1539/341Kb lim: 4096 exec/s: 18031 rss: 523Mb L: 54/4096 MS: 1 EraseBytes-
#703617	REDUCE cov: 1681 ft: 7451 corp: 1539/341Kb lim: 4096 exec/s: 18041 rss: 523Mb L: 20/4096 MS: 1 EraseBytes-
#715634	REDUCE cov: 1682 ft: 7452 corp: 1540/342Kb lim: 4096 exec/s: 18349 rss: 523Mb L: 726/4096 MS: 2 InsertByte-ChangeASCIIInt-
#721300	REDUCE cov: 1682 ft: 7452 corp: 1540/342Kb lim: 4096 exec/s: 18494 rss: 523Mb L: 859/4096 MS: 1 EraseBytes-
#723321	REDUCE cov: 1682 ft: 7452 corp: 1540/342Kb lim: 4096 exec/s: 18083 rss: 523Mb L: 34/4096 MS: 1 EraseBytes-
#726053	REDUCE cov: 1682 ft: 7452 corp: 1540/342Kb lim: 4096 exec/s: 18151 rss: 523Mb L: 669/4096 MS: 2 ChangeASCIIInt-EraseBytes-
#726069	REDUCE cov: 1682 ft: 7452 corp: 1540/342Kb lim: 4096 exec/s: 18151 rss: 523Mb L: 831/4096 MS: 1 EraseBytes-
#728304	REDUCE cov: 1682 ft: 7452 corp: 1540/342Kb lim: 4096 exec/s: 18207 rss: 523Mb L: 1662/4096 MS: 5 ChangeASCIIInt-ShuffleBytes-ShuffleBytes-ShuffleBytes-EraseBytes-
#728705	REDUCE cov: 1683 ft: 7453 corp: 1541/342Kb lim: 4096 exec/s: 18217 rss: 523Mb L: 440/4096 MS: 1 EraseBytes-
#729145	REDUCE cov: 1683 ft: 7453 corp: 1541/342Kb lim: 4096 exec/s: 18228 rss: 523Mb L: 41/4096 MS: 5 InsertRepeatedBytes-ShuffleBytes-ChangeBinInt-ChangeASCIIInt-EraseBytes-
#729452	REDUCE cov: 1683 ft: 7453 corp: 1541/342Kb lim: 4096 exec/s: 18236 rss: 523Mb L: 761/4096 MS: 2 ChangeASCIIInt-EraseBytes-
#735183	REDUCE cov: 1683 ft: 7453 corp: 1541/342Kb lim: 4096 exec/s: 18379 rss: 523Mb L: 74/4096 MS: 1 EraseBytes-
#735824	REDUCE cov: 1683 ft: 7453 corp: 1541/342Kb lim: 4096 exec/s: 18395 rss: 523Mb L: 29/4096 MS: 1 EraseBytes-
#737105	REDUCE cov: 1683 ft: 7453 corp: 1541/342Kb lim: 4096 exec/s: 18427 rss: 523Mb L: 10/4096 MS: 1 EraseBytes-
#737296	REDUCE cov: 1683 ft: 7453 corp: 1541/342Kb lim: 4096 exec/s: 18432 rss: 523Mb L: 104/4096 MS: 1 EraseBytes-
#737387	REDUCE cov: 1683 ft: 7453 corp: 1541/342Kb lim: 4096 exec/s: 18434 rss: 523Mb L: 446/4096 MS: 1 EraseBytes-
#738113	REDUCE cov: 1683 ft: 7453 corp: 1541/342Kb lim: 4096 exec/s: 18452 rss: 523Mb L: 769/4096 MS: 1 EraseBytes-
#738804	REDUCE cov: 1683 ft: 7453 corp: 1541/342Kb lim: 4096 exec/s: 18470 rss: 523Mb L: 105/4096 MS: 1 EraseBytes-
#741749	REDUCE cov: 1683 ft: 7453 corp: 1541/342Kb lim: 4096 exec/s: 18091 rss: 523Mb L: 30/4096 MS: 5 ChangeASCIIInt-CopyPart-InsertByte-ChangeByte-EraseBytes-
#742120	REDUCE cov: 1683 ft: 7453 corp: 1541/342Kb lim: 4096 exec/s: 18100 rss: 523Mb L: 74/4096 MS: 1 EraseBytes-
#742987	REDUCE cov: 1683 ft: 7453 corp: 1541/342Kb lim: 4096 exec/s: 18121 rss: 523Mb L: 381/4096 MS: 2 CrossOver-EraseBytes-
#743387	NEW    cov: 1683 ft: 7466 corp: 1542/342Kb lim: 4096 exec/s: 18131 rss: 523Mb L: 19/4096 MS: 5 ChangeBinInt-EraseBytes-EraseBytes-ShuffleBytes-EraseBytes-
#744254	NEW    cov: 1683 ft: 7476 corp: 1543/344Kb lim: 4096 exec/s: 18152 rss: 523Mb L: 1399/4096 MS: 2 InsertRepeatedBytes-CopyPart-
#751085	REDUCE cov: 1683 ft: 7476 corp: 1543/344Kb lim: 4096 exec/s: 18319 rss: 523Mb L: 40/4096 MS: 1 EraseBytes-
#754652	REDUCE cov: 1683 ft: 7476 corp: 1543/344Kb lim: 4096 exec/s: 18406 rss: 523Mb L: 1964/4096 MS: 2 ChangeBit-EraseBytes-
#754793	REDUCE cov: 1683 ft: 7476 corp: 1543/344Kb lim: 4096 exec/s: 18409 rss: 523Mb L: 840/4096 MS: 1 EraseBytes-
#756944	REDUCE cov: 1683 ft: 7476 corp: 1543/344Kb lim: 4096 exec/s: 18022 rss: 523Mb L: 67/4096 MS: 1 EraseBytes-
#757980	REDUCE cov: 1683 ft: 7476 corp: 1543/344Kb lim: 4096 exec/s: 18047 rss: 523Mb L: 37/4096 MS: 1 EraseBytes-
#760971	REDUCE cov: 1683 ft: 7476 corp: 1543/344Kb lim: 4096 exec/s: 18118 rss: 523Mb L: 85/4096 MS: 1 EraseBytes-
#768268	REDUCE cov: 1683 ft: 7476 corp: 1543/344Kb lim: 4096 exec/s: 18292 rss: 523Mb L: 44/4096 MS: 2 EraseBytes-ChangeBit-
#770829	REDUCE cov: 1683 ft: 7476 corp: 1543/344Kb lim: 4096 exec/s: 18353 rss: 523Mb L: 168/4096 MS: 1 EraseBytes-
#771725	REDUCE cov: 1683 ft: 7476 corp: 1543/344Kb lim: 4096 exec/s: 18374 rss: 523Mb L: 55/4096 MS: 1 EraseBytes-
#773926	REDUCE cov: 1683 ft: 7476 corp: 1543/344Kb lim: 4096 exec/s: 18426 rss: 523Mb L: 78/4096 MS: 1 EraseBytes-
#776472	NEW    cov: 1684 ft: 7477 corp: 1544/344Kb lim: 4096 exec/s: 18057 rss: 523Mb L: 440/4096 MS: 1 PersAutoDict- DE: "msesage"-
#778009	NEW    cov: 1684 ft: 7478 corp: 1545/345Kb lim: 4096 exec/s: 18093 rss: 523Mb L: 1399/4096 MS: 2 ChangeByte-ChangeBit-
#778650	REDUCE cov: 1684 ft: 7478 corp: 1545/345Kb lim: 4096 exec/s: 18108 rss: 523Mb L: 80/4096 MS: 1 EraseBytes-
#779297	REDUCE cov: 1684 ft: 7478 corp: 1545/345Kb lim: 4096 exec/s: 18123 rss: 523Mb L: 30/4096 MS: 2 CrossOver-EraseBytes-
#779953	REDUCE cov: 1684 ft: 7478 corp: 1545/345Kb lim: 4096 exec/s: 18138 rss: 523Mb L: 18/4096 MS: 1 EraseBytes-
#780734	REDUCE cov: 1684 ft: 7478 corp: 1545/345Kb lim: 4096 exec/s: 18156 rss: 523Mb L: 22/4096 MS: 1 EraseBytes-
#785367	REDUCE cov: 1684 ft: 7478 corp: 1545/345Kb lim: 4096 exec/s: 18264 rss: 523Mb L: 28/4096 MS: 3 InsertByte-ChangeBit-EraseBytes-
#786508	REDUCE cov: 1684 ft: 7478 corp: 1545/345Kb lim: 4096 exec/s: 18290 rss: 523Mb L: 19/4096 MS: 1 EraseBytes-
#789255	REDUCE cov: 1684 ft: 7478 corp: 1545/345Kb lim: 4096 exec/s: 18354 rss: 523Mb L: 107/4096 MS: 2 ChangeASCIIInt-EraseBytes-
#790896	REDUCE cov: 1684 ft: 7478 corp: 1545/345Kb lim: 4096 exec/s: 18392 rss: 523Mb L: 1319/4096 MS: 1 EraseBytes-
#793557	REDUCE cov: 1684 ft: 7478 corp: 1545/345Kb lim: 4096 exec/s: 18035 rss: 523Mb L: 23/4096 MS: 1 EraseBytes-
#794780	NEW    cov: 1684 ft: 7482 corp: 1546/347Kb lim: 4096 exec/s: 18063 rss: 523Mb L: 1399/4096 MS: 3 ChangeASCIIInt-ChangeBit-CMP- DE: "code"-
#795047	REDUCE cov: 1684 ft: 7482 corp: 1546/347Kb lim: 4096 exec/s: 18069 rss: 523Mb L: 3566/4096 MS: 2 ShuffleBytes-EraseBytes-
#795473	REDUCE cov: 1684 ft: 7482 corp: 1546/347Kb lim: 4096 exec/s: 18078 rss: 523Mb L: 17/4096 MS: 1 EraseBytes-
#795639	REDUCE cov: 1684 ft: 7482 corp: 1546/347Kb lim: 4096 exec/s: 18082 rss: 523Mb L: 28/4096 MS: 1 EraseBytes-
#796570	REDUCE cov: 1684 ft: 7482 corp: 1546/347Kb lim: 4096 exec/s: 18103 rss: 523Mb L: 36/4096 MS: 1 EraseBytes-
#798476	REDUCE cov: 1684 ft: 7482 corp: 1546/347Kb lim: 4096 exec/s: 18147 rss: 523Mb L: 30/4096 MS: 1 EraseBytes-
#798677	REDUCE cov: 1684 ft: 7482 corp: 1546/347Kb lim: 4096 exec/s: 18151 rss: 523Mb L: 105/4096 MS: 1 EraseBytes-
#800113	REDUCE cov: 1684 ft: 7482 corp: 1546/347Kb lim: 4096 exec/s: 18184 rss: 523Mb L: 2678/4096 MS: 1 EraseBytes-
#801554	REDUCE cov: 1684 ft: 7482 corp: 1546/347Kb lim: 4096 exec/s: 18217 rss: 523Mb L: 14/4096 MS: 1 EraseBytes-
#803277	REDUCE cov: 1684 ft: 7482 corp: 1546/347Kb lim: 4096 exec/s: 18256 rss: 523Mb L: 102/4096 MS: 3 CopyPart-InsertByte-EraseBytes-
#805208	REDUCE cov: 1684 ft: 7482 corp: 1546/347Kb lim: 4096 exec/s: 18300 rss: 523Mb L: 553/4096 MS: 1 EraseBytes-
#812270	NEW    cov: 1685 ft: 7483 corp: 1547/347Kb lim: 4096 exec/s: 18050 rss: 523Mb L: 97/4096 MS: 2 EraseBytes-PersAutoDict- DE: "A\357\277\275"-
#812781	REDUCE cov: 1685 ft: 7483 corp: 1547/347Kb lim: 4096 exec/s: 18061 rss: 523Mb L: 109/4096 MS: 1 EraseBytes-
#818722	REDUCE cov: 1685 ft: 7483 corp: 1547/347Kb lim: 4096 exec/s: 18193 rss: 523Mb L: 1950/4096 MS: 1 EraseBytes-
#819696	REDUCE cov: 1685 ft: 7483 corp: 1547/347Kb lim: 4096 exec/s: 18215 rss: 523Mb L: 1327/4096 MS: 4 ShuffleBytes-ChangeBinInt-ShuffleBytes-EraseBytes-
#819722	REDUCE cov: 1685 ft: 7483 corp: 1547/347Kb lim: 4096 exec/s: 18216 rss: 523Mb L: 387/4096 MS: 1 EraseBytes-
#823383	REDUCE cov: 1685 ft: 7483 corp: 1547/347Kb lim: 4096 exec/s: 18297 rss: 523Mb L: 24/4096 MS: 1 EraseBytes-
#831969	REDUCE cov: 1685 ft: 7483 corp: 1547/347Kb lim: 4096 exec/s: 18086 rss: 523Mb L: 54/4096 MS: 1 EraseBytes-
#835036	REDUCE cov: 1685 ft: 7483 corp: 1547/347Kb lim: 4096 exec/s: 18152 rss: 523Mb L: 89/4096 MS: 2 ChangeASCIIInt-EraseBytes-
#837467	REDUCE cov: 1685 ft: 7483 corp: 1547/347Kb lim: 4096 exec/s: 18205 rss: 523Mb L: 51/4096 MS: 1 EraseBytes-
#838413	REDUCE cov: 1685 ft: 7483 corp: 1547/347Kb lim: 4096 exec/s: 18226 rss: 523Mb L: 12/4096 MS: 1 EraseBytes-
#838529	REDUCE cov: 1685 ft: 7483 corp: 1547/347Kb lim: 4096 exec/s: 18228 rss: 523Mb L: 32/4096 MS: 1 EraseBytes-
#839796	REDUCE cov: 1685 ft: 7483 corp: 1547/347Kb lim: 4096 exec/s: 18256 rss: 523Mb L: 31/4096 MS: 2 ChangeASCIIInt-EraseBytes-
#840377	REDUCE cov: 1685 ft: 7483 corp: 1547/346Kb lim: 4096 exec/s: 18269 rss: 523Mb L: 96/4096 MS: 1 EraseBytes-
#841338	REDUCE cov: 1685 ft: 7483 corp: 1547/346Kb lim: 4096 exec/s: 18289 rss: 523Mb L: 39/4096 MS: 1 EraseBytes-
#841569	REDUCE cov: 1685 ft: 7483 corp: 1547/346Kb lim: 4096 exec/s: 18294 rss: 523Mb L: 88/4096 MS: 1 EraseBytes-
#847110	REDUCE cov: 1685 ft: 7483 corp: 1547/346Kb lim: 4096 exec/s: 18415 rss: 523Mb L: 675/4096 MS: 1 EraseBytes-
#847984	REDUCE cov: 1685 ft: 7483 corp: 1547/346Kb lim: 4096 exec/s: 18042 rss: 523Mb L: 125/4096 MS: 3 ChangeBinInt-ChangeBit-EraseBytes-
#848865	REDUCE cov: 1685 ft: 7483 corp: 1547/346Kb lim: 4096 exec/s: 18060 rss: 523Mb L: 11/4096 MS: 1 EraseBytes-
#849477	REDUCE cov: 1685 ft: 7483 corp: 1547/346Kb lim: 4096 exec/s: 18073 rss: 523Mb L: 168/4096 MS: 2 ChangeASCIIInt-EraseBytes-
#850926	REDUCE cov: 1685 ft: 7483 corp: 1547/346Kb lim: 4096 exec/s: 18104 rss: 523Mb L: 46/4096 MS: 4 ChangeBinInt-EraseBytes-ShuffleBytes-CopyPart-
#856462	REDUCE cov: 1685 ft: 7483 corp: 1547/346Kb lim: 4096 exec/s: 18222 rss: 523Mb L: 626/4096 MS: 1 EraseBytes-
#858832	REDUCE cov: 1685 ft: 7483 corp: 1547/346Kb lim: 4096 exec/s: 18273 rss: 523Mb L: 1322/4096 MS: 5 InsertByte-CopyPart-PersAutoDict-ChangeASCIIInt-EraseBytes- DE: "msesage"-
#859828	REDUCE cov: 1685 ft: 7483 corp: 1547/346Kb lim: 4096 exec/s: 18294 rss: 523Mb L: 1471/4096 MS: 1 EraseBytes-
#860765	REDUCE cov: 1685 ft: 7483 corp: 1547/346Kb lim: 4096 exec/s: 18314 rss: 523Mb L: 3520/4096 MS: 2 ChangeBit-EraseBytes-
#860961	REDUCE cov: 1685 ft: 7483 corp: 1547/346Kb lim: 4096 exec/s: 18318 rss: 523Mb L: 91/4096 MS: 1 EraseBytes-
#861257	REDUCE cov: 1685 ft: 7483 corp: 1547/346Kb lim: 4096 exec/s: 18324 rss: 523Mb L: 219/4096 MS: 1 EraseBytes-
#862263	REDUCE cov: 1685 ft: 7483 corp: 1547/346Kb lim: 4096 exec/s: 18346 rss: 523Mb L: 34/4096 MS: 1 EraseBytes-
#863439	REDUCE cov: 1685 ft: 7483 corp: 1547/346Kb lim: 4096 exec/s: 18371 rss: 523Mb L: 121/4096 MS: 1 EraseBytes-
#865666	REDUCE cov: 1685 ft: 7484 corp: 1548/348Kb lim: 4096 exec/s: 18034 rss: 523Mb L: 2181/4096 MS: 2 CrossOver-CopyPart-
#872637	REDUCE cov: 1685 ft: 7484 corp: 1548/348Kb lim: 4096 exec/s: 18179 rss: 523Mb L: 490/4096 MS: 4 InsertRepeatedBytes-EraseBytes-ChangeByte-ChangeBit-
#877083	REDUCE cov: 1685 ft: 7484 corp: 1548/348Kb lim: 4096 exec/s: 18272 rss: 523Mb L: 346/4096 MS: 1 EraseBytes-
#878276	REDUCE cov: 1685 ft: 7484 corp: 1548/348Kb lim: 4096 exec/s: 18297 rss: 523Mb L: 120/4096 MS: 3 ChangeASCIIInt-ChangeBit-EraseBytes-
#882949	REDUCE cov: 1685 ft: 7484 corp: 1548/348Kb lim: 4096 exec/s: 18394 rss: 523Mb L: 829/4096 MS: 3 ShuffleBytes-ChangeASCIIInt-EraseBytes-
#883220	REDUCE cov: 1685 ft: 7484 corp: 1548/348Kb lim: 4096 exec/s: 18400 rss: 523Mb L: 187/4096 MS: 1 EraseBytes-
#884113	REDUCE cov: 1685 ft: 7484 corp: 1548/348Kb lim: 4096 exec/s: 18043 rss: 523Mb L: 26/4096 MS: 3 ChangeBit-ChangeBinInt-EraseBytes-
#886519	REDUCE cov: 1685 ft: 7484 corp: 1548/348Kb lim: 4096 exec/s: 18092 rss: 523Mb L: 21/4096 MS: 1 EraseBytes-
#890345	REDUCE cov: 1685 ft: 7484 corp: 1548/348Kb lim: 4096 exec/s: 18170 rss: 523Mb L: 1439/4096 MS: 1 EraseBytes-
#890866	REDUCE cov: 1685 ft: 7484 corp: 1548/348Kb lim: 4096 exec/s: 18180 rss: 523Mb L: 1950/4096 MS: 1 EraseBytes-
#891127	REDUCE cov: 1685 ft: 7484 corp: 1548/348Kb lim: 4096 exec/s: 18186 rss: 523Mb L: 320/4096 MS: 1 EraseBytes-
#891278	REDUCE cov: 1685 ft: 7484 corp: 1548/348Kb lim: 4096 exec/s: 18189 rss: 523Mb L: 25/4096 MS: 1 EraseBytes-
#896444	REDUCE cov: 1685 ft: 7484 corp: 1548/348Kb lim: 4096 exec/s: 18294 rss: 523Mb L: 55/4096 MS: 1 EraseBytes-
#898151	REDUCE cov: 1685 ft: 7484 corp: 1548/348Kb lim: 4096 exec/s: 18329 rss: 523Mb L: 71/4096 MS: 2 ShuffleBytes-EraseBytes-
#898248	REDUCE cov: 1685 ft: 7484 corp: 1548/348Kb lim: 4096 exec/s: 18331 rss: 523Mb L: 376/4096 MS: 2 CrossOver-EraseBytes-
#901175	REDUCE cov: 1685 ft: 7484 corp: 1548/348Kb lim: 4096 exec/s: 18391 rss: 523Mb L: 41/4096 MS: 2 EraseBytes-CopyPart-
#903923	NEW    cov: 1685 ft: 7486 corp: 1549/348Kb lim: 4096 exec/s: 18078 rss: 523Mb L: 21/4096 MS: 3 CopyPart-CMP-ChangeBinInt- DE: "message"-
#904332	REDUCE cov: 1685 ft: 7486 corp: 1549/348Kb lim: 4096 exec/s: 18086 rss: 523Mb L: 3678/4096 MS: 4 ChangeBit-EraseBytes-ShuffleBytes-ChangeByte-
#910625	REDUCE cov: 1686 ft: 7488 corp: 1550/348Kb lim: 4096 exec/s: 18212 rss: 523Mb L: 726/4096 MS: 3 ChangeBinInt-InsertByte-ChangeBit-
#910999	REDUCE cov: 1686 ft: 7488 corp: 1550/348Kb lim: 4096 exec/s: 18219 rss: 523Mb L: 30/4096 MS: 4 InsertRepeatedBytes-EraseBytes-EraseBytes-CopyPart-
#911185	REDUCE cov: 1686 ft: 7488 corp: 1550/348Kb lim: 4096 exec/s: 18223 rss: 523Mb L: 158/4096 MS: 1 EraseBytes-
#914616	REDUCE cov: 1686 ft: 7488 corp: 1550/348Kb lim: 4096 exec/s: 18292 rss: 523Mb L: 120/4096 MS: 1 EraseBytes-
#917579	REDUCE cov: 1686 ft: 7488 corp: 1550/348Kb lim: 4096 exec/s: 18351 rss: 523Mb L: 23/4096 MS: 3 ChangeBit-ChangeBinInt-EraseBytes-
#917623	REDUCE cov: 1686 ft: 7488 corp: 1550/348Kb lim: 4096 exec/s: 18352 rss: 523Mb L: 1317/4096 MS: 4 InsertByte-ChangeBinInt-ChangeASCIIInt-EraseBytes-
#920609	REDUCE cov: 1686 ft: 7488 corp: 1550/348Kb lim: 4096 exec/s: 18412 rss: 523Mb L: 350/4096 MS: 1 EraseBytes-
#927317	REDUCE cov: 1686 ft: 7488 corp: 1550/348Kb lim: 4096 exec/s: 18182 rss: 523Mb L: 33/4096 MS: 3 ChangeByte-ShuffleBytes-EraseBytes-
#928233	REDUCE cov: 1686 ft: 7488 corp: 1550/348Kb lim: 4096 exec/s: 18200 rss: 523Mb L: 1794/4096 MS: 1 EraseBytes-
#932384	REDUCE cov: 1686 ft: 7488 corp: 1550/348Kb lim: 4096 exec/s: 18282 rss: 523Mb L: 38/4096 MS: 1 EraseBytes-
#933420	REDUCE cov: 1686 ft: 7488 corp: 1550/348Kb lim: 4096 exec/s: 18302 rss: 523Mb L: 136/4096 MS: 1 EraseBytes-
#934293	REDUCE cov: 1686 ft: 7488 corp: 1550/348Kb lim: 4096 exec/s: 18319 rss: 523Mb L: 659/4096 MS: 3 CopyPart-ChangeBit-EraseBytes-
#937679	REDUCE cov: 1686 ft: 7488 corp: 1550/348Kb lim: 4096 exec/s: 18385 rss: 523Mb L: 175/4096 MS: 1 EraseBytes-
#939771	REDUCE cov: 1686 ft: 7488 corp: 1550/348Kb lim: 4096 exec/s: 18426 rss: 523Mb L: 106/4096 MS: 2 ChangeASCIIInt-EraseBytes-
#942397	REDUCE cov: 1686 ft: 7488 corp: 1550/348Kb lim: 4096 exec/s: 18478 rss: 523Mb L: 2941/4096 MS: 1 EraseBytes-
#943938	REDUCE cov: 1686 ft: 7488 corp: 1550/348Kb lim: 4096 exec/s: 18152 rss: 523Mb L: 30/4096 MS: 1 EraseBytes-
#949784	REDUCE cov: 1686 ft: 7488 corp: 1550/348Kb lim: 4096 exec/s: 18265 rss: 523Mb L: 854/4096 MS: 1 EraseBytes-
#950180	REDUCE cov: 1686 ft: 7488 corp: 1550/348Kb lim: 4096 exec/s: 18272 rss: 523Mb L: 19/4096 MS: 1 EraseBytes-
#950822	REDUCE cov: 1686 ft: 7488 corp: 1550/348Kb lim: 4096 exec/s: 18285 rss: 523Mb L: 1267/4096 MS: 2 ChangeASCIIInt-EraseBytes-
#951148	REDUCE cov: 1686 ft: 7488 corp: 1550/348Kb lim: 4096 exec/s: 18291 rss: 523Mb L: 1185/4096 MS: 1 EraseBytes-
#951900	REDUCE cov: 1686 ft: 7488 corp: 1550/348Kb lim: 4096 exec/s: 18305 rss: 523Mb L: 73/4096 MS: 2 CrossOver-EraseBytes-
#952417	REDUCE cov: 1686 ft: 7488 corp: 1550/348Kb lim: 4096 exec/s: 18315 rss: 523Mb L: 93/4096 MS: 2 EraseBytes-CopyPart-
#952634	REDUCE cov: 1686 ft: 7488 corp: 1550/348Kb lim: 4096 exec/s: 18319 rss: 523Mb L: 304/4096 MS: 2 ChangeBinInt-EraseBytes-
#953436	REDUCE cov: 1686 ft: 7488 corp: 1550/348Kb lim: 4096 exec/s: 18335 rss: 523Mb L: 3496/4096 MS: 2 ShuffleBytes-EraseBytes-
#955257	REDUCE cov: 1686 ft: 7488 corp: 1550/348Kb lim: 4096 exec/s: 18370 rss: 523Mb L: 486/4096 MS: 1 EraseBytes-
#957569	REDUCE cov: 1686 ft: 7488 corp: 1550/348Kb lim: 4096 exec/s: 18414 rss: 523Mb L: 58/4096 MS: 2 EraseBytes-CopyPart-
#960950	REDUCE cov: 1686 ft: 7488 corp: 1550/348Kb lim: 4096 exec/s: 18479 rss: 523Mb L: 1191/4096 MS: 1 EraseBytes-
#962036	REDUCE cov: 1686 ft: 7488 corp: 1550/348Kb lim: 4096 exec/s: 18500 rss: 523Mb L: 767/4096 MS: 1 EraseBytes-
#962517	REDUCE cov: 1686 ft: 7488 corp: 1550/348Kb lim: 4096 exec/s: 18509 rss: 523Mb L: 19/4096 MS: 1 EraseBytes-
#962860	NEW    cov: 1686 ft: 7504 corp: 1551/350Kb lim: 4096 exec/s: 18167 rss: 523Mb L: 2728/4096 MS: 3 ShuffleBytes-CopyPart-CopyPart-
#964746	REDUCE cov: 1686 ft: 7504 corp: 1551/350Kb lim: 4096 exec/s: 18202 rss: 523Mb L: 3361/4096 MS: 1 EraseBytes-
#968412	REDUCE cov: 1686 ft: 7504 corp: 1551/350Kb lim: 4096 exec/s: 18271 rss: 523Mb L: 481/4096 MS: 4 EraseBytes-CMP-ShuffleBytes-CopyPart- DE: "\373\377\377\377"-
#970478	NEW    cov: 1686 ft: 7519 corp: 1552/353Kb lim: 4096 exec/s: 18310 rss: 523Mb L: 2798/4096 MS: 1 InsertRepeatedBytes-
#971066	REDUCE cov: 1686 ft: 7519 corp: 1552/353Kb lim: 4096 exec/s: 18322 rss: 523Mb L: 604/4096 MS: 3 ChangeBinInt-ChangeByte-EraseBytes-
#971627	REDUCE cov: 1686 ft: 7519 corp: 1552/353Kb lim: 4096 exec/s: 18332 rss: 523Mb L: 337/4096 MS: 1 EraseBytes-
#974614	REDUCE cov: 1686 ft: 7519 corp: 1552/353Kb lim: 4096 exec/s: 18388 rss: 523Mb L: 2560/4096 MS: 2 ShuffleBytes-EraseBytes-
#974761	REDUCE cov: 1686 ft: 7519 corp: 1552/353Kb lim: 4096 exec/s: 18391 rss: 523Mb L: 54/4096 MS: 2 InsertByte-EraseBytes-
#975053	NEW    cov: 1686 ft: 7529 corp: 1553/355Kb lim: 4096 exec/s: 18397 rss: 523Mb L: 2799/4096 MS: 2 ChangeBit-InsertByte-
#975091	REDUCE cov: 1686 ft: 7529 corp: 1553/355Kb lim: 4096 exec/s: 18397 rss: 523Mb L: 633/4096 MS: 3 ShuffleBytes-ChangeASCIIInt-EraseBytes-
#975827	REDUCE cov: 1686 ft: 7529 corp: 1553/355Kb lim: 4096 exec/s: 18411 rss: 523Mb L: 72/4096 MS: 1 EraseBytes-
#976690	NEW    cov: 1686 ft: 7530 corp: 1554/359Kb lim: 4096 exec/s: 18428 rss: 523Mb L: 3976/4096 MS: 3 ChangeBinInt-InsertRepeatedBytes-CopyPart-
#976837	REDUCE cov: 1686 ft: 7530 corp: 1554/359Kb lim: 4096 exec/s: 18430 rss: 523Mb L: 148/4096 MS: 2 ChangeASCIIInt-EraseBytes-
#978759	REDUCE cov: 1686 ft: 7530 corp: 1554/359Kb lim: 4096 exec/s: 18467 rss: 523Mb L: 101/4096 MS: 2 ShuffleBytes-EraseBytes-
#983175	REDUCE cov: 1686 ft: 7530 corp: 1554/359Kb lim: 4096 exec/s: 18206 rss: 523Mb L: 659/4096 MS: 1 EraseBytes-
#985616	REDUCE cov: 1686 ft: 7530 corp: 1554/359Kb lim: 4096 exec/s: 18252 rss: 523Mb L: 206/4096 MS: 1 EraseBytes-
#985685	REDUCE cov: 1686 ft: 7530 corp: 1554/359Kb lim: 4096 exec/s: 18253 rss: 523Mb L: 17/4096 MS: 2 EraseBytes-ChangeBinInt-
#986641	REDUCE cov: 1686 ft: 7530 corp: 1554/359Kb lim: 4096 exec/s: 18271 rss: 523Mb L: 94/4096 MS: 1 EraseBytes-
#986857	REDUCE cov: 1686 ft: 7530 corp: 1554/359Kb lim: 4096 exec/s: 18275 rss: 523Mb L: 41/4096 MS: 1 EraseBytes-
#990208	REDUCE cov: 1686 ft: 7530 corp: 1554/359Kb lim: 4096 exec/s: 18337 rss: 523Mb L: 20/4096 MS: 1 EraseBytes-
#991609	REDUCE cov: 1686 ft: 7530 corp: 1554/359Kb lim: 4096 exec/s: 18363 rss: 523Mb L: 1279/4096 MS: 1 EraseBytes-
#991690	NEW    cov: 1686 ft: 7532 corp: 1555/363Kb lim: 4096 exec/s: 18364 rss: 523Mb L: 3976/4096 MS: 1 ChangeASCIIInt-
#992140	REDUCE cov: 1686 ft: 7532 corp: 1555/363Kb lim: 4096 exec/s: 18372 rss: 523Mb L: 2452/4096 MS: 5 ChangeByte-InsertRepeatedBytes-ChangeBit-EraseBytes-ChangeBinInt-
#997186	REDUCE cov: 1686 ft: 7532 corp: 1555/363Kb lim: 4096 exec/s: 18466 rss: 523Mb L: 593/4096 MS: 1 EraseBytes-
#998043	REDUCE cov: 1686 ft: 7532 corp: 1555/363Kb lim: 4096 exec/s: 18482 rss: 523Mb L: 2437/4096 MS: 2 ChangeASCIIInt-EraseBytes-
#1003005	REDUCE cov: 1686 ft: 7532 corp: 1555/363Kb lim: 4096 exec/s: 18236 rss: 523Mb L: 659/4096 MS: 2 ChangeASCIIInt-EraseBytes-
#1003366	NEW    cov: 1686 ft: 7533 corp: 1556/364Kb lim: 4096 exec/s: 18243 rss: 523Mb L: 1009/4096 MS: 1 CrossOver-
#1003382	REDUCE cov: 1686 ft: 7533 corp: 1556/364Kb lim: 4096 exec/s: 18243 rss: 523Mb L: 2158/4096 MS: 1 EraseBytes-
#1003988	REDUCE cov: 1686 ft: 7533 corp: 1556/364Kb lim: 4096 exec/s: 18254 rss: 523Mb L: 17/4096 MS: 1 EraseBytes-
#1004224	REDUCE cov: 1686 ft: 7533 corp: 1556/364Kb lim: 4096 exec/s: 18258 rss: 523Mb L: 642/4096 MS: 1 EraseBytes-
#1005490	REDUCE cov: 1686 ft: 7533 corp: 1556/364Kb lim: 4096 exec/s: 18281 rss: 523Mb L: 197/4096 MS: 1 EraseBytes-
#1006548	REDUCE cov: 1686 ft: 7533 corp: 1556/363Kb lim: 4096 exec/s: 18300 rss: 523Mb L: 782/4096 MS: 2 ChangeByte-EraseBytes-
#1007634	REDUCE cov: 1686 ft: 7533 corp: 1556/363Kb lim: 4096 exec/s: 18320 rss: 523Mb L: 1631/4096 MS: 1 EraseBytes-
#1012920	REDUCE cov: 1686 ft: 7533 corp: 1556/363Kb lim: 4096 exec/s: 18416 rss: 523Mb L: 872/4096 MS: 1 EraseBytes-
#1012996	REDUCE cov: 1686 ft: 7533 corp: 1556/363Kb lim: 4096 exec/s: 18418 rss: 523Mb L: 92/4096 MS: 1 EraseBytes-
#1017049	REDUCE cov: 1686 ft: 7533 corp: 1556/363Kb lim: 4096 exec/s: 18491 rss: 523Mb L: 29/4096 MS: 3 ChangeBit-ChangeBit-EraseBytes-
#1025027	REDUCE cov: 1686 ft: 7533 corp: 1556/363Kb lim: 4096 exec/s: 18304 rss: 523Mb L: 134/4096 MS: 3 ChangeASCIIInt-CopyPart-EraseBytes-
#1025903	REDUCE cov: 1686 ft: 7533 corp: 1556/363Kb lim: 4096 exec/s: 18319 rss: 523Mb L: 66/4096 MS: 1 EraseBytes-
#1032640	REDUCE cov: 1686 ft: 7533 corp: 1556/363Kb lim: 4096 exec/s: 18440 rss: 523Mb L: 26/4096 MS: 2 EraseBytes-CopyPart-
#1034781	REDUCE cov: 1686 ft: 7533 corp: 1556/363Kb lim: 4096 exec/s: 18478 rss: 523Mb L: 3078/4096 MS: 1 EraseBytes-
#1035168	REDUCE cov: 1686 ft: 7533 corp: 1556/363Kb lim: 4096 exec/s: 18485 rss: 523Mb L: 157/4096 MS: 2 ChangeASCIIInt-EraseBytes-
#1036690	REDUCE cov: 1686 ft: 7533 corp: 1556/363Kb lim: 4096 exec/s: 18512 rss: 523Mb L: 184/4096 MS: 2 ChangeASCIIInt-EraseBytes-
#1037226	REDUCE cov: 1686 ft: 7533 corp: 1556/363Kb lim: 4096 exec/s: 18521 rss: 523Mb L: 156/4096 MS: 1 EraseBytes-
#1038888	REDUCE cov: 1686 ft: 7533 corp: 1556/363Kb lim: 4096 exec/s: 18551 rss: 523Mb L: 2613/4096 MS: 2 ChangeBit-EraseBytes-
#1039699	REDUCE cov: 1686 ft: 7533 corp: 1556/363Kb lim: 4096 exec/s: 18566 rss: 523Mb L: 116/4096 MS: 1 EraseBytes-
#1042083	REDUCE cov: 1686 ft: 7533 corp: 1556/363Kb lim: 4096 exec/s: 18608 rss: 523Mb L: 25/4096 MS: 4 ChangeASCIIInt-ChangeBinInt-CrossOver-EraseBytes-
#1042144	REDUCE cov: 1686 ft: 7533 corp: 1556/363Kb lim: 4096 exec/s: 18609 rss: 523Mb L: 158/4096 MS: 1 EraseBytes-
#1043605	REDUCE cov: 1686 ft: 7533 corp: 1556/363Kb lim: 4096 exec/s: 18308 rss: 523Mb L: 17/4096 MS: 1 EraseBytes-
#1046236	REDUCE cov: 1686 ft: 7533 corp: 1556/363Kb lim: 4096 exec/s: 18355 rss: 523Mb L: 1603/4096 MS: 1 EraseBytes-
#1047000	REDUCE cov: 1686 ft: 7533 corp: 1556/363Kb lim: 4096 exec/s: 18368 rss: 523Mb L: 102/4096 MS: 3 InsertByte-CopyPart-EraseBytes-
#1048101	REDUCE cov: 1686 ft: 7533 corp: 1556/363Kb lim: 4096 exec/s: 18387 rss: 523Mb L: 23/4096 MS: 1 EraseBytes-
#1048576	pulse  cov: 1686 ft: 7533 corp: 1556/363Kb lim: 4096 exec/s: 18396 rss: 523Mb
	NEW_FUNC[1/1]: 0x5bb3d24aee40  (/home/ther12k/Workspace/Learning/velqu/fuzz/target/x86_64-unknown-linux-gnu/release/codec_encoders+0x551e40) (BuildId: ffbab5315636f10f79c36e1592fe877e09efe821)
#1051153	NEW    cov: 1689 ft: 7537 corp: 1557/367Kb lim: 4096 exec/s: 18441 rss: 523Mb L: 4093/4096 MS: 2 ShuffleBytes-InsertRepeatedBytes-
#1055127	NEW    cov: 1690 ft: 7538 corp: 1558/369Kb lim: 4096 exec/s: 18511 rss: 523Mb L: 2714/4096 MS: 4 CrossOver-ChangeASCIIInt-ChangeASCIIInt-ChangeASCIIInt-
#1056888	REDUCE cov: 1690 ft: 7538 corp: 1558/369Kb lim: 4096 exec/s: 18541 rss: 523Mb L: 29/4096 MS: 1 EraseBytes-
#1058894	REDUCE cov: 1690 ft: 7538 corp: 1558/369Kb lim: 4096 exec/s: 18577 rss: 523Mb L: 2433/4096 MS: 1 EraseBytes-
#1058911	REDUCE cov: 1690 ft: 7538 corp: 1558/369Kb lim: 4096 exec/s: 18577 rss: 523Mb L: 637/4096 MS: 2 ChangeBit-EraseBytes-
#1060277	REDUCE cov: 1690 ft: 7538 corp: 1558/369Kb lim: 4096 exec/s: 18601 rss: 523Mb L: 64/4096 MS: 1 EraseBytes-
#1061774	REDUCE cov: 1690 ft: 7538 corp: 1558/369Kb lim: 4096 exec/s: 18306 rss: 523Mb L: 3847/4096 MS: 2 ChangeBit-EraseBytes-
	NEW_FUNC[1/1]: 0x5bb3d24700e0  (/home/ther12k/Workspace/Learning/velqu/fuzz/target/x86_64-unknown-linux-gnu/release/codec_encoders+0x5130e0) (BuildId: ffbab5315636f10f79c36e1592fe877e09efe821)
#1063528	NEW    cov: 1694 ft: 7542 corp: 1559/372Kb lim: 4096 exec/s: 18336 rss: 523Mb L: 2806/4096 MS: 4 CMP-InsertByte-ChangeByte-ChangeASCIIInt- DE: "message"-
#1064650	REDUCE cov: 1694 ft: 7542 corp: 1559/372Kb lim: 4096 exec/s: 18356 rss: 523Mb L: 84/4096 MS: 2 ShuffleBytes-EraseBytes-
#1064931	REDUCE cov: 1694 ft: 7542 corp: 1559/372Kb lim: 4096 exec/s: 18360 rss: 523Mb L: 2250/4096 MS: 1 EraseBytes-
#1065813	REDUCE cov: 1694 ft: 7542 corp: 1559/372Kb lim: 4096 exec/s: 18376 rss: 523Mb L: 27/4096 MS: 2 ShuffleBytes-EraseBytes-
#1066024	REDUCE cov: 1694 ft: 7542 corp: 1559/372Kb lim: 4096 exec/s: 18379 rss: 523Mb L: 106/4096 MS: 1 EraseBytes-
#1074797	REDUCE cov: 1694 ft: 7542 corp: 1559/372Kb lim: 4096 exec/s: 18530 rss: 523Mb L: 1066/4096 MS: 3 CopyPart-ChangeASCIIInt-EraseBytes-
#1078858	REDUCE cov: 1694 ft: 7542 corp: 1559/372Kb lim: 4096 exec/s: 18601 rss: 523Mb L: 440/4096 MS: 1 EraseBytes-
#1085454	REDUCE cov: 1694 ft: 7542 corp: 1559/372Kb lim: 4096 exec/s: 18397 rss: 523Mb L: 123/4096 MS: 1 EraseBytes-
#1087975	REDUCE cov: 1694 ft: 7542 corp: 1559/372Kb lim: 4096 exec/s: 18440 rss: 523Mb L: 88/4096 MS: 1 EraseBytes-
#1088684	REDUCE cov: 1694 ft: 7542 corp: 1559/372Kb lim: 4096 exec/s: 18452 rss: 523Mb L: 221/4096 MS: 4 ChangeBit-ChangeBinInt-ChangeBinInt-EraseBytes-
#1088855	REDUCE cov: 1694 ft: 7542 corp: 1559/372Kb lim: 4096 exec/s: 18455 rss: 523Mb L: 24/4096 MS: 1 EraseBytes-
#1089811	REDUCE cov: 1694 ft: 7542 corp: 1559/372Kb lim: 4096 exec/s: 18471 rss: 523Mb L: 20/4096 MS: 1 EraseBytes-
#1090009	REDUCE cov: 1695 ft: 7544 corp: 1560/375Kb lim: 4096 exec/s: 18474 rss: 523Mb L: 3857/4096 MS: 3 CopyPart-CMP-CMP- DE: "\357\277\275\357\277\275"-"code"-
#1091610	REDUCE cov: 1695 ft: 7544 corp: 1560/375Kb lim: 4096 exec/s: 18501 rss: 523Mb L: 404/4096 MS: 1 EraseBytes-
#1092056	REDUCE cov: 1695 ft: 7544 corp: 1560/375Kb lim: 4096 exec/s: 18509 rss: 523Mb L: 311/4096 MS: 1 EraseBytes-
#1095382	REDUCE cov: 1695 ft: 7544 corp: 1560/374Kb lim: 4096 exec/s: 18565 rss: 523Mb L: 1856/4096 MS: 1 EraseBytes-
#1101493	REDUCE cov: 1695 ft: 7544 corp: 1560/374Kb lim: 4096 exec/s: 18358 rss: 523Mb L: 343/4096 MS: 1 EraseBytes-
#1101604	REDUCE cov: 1695 ft: 7544 corp: 1560/374Kb lim: 4096 exec/s: 18360 rss: 523Mb L: 113/4096 MS: 1 EraseBytes-
#1102925	REDUCE cov: 1695 ft: 7544 corp: 1560/374Kb lim: 4096 exec/s: 18382 rss: 523Mb L: 66/4096 MS: 1 EraseBytes-
#1103747	REDUCE cov: 1695 ft: 7544 corp: 1560/374Kb lim: 4096 exec/s: 18395 rss: 523Mb L: 2677/4096 MS: 2 ChangeBit-EraseBytes-
#1109348	REDUCE cov: 1695 ft: 7544 corp: 1560/374Kb lim: 4096 exec/s: 18489 rss: 523Mb L: 38/4096 MS: 1 EraseBytes-
#1110015	REDUCE cov: 1695 ft: 7544 corp: 1560/374Kb lim: 4096 exec/s: 18500 rss: 523Mb L: 87/4096 MS: 2 CopyPart-EraseBytes-
#1111343	REDUCE cov: 1695 ft: 7544 corp: 1560/374Kb lim: 4096 exec/s: 18522 rss: 523Mb L: 2314/4096 MS: 3 InsertByte-InsertByte-EraseBytes-
#1112235	REDUCE cov: 1695 ft: 7544 corp: 1560/374Kb lim: 4096 exec/s: 18537 rss: 523Mb L: 3327/4096 MS: 2 PersAutoDict-EraseBytes- DE: "A\357\277\275"-
#1113336	REDUCE cov: 1695 ft: 7545 corp: 1561/374Kb lim: 4096 exec/s: 18555 rss: 523Mb L: 113/4096 MS: 1 CrossOver-
#1114087	REDUCE cov: 1695 ft: 7545 corp: 1561/374Kb lim: 4096 exec/s: 18568 rss: 523Mb L: 117/4096 MS: 1 EraseBytes-
#1114464	REDUCE cov: 1695 ft: 7545 corp: 1561/374Kb lim: 4096 exec/s: 18269 rss: 523Mb L: 1513/4096 MS: 2 ShuffleBytes-EraseBytes-
#1115087	REDUCE cov: 1695 ft: 7545 corp: 1561/374Kb lim: 4096 exec/s: 18280 rss: 523Mb L: 101/4096 MS: 3 ChangeASCIIInt-ChangeASCIIInt-EraseBytes-
#1118359	REDUCE cov: 1695 ft: 7545 corp: 1561/374Kb lim: 4096 exec/s: 18333 rss: 523Mb L: 100/4096 MS: 2 ChangeBit-EraseBytes-
#1124296	REDUCE cov: 1695 ft: 7545 corp: 1561/374Kb lim: 4096 exec/s: 18431 rss: 523Mb L: 2082/4096 MS: 1 EraseBytes-
#1127452	REDUCE cov: 1695 ft: 7545 corp: 1561/374Kb lim: 4096 exec/s: 18482 rss: 523Mb L: 40/4096 MS: 1 EraseBytes-
#1129638	REDUCE cov: 1695 ft: 7545 corp: 1561/374Kb lim: 4096 exec/s: 18518 rss: 523Mb L: 98/4096 MS: 1 EraseBytes-
#1138799	REDUCE cov: 1695 ft: 7545 corp: 1561/374Kb lim: 4096 exec/s: 18367 rss: 523Mb L: 36/4096 MS: 1 EraseBytes-
#1139526	REDUCE cov: 1695 ft: 7546 corp: 1562/377Kb lim: 4096 exec/s: 18379 rss: 523Mb L: 3477/4096 MS: 2 InsertByte-CopyPart-
#1141772	REDUCE cov: 1695 ft: 7546 corp: 1562/377Kb lim: 4096 exec/s: 18415 rss: 523Mb L: 37/4096 MS: 1 EraseBytes-
#1142204	REDUCE cov: 1695 ft: 7546 corp: 1562/377Kb lim: 4096 exec/s: 18422 rss: 523Mb L: 2235/4096 MS: 2 InsertByte-EraseBytes-
#1142835	REDUCE cov: 1695 ft: 7546 corp: 1562/377Kb lim: 4096 exec/s: 18432 rss: 523Mb L: 19/4096 MS: 1 EraseBytes-
#1145201	REDUCE cov: 1695 ft: 7546 corp: 1562/377Kb lim: 4096 exec/s: 18470 rss: 523Mb L: 63/4096 MS: 1 EraseBytes-
#1148962	REDUCE cov: 1695 ft: 7546 corp: 1562/377Kb lim: 4096 exec/s: 18531 rss: 523Mb L: 963/4096 MS: 1 EraseBytes-
#1149318	REDUCE cov: 1695 ft: 7546 corp: 1562/377Kb lim: 4096 exec/s: 18243 rss: 523Mb L: 70/4096 MS: 1 EraseBytes-
#1150184	REDUCE cov: 1695 ft: 7546 corp: 1562/377Kb lim: 4096 exec/s: 18256 rss: 523Mb L: 292/4096 MS: 1 EraseBytes-
#1152905	REDUCE cov: 1695 ft: 7546 corp: 1562/377Kb lim: 4096 exec/s: 18300 rss: 523Mb L: 275/4096 MS: 1 EraseBytes-
#1153661	REDUCE cov: 1695 ft: 7546 corp: 1562/377Kb lim: 4096 exec/s: 18312 rss: 523Mb L: 89/4096 MS: 1 EraseBytes-
#1156282	REDUCE cov: 1695 ft: 7546 corp: 1562/377Kb lim: 4096 exec/s: 18353 rss: 523Mb L: 341/4096 MS: 5 CopyPart-ChangeByte-ChangeASCIIInt-ChangeASCIIInt-EraseBytes-
#1157478	REDUCE cov: 1695 ft: 7546 corp: 1562/377Kb lim: 4096 exec/s: 18372 rss: 523Mb L: 1158/4096 MS: 1 EraseBytes-
#1157969	REDUCE cov: 1695 ft: 7546 corp: 1562/377Kb lim: 4096 exec/s: 18380 rss: 523Mb L: 226/4096 MS: 1 EraseBytes-
#1164245	REDUCE cov: 1695 ft: 7546 corp: 1562/377Kb lim: 4096 exec/s: 18480 rss: 523Mb L: 69/4096 MS: 1 EraseBytes-
#1169206	REDUCE cov: 1695 ft: 7546 corp: 1562/377Kb lim: 4096 exec/s: 18268 rss: 523Mb L: 13/4096 MS: 1 EraseBytes-
#1172252	REDUCE cov: 1695 ft: 7546 corp: 1562/377Kb lim: 4096 exec/s: 18316 rss: 523Mb L: 34/4096 MS: 1 EraseBytes-
#1176018	REDUCE cov: 1695 ft: 7546 corp: 1562/377Kb lim: 4096 exec/s: 18375 rss: 523Mb L: 792/4096 MS: 1 EraseBytes-
#1178094	REDUCE cov: 1695 ft: 7546 corp: 1562/377Kb lim: 4096 exec/s: 18407 rss: 523Mb L: 33/4096 MS: 1 EraseBytes-
#1178505	REDUCE cov: 1695 ft: 7546 corp: 1562/377Kb lim: 4096 exec/s: 18414 rss: 523Mb L: 12/4096 MS: 1 EraseBytes-
#1183466	REDUCE cov: 1695 ft: 7546 corp: 1562/377Kb lim: 4096 exec/s: 18491 rss: 523Mb L: 92/4096 MS: 1 EraseBytes-
#1184158	REDUCE cov: 1695 ft: 7546 corp: 1562/377Kb lim: 4096 exec/s: 18502 rss: 523Mb L: 96/4096 MS: 2 CMP-EraseBytes- DE: "\377\377\377\377\377\377\377\377"-
#1184251	REDUCE cov: 1695 ft: 7546 corp: 1562/377Kb lim: 4096 exec/s: 18503 rss: 523Mb L: 15/4096 MS: 3 ChangeASCIIInt-ChangeASCIIInt-EraseBytes-
#1185068	REDUCE cov: 1695 ft: 7546 corp: 1562/377Kb lim: 4096 exec/s: 18516 rss: 523Mb L: 977/4096 MS: 2 ChangeByte-EraseBytes-
#1185455	REDUCE cov: 1695 ft: 7546 corp: 1562/377Kb lim: 4096 exec/s: 18522 rss: 523Mb L: 123/4096 MS: 2 ChangeByte-EraseBytes-
#1186161	REDUCE cov: 1695 ft: 7546 corp: 1562/377Kb lim: 4096 exec/s: 18533 rss: 523Mb L: 87/4096 MS: 1 EraseBytes-
#1189415	REDUCE cov: 1695 ft: 7546 corp: 1562/377Kb lim: 4096 exec/s: 18298 rss: 523Mb L: 139/4096 MS: 4 ChangeASCIIInt-ChangeASCIIInt-CrossOver-EraseBytes-
#1190497	REDUCE cov: 1695 ft: 7546 corp: 1562/376Kb lim: 4096 exec/s: 18315 rss: 523Mb L: 3533/4096 MS: 2 InsertRepeatedBytes-EraseBytes-
#1191133	REDUCE cov: 1695 ft: 7546 corp: 1562/376Kb lim: 4096 exec/s: 18325 rss: 523Mb L: 265/4096 MS: 1 EraseBytes-
#1192567	REDUCE cov: 1695 ft: 7546 corp: 1562/376Kb lim: 4096 exec/s: 18347 rss: 523Mb L: 30/4096 MS: 4 ChangeASCIIInt-ChangeBinInt-ShuffleBytes-EraseBytes-
#1193959	REDUCE cov: 1695 ft: 7546 corp: 1562/376Kb lim: 4096 exec/s: 18368 rss: 523Mb L: 97/4096 MS: 1 EraseBytes-
#1204066	REDUCE cov: 1695 ft: 7546 corp: 1562/376Kb lim: 4096 exec/s: 18524 rss: 523Mb L: 54/4096 MS: 2 ShuffleBytes-EraseBytes-
#1205697	REDUCE cov: 1695 ft: 7546 corp: 1562/376Kb lim: 4096 exec/s: 18549 rss: 523Mb L: 16/4096 MS: 1 EraseBytes-
#1206213	REDUCE cov: 1695 ft: 7546 corp: 1562/376Kb lim: 4096 exec/s: 18557 rss: 523Mb L: 1484/4096 MS: 1 EraseBytes-
#1207880	REDUCE cov: 1695 ft: 7546 corp: 1562/376Kb lim: 4096 exec/s: 18301 rss: 523Mb L: 1293/4096 MS: 2 ChangeByte-EraseBytes-
#1211191	REDUCE cov: 1696 ft: 7549 corp: 1563/377Kb lim: 4096 exec/s: 18351 rss: 523Mb L: 633/4096 MS: 1 CrossOver-
#1215897	REDUCE cov: 1696 ft: 7549 corp: 1563/377Kb lim: 4096 exec/s: 18422 rss: 523Mb L: 1034/4096 MS: 1 EraseBytes-
#1216193	REDUCE cov: 1696 ft: 7549 corp: 1563/377Kb lim: 4096 exec/s: 18427 rss: 523Mb L: 518/4096 MS: 1 EraseBytes-
#1218260	REDUCE cov: 1696 ft: 7549 corp: 1563/377Kb lim: 4096 exec/s: 18458 rss: 523Mb L: 12/4096 MS: 2 CopyPart-EraseBytes-
#1218546	REDUCE cov: 1696 ft: 7549 corp: 1563/377Kb lim: 4096 exec/s: 18462 rss: 523Mb L: 406/4096 MS: 1 EraseBytes-
#1222852	REDUCE cov: 1696 ft: 7549 corp: 1563/377Kb lim: 4096 exec/s: 18528 rss: 523Mb L: 86/4096 MS: 1 EraseBytes-
#1227273	REDUCE cov: 1696 ft: 7549 corp: 1563/377Kb lim: 4096 exec/s: 18317 rss: 523Mb L: 39/4096 MS: 1 EraseBytes-
#1228055	REDUCE cov: 1696 ft: 7549 corp: 1563/377Kb lim: 4096 exec/s: 18329 rss: 523Mb L: 13/4096 MS: 2 CopyPart-EraseBytes-
#1229367	REDUCE cov: 1696 ft: 7549 corp: 1563/377Kb lim: 4096 exec/s: 18348 rss: 523Mb L: 1319/4096 MS: 2 CopyPart-EraseBytes-
#1239268	REDUCE cov: 1696 ft: 7549 corp: 1563/377Kb lim: 4096 exec/s: 18496 rss: 523Mb L: 58/4096 MS: 1 EraseBytes-
#1240853	REDUCE cov: 1696 ft: 7549 corp: 1563/377Kb lim: 4096 exec/s: 18520 rss: 523Mb L: 1270/4096 MS: 5 ChangeBit-EraseBytes-CopyPart-ShuffleBytes-EraseBytes-
#1246675	NEW    cov: 1696 ft: 7551 corp: 1564/377Kb lim: 4096 exec/s: 18333 rss: 523Mb L: 16/4096 MS: 2 ShuffleBytes-CrossOver-
#1248571	REDUCE cov: 1696 ft: 7551 corp: 1564/377Kb lim: 4096 exec/s: 18361 rss: 523Mb L: 3439/4096 MS: 1 EraseBytes-
#1249968	REDUCE cov: 1696 ft: 7551 corp: 1564/376Kb lim: 4096 exec/s: 18381 rss: 523Mb L: 3188/4096 MS: 2 ChangeBit-EraseBytes-
#1250474	REDUCE cov: 1696 ft: 7551 corp: 1564/376Kb lim: 4096 exec/s: 18389 rss: 523Mb L: 350/4096 MS: 1 EraseBytes-
#1250550	REDUCE cov: 1696 ft: 7551 corp: 1564/376Kb lim: 4096 exec/s: 18390 rss: 523Mb L: 7/4096 MS: 1 EraseBytes-
#1254866	REDUCE cov: 1696 ft: 7551 corp: 1564/376Kb lim: 4096 exec/s: 18453 rss: 523Mb L: 26/4096 MS: 1 EraseBytes-
#1255807	REDUCE cov: 1696 ft: 7551 corp: 1564/376Kb lim: 4096 exec/s: 18467 rss: 523Mb L: 72/4096 MS: 1 EraseBytes-
#1258130	REDUCE cov: 1696 ft: 7555 corp: 1565/380Kb lim: 4096 exec/s: 18501 rss: 523Mb L: 3609/4096 MS: 3 CopyPart-CopyPart-CopyPart-
#1265292	REDUCE cov: 1696 ft: 7555 corp: 1565/380Kb lim: 4096 exec/s: 18337 rss: 523Mb L: 21/4096 MS: 2 EraseBytes-ChangeBit-
#1269323	REDUCE cov: 1696 ft: 7555 corp: 1565/380Kb lim: 4096 exec/s: 18395 rss: 523Mb L: 96/4096 MS: 1 EraseBytes-
#1270045	NEW    cov: 1697 ft: 7556 corp: 1566/380Kb lim: 4096 exec/s: 18406 rss: 523Mb L: 633/4096 MS: 2 ChangeASCIIInt-PersAutoDict- DE: "\377\377\377\320"-
#1272326	REDUCE cov: 1697 ft: 7556 corp: 1566/380Kb lim: 4096 exec/s: 18439 rss: 523Mb L: 83/4096 MS: 1 EraseBytes-
#1273037	REDUCE cov: 1697 ft: 7556 corp: 1566/380Kb lim: 4096 exec/s: 18449 rss: 523Mb L: 2830/4096 MS: 1 EraseBytes-
#1276473	REDUCE cov: 1697 ft: 7556 corp: 1566/380Kb lim: 4096 exec/s: 18499 rss: 523Mb L: 14/4096 MS: 1 EraseBytes-
#1279109	REDUCE cov: 1697 ft: 7556 corp: 1566/380Kb lim: 4096 exec/s: 18537 rss: 523Mb L: 37/4096 MS: 1 EraseBytes-
#1281901	REDUCE cov: 1697 ft: 7556 corp: 1566/380Kb lim: 4096 exec/s: 18578 rss: 523Mb L: 1124/4096 MS: 2 ChangeByte-EraseBytes-
#1286617	REDUCE cov: 1697 ft: 7556 corp: 1566/380Kb lim: 4096 exec/s: 18380 rss: 523Mb L: 86/4096 MS: 1 EraseBytes-
#1288493	REDUCE cov: 1697 ft: 7556 corp: 1566/380Kb lim: 4096 exec/s: 18407 rss: 523Mb L: 153/4096 MS: 1 EraseBytes-
#1289449	REDUCE cov: 1697 ft: 7556 corp: 1566/380Kb lim: 4096 exec/s: 18420 rss: 523Mb L: 27/4096 MS: 1 EraseBytes-
#1290965	REDUCE cov: 1697 ft: 7556 corp: 1566/380Kb lim: 4096 exec/s: 18442 rss: 523Mb L: 70/4096 MS: 1 EraseBytes-
#1293032	REDUCE cov: 1697 ft: 7556 corp: 1566/380Kb lim: 4096 exec/s: 18471 rss: 523Mb L: 86/4096 MS: 2 ChangeByte-EraseBytes-
#1293603	REDUCE cov: 1697 ft: 7556 corp: 1566/380Kb lim: 4096 exec/s: 18480 rss: 523Mb L: 28/4096 MS: 1 EraseBytes-
#1294775	NEW    cov: 1697 ft: 7557 corp: 1567/383Kb lim: 4096 exec/s: 18496 rss: 523Mb L: 2806/4096 MS: 2 ChangeASCIIInt-ChangeByte-
#1296376	REDUCE cov: 1697 ft: 7557 corp: 1567/383Kb lim: 4096 exec/s: 18519 rss: 523Mb L: 46/4096 MS: 1 EraseBytes-
#1298056	REDUCE cov: 1697 ft: 7557 corp: 1567/382Kb lim: 4096 exec/s: 18543 rss: 523Mb L: 2680/4096 MS: 5 EraseBytes-InsertRepeatedBytes-PersAutoDict-ChangeByte-InsertRepeatedBytes- DE: "code"-
#1298242	REDUCE cov: 1697 ft: 7557 corp: 1567/382Kb lim: 4096 exec/s: 18546 rss: 523Mb L: 3281/4096 MS: 1 EraseBytes-
#1298843	REDUCE cov: 1697 ft: 7557 corp: 1567/382Kb lim: 4096 exec/s: 18554 rss: 523Mb L: 225/4096 MS: 1 EraseBytes-
#1300990	REDUCE cov: 1697 ft: 7557 corp: 1567/382Kb lim: 4096 exec/s: 18323 rss: 523Mb L: 20/4096 MS: 2 ChangeASCIIInt-EraseBytes-
#1301411	REDUCE cov: 1697 ft: 7557 corp: 1567/382Kb lim: 4096 exec/s: 18329 rss: 523Mb L: 601/4096 MS: 1 EraseBytes-
#1301617	REDUCE cov: 1697 ft: 7557 corp: 1567/382Kb lim: 4096 exec/s: 18332 rss: 523Mb L: 84/4096 MS: 1 EraseBytes-
#1302313	REDUCE cov: 1697 ft: 7557 corp: 1567/382Kb lim: 4096 exec/s: 18342 rss: 523Mb L: 7/4096 MS: 1 EraseBytes-
#1303924	REDUCE cov: 1697 ft: 7557 corp: 1567/382Kb lim: 4096 exec/s: 18365 rss: 523Mb L: 3251/4096 MS: 1 EraseBytes-
#1304931	REDUCE cov: 1697 ft: 7557 corp: 1567/382Kb lim: 4096 exec/s: 18379 rss: 523Mb L: 1284/4096 MS: 2 InsertRepeatedBytes-EraseBytes-
#1309517	REDUCE cov: 1697 ft: 7557 corp: 1567/382Kb lim: 4096 exec/s: 18443 rss: 523Mb L: 42/4096 MS: 1 EraseBytes-
#1310128	REDUCE cov: 1697 ft: 7557 corp: 1567/382Kb lim: 4096 exec/s: 18452 rss: 523Mb L: 432/4096 MS: 1 EraseBytes-
#1313174	REDUCE cov: 1697 ft: 7557 corp: 1567/382Kb lim: 4096 exec/s: 18495 rss: 523Mb L: 687/4096 MS: 1 EraseBytes-
#1314668	REDUCE cov: 1697 ft: 7557 corp: 1567/382Kb lim: 4096 exec/s: 18516 rss: 523Mb L: 26/4096 MS: 4 ChangeBinInt-ShuffleBytes-EraseBytes-CMP- DE: "\377\377\377\377"-
#1315554	REDUCE cov: 1697 ft: 7557 corp: 1567/382Kb lim: 4096 exec/s: 18528 rss: 523Mb L: 218/4096 MS: 1 EraseBytes-
#1321110	REDUCE cov: 1697 ft: 7557 corp: 1567/382Kb lim: 4096 exec/s: 18348 rss: 523Mb L: 974/4096 MS: 1 EraseBytes-
#1324302	REDUCE cov: 1697 ft: 7557 corp: 1567/382Kb lim: 4096 exec/s: 18393 rss: 523Mb L: 103/4096 MS: 2 ChangeASCIIInt-EraseBytes-
#1328542	REDUCE cov: 1697 ft: 7557 corp: 1567/382Kb lim: 4096 exec/s: 18451 rss: 523Mb L: 163/4096 MS: 5 CopyPart-CopyPart-PersAutoDict-CopyPart-EraseBytes- DE: "code"-
#1331144	REDUCE cov: 1697 ft: 7557 corp: 1567/381Kb lim: 4096 exec/s: 18488 rss: 523Mb L: 1560/4096 MS: 2 ChangeASCIIInt-EraseBytes-
#1337207	REDUCE cov: 1697 ft: 7557 corp: 1567/381Kb lim: 4096 exec/s: 18317 rss: 523Mb L: 2644/4096 MS: 3 InsertRepeatedBytes-ChangeASCIIInt-EraseBytes-
#1341380	REDUCE cov: 1697 ft: 7557 corp: 1567/381Kb lim: 4096 exec/s: 18375 rss: 523Mb L: 785/4096 MS: 3 ChangeASCIIInt-ChangeASCIIInt-EraseBytes-
#1343724	REDUCE cov: 1697 ft: 7557 corp: 1567/381Kb lim: 4096 exec/s: 18407 rss: 523Mb L: 152/4096 MS: 4 ChangeByte-ChangeASCIIInt-ChangeASCIIInt-EraseBytes-
#1355690	REDUCE cov: 1697 ft: 7557 corp: 1567/381Kb lim: 4096 exec/s: 18320 rss: 523Mb L: 729/4096 MS: 1 EraseBytes-
#1355733	REDUCE cov: 1697 ft: 7557 corp: 1567/381Kb lim: 4096 exec/s: 18320 rss: 523Mb L: 439/4096 MS: 3 ShuffleBytes-ChangeBinInt-EraseBytes-
#1356371	REDUCE cov: 1697 ft: 7557 corp: 1567/381Kb lim: 4096 exec/s: 18329 rss: 523Mb L: 601/4096 MS: 3 InsertByte-InsertByte-EraseBytes-
#1359010	NEW    cov: 1697 ft: 7558 corp: 1568/385Kb lim: 4096 exec/s: 18365 rss: 523Mb L: 4093/4096 MS: 4 CopyPart-ShuffleBytes-ChangeByte-ChangeBinInt-
#1363671	REDUCE cov: 1697 ft: 7558 corp: 1568/385Kb lim: 4096 exec/s: 18427 rss: 523Mb L: 9/4096 MS: 1 EraseBytes-
#1364102	REDUCE cov: 1697 ft: 7558 corp: 1568/385Kb lim: 4096 exec/s: 18433 rss: 523Mb L: 1416/4096 MS: 1 EraseBytes-
#1364134	REDUCE cov: 1697 ft: 7558 corp: 1568/385Kb lim: 4096 exec/s: 18434 rss: 523Mb L: 160/4096 MS: 2 ChangeBinInt-EraseBytes-
#1365861	REDUCE cov: 1697 ft: 7558 corp: 1568/385Kb lim: 4096 exec/s: 18457 rss: 523Mb L: 541/4096 MS: 2 CopyPart-EraseBytes-
#1366143	REDUCE cov: 1697 ft: 7558 corp: 1568/385Kb lim: 4096 exec/s: 18461 rss: 523Mb L: 62/4096 MS: 2 ChangeASCIIInt-EraseBytes-
#1367294	REDUCE cov: 1697 ft: 7558 corp: 1568/385Kb lim: 4096 exec/s: 18476 rss: 523Mb L: 436/4096 MS: 1 EraseBytes-
#1370195	REDUCE cov: 1697 ft: 7558 corp: 1568/385Kb lim: 4096 exec/s: 18516 rss: 523Mb L: 547/4096 MS: 1 EraseBytes-
#1376707	REDUCE cov: 1697 ft: 7562 corp: 1569/388Kb lim: 4096 exec/s: 18356 rss: 523Mb L: 3252/4096 MS: 2 ChangeASCIIInt-InsertByte-
#1376710	REDUCE cov: 1697 ft: 7562 corp: 1569/388Kb lim: 4096 exec/s: 18356 rss: 523Mb L: 591/4096 MS: 3 CrossOver-PersAutoDict-EraseBytes- DE: "\373\377\377\377"-
#1377734	REDUCE cov: 1697 ft: 7562 corp: 1569/388Kb lim: 4096 exec/s: 18369 rss: 523Mb L: 611/4096 MS: 4 CopyPart-ChangeByte-ChangeByte-EraseBytes-
#1379770	REDUCE cov: 1697 ft: 7562 corp: 1569/388Kb lim: 4096 exec/s: 18396 rss: 523Mb L: 155/4096 MS: 1 EraseBytes-
#1382426	REDUCE cov: 1697 ft: 7562 corp: 1569/388Kb lim: 4096 exec/s: 18432 rss: 523Mb L: 66/4096 MS: 1 EraseBytes-
#1384065	REDUCE cov: 1697 ft: 7562 corp: 1569/388Kb lim: 4096 exec/s: 18454 rss: 523Mb L: 301/4096 MS: 4 ChangeBinInt-InsertByte-ChangeBinInt-EraseBytes-
#1384471	REDUCE cov: 1697 ft: 7562 corp: 1569/388Kb lim: 4096 exec/s: 18459 rss: 523Mb L: 12/4096 MS: 1 EraseBytes-
#1385142	REDUCE cov: 1697 ft: 7562 corp: 1569/388Kb lim: 4096 exec/s: 18468 rss: 523Mb L: 41/4096 MS: 1 EraseBytes-
#1385678	REDUCE cov: 1697 ft: 7562 corp: 1569/388Kb lim: 4096 exec/s: 18475 rss: 523Mb L: 11/4096 MS: 1 EraseBytes-
#1386025	REDUCE cov: 1697 ft: 7562 corp: 1569/388Kb lim: 4096 exec/s: 18480 rss: 523Mb L: 1872/4096 MS: 2 CopyPart-EraseBytes-
#1387628	REDUCE cov: 1697 ft: 7562 corp: 1569/388Kb lim: 4096 exec/s: 18501 rss: 523Mb L: 9/4096 MS: 3 CopyPart-ChangeASCIIInt-EraseBytes-
#1391150	REDUCE cov: 1697 ft: 7562 corp: 1569/388Kb lim: 4096 exec/s: 18548 rss: 523Mb L: 1098/4096 MS: 2 ShuffleBytes-EraseBytes-
#1391374	REDUCE cov: 1697 ft: 7562 corp: 1569/387Kb lim: 4096 exec/s: 18551 rss: 523Mb L: 3071/4096 MS: 4 ChangeBit-PersAutoDict-InsertByte-EraseBytes- DE: "\377\377\377\377"-
#1392670	REDUCE cov: 1697 ft: 7562 corp: 1569/387Kb lim: 4096 exec/s: 18324 rss: 523Mb L: 128/4096 MS: 1 EraseBytes-
#1394231	REDUCE cov: 1697 ft: 7562 corp: 1569/387Kb lim: 4096 exec/s: 18345 rss: 523Mb L: 2783/4096 MS: 1 EraseBytes-
#1396502	NEW    cov: 1700 ft: 7565 corp: 1570/387Kb lim: 4096 exec/s: 18375 rss: 523Mb L: 7/4096 MS: 1 ChangeBit-
#1397630	REDUCE cov: 1700 ft: 7565 corp: 1570/387Kb lim: 4096 exec/s: 18389 rss: 523Mb L: 12/4096 MS: 3 EraseBytes-PersAutoDict-CMP- DE: "\377\377\377\320"-"\377\377"-
#1403537	REDUCE cov: 1700 ft: 7565 corp: 1570/387Kb lim: 4096 exec/s: 18467 rss: 523Mb L: 508/4096 MS: 2 InsertByte-EraseBytes-
#1404548	NEW    cov: 1701 ft: 7566 corp: 1571/387Kb lim: 4096 exec/s: 18480 rss: 523Mb L: 23/4096 MS: 1 ChangeBit-
#1410196	REDUCE cov: 1703 ft: 7568 corp: 1572/388Kb lim: 4096 exec/s: 18314 rss: 523Mb L: 619/4096 MS: 3 InsertByte-ChangeBit-CrossOver-
#1410337	REDUCE cov: 1703 ft: 7568 corp: 1572/388Kb lim: 4096 exec/s: 18316 rss: 523Mb L: 529/4096 MS: 1 EraseBytes-
#1417000	REDUCE cov: 1703 ft: 7568 corp: 1572/388Kb lim: 4096 exec/s: 18402 rss: 523Mb L: 293/4096 MS: 3 ChangeBinInt-ChangeASCIIInt-EraseBytes-
#1417971	REDUCE cov: 1703 ft: 7568 corp: 1572/388Kb lim: 4096 exec/s: 18415 rss: 523Mb L: 122/4096 MS: 1 EraseBytes-
#1420408	REDUCE cov: 1703 ft: 7568 corp: 1572/388Kb lim: 4096 exec/s: 18446 rss: 523Mb L: 962/4096 MS: 2 CopyPart-EraseBytes-
#1421439	REDUCE cov: 1703 ft: 7568 corp: 1572/386Kb lim: 4096 exec/s: 18460 rss: 523Mb L: 2221/4096 MS: 1 EraseBytes-
#1421882	REDUCE cov: 1703 ft: 7568 corp: 1572/386Kb lim: 4096 exec/s: 18466 rss: 523Mb L: 3127/4096 MS: 3 ShuffleBytes-CopyPart-EraseBytes-
#1422594	REDUCE cov: 1703 ft: 7568 corp: 1572/386Kb lim: 4096 exec/s: 18475 rss: 523Mb L: 23/4096 MS: 2 ChangeBinInt-EraseBytes-
#1422652	REDUCE cov: 1703 ft: 7568 corp: 1572/386Kb lim: 4096 exec/s: 18476 rss: 523Mb L: 21/4096 MS: 3 ChangeBit-ShuffleBytes-EraseBytes-
#1425900	REDUCE cov: 1703 ft: 7568 corp: 1572/386Kb lim: 4096 exec/s: 18518 rss: 523Mb L: 494/4096 MS: 3 InsertByte-ChangeBinInt-EraseBytes-
#1430512	REDUCE cov: 1703 ft: 7568 corp: 1572/386Kb lim: 4096 exec/s: 18339 rss: 523Mb L: 232/4096 MS: 2 ChangeASCIIInt-EraseBytes-
#1430878	REDUCE cov: 1703 ft: 7568 corp: 1572/386Kb lim: 4096 exec/s: 18344 rss: 523Mb L: 281/4096 MS: 1 EraseBytes-
#1434773	NEW    cov: 1704 ft: 7571 corp: 1573/390Kb lim: 4096 exec/s: 18394 rss: 523Mb L: 4088/4096 MS: 5 ChangeASCIIInt-CopyPart-ChangeASCIIInt-InsertRepeatedBytes-InsertByte-
#1434864	REDUCE cov: 1704 ft: 7571 corp: 1573/390Kb lim: 4096 exec/s: 18395 rss: 523Mb L: 231/4096 MS: 1 EraseBytes-
#1435515	REDUCE cov: 1704 ft: 7571 corp: 1573/390Kb lim: 4096 exec/s: 18404 rss: 523Mb L: 261/4096 MS: 1 EraseBytes-
#1437292	REDUCE cov: 1704 ft: 7571 corp: 1573/390Kb lim: 4096 exec/s: 18426 rss: 523Mb L: 17/4096 MS: 2 ShuffleBytes-EraseBytes-
#1437944	REDUCE cov: 1704 ft: 7571 corp: 1573/390Kb lim: 4096 exec/s: 18435 rss: 523Mb L: 28/4096 MS: 1 EraseBytes-
#1439490	REDUCE cov: 1704 ft: 7571 corp: 1573/390Kb lim: 4096 exec/s: 18455 rss: 523Mb L: 133/4096 MS: 1 EraseBytes-
#1447192	REDUCE cov: 1704 ft: 7571 corp: 1573/390Kb lim: 4096 exec/s: 18318 rss: 523Mb L: 860/4096 MS: 2 EraseBytes-CopyPart-
#1450013	REDUCE cov: 1704 ft: 7571 corp: 1573/390Kb lim: 4096 exec/s: 18354 rss: 523Mb L: 20/4096 MS: 1 EraseBytes-
#1451039	REDUCE cov: 1704 ft: 7571 corp: 1573/390Kb lim: 4096 exec/s: 18367 rss: 523Mb L: 36/4096 MS: 1 EraseBytes-
#1454025	REDUCE cov: 1704 ft: 7571 corp: 1573/390Kb lim: 4096 exec/s: 18405 rss: 523Mb L: 49/4096 MS: 1 EraseBytes-
#1457182	REDUCE cov: 1704 ft: 7571 corp: 1573/390Kb lim: 4096 exec/s: 18445 rss: 523Mb L: 443/4096 MS: 2 ChangeASCIIInt-EraseBytes-
#1459138	REDUCE cov: 1704 ft: 7571 corp: 1573/390Kb lim: 4096 exec/s: 18470 rss: 523Mb L: 100/4096 MS: 1 EraseBytes-
#1460984	REDUCE cov: 1704 ft: 7571 corp: 1573/390Kb lim: 4096 exec/s: 18493 rss: 523Mb L: 99/4096 MS: 1 EraseBytes-
#1461427	REDUCE cov: 1704 ft: 7571 corp: 1573/390Kb lim: 4096 exec/s: 18499 rss: 523Mb L: 260/4096 MS: 3 InsertRepeatedBytes-EraseBytes-CopyPart-
#1461534	REDUCE cov: 1704 ft: 7571 corp: 1573/390Kb lim: 4096 exec/s: 18500 rss: 523Mb L: 178/4096 MS: 2 ChangeASCIIInt-EraseBytes-
#1462659	REDUCE cov: 1704 ft: 7571 corp: 1573/389Kb lim: 4096 exec/s: 18514 rss: 523Mb L: 2774/4096 MS: 5 PersAutoDict-ChangeBinInt-ChangeByte-InsertByte-EraseBytes- DE: "A\357\277\275"-
#1463050	REDUCE cov: 1704 ft: 7571 corp: 1573/389Kb lim: 4096 exec/s: 18519 rss: 523Mb L: 76/4096 MS: 1 EraseBytes-
#1471921	REDUCE cov: 1704 ft: 7571 corp: 1573/389Kb lim: 4096 exec/s: 18399 rss: 523Mb L: 429/4096 MS: 1 EraseBytes-
#1472092	REDUCE cov: 1704 ft: 7571 corp: 1573/389Kb lim: 4096 exec/s: 18401 rss: 523Mb L: 89/4096 MS: 1 EraseBytes-
#1475929	REDUCE cov: 1704 ft: 7571 corp: 1573/389Kb lim: 4096 exec/s: 18449 rss: 523Mb L: 631/4096 MS: 2 ChangeByte-EraseBytes-
#1476892	REDUCE cov: 1704 ft: 7571 corp: 1573/389Kb lim: 4096 exec/s: 18461 rss: 523Mb L: 62/4096 MS: 3 CopyPart-CopyPart-EraseBytes-
#1483863	REDUCE cov: 1704 ft: 7571 corp: 1573/389Kb lim: 4096 exec/s: 18319 rss: 523Mb L: 3103/4096 MS: 1 EraseBytes-
#1483990	REDUCE cov: 1704 ft: 7571 corp: 1573/389Kb lim: 4096 exec/s: 18320 rss: 523Mb L: 2957/4096 MS: 2 ChangeBit-EraseBytes-
#1484053	REDUCE cov: 1704 ft: 7571 corp: 1573/389Kb lim: 4096 exec/s: 18321 rss: 523Mb L: 197/4096 MS: 3 ShuffleBytes-ChangeBinInt-EraseBytes-
#1489000	REDUCE cov: 1704 ft: 7571 corp: 1573/389Kb lim: 4096 exec/s: 18382 rss: 523Mb L: 944/4096 MS: 2 ChangeBit-EraseBytes-
#1489146	REDUCE cov: 1704 ft: 7571 corp: 1573/389Kb lim: 4096 exec/s: 18384 rss: 523Mb L: 298/4096 MS: 1 EraseBytes-
#1489587	REDUCE cov: 1704 ft: 7571 corp: 1573/389Kb lim: 4096 exec/s: 18389 rss: 523Mb L: 110/4096 MS: 1 EraseBytes-
#1490863	REDUCE cov: 1704 ft: 7571 corp: 1573/389Kb lim: 4096 exec/s: 18405 rss: 523Mb L: 28/4096 MS: 1 EraseBytes-
#1494009	REDUCE cov: 1704 ft: 7571 corp: 1573/389Kb lim: 4096 exec/s: 18444 rss: 523Mb L: 1283/4096 MS: 1 EraseBytes-
#1499001	REDUCE cov: 1704 ft: 7571 corp: 1573/389Kb lim: 4096 exec/s: 18280 rss: 523Mb L: 1831/4096 MS: 2 ChangeASCIIInt-EraseBytes-
#1499102	REDUCE cov: 1704 ft: 7571 corp: 1573/389Kb lim: 4096 exec/s: 18281 rss: 523Mb L: 1243/4096 MS: 1 EraseBytes-
#1502031	REDUCE cov: 1704 ft: 7571 corp: 1573/389Kb lim: 4096 exec/s: 18317 rss: 523Mb L: 17/4096 MS: 4 ChangeASCIIInt-ChangeByte-CopyPart-EraseBytes-
#1502187	REDUCE cov: 1704 ft: 7571 corp: 1573/389Kb lim: 4096 exec/s: 18319 rss: 523Mb L: 15/4096 MS: 1 EraseBytes-
#1504133	REDUCE cov: 1704 ft: 7571 corp: 1573/389Kb lim: 4096 exec/s: 18343 rss: 523Mb L: 44/4096 MS: 1 EraseBytes-
#1504379	REDUCE cov: 1704 ft: 7571 corp: 1573/389Kb lim: 4096 exec/s: 18346 rss: 523Mb L: 74/4096 MS: 1 EraseBytes-
#1505205	REDUCE cov: 1704 ft: 7571 corp: 1573/389Kb lim: 4096 exec/s: 18356 rss: 523Mb L: 33/4096 MS: 1 EraseBytes-
#1507261	REDUCE cov: 1704 ft: 7571 corp: 1573/389Kb lim: 4096 exec/s: 18381 rss: 523Mb L: 116/4096 MS: 1 EraseBytes-
#1512354	REDUCE cov: 1704 ft: 7571 corp: 1573/389Kb lim: 4096 exec/s: 18443 rss: 523Mb L: 55/4096 MS: 3 CrossOver-CopyPart-EraseBytes-
#1513060	REDUCE cov: 1704 ft: 7571 corp: 1573/389Kb lim: 4096 exec/s: 18229 rss: 523Mb L: 177/4096 MS: 1 EraseBytes-
#1515686	REDUCE cov: 1704 ft: 7571 corp: 1573/389Kb lim: 4096 exec/s: 18261 rss: 523Mb L: 1224/4096 MS: 1 EraseBytes-
#1515913	REDUCE cov: 1704 ft: 7571 corp: 1573/389Kb lim: 4096 exec/s: 18264 rss: 523Mb L: 116/4096 MS: 2 ChangeBit-EraseBytes-
#1520927	REDUCE cov: 1704 ft: 7571 corp: 1573/389Kb lim: 4096 exec/s: 18324 rss: 523Mb L: 2308/4096 MS: 4 InsertByte-CMP-CopyPart-EraseBytes- DE: "\357\377\377\377"-
#1527312	REDUCE cov: 1704 ft: 7571 corp: 1573/389Kb lim: 4096 exec/s: 18401 rss: 523Mb L: 25/4096 MS: 5 InsertByte-CrossOver-CopyPart-CopyPart-EraseBytes-
#1530158	REDUCE cov: 1704 ft: 7571 corp: 1573/389Kb lim: 4096 exec/s: 18216 rss: 523Mb L: 1370/4096 MS: 1 EraseBytes-
#1533984	REDUCE cov: 1704 ft: 7571 corp: 1573/389Kb lim: 4096 exec/s: 18261 rss: 523Mb L: 61/4096 MS: 1 EraseBytes-
#1538011	REDUCE cov: 1704 ft: 7571 corp: 1573/389Kb lim: 4096 exec/s: 18309 rss: 523Mb L: 12/4096 MS: 2 EraseBytes-ChangeBit-
#1540067	REDUCE cov: 1704 ft: 7571 corp: 1573/389Kb lim: 4096 exec/s: 18334 rss: 523Mb L: 38/4096 MS: 1 EraseBytes-
#1542502	REDUCE cov: 1704 ft: 7571 corp: 1573/389Kb lim: 4096 exec/s: 18363 rss: 523Mb L: 164/4096 MS: 5 InsertRepeatedBytes-ChangeBit-ChangeASCIIInt-PersAutoDict-EraseBytes- DE: "A\357\277\275"-
#1547578	REDUCE cov: 1704 ft: 7579 corp: 1574/389Kb lim: 4096 exec/s: 18206 rss: 523Mb L: 29/4096 MS: 1 EraseBytes-
#1548674	REDUCE cov: 1704 ft: 7579 corp: 1574/389Kb lim: 4096 exec/s: 18219 rss: 523Mb L: 1696/4096 MS: 1 EraseBytes-
#1549125	REDUCE cov: 1704 ft: 7579 corp: 1574/389Kb lim: 4096 exec/s: 18225 rss: 523Mb L: 13/4096 MS: 1 EraseBytes-
#1549943	REDUCE cov: 1704 ft: 7579 corp: 1574/389Kb lim: 4096 exec/s: 18234 rss: 523Mb L: 65/4096 MS: 3 ChangeBinInt-ChangeASCIIInt-EraseBytes-
#1552899	REDUCE cov: 1704 ft: 7579 corp: 1574/389Kb lim: 4096 exec/s: 18269 rss: 523Mb L: 995/4096 MS: 1 EraseBytes-
#1554625	REDUCE cov: 1704 ft: 7579 corp: 1574/389Kb lim: 4096 exec/s: 18289 rss: 523Mb L: 108/4096 MS: 1 EraseBytes-
#1554942	REDUCE cov: 1704 ft: 7579 corp: 1574/389Kb lim: 4096 exec/s: 18293 rss: 523Mb L: 85/4096 MS: 2 ChangeBinInt-EraseBytes-
#1555915	REDUCE cov: 1704 ft: 7579 corp: 1574/389Kb lim: 4096 exec/s: 18304 rss: 523Mb L: 1755/4096 MS: 3 CopyPart-CopyPart-EraseBytes-
#1556131	REDUCE cov: 1704 ft: 7579 corp: 1574/389Kb lim: 4096 exec/s: 18307 rss: 523Mb L: 2576/4096 MS: 1 EraseBytes-
#1556483	REDUCE cov: 1704 ft: 7579 corp: 1574/389Kb lim: 4096 exec/s: 18311 rss: 523Mb L: 142/4096 MS: 2 ChangeBinInt-EraseBytes-
#1557674	REDUCE cov: 1704 ft: 7579 corp: 1574/389Kb lim: 4096 exec/s: 18325 rss: 523Mb L: 765/4096 MS: 1 EraseBytes-
#1558874	NEW    cov: 1704 ft: 7583 corp: 1575/393Kb lim: 4096 exec/s: 18339 rss: 523Mb L: 4089/4096 MS: 5 ShuffleBytes-ShuffleBytes-ChangeBit-ChangeBit-InsertByte-
#1560280	REDUCE cov: 1704 ft: 7583 corp: 1575/393Kb lim: 4096 exec/s: 18356 rss: 523Mb L: 19/4096 MS: 1 EraseBytes-
#1560577	REDUCE cov: 1704 ft: 7583 corp: 1575/392Kb lim: 4096 exec/s: 18359 rss: 523Mb L: 3683/4096 MS: 2 ChangeBinInt-EraseBytes-
#1560693	REDUCE cov: 1704 ft: 7583 corp: 1575/392Kb lim: 4096 exec/s: 18361 rss: 523Mb L: 85/4096 MS: 1 EraseBytes-
#1564929	REDUCE cov: 1704 ft: 7583 corp: 1575/392Kb lim: 4096 exec/s: 18410 rss: 523Mb L: 2630/4096 MS: 1 EraseBytes-
#1567991	REDUCE cov: 1704 ft: 7583 corp: 1575/392Kb lim: 4096 exec/s: 18232 rss: 523Mb L: 3530/4096 MS: 2 ChangeASCIIInt-EraseBytes-
#1569673	REDUCE cov: 1704 ft: 7583 corp: 1575/392Kb lim: 4096 exec/s: 18252 rss: 523Mb L: 436/4096 MS: 2 EraseBytes-CopyPart-
#1570514	REDUCE cov: 1704 ft: 7583 corp: 1575/392Kb lim: 4096 exec/s: 18261 rss: 523Mb L: 1748/4096 MS: 1 EraseBytes-
#1575840	REDUCE cov: 1704 ft: 7583 corp: 1575/392Kb lim: 4096 exec/s: 18323 rss: 523Mb L: 61/4096 MS: 1 EraseBytes-
#1582266	REDUCE cov: 1704 ft: 7583 corp: 1575/392Kb lim: 4096 exec/s: 18398 rss: 523Mb L: 10/4096 MS: 1 EraseBytes-
#1589708	REDUCE cov: 1704 ft: 7583 corp: 1575/392Kb lim: 4096 exec/s: 18272 rss: 523Mb L: 170/4096 MS: 2 ChangeBinInt-EraseBytes-
#1593509	REDUCE cov: 1704 ft: 7583 corp: 1575/392Kb lim: 4096 exec/s: 18316 rss: 523Mb L: 330/4096 MS: 1 EraseBytes-
#1599795	REDUCE cov: 1704 ft: 7583 corp: 1575/392Kb lim: 4096 exec/s: 18388 rss: 523Mb L: 816/4096 MS: 1 EraseBytes-
#1600766	REDUCE cov: 1704 ft: 7585 corp: 1576/395Kb lim: 4096 exec/s: 18399 rss: 523Mb L: 3683/4096 MS: 1 ChangeBit-
#1601652	REDUCE cov: 1704 ft: 7585 corp: 1576/395Kb lim: 4096 exec/s: 18409 rss: 523Mb L: 399/4096 MS: 1 EraseBytes-
#1604463	REDUCE cov: 1704 ft: 7585 corp: 1576/395Kb lim: 4096 exec/s: 18232 rss: 523Mb L: 11/4096 MS: 1 EraseBytes-
#1608134	REDUCE cov: 1704 ft: 7585 corp: 1576/395Kb lim: 4096 exec/s: 18274 rss: 523Mb L: 477/4096 MS: 1 EraseBytes-
#1610112	REDUCE cov: 1704 ft: 7585 corp: 1576/395Kb lim: 4096 exec/s: 18296 rss: 523Mb L: 2744/4096 MS: 3 ChangeASCIIInt-ChangeASCIIInt-EraseBytes-
#1611013	REDUCE cov: 1704 ft: 7585 corp: 1576/395Kb lim: 4096 exec/s: 18306 rss: 523Mb L: 1065/4096 MS: 1 EraseBytes-
#1611409	REDUCE cov: 1704 ft: 7585 corp: 1576/395Kb lim: 4096 exec/s: 18311 rss: 523Mb L: 114/4096 MS: 1 EraseBytes-
#1611731	REDUCE cov: 1704 ft: 7585 corp: 1576/395Kb lim: 4096 exec/s: 18315 rss: 523Mb L: 1567/4096 MS: 2 EraseBytes-CopyPart-
#1614182	REDUCE cov: 1704 ft: 7585 corp: 1576/395Kb lim: 4096 exec/s: 18342 rss: 523Mb L: 50/4096 MS: 1 EraseBytes-
#1617564	REDUCE cov: 1704 ft: 7585 corp: 1576/395Kb lim: 4096 exec/s: 18381 rss: 523Mb L: 71/4096 MS: 2 PersAutoDict-EraseBytes- DE: "\373\377\377\377"-
#1618787	REDUCE cov: 1704 ft: 7585 corp: 1576/395Kb lim: 4096 exec/s: 18395 rss: 523Mb L: 116/4096 MS: 3 ChangeByte-ChangeByte-EraseBytes-
#1619113	REDUCE cov: 1704 ft: 7585 corp: 1576/395Kb lim: 4096 exec/s: 18399 rss: 523Mb L: 2586/4096 MS: 1 EraseBytes-
#1622960	REDUCE cov: 1704 ft: 7585 corp: 1576/395Kb lim: 4096 exec/s: 18235 rss: 523Mb L: 137/4096 MS: 2 ChangeASCIIInt-EraseBytes-
#1624736	NEW    cov: 1704 ft: 7587 corp: 1577/399Kb lim: 4096 exec/s: 18255 rss: 523Mb L: 3684/4096 MS: 1 InsertByte-
#1633543	REDUCE cov: 1704 ft: 7587 corp: 1577/399Kb lim: 4096 exec/s: 18354 rss: 523Mb L: 90/4096 MS: 2 ShuffleBytes-EraseBytes-
#1639229	REDUCE cov: 1704 ft: 7587 corp: 1577/399Kb lim: 4096 exec/s: 18213 rss: 523Mb L: 1549/4096 MS: 1 EraseBytes-
#1641190	REDUCE cov: 1704 ft: 7587 corp: 1577/399Kb lim: 4096 exec/s: 18235 rss: 523Mb L: 22/4096 MS: 1 EraseBytes-
#1641846	REDUCE cov: 1704 ft: 7587 corp: 1577/399Kb lim: 4096 exec/s: 18242 rss: 523Mb L: 109/4096 MS: 1 EraseBytes-
#1647852	REDUCE cov: 1704 ft: 7587 corp: 1577/399Kb lim: 4096 exec/s: 18309 rss: 523Mb L: 93/4096 MS: 1 EraseBytes-
#1652268	REDUCE cov: 1704 ft: 7587 corp: 1577/399Kb lim: 4096 exec/s: 18358 rss: 523Mb L: 26/4096 MS: 1 EraseBytes-
#1654880	REDUCE cov: 1704 ft: 7587 corp: 1577/399Kb lim: 4096 exec/s: 18387 rss: 523Mb L: 40/4096 MS: 2 PersAutoDict-EraseBytes- DE: "\377\377\377\377"-
#1658286	REDUCE cov: 1704 ft: 7587 corp: 1577/399Kb lim: 4096 exec/s: 18222 rss: 523Mb L: 106/4096 MS: 1 EraseBytes-
#1664887	REDUCE cov: 1704 ft: 7587 corp: 1577/399Kb lim: 4096 exec/s: 18295 rss: 523Mb L: 22/4096 MS: 1 EraseBytes-
#1665679	REDUCE cov: 1704 ft: 7587 corp: 1577/399Kb lim: 4096 exec/s: 18304 rss: 523Mb L: 762/4096 MS: 2 ChangeByte-EraseBytes-
#1668847	REDUCE cov: 1704 ft: 7587 corp: 1577/399Kb lim: 4096 exec/s: 18338 rss: 523Mb L: 159/4096 MS: 3 CrossOver-ChangeASCIIInt-EraseBytes-
#1669238	REDUCE cov: 1704 ft: 7587 corp: 1577/399Kb lim: 4096 exec/s: 18343 rss: 523Mb L: 1226/4096 MS: 1 EraseBytes-
#1669430	REDUCE cov: 1704 ft: 7587 corp: 1577/399Kb lim: 4096 exec/s: 18345 rss: 523Mb L: 324/4096 MS: 2 ChangeByte-EraseBytes-
#1671236	REDUCE cov: 1704 ft: 7587 corp: 1577/399Kb lim: 4096 exec/s: 18365 rss: 523Mb L: 94/4096 MS: 1 EraseBytes-
#1673964	REDUCE cov: 1704 ft: 7587 corp: 1577/399Kb lim: 4096 exec/s: 18195 rss: 523Mb L: 77/4096 MS: 3 ChangeASCIIInt-CrossOver-EraseBytes-
#1674250	REDUCE cov: 1704 ft: 7587 corp: 1577/399Kb lim: 4096 exec/s: 18198 rss: 523Mb L: 1128/4096 MS: 1 EraseBytes-
#1674761	NEW    cov: 1704 ft: 7589 corp: 1578/402Kb lim: 4096 exec/s: 18203 rss: 523Mb L: 3937/4096 MS: 1 CopyPart-
#1674797	REDUCE cov: 1704 ft: 7589 corp: 1578/402Kb lim: 4096 exec/s: 18204 rss: 523Mb L: 470/4096 MS: 1 EraseBytes-
#1676301	NEW    cov: 1704 ft: 7590 corp: 1579/406Kb lim: 4096 exec/s: 18220 rss: 523Mb L: 3938/4096 MS: 4 ChangeASCIIInt-ChangeASCIIInt-InsertByte-ShuffleBytes-
#1677817	REDUCE cov: 1704 ft: 7590 corp: 1579/406Kb lim: 4096 exec/s: 18237 rss: 523Mb L: 91/4096 MS: 1 EraseBytes-
#1682713	REDUCE cov: 1704 ft: 7590 corp: 1579/406Kb lim: 4096 exec/s: 18290 rss: 523Mb L: 15/4096 MS: 1 EraseBytes-
#1685886	REDUCE cov: 1704 ft: 7590 corp: 1579/406Kb lim: 4096 exec/s: 18324 rss: 523Mb L: 2506/4096 MS: 3 CMP-CopyPart-EraseBytes- DE: "message"-
#1686812	REDUCE cov: 1704 ft: 7590 corp: 1579/406Kb lim: 4096 exec/s: 18334 rss: 523Mb L: 1722/4096 MS: 1 EraseBytes-
#1687543	REDUCE cov: 1704 ft: 7590 corp: 1579/406Kb lim: 4096 exec/s: 18342 rss: 523Mb L: 775/4096 MS: 1 EraseBytes-
#1689661	REDUCE cov: 1704 ft: 7591 corp: 1580/409Kb lim: 4096 exec/s: 18168 rss: 523Mb L: 3306/4096 MS: 3 CopyPart-CMP-CopyPart- DE: "message"-
#1701839	REDUCE cov: 1704 ft: 7591 corp: 1580/409Kb lim: 4096 exec/s: 18299 rss: 523Mb L: 1665/4096 MS: 3 CrossOver-CMP-EraseBytes- DE: "\0008"-
#1704658	REDUCE cov: 1704 ft: 7591 corp: 1580/409Kb lim: 4096 exec/s: 18329 rss: 523Mb L: 506/4096 MS: 4 ChangeBit-ChangeASCIIInt-CopyPart-EraseBytes-
#1705849	REDUCE cov: 1704 ft: 7591 corp: 1580/409Kb lim: 4096 exec/s: 18342 rss: 523Mb L: 80/4096 MS: 1 EraseBytes-
#1706460	REDUCE cov: 1704 ft: 7591 corp: 1580/409Kb lim: 4096 exec/s: 18153 rss: 523Mb L: 3473/4096 MS: 1 EraseBytes-
#1710313	REDUCE cov: 1704 ft: 7591 corp: 1580/409Kb lim: 4096 exec/s: 18194 rss: 523Mb L: 2222/4096 MS: 3 InsertRepeatedBytes-ChangeASCIIInt-EraseBytes-
#1711264	REDUCE cov: 1704 ft: 7591 corp: 1580/409Kb lim: 4096 exec/s: 18204 rss: 523Mb L: 28/4096 MS: 1 EraseBytes-
#1712465	REDUCE cov: 1704 ft: 7591 corp: 1580/409Kb lim: 4096 exec/s: 18217 rss: 523Mb L: 18/4096 MS: 1 EraseBytes-
#1713686	REDUCE cov: 1704 ft: 7591 corp: 1580/409Kb lim: 4096 exec/s: 18230 rss: 523Mb L: 1022/4096 MS: 1 EraseBytes-
#1717717	REDUCE cov: 1704 ft: 7591 corp: 1580/409Kb lim: 4096 exec/s: 18273 rss: 523Mb L: 150/4096 MS: 1 EraseBytes-
#1722939	REDUCE cov: 1704 ft: 7591 corp: 1580/409Kb lim: 4096 exec/s: 18329 rss: 523Mb L: 82/4096 MS: 2 ShuffleBytes-EraseBytes-
#1723645	REDUCE cov: 1704 ft: 7591 corp: 1580/409Kb lim: 4096 exec/s: 18336 rss: 523Mb L: 155/4096 MS: 1 EraseBytes-
#1726092	REDUCE cov: 1704 ft: 7591 corp: 1580/409Kb lim: 4096 exec/s: 18169 rss: 523Mb L: 251/4096 MS: 2 ChangeByte-EraseBytes-
#1727503	REDUCE cov: 1704 ft: 7591 corp: 1580/409Kb lim: 4096 exec/s: 18184 rss: 523Mb L: 69/4096 MS: 1 EraseBytes-
#1729083	NEW    cov: 1704 ft: 7592 corp: 1581/413Kb lim: 4096 exec/s: 18200 rss: 523Mb L: 3968/4096 MS: 5 InsertByte-CrossOver-InsertRepeatedBytes-CopyPart-ChangeBit-
#1735639	REDUCE cov: 1704 ft: 7592 corp: 1581/413Kb lim: 4096 exec/s: 18269 rss: 523Mb L: 23/4096 MS: 1 EraseBytes-
#1737640	REDUCE cov: 1704 ft: 7592 corp: 1581/413Kb lim: 4096 exec/s: 18290 rss: 523Mb L: 41/4096 MS: 1 EraseBytes-
#1737746	REDUCE cov: 1704 ft: 7592 corp: 1581/413Kb lim: 4096 exec/s: 18292 rss: 523Mb L: 1504/4096 MS: 1 CrossOver-
#1738173	REDUCE cov: 1704 ft: 7592 corp: 1581/413Kb lim: 4096 exec/s: 18296 rss: 523Mb L: 208/4096 MS: 2 ChangeASCIIInt-EraseBytes-
#1738524	REDUCE cov: 1704 ft: 7592 corp: 1581/413Kb lim: 4096 exec/s: 18300 rss: 523Mb L: 277/4096 MS: 1 EraseBytes-
#1739295	NEW    cov: 1704 ft: 7593 corp: 1582/416Kb lim: 4096 exec/s: 18308 rss: 523Mb L: 2807/4096 MS: 1 InsertByte-
#1740367	REDUCE cov: 1704 ft: 7593 corp: 1582/416Kb lim: 4096 exec/s: 18319 rss: 523Mb L: 24/4096 MS: 2 CopyPart-EraseBytes-
#1740908	REDUCE cov: 1704 ft: 7593 corp: 1582/415Kb lim: 4096 exec/s: 18325 rss: 523Mb L: 4030/4096 MS: 1 EraseBytes-
#1742330	REDUCE cov: 1704 ft: 7593 corp: 1582/415Kb lim: 4096 exec/s: 18340 rss: 523Mb L: 1313/4096 MS: 2 ChangeBinInt-EraseBytes-
#1742958	REDUCE cov: 1704 ft: 7593 corp: 1582/415Kb lim: 4096 exec/s: 18346 rss: 523Mb L: 967/4096 MS: 3 InsertByte-CMP-EraseBytes- DE: "\177\000\000\000\000\000\000\002"-
#1743246	REDUCE cov: 1704 ft: 7593 corp: 1582/415Kb lim: 4096 exec/s: 18349 rss: 523Mb L: 102/4096 MS: 3 ChangeByte-ShuffleBytes-EraseBytes-
#1743937	REDUCE cov: 1704 ft: 7593 corp: 1582/415Kb lim: 4096 exec/s: 18166 rss: 523Mb L: 2389/4096 MS: 1 EraseBytes-
#1744073	REDUCE cov: 1704 ft: 7593 corp: 1582/415Kb lim: 4096 exec/s: 18167 rss: 523Mb L: 526/4096 MS: 1 EraseBytes-
#1745639	REDUCE cov: 1704 ft: 7593 corp: 1582/415Kb lim: 4096 exec/s: 18183 rss: 523Mb L: 2109/4096 MS: 1 EraseBytes-
#1746175	NEW    cov: 1704 ft: 7595 corp: 1583/419Kb lim: 4096 exec/s: 18189 rss: 523Mb L: 3968/4096 MS: 1 ChangeByte-
#1752526	REDUCE cov: 1704 ft: 7595 corp: 1583/419Kb lim: 4096 exec/s: 18255 rss: 523Mb L: 132/4096 MS: 1 EraseBytes-
#1753522	REDUCE cov: 1704 ft: 7595 corp: 1583/419Kb lim: 4096 exec/s: 18265 rss: 523Mb L: 18/4096 MS: 1 EraseBytes-
#1757158	REDUCE cov: 1704 ft: 7595 corp: 1583/419Kb lim: 4096 exec/s: 18303 rss: 523Mb L: 201/4096 MS: 1 EraseBytes-
#1757289	REDUCE cov: 1704 ft: 7595 corp: 1583/419Kb lim: 4096 exec/s: 18305 rss: 523Mb L: 348/4096 MS: 1 EraseBytes-
#1759340	REDUCE cov: 1704 ft: 7595 corp: 1583/419Kb lim: 4096 exec/s: 18326 rss: 523Mb L: 36/4096 MS: 1 EraseBytes-
#1761871	REDUCE cov: 1704 ft: 7595 corp: 1583/419Kb lim: 4096 exec/s: 18163 rss: 523Mb L: 3491/4096 MS: 1 EraseBytes-
#1763497	REDUCE cov: 1704 ft: 7595 corp: 1583/419Kb lim: 4096 exec/s: 18180 rss: 523Mb L: 303/4096 MS: 1 EraseBytes-
#1765424	REDUCE cov: 1704 ft: 7595 corp: 1583/419Kb lim: 4096 exec/s: 18200 rss: 523Mb L: 126/4096 MS: 2 ChangeASCIIInt-EraseBytes-
#1766630	REDUCE cov: 1704 ft: 7595 corp: 1583/419Kb lim: 4096 exec/s: 18212 rss: 523Mb L: 334/4096 MS: 1 EraseBytes-
#1767381	REDUCE cov: 1704 ft: 7595 corp: 1583/419Kb lim: 4096 exec/s: 18220 rss: 523Mb L: 289/4096 MS: 1 EraseBytes-
#1769444	REDUCE cov: 1704 ft: 7595 corp: 1583/419Kb lim: 4096 exec/s: 18241 rss: 523Mb L: 250/4096 MS: 3 ShuffleBytes-CrossOver-EraseBytes-
#1770140	REDUCE cov: 1704 ft: 7595 corp: 1583/419Kb lim: 4096 exec/s: 18248 rss: 523Mb L: 2803/4096 MS: 1 EraseBytes-
#1775187	REDUCE cov: 1704 ft: 7595 corp: 1583/419Kb lim: 4096 exec/s: 18300 rss: 523Mb L: 288/4096 MS: 2 CMP-EraseBytes- DE: "\000\000\000\375"-
#1776698	REDUCE cov: 1704 ft: 7595 corp: 1583/419Kb lim: 4096 exec/s: 18316 rss: 523Mb L: 1610/4096 MS: 1 EraseBytes-
#1776909	REDUCE cov: 1704 ft: 7595 corp: 1583/418Kb lim: 4096 exec/s: 18318 rss: 523Mb L: 1908/4096 MS: 1 EraseBytes-
#1777730	REDUCE cov: 1704 ft: 7595 corp: 1583/418Kb lim: 4096 exec/s: 18140 rss: 523Mb L: 307/4096 MS: 1 EraseBytes-
#1783946	REDUCE cov: 1704 ft: 7595 corp: 1583/418Kb lim: 4096 exec/s: 18203 rss: 523Mb L: 193/4096 MS: 1 EraseBytes-
#1784137	REDUCE cov: 1704 ft: 7595 corp: 1583/418Kb lim: 4096 exec/s: 18205 rss: 523Mb L: 16/4096 MS: 1 EraseBytes-
#1785786	REDUCE cov: 1704 ft: 7595 corp: 1583/418Kb lim: 4096 exec/s: 18222 rss: 523Mb L: 18/4096 MS: 4 EraseBytes-ChangeBinInt-EraseBytes-ChangeByte-
#1789817	REDUCE cov: 1704 ft: 7595 corp: 1583/418Kb lim: 4096 exec/s: 18263 rss: 523Mb L: 310/4096 MS: 1 EraseBytes-
#1797818	REDUCE cov: 1704 ft: 7595 corp: 1583/418Kb lim: 4096 exec/s: 18159 rss: 523Mb L: 125/4096 MS: 1 EraseBytes-
#1797930	REDUCE cov: 1704 ft: 7595 corp: 1583/418Kb lim: 4096 exec/s: 18160 rss: 523Mb L: 1186/4096 MS: 2 ChangeByte-EraseBytes-
#1798261	REDUCE cov: 1704 ft: 7595 corp: 1583/418Kb lim: 4096 exec/s: 18164 rss: 523Mb L: 574/4096 MS: 1 EraseBytes-
#1801948	REDUCE cov: 1704 ft: 7595 corp: 1583/418Kb lim: 4096 exec/s: 18201 rss: 523Mb L: 291/4096 MS: 2 CopyPart-EraseBytes-
#1804074	REDUCE cov: 1704 ft: 7595 corp: 1583/418Kb lim: 4096 exec/s: 18222 rss: 523Mb L: 87/4096 MS: 1 EraseBytes-
#1804365	REDUCE cov: 1704 ft: 7595 corp: 1583/418Kb lim: 4096 exec/s: 18225 rss: 523Mb L: 315/4096 MS: 1 EraseBytes-
#1805134	REDUCE cov: 1704 ft: 7595 corp: 1583/418Kb lim: 4096 exec/s: 18233 rss: 523Mb L: 1390/4096 MS: 4 InsertByte-CMP-ChangeASCIIInt-EraseBytes- DE: "message"-
#1806070	REDUCE cov: 1704 ft: 7595 corp: 1583/418Kb lim: 4096 exec/s: 18243 rss: 523Mb L: 61/4096 MS: 1 EraseBytes-
#1807192	REDUCE cov: 1704 ft: 7595 corp: 1583/418Kb lim: 4096 exec/s: 18254 rss: 523Mb L: 104/4096 MS: 2 ChangeByte-EraseBytes-
#1807753	REDUCE cov: 1704 ft: 7595 corp: 1583/418Kb lim: 4096 exec/s: 18260 rss: 523Mb L: 2299/4096 MS: 1 EraseBytes-
#1809054	REDUCE cov: 1704 ft: 7595 corp: 1583/418Kb lim: 4096 exec/s: 18273 rss: 523Mb L: 128/4096 MS: 1 EraseBytes-
#1809870	REDUCE cov: 1704 ft: 7595 corp: 1583/418Kb lim: 4096 exec/s: 18281 rss: 523Mb L: 111/4096 MS: 1 EraseBytes-
#1810396	REDUCE cov: 1704 ft: 7595 corp: 1583/418Kb lim: 4096 exec/s: 18286 rss: 523Mb L: 70/4096 MS: 1 EraseBytes-
#1812937	REDUCE cov: 1704 ft: 7595 corp: 1583/418Kb lim: 4096 exec/s: 18129 rss: 523Mb L: 218/4096 MS: 1 EraseBytes-
#1814523	REDUCE cov: 1704 ft: 7595 corp: 1583/418Kb lim: 4096 exec/s: 18145 rss: 523Mb L: 284/4096 MS: 1 EraseBytes-
#1817061	REDUCE cov: 1704 ft: 7595 corp: 1583/418Kb lim: 4096 exec/s: 18170 rss: 523Mb L: 244/4096 MS: 3 ShuffleBytes-ChangeBit-EraseBytes-
#1820022	REDUCE cov: 1704 ft: 7595 corp: 1583/418Kb lim: 4096 exec/s: 18200 rss: 523Mb L: 82/4096 MS: 1 EraseBytes-
#1822314	REDUCE cov: 1704 ft: 7595 corp: 1583/418Kb lim: 4096 exec/s: 18223 rss: 523Mb L: 20/4096 MS: 2 ChangeBit-EraseBytes-
#1825960	REDUCE cov: 1704 ft: 7596 corp: 1584/419Kb lim: 4096 exec/s: 18259 rss: 523Mb L: 963/4096 MS: 1 InsertByte-
#1827732	REDUCE cov: 1704 ft: 7596 corp: 1584/419Kb lim: 4096 exec/s: 18277 rss: 523Mb L: 2885/4096 MS: 1 EraseBytes-
#1834403	REDUCE cov: 1704 ft: 7596 corp: 1584/419Kb lim: 4096 exec/s: 18162 rss: 523Mb L: 133/4096 MS: 1 EraseBytes-
#1838379	NEW    cov: 1704 ft: 7597 corp: 1585/423Kb lim: 4096 exec/s: 18201 rss: 523Mb L: 3968/4096 MS: 1 CopyPart-
#1843281	REDUCE cov: 1704 ft: 7597 corp: 1585/423Kb lim: 4096 exec/s: 18250 rss: 523Mb L: 3495/4096 MS: 2 ChangeBinInt-EraseBytes-
#1852904	NEW    cov: 1704 ft: 7598 corp: 1586/426Kb lim: 4096 exec/s: 18165 rss: 523Mb L: 3968/4096 MS: 3 ChangeBit-CMP-ChangeASCIIInt- DE: "# @\357"-
#1853141	REDUCE cov: 1704 ft: 7598 corp: 1586/426Kb lim: 4096 exec/s: 18168 rss: 523Mb L: 243/4096 MS: 2 ShuffleBytes-EraseBytes-
#1853537	REDUCE cov: 1704 ft: 7598 corp: 1586/426Kb lim: 4096 exec/s: 18171 rss: 523Mb L: 937/4096 MS: 1 EraseBytes-
#1856358	REDUCE cov: 1704 ft: 7598 corp: 1586/426Kb lim: 4096 exec/s: 18199 rss: 523Mb L: 84/4096 MS: 1 EraseBytes-
#1857242	REDUCE cov: 1704 ft: 7598 corp: 1586/426Kb lim: 4096 exec/s: 18208 rss: 523Mb L: 921/4096 MS: 4 PersAutoDict-InsertByte-EraseBytes-CMP- DE: "A\357\277\275"-"\357\277\275\357\277\275\357"-
#1860353	REDUCE cov: 1704 ft: 7598 corp: 1586/426Kb lim: 4096 exec/s: 18238 rss: 523Mb L: 11/4096 MS: 1 EraseBytes-
#1860949	REDUCE cov: 1704 ft: 7598 corp: 1586/426Kb lim: 4096 exec/s: 18244 rss: 523Mb L: 90/4096 MS: 1 EraseBytes-
#1861349	REDUCE cov: 1704 ft: 7598 corp: 1586/426Kb lim: 4096 exec/s: 18248 rss: 523Mb L: 21/4096 MS: 5 InsertByte-ChangeBit-ChangeBinInt-EraseBytes-CopyPart-
#1862580	REDUCE cov: 1704 ft: 7598 corp: 1586/426Kb lim: 4096 exec/s: 18260 rss: 523Mb L: 1046/4096 MS: 1 EraseBytes-
#1866268	REDUCE cov: 1704 ft: 7598 corp: 1586/426Kb lim: 4096 exec/s: 18119 rss: 523Mb L: 26/4096 MS: 3 ChangeBinInt-ChangeBinInt-EraseBytes-
#1867984	REDUCE cov: 1704 ft: 7598 corp: 1586/426Kb lim: 4096 exec/s: 18135 rss: 523Mb L: 1117/4096 MS: 1 EraseBytes-
#1868011	REDUCE cov: 1704 ft: 7598 corp: 1586/426Kb lim: 4096 exec/s: 18136 rss: 523Mb L: 954/4096 MS: 2 ChangeBit-EraseBytes-
#1877227	REDUCE cov: 1704 ft: 7598 corp: 1586/426Kb lim: 4096 exec/s: 18225 rss: 523Mb L: 35/4096 MS: 1 EraseBytes-
#1884518	REDUCE cov: 1704 ft: 7598 corp: 1586/426Kb lim: 4096 exec/s: 18120 rss: 523Mb L: 309/4096 MS: 1 EraseBytes-
#1885519	REDUCE cov: 1704 ft: 7598 corp: 1586/426Kb lim: 4096 exec/s: 18129 rss: 523Mb L: 974/4096 MS: 1 EraseBytes-
#1885860	REDUCE cov: 1704 ft: 7598 corp: 1586/426Kb lim: 4096 exec/s: 18133 rss: 523Mb L: 19/4096 MS: 1 EraseBytes-
#1886856	NEW    cov: 1704 ft: 7601 corp: 1587/426Kb lim: 4096 exec/s: 18142 rss: 523Mb L: 21/4096 MS: 1 CopyPart-
#1887792	REDUCE cov: 1704 ft: 7602 corp: 1588/426Kb lim: 4096 exec/s: 18151 rss: 523Mb L: 51/4096 MS: 1 CopyPart-
#1889724	REDUCE cov: 1704 ft: 7602 corp: 1588/426Kb lim: 4096 exec/s: 18170 rss: 523Mb L: 20/4096 MS: 2 ShuffleBytes-EraseBytes-
#1891982	REDUCE cov: 1704 ft: 7602 corp: 1588/426Kb lim: 4096 exec/s: 18192 rss: 523Mb L: 18/4096 MS: 3 ShuffleBytes-EraseBytes-CopyPart-
#1897889	REDUCE cov: 1704 ft: 7602 corp: 1588/426Kb lim: 4096 exec/s: 18248 rss: 523Mb L: 642/4096 MS: 2 ShuffleBytes-EraseBytes-
#1899530	REDUCE cov: 1704 ft: 7602 corp: 1588/426Kb lim: 4096 exec/s: 18264 rss: 523Mb L: 99/4096 MS: 1 EraseBytes-
#1899906	REDUCE cov: 1704 ft: 7602 corp: 1588/426Kb lim: 4096 exec/s: 18268 rss: 523Mb L: 377/4096 MS: 1 EraseBytes-
#1903176	REDUCE cov: 1704 ft: 7602 corp: 1588/426Kb lim: 4096 exec/s: 18125 rss: 523Mb L: 80/4096 MS: 5 PersAutoDict-ChangeByte-ShuffleBytes-EraseBytes-CopyPart- DE: "\026\000"-
#1906792	REDUCE cov: 1704 ft: 7602 corp: 1588/426Kb lim: 4096 exec/s: 18159 rss: 523Mb L: 62/4096 MS: 1 EraseBytes-
#1910799	REDUCE cov: 1704 ft: 7602 corp: 1588/426Kb lim: 4096 exec/s: 18198 rss: 523Mb L: 61/4096 MS: 2 EraseBytes-CopyPart-
#1911765	REDUCE cov: 1704 ft: 7602 corp: 1588/426Kb lim: 4096 exec/s: 18207 rss: 523Mb L: 226/4096 MS: 1 EraseBytes-
#1912051	REDUCE cov: 1704 ft: 7602 corp: 1588/426Kb lim: 4096 exec/s: 18210 rss: 523Mb L: 24/4096 MS: 1 EraseBytes-
#1915017	REDUCE cov: 1704 ft: 7602 corp: 1588/426Kb lim: 4096 exec/s: 18238 rss: 523Mb L: 22/4096 MS: 1 EraseBytes-
#1918868	REDUCE cov: 1704 ft: 7602 corp: 1588/426Kb lim: 4096 exec/s: 18102 rss: 523Mb L: 58/4096 MS: 1 EraseBytes-
#1925614	REDUCE cov: 1704 ft: 7602 corp: 1588/426Kb lim: 4096 exec/s: 18166 rss: 523Mb L: 33/4096 MS: 1 EraseBytes-
#1926260	REDUCE cov: 1704 ft: 7602 corp: 1588/426Kb lim: 4096 exec/s: 18172 rss: 523Mb L: 3562/4096 MS: 1 CrossOver-
#1927056	REDUCE cov: 1704 ft: 7602 corp: 1588/426Kb lim: 4096 exec/s: 18179 rss: 523Mb L: 22/4096 MS: 1 EraseBytes-
#1927777	REDUCE cov: 1704 ft: 7602 corp: 1588/426Kb lim: 4096 exec/s: 18186 rss: 523Mb L: 81/4096 MS: 1 EraseBytes-
#1928553	REDUCE cov: 1704 ft: 7602 corp: 1588/426Kb lim: 4096 exec/s: 18193 rss: 523Mb L: 29/4096 MS: 1 EraseBytes-
#1930614	REDUCE cov: 1704 ft: 7602 corp: 1588/426Kb lim: 4096 exec/s: 18213 rss: 523Mb L: 24/4096 MS: 1 EraseBytes-
#1932697	REDUCE cov: 1704 ft: 7602 corp: 1588/426Kb lim: 4096 exec/s: 18232 rss: 523Mb L: 395/4096 MS: 3 ChangeByte-PersAutoDict-EraseBytes- DE: "code"-
#1937643	REDUCE cov: 1704 ft: 7602 corp: 1588/426Kb lim: 4096 exec/s: 18108 rss: 523Mb L: 77/4096 MS: 1 EraseBytes-
#1939535	REDUCE cov: 1704 ft: 7602 corp: 1588/426Kb lim: 4096 exec/s: 18126 rss: 523Mb L: 44/4096 MS: 2 ChangeBinInt-EraseBytes-
#1944121	REDUCE cov: 1704 ft: 7602 corp: 1588/426Kb lim: 4096 exec/s: 18169 rss: 523Mb L: 1036/4096 MS: 1 EraseBytes-
#1944228	REDUCE cov: 1704 ft: 7602 corp: 1588/426Kb lim: 4096 exec/s: 18170 rss: 523Mb L: 58/4096 MS: 2 EraseBytes-CrossOver-
#1947195	REDUCE cov: 1704 ft: 7602 corp: 1588/426Kb lim: 4096 exec/s: 18198 rss: 523Mb L: 53/4096 MS: 2 ChangeBit-EraseBytes-
#1952224	REDUCE cov: 1704 ft: 7602 corp: 1588/426Kb lim: 4096 exec/s: 18076 rss: 523Mb L: 1295/4096 MS: 4 ChangeASCIIInt-ChangeASCIIInt-ChangeASCIIInt-EraseBytes-
#1954845	REDUCE cov: 1704 ft: 7602 corp: 1588/426Kb lim: 4096 exec/s: 18100 rss: 523Mb L: 503/4096 MS: 1 EraseBytes-
#1955027	REDUCE cov: 1704 ft: 7602 corp: 1588/426Kb lim: 4096 exec/s: 18102 rss: 523Mb L: 3380/4096 MS: 2 CMP-EraseBytes- DE: "# \357\277"-
#1957195	REDUCE cov: 1704 ft: 7602 corp: 1588/426Kb lim: 4096 exec/s: 18122 rss: 523Mb L: 203/4096 MS: 3 InsertRepeatedBytes-ChangeBinInt-EraseBytes-
#1962791	REDUCE cov: 1704 ft: 7602 corp: 1588/426Kb lim: 4096 exec/s: 18173 rss: 523Mb L: 54/4096 MS: 1 EraseBytes-
#1963202	REDUCE cov: 1704 ft: 7602 corp: 1588/425Kb lim: 4096 exec/s: 18177 rss: 523Mb L: 54/4096 MS: 1 EraseBytes-
#1966938	REDUCE cov: 1704 ft: 7602 corp: 1588/425Kb lim: 4096 exec/s: 18212 rss: 523Mb L: 1661/4096 MS: 1 EraseBytes-
#1968644	REDUCE cov: 1704 ft: 7602 corp: 1588/425Kb lim: 4096 exec/s: 18228 rss: 523Mb L: 27/4096 MS: 1 EraseBytes-
#1973649	REDUCE cov: 1704 ft: 7602 corp: 1588/425Kb lim: 4096 exec/s: 18106 rss: 523Mb L: 2058/4096 MS: 5 CMP-InsertByte-ChangeASCIIInt-InsertByte-EraseBytes- DE: "\001\000\000\000\000\000\000\000"-
#1974090	REDUCE cov: 1704 ft: 7602 corp: 1588/425Kb lim: 4096 exec/s: 18110 rss: 523Mb L: 77/4096 MS: 1 EraseBytes-
#1975121	REDUCE cov: 1704 ft: 7602 corp: 1588/425Kb lim: 4096 exec/s: 18120 rss: 523Mb L: 24/4096 MS: 1 EraseBytes-
#1977992	REDUCE cov: 1704 ft: 7602 corp: 1588/425Kb lim: 4096 exec/s: 18146 rss: 523Mb L: 537/4096 MS: 1 EraseBytes-
#1978263	REDUCE cov: 1704 ft: 7602 corp: 1588/425Kb lim: 4096 exec/s: 18149 rss: 523Mb L: 281/4096 MS: 1 EraseBytes-
#1980100	REDUCE cov: 1704 ft: 7602 corp: 1588/425Kb lim: 4096 exec/s: 18166 rss: 523Mb L: 635/4096 MS: 2 ChangeASCIIInt-EraseBytes-
#1984266	REDUCE cov: 1704 ft: 7602 corp: 1588/425Kb lim: 4096 exec/s: 18204 rss: 523Mb L: 204/4096 MS: 1 EraseBytes-
#1985459	REDUCE cov: 1704 ft: 7602 corp: 1588/425Kb lim: 4096 exec/s: 18049 rss: 523Mb L: 403/4096 MS: 3 ChangeBinInt-CopyPart-EraseBytes-
#1990746	NEW    cov: 1704 ft: 7616 corp: 1589/429Kb lim: 4096 exec/s: 18097 rss: 523Mb L: 4093/4096 MS: 2 CopyPart-InsertRepeatedBytes-
#1991677	REDUCE cov: 1704 ft: 7616 corp: 1589/429Kb lim: 4096 exec/s: 18106 rss: 523Mb L: 807/4096 MS: 1 EraseBytes-
#1992783	REDUCE cov: 1704 ft: 7616 corp: 1589/429Kb lim: 4096 exec/s: 18116 rss: 523Mb L: 40/4096 MS: 1 EraseBytes-
#1994267	REDUCE cov: 1704 ft: 7616 corp: 1589/429Kb lim: 4096 exec/s: 18129 rss: 523Mb L: 896/4096 MS: 4 CopyPart-ChangeByte-CopyPart-EraseBytes-
#1998696	NEW    cov: 1704 ft: 7617 corp: 1590/432Kb lim: 4096 exec/s: 18169 rss: 523Mb L: 2608/4096 MS: 4 ChangeASCIIInt-EraseBytes-ChangeBinInt-ChangeBinInt-
#2002617	REDUCE cov: 1704 ft: 7617 corp: 1590/432Kb lim: 4096 exec/s: 18041 rss: 523Mb L: 65/4096 MS: 1 EraseBytes-
#2004138	REDUCE cov: 1704 ft: 7617 corp: 1590/432Kb lim: 4096 exec/s: 18055 rss: 523Mb L: 101/4096 MS: 1 EraseBytes-
#2008944	REDUCE cov: 1704 ft: 7617 corp: 1590/431Kb lim: 4096 exec/s: 18098 rss: 523Mb L: 194/4096 MS: 1 EraseBytes-
#2015987	REDUCE cov: 1704 ft: 7618 corp: 1591/432Kb lim: 4096 exec/s: 17999 rss: 523Mb L: 954/4096 MS: 3 ShuffleBytes-ShuffleBytes-ChangeByte-
#2017125	NEW    cov: 1705 ft: 7632 corp: 1592/436Kb lim: 4096 exec/s: 18010 rss: 523Mb L: 4096/4096 MS: 3 CrossOver-ShuffleBytes-InsertByte-
#2020447	REDUCE cov: 1705 ft: 7632 corp: 1592/436Kb lim: 4096 exec/s: 18039 rss: 523Mb L: 806/4096 MS: 2 ChangeByte-EraseBytes-
#2023398	REDUCE cov: 1705 ft: 7632 corp: 1592/436Kb lim: 4096 exec/s: 18066 rss: 523Mb L: 32/4096 MS: 1 EraseBytes-
#2028969	REDUCE cov: 1705 ft: 7632 corp: 1592/436Kb lim: 4096 exec/s: 18115 rss: 523Mb L: 569/4096 MS: 1 EraseBytes-
#2029935	REDUCE cov: 1705 ft: 7632 corp: 1592/436Kb lim: 4096 exec/s: 18124 rss: 523Mb L: 1325/4096 MS: 1 EraseBytes-
#2030706	REDUCE cov: 1705 ft: 7632 corp: 1592/436Kb lim: 4096 exec/s: 18131 rss: 523Mb L: 940/4096 MS: 1 EraseBytes-
#2031062	REDUCE cov: 1705 ft: 7632 corp: 1592/436Kb lim: 4096 exec/s: 18134 rss: 523Mb L: 500/4096 MS: 1 EraseBytes-
#2031404	REDUCE cov: 1705 ft: 7632 corp: 1592/436Kb lim: 4096 exec/s: 18137 rss: 523Mb L: 37/4096 MS: 2 ShuffleBytes-EraseBytes-
#2032331	REDUCE cov: 1705 ft: 7632 corp: 1592/436Kb lim: 4096 exec/s: 17985 rss: 523Mb L: 2219/4096 MS: 2 ChangeByte-EraseBytes-
#2033425	NEW    cov: 1705 ft: 7633 corp: 1593/440Kb lim: 4096 exec/s: 17994 rss: 523Mb L: 4041/4096 MS: 4 CopyPart-ChangeASCIIInt-ChangeByte-ChangeByte-
#2035521	REDUCE cov: 1705 ft: 7633 corp: 1593/440Kb lim: 4096 exec/s: 18013 rss: 523Mb L: 8/4096 MS: 1 EraseBytes-
#2036033	REDUCE cov: 1705 ft: 7633 corp: 1593/440Kb lim: 4096 exec/s: 18017 rss: 523Mb L: 953/4096 MS: 2 ShuffleBytes-EraseBytes-
#2036124	REDUCE cov: 1705 ft: 7633 corp: 1593/440Kb lim: 4096 exec/s: 18018 rss: 523Mb L: 64/4096 MS: 1 EraseBytes-
#2036641	REDUCE cov: 1705 ft: 7633 corp: 1593/440Kb lim: 4096 exec/s: 18023 rss: 523Mb L: 74/4096 MS: 2 ChangeBit-EraseBytes-
#2042212	REDUCE cov: 1705 ft: 7633 corp: 1593/440Kb lim: 4096 exec/s: 18072 rss: 523Mb L: 405/4096 MS: 1 EraseBytes-
#2053143	REDUCE cov: 1705 ft: 7633 corp: 1593/440Kb lim: 4096 exec/s: 18010 rss: 523Mb L: 65/4096 MS: 1 EraseBytes-
	NEW_FUNC[1/1]: 0x5bb3d284ef60  (/home/ther12k/Workspace/Learning/velqu/fuzz/target/x86_64-unknown-linux-gnu/release/codec_encoders+0x8f1f60) (BuildId: ffbab5315636f10f79c36e1592fe877e09efe821)
#2055849	NEW    cov: 1708 ft: 7636 corp: 1594/444Kb lim: 4096 exec/s: 18033 rss: 523Mb L: 3968/4096 MS: 1 ShuffleBytes-
#2057040	REDUCE cov: 1708 ft: 7636 corp: 1594/444Kb lim: 4096 exec/s: 18044 rss: 523Mb L: 61/4096 MS: 1 EraseBytes-
#2058136	REDUCE cov: 1708 ft: 7636 corp: 1594/444Kb lim: 4096 exec/s: 18053 rss: 523Mb L: 115/4096 MS: 1 EraseBytes-
#2064477	REDUCE cov: 1708 ft: 7636 corp: 1594/444Kb lim: 4096 exec/s: 17951 rss: 523Mb L: 205/4096 MS: 1 EraseBytes-
#2069054	REDUCE cov: 1708 ft: 7636 corp: 1594/444Kb lim: 4096 exec/s: 17991 rss: 523Mb L: 36/4096 MS: 2 InsertByte-EraseBytes-
#2069643	NEW    cov: 1708 ft: 7638 corp: 1595/448Kb lim: 4096 exec/s: 17996 rss: 523Mb L: 4096/4096 MS: 4 ChangeBinInt-ChangeBinInt-ShuffleBytes-ShuffleBytes-
#2071489	REDUCE cov: 1708 ft: 7638 corp: 1595/448Kb lim: 4096 exec/s: 18012 rss: 523Mb L: 21/4096 MS: 1 EraseBytes-
#2072125	REDUCE cov: 1708 ft: 7638 corp: 1595/448Kb lim: 4096 exec/s: 18018 rss: 523Mb L: 40/4096 MS: 1 EraseBytes-
#2074591	REDUCE cov: 1708 ft: 7638 corp: 1595/448Kb lim: 4096 exec/s: 18039 rss: 523Mb L: 150/4096 MS: 1 EraseBytes-
#2075418	REDUCE cov: 1708 ft: 7638 corp: 1595/448Kb lim: 4096 exec/s: 18047 rss: 523Mb L: 19/4096 MS: 2 ShuffleBytes-EraseBytes-
#2077020	REDUCE cov: 1708 ft: 7638 corp: 1595/448Kb lim: 4096 exec/s: 18061 rss: 523Mb L: 68/4096 MS: 2 CopyPart-EraseBytes-
#2083216	REDUCE cov: 1708 ft: 7638 corp: 1595/448Kb lim: 4096 exec/s: 17958 rss: 523Mb L: 935/4096 MS: 1 EraseBytes-
#2083942	REDUCE cov: 1708 ft: 7638 corp: 1595/448Kb lim: 4096 exec/s: 17965 rss: 523Mb L: 3138/4096 MS: 1 EraseBytes-
#2086048	REDUCE cov: 1708 ft: 7638 corp: 1595/448Kb lim: 4096 exec/s: 17983 rss: 523Mb L: 1522/4096 MS: 1 EraseBytes-
#2086254	REDUCE cov: 1708 ft: 7638 corp: 1595/448Kb lim: 4096 exec/s: 17984 rss: 523Mb L: 52/4096 MS: 1 EraseBytes-
#2087210	REDUCE cov: 1708 ft: 7638 corp: 1595/447Kb lim: 4096 exec/s: 17993 rss: 523Mb L: 1710/4096 MS: 1 EraseBytes-
#2092307	REDUCE cov: 1708 ft: 7638 corp: 1595/447Kb lim: 4096 exec/s: 18037 rss: 523Mb L: 99/4096 MS: 2 ChangeBit-EraseBytes-
#2092438	REDUCE cov: 1708 ft: 7638 corp: 1595/447Kb lim: 4096 exec/s: 18038 rss: 523Mb L: 158/4096 MS: 1 EraseBytes-
#2093346	REDUCE cov: 1708 ft: 7638 corp: 1595/447Kb lim: 4096 exec/s: 17891 rss: 523Mb L: 4037/4096 MS: 3 ChangeBit-ChangeBit-EraseBytes-
#2094282	REDUCE cov: 1708 ft: 7638 corp: 1595/447Kb lim: 4096 exec/s: 17899 rss: 523Mb L: 1281/4096 MS: 1 EraseBytes-
#2097152	pulse  cov: 1708 ft: 7638 corp: 1595/447Kb lim: 4096 exec/s: 17924 rss: 523Mb
#2097608	REDUCE cov: 1708 ft: 7638 corp: 1595/447Kb lim: 4096 exec/s: 17928 rss: 523Mb L: 47/4096 MS: 1 EraseBytes-
#2098949	REDUCE cov: 1708 ft: 7638 corp: 1595/447Kb lim: 4096 exec/s: 17939 rss: 523Mb L: 25/4096 MS: 1 EraseBytes-
#2105141	REDUCE cov: 1708 ft: 7638 corp: 1595/447Kb lim: 4096 exec/s: 17992 rss: 523Mb L: 50/4096 MS: 2 ShuffleBytes-EraseBytes-
#2106012	REDUCE cov: 1708 ft: 7638 corp: 1595/447Kb lim: 4096 exec/s: 18000 rss: 523Mb L: 1530/4096 MS: 1 EraseBytes-
#2106269	REDUCE cov: 1708 ft: 7638 corp: 1595/447Kb lim: 4096 exec/s: 18002 rss: 523Mb L: 3430/4096 MS: 2 ChangeByte-EraseBytes-
#2110401	REDUCE cov: 1708 ft: 7638 corp: 1595/447Kb lim: 4096 exec/s: 17884 rss: 523Mb L: 15/4096 MS: 2 ChangeByte-EraseBytes-
#2110683	REDUCE cov: 1708 ft: 7638 corp: 1595/447Kb lim: 4096 exec/s: 17887 rss: 523Mb L: 15/4096 MS: 2 EraseBytes-ChangeBit-
#2114159	REDUCE cov: 1708 ft: 7638 corp: 1595/447Kb lim: 4096 exec/s: 17916 rss: 523Mb L: 3987/4096 MS: 1 EraseBytes-
#2115445	REDUCE cov: 1708 ft: 7638 corp: 1595/447Kb lim: 4096 exec/s: 17927 rss: 523Mb L: 201/4096 MS: 1 EraseBytes-
#2115914	REDUCE cov: 1708 ft: 7638 corp: 1595/447Kb lim: 4096 exec/s: 17931 rss: 523Mb L: 100/4096 MS: 4 CrossOver-ShuffleBytes-ShuffleBytes-EraseBytes-
#2116013	REDUCE cov: 1710 ft: 7640 corp: 1596/450Kb lim: 4096 exec/s: 17932 rss: 523Mb L: 2590/4096 MS: 4 InsertRepeatedBytes-ChangeByte-EraseBytes-CrossOver-
#2119204	REDUCE cov: 1710 ft: 7640 corp: 1596/450Kb lim: 4096 exec/s: 17959 rss: 523Mb L: 31/4096 MS: 1 EraseBytes-
#2120170	REDUCE cov: 1710 ft: 7640 corp: 1596/450Kb lim: 4096 exec/s: 17967 rss: 523Mb L: 3865/4096 MS: 1 EraseBytes-
#2120431	REDUCE cov: 1710 ft: 7640 corp: 1596/449Kb lim: 4096 exec/s: 17969 rss: 523Mb L: 1432/4096 MS: 1 EraseBytes-
#2120482	REDUCE cov: 1710 ft: 7640 corp: 1596/449Kb lim: 4096 exec/s: 17970 rss: 523Mb L: 19/4096 MS: 1 EraseBytes-
#2121733	REDUCE cov: 1710 ft: 7640 corp: 1596/449Kb lim: 4096 exec/s: 17980 rss: 523Mb L: 86/4096 MS: 1 EraseBytes-
#2121799	REDUCE cov: 1710 ft: 7640 corp: 1596/449Kb lim: 4096 exec/s: 17981 rss: 523Mb L: 10/4096 MS: 1 EraseBytes-
#2123395	REDUCE cov: 1710 ft: 7640 corp: 1596/449Kb lim: 4096 exec/s: 17843 rss: 523Mb L: 30/4096 MS: 1 EraseBytes-
#2125176	NEW    cov: 1712 ft: 7642 corp: 1597/449Kb lim: 4096 exec/s: 17858 rss: 523Mb L: 12/4096 MS: 1 CopyPart-
#2125802	REDUCE cov: 1712 ft: 7642 corp: 1597/449Kb lim: 4096 exec/s: 17863 rss: 523Mb L: 85/4096 MS: 1 EraseBytes-
#2130388	REDUCE cov: 1712 ft: 7642 corp: 1597/449Kb lim: 4096 exec/s: 17902 rss: 523Mb L: 54/4096 MS: 1 EraseBytes-
#2130855	REDUCE cov: 1712 ft: 7642 corp: 1597/449Kb lim: 4096 exec/s: 17906 rss: 523Mb L: 801/4096 MS: 2 CrossOver-EraseBytes-
#2135396	REDUCE cov: 1712 ft: 7642 corp: 1597/449Kb lim: 4096 exec/s: 17944 rss: 523Mb L: 1251/4096 MS: 1 EraseBytes-
#2137312	REDUCE cov: 1712 ft: 7642 corp: 1597/449Kb lim: 4096 exec/s: 17960 rss: 523Mb L: 220/4096 MS: 1 EraseBytes-
#2138373	NEW    cov: 1713 ft: 7643 corp: 1598/449Kb lim: 4096 exec/s: 17819 rss: 523Mb L: 12/4096 MS: 1 ChangeBinInt-
#2139234	REDUCE cov: 1713 ft: 7643 corp: 1598/449Kb lim: 4096 exec/s: 17826 rss: 523Mb L: 3053/4096 MS: 1 EraseBytes-
#2140806	REDUCE cov: 1713 ft: 7643 corp: 1598/449Kb lim: 4096 exec/s: 17840 rss: 523Mb L: 47/4096 MS: 1 EraseBytes-
#2142255	NEW    cov: 1714 ft: 7644 corp: 1599/449Kb lim: 4096 exec/s: 17852 rss: 523Mb L: 79/4096 MS: 4 ChangeByte-InsertRepeatedBytes-ChangeBit-ChangeByte-
#2144691	REDUCE cov: 1714 ft: 7644 corp: 1599/449Kb lim: 4096 exec/s: 17872 rss: 523Mb L: 34/4096 MS: 1 EraseBytes-
#2146906	REDUCE cov: 1714 ft: 7644 corp: 1599/449Kb lim: 4096 exec/s: 17890 rss: 523Mb L: 96/4096 MS: 5 ChangeASCIIInt-ChangeByte-ShuffleBytes-ChangeBinInt-EraseBytes-
#2149482	REDUCE cov: 1714 ft: 7644 corp: 1599/449Kb lim: 4096 exec/s: 17912 rss: 523Mb L: 92/4096 MS: 1 EraseBytes-
#2150034	REDUCE cov: 1714 ft: 7644 corp: 1599/449Kb lim: 4096 exec/s: 17916 rss: 523Mb L: 23/4096 MS: 2 ChangeByte-EraseBytes-
#2156931	REDUCE cov: 1714 ft: 7644 corp: 1599/448Kb lim: 4096 exec/s: 17825 rss: 523Mb L: 1836/4096 MS: 2 CMP-EraseBytes- DE: "message"-
#2160753	REDUCE cov: 1714 ft: 7644 corp: 1599/448Kb lim: 4096 exec/s: 17857 rss: 523Mb L: 653/4096 MS: 2 PersAutoDict-EraseBytes- DE: "\377\377\377\377"-
#2160919	REDUCE cov: 1714 ft: 7644 corp: 1599/448Kb lim: 4096 exec/s: 17858 rss: 523Mb L: 219/4096 MS: 1 EraseBytes-
#2161866	REDUCE cov: 1714 ft: 7644 corp: 1599/448Kb lim: 4096 exec/s: 17866 rss: 523Mb L: 64/4096 MS: 2 ChangeBinInt-EraseBytes-
#2164219	REDUCE cov: 1714 ft: 7644 corp: 1599/448Kb lim: 4096 exec/s: 17886 rss: 523Mb L: 85/4096 MS: 3 ChangeBinInt-ChangeBit-EraseBytes-
#2166965	REDUCE cov: 1714 ft: 7644 corp: 1599/448Kb lim: 4096 exec/s: 17908 rss: 523Mb L: 113/4096 MS: 1 EraseBytes-
#2170076	REDUCE cov: 1714 ft: 7644 corp: 1599/448Kb lim: 4096 exec/s: 17787 rss: 523Mb L: 983/4096 MS: 1 EraseBytes-
#2171842	REDUCE cov: 1714 ft: 7644 corp: 1599/448Kb lim: 4096 exec/s: 17801 rss: 523Mb L: 369/4096 MS: 1 EraseBytes-
#2172570	REDUCE cov: 1714 ft: 7644 corp: 1599/448Kb lim: 4096 exec/s: 17807 rss: 523Mb L: 243/4096 MS: 3 ChangeBinInt-ChangeByte-EraseBytes-
#2172777	REDUCE cov: 1714 ft: 7644 corp: 1599/448Kb lim: 4096 exec/s: 17809 rss: 523Mb L: 1155/4096 MS: 2 ChangeBinInt-EraseBytes-
#2173083	REDUCE cov: 1714 ft: 7644 corp: 1599/448Kb lim: 4096 exec/s: 17812 rss: 523Mb L: 89/4096 MS: 1 EraseBytes-
#2175307	REDUCE cov: 1714 ft: 7644 corp: 1599/448Kb lim: 4096 exec/s: 17830 rss: 523Mb L: 368/4096 MS: 4 InsertRepeatedBytes-EraseBytes-ChangeByte-EraseBytes-
#2177323	REDUCE cov: 1714 ft: 7644 corp: 1599/448Kb lim: 4096 exec/s: 17846 rss: 523Mb L: 896/4096 MS: 1 EraseBytes-
#2178059	REDUCE cov: 1714 ft: 7644 corp: 1599/448Kb lim: 4096 exec/s: 17852 rss: 523Mb L: 66/4096 MS: 1 EraseBytes-
#2180466	REDUCE cov: 1714 ft: 7644 corp: 1599/448Kb lim: 4096 exec/s: 17872 rss: 523Mb L: 1840/4096 MS: 2 CrossOver-EraseBytes-
#2181654	REDUCE cov: 1714 ft: 7644 corp: 1599/447Kb lim: 4096 exec/s: 17882 rss: 523Mb L: 94/4096 MS: 3 ChangeASCIIInt-ChangeBit-EraseBytes-
#2184617	REDUCE cov: 1714 ft: 7644 corp: 1599/447Kb lim: 4096 exec/s: 17761 rss: 523Mb L: 2216/4096 MS: 3 InsertByte-InsertRepeatedBytes-EraseBytes-
#2184619	REDUCE cov: 1714 ft: 7644 corp: 1599/447Kb lim: 4096 exec/s: 17761 rss: 523Mb L: 56/4096 MS: 2 ChangeBinInt-EraseBytes-
#2185566	REDUCE cov: 1714 ft: 7644 corp: 1599/447Kb lim: 4096 exec/s: 17768 rss: 523Mb L: 26/4096 MS: 2 ChangeBit-EraseBytes-
#2187902	REDUCE cov: 1714 ft: 7644 corp: 1599/447Kb lim: 4096 exec/s: 17787 rss: 523Mb L: 22/4096 MS: 1 EraseBytes-
#2194828	REDUCE cov: 1714 ft: 7644 corp: 1599/447Kb lim: 4096 exec/s: 17844 rss: 523Mb L: 772/4096 MS: 1 EraseBytes-
#2195934	REDUCE cov: 1714 ft: 7644 corp: 1599/447Kb lim: 4096 exec/s: 17853 rss: 523Mb L: 29/4096 MS: 1 EraseBytes-
#2198550	REDUCE cov: 1714 ft: 7644 corp: 1599/447Kb lim: 4096 exec/s: 17730 rss: 523Mb L: 73/4096 MS: 1 EraseBytes-
#2200901	REDUCE cov: 1714 ft: 7644 corp: 1599/447Kb lim: 4096 exec/s: 17749 rss: 523Mb L: 4000/4096 MS: 1 EraseBytes-
#2201667	REDUCE cov: 1714 ft: 7644 corp: 1599/447Kb lim: 4096 exec/s: 17755 rss: 523Mb L: 73/4096 MS: 1 EraseBytes-
#2202073	REDUCE cov: 1714 ft: 7644 corp: 1599/447Kb lim: 4096 exec/s: 17758 rss: 523Mb L: 93/4096 MS: 1 EraseBytes-
#2204359	REDUCE cov: 1714 ft: 7644 corp: 1599/447Kb lim: 4096 exec/s: 17777 rss: 523Mb L: 62/4096 MS: 1 EraseBytes-
#2204410	REDUCE cov: 1714 ft: 7644 corp: 1599/447Kb lim: 4096 exec/s: 17777 rss: 523Mb L: 1286/4096 MS: 1 EraseBytes-
#2206025	REDUCE cov: 1714 ft: 7645 corp: 1600/448Kb lim: 4096 exec/s: 17790 rss: 523Mb L: 385/4096 MS: 5 ShuffleBytes-CopyPart-ChangeBit-ChangeBit-CopyPart-
#2207462	REDUCE cov: 1714 ft: 7645 corp: 1600/448Kb lim: 4096 exec/s: 17802 rss: 523Mb L: 93/4096 MS: 2 ChangeByte-EraseBytes-
#2210564	REDUCE cov: 1714 ft: 7645 corp: 1600/448Kb lim: 4096 exec/s: 17827 rss: 523Mb L: 44/4096 MS: 2 ChangeBinInt-EraseBytes-
#2211065	REDUCE cov: 1714 ft: 7645 corp: 1600/448Kb lim: 4096 exec/s: 17831 rss: 523Mb L: 22/4096 MS: 1 EraseBytes-
#2211937	REDUCE cov: 1714 ft: 7645 corp: 1600/447Kb lim: 4096 exec/s: 17838 rss: 523Mb L: 39/4096 MS: 2 ShuffleBytes-EraseBytes-
#2213288	REDUCE cov: 1714 ft: 7645 corp: 1600/447Kb lim: 4096 exec/s: 17706 rss: 523Mb L: 70/4096 MS: 1 EraseBytes-
#2214529	REDUCE cov: 1714 ft: 7645 corp: 1600/447Kb lim: 4096 exec/s: 17716 rss: 523Mb L: 60/4096 MS: 1 EraseBytes-
#2214540	REDUCE cov: 1714 ft: 7645 corp: 1600/447Kb lim: 4096 exec/s: 17716 rss: 523Mb L: 236/4096 MS: 1 EraseBytes-
#2214622	REDUCE cov: 1714 ft: 7645 corp: 1600/447Kb lim: 4096 exec/s: 17716 rss: 523Mb L: 157/4096 MS: 2 ChangeBit-EraseBytes-
#2214924	REDUCE cov: 1714 ft: 7645 corp: 1600/447Kb lim: 4096 exec/s: 17719 rss: 523Mb L: 28/4096 MS: 2 ShuffleBytes-EraseBytes-
#2215035	REDUCE cov: 1714 ft: 7645 corp: 1600/447Kb lim: 4096 exec/s: 17720 rss: 523Mb L: 47/4096 MS: 1 EraseBytes-
#2217456	REDUCE cov: 1714 ft: 7645 corp: 1600/447Kb lim: 4096 exec/s: 17739 rss: 523Mb L: 25/4096 MS: 1 EraseBytes-
#2221125	REDUCE cov: 1714 ft: 7645 corp: 1600/447Kb lim: 4096 exec/s: 17769 rss: 523Mb L: 35/4096 MS: 4 InsertRepeatedBytes-EraseBytes-EraseBytes-EraseBytes-
#2221996	REDUCE cov: 1714 ft: 7645 corp: 1600/447Kb lim: 4096 exec/s: 17775 rss: 523Mb L: 39/4096 MS: 1 EraseBytes-
#2222472	REDUCE cov: 1714 ft: 7645 corp: 1600/447Kb lim: 4096 exec/s: 17779 rss: 523Mb L: 31/4096 MS: 1 EraseBytes-
#2222766	REDUCE cov: 1714 ft: 7645 corp: 1600/447Kb lim: 4096 exec/s: 17782 rss: 523Mb L: 634/4096 MS: 4 InsertRepeatedBytes-InsertByte-PersAutoDict-EraseBytes- DE: "\217\001\000\000"-
#2225104	REDUCE cov: 1714 ft: 7645 corp: 1600/447Kb lim: 4096 exec/s: 17800 rss: 523Mb L: 192/4096 MS: 3 ShuffleBytes-EraseBytes-ChangeByte-
#2226310	REDUCE cov: 1714 ft: 7645 corp: 1600/447Kb lim: 4096 exec/s: 17810 rss: 523Mb L: 123/4096 MS: 1 EraseBytes-
#2228921	REDUCE cov: 1714 ft: 7645 corp: 1600/447Kb lim: 4096 exec/s: 17689 rss: 523Mb L: 30/4096 MS: 1 EraseBytes-
#2229983	REDUCE cov: 1714 ft: 7645 corp: 1600/447Kb lim: 4096 exec/s: 17698 rss: 523Mb L: 132/4096 MS: 2 EraseBytes-CopyPart-
#2230502	REDUCE cov: 1714 ft: 7645 corp: 1600/447Kb lim: 4096 exec/s: 17702 rss: 523Mb L: 32/4096 MS: 4 ChangeBit-CopyPart-ShuffleBytes-EraseBytes-
#2230734	REDUCE cov: 1714 ft: 7645 corp: 1600/447Kb lim: 4096 exec/s: 17704 rss: 523Mb L: 3467/4096 MS: 2 InsertRepeatedBytes-EraseBytes-
#2230846	REDUCE cov: 1714 ft: 7645 corp: 1600/447Kb lim: 4096 exec/s: 17705 rss: 523Mb L: 368/4096 MS: 2 CopyPart-EraseBytes-
#2237182	REDUCE cov: 1714 ft: 7645 corp: 1600/447Kb lim: 4096 exec/s: 17755 rss: 523Mb L: 1431/4096 MS: 1 EraseBytes-
#2241598	REDUCE cov: 1714 ft: 7645 corp: 1600/447Kb lim: 4096 exec/s: 17790 rss: 523Mb L: 73/4096 MS: 1 EraseBytes-
#2244979	NEW    cov: 1716 ft: 7647 corp: 1601/447Kb lim: 4096 exec/s: 17677 rss: 523Mb L: 13/4096 MS: 1 InsertByte-
#2247340	REDUCE cov: 1716 ft: 7647 corp: 1601/447Kb lim: 4096 exec/s: 17695 rss: 523Mb L: 29/4096 MS: 1 EraseBytes-
#2249741	REDUCE cov: 1716 ft: 7647 corp: 1601/447Kb lim: 4096 exec/s: 17714 rss: 523Mb L: 264/4096 MS: 1 EraseBytes-
#2253583	REDUCE cov: 1716 ft: 7647 corp: 1601/447Kb lim: 4096 exec/s: 17744 rss: 523Mb L: 48/4096 MS: 2 ChangeBit-EraseBytes-
#2257744	REDUCE cov: 1716 ft: 7647 corp: 1601/447Kb lim: 4096 exec/s: 17777 rss: 523Mb L: 27/4096 MS: 1 EraseBytes-
#2259111	NEW    cov: 1716 ft: 7650 corp: 1602/448Kb lim: 4096 exec/s: 17649 rss: 523Mb L: 970/4096 MS: 2 CopyPart-CopyPart-
#2260802	REDUCE cov: 1716 ft: 7650 corp: 1602/448Kb lim: 4096 exec/s: 17662 rss: 523Mb L: 648/4096 MS: 1 EraseBytes-
#2263183	REDUCE cov: 1716 ft: 7650 corp: 1602/448Kb lim: 4096 exec/s: 17681 rss: 523Mb L: 19/4096 MS: 1 EraseBytes-
#2263844	REDUCE cov: 1716 ft: 7650 corp: 1602/448Kb lim: 4096 exec/s: 17686 rss: 523Mb L: 736/4096 MS: 1 EraseBytes-
#2264050	NEW    cov: 1718 ft: 7652 corp: 1603/448Kb lim: 4096 exec/s: 17687 rss: 523Mb L: 8/4096 MS: 1 CopyPart-
#2264351	REDUCE cov: 1718 ft: 7652 corp: 1603/448Kb lim: 4096 exec/s: 17690 rss: 523Mb L: 10/4096 MS: 1 EraseBytes-
#2265814	REDUCE cov: 1718 ft: 7652 corp: 1603/448Kb lim: 4096 exec/s: 17701 rss: 523Mb L: 195/4096 MS: 3 ShuffleBytes-ChangeBit-EraseBytes-
#2267821	REDUCE cov: 1718 ft: 7652 corp: 1603/448Kb lim: 4096 exec/s: 17717 rss: 523Mb L: 1454/4096 MS: 2 EraseBytes-CopyPart-
#2270042	REDUCE cov: 1718 ft: 7652 corp: 1603/448Kb lim: 4096 exec/s: 17734 rss: 523Mb L: 45/4096 MS: 1 EraseBytes-
#2270203	REDUCE cov: 1718 ft: 7652 corp: 1603/448Kb lim: 4096 exec/s: 17735 rss: 523Mb L: 83/4096 MS: 1 EraseBytes-
#2271419	REDUCE cov: 1718 ft: 7652 corp: 1603/448Kb lim: 4096 exec/s: 17745 rss: 523Mb L: 495/4096 MS: 1 EraseBytes-
#2273423	REDUCE cov: 1719 ft: 7653 corp: 1604/448Kb lim: 4096 exec/s: 17761 rss: 523Mb L: 21/4096 MS: 4 CrossOver-CopyPart-InsertByte-EraseBytes-
#2274674	REDUCE cov: 1719 ft: 7653 corp: 1604/448Kb lim: 4096 exec/s: 17633 rss: 523Mb L: 18/4096 MS: 1 EraseBytes-
#2275092	NEW    cov: 1719 ft: 7655 corp: 1605/450Kb lim: 4096 exec/s: 17636 rss: 523Mb L: 1708/4096 MS: 3 CopyPart-PersAutoDict-CopyPart- DE: "msesage"-
#2275308	REDUCE cov: 1719 ft: 7655 corp: 1605/449Kb lim: 4096 exec/s: 17638 rss: 523Mb L: 83/4096 MS: 1 EraseBytes-
#2283677	REDUCE cov: 1719 ft: 7655 corp: 1605/449Kb lim: 4096 exec/s: 17702 rss: 523Mb L: 886/4096 MS: 4 ChangeBinInt-ShuffleBytes-PersAutoDict-EraseBytes- DE: "\0008"-
#2287360	REDUCE cov: 1719 ft: 7656 corp: 1606/452Kb lim: 4096 exec/s: 17731 rss: 523Mb L: 3353/4096 MS: 3 InsertRepeatedBytes-CMP-CopyPart- DE: "\377\377\377\377\377\377\377/"-
#2288457	REDUCE cov: 1719 ft: 7656 corp: 1606/452Kb lim: 4096 exec/s: 17739 rss: 523Mb L: 383/4096 MS: 2 ChangeByte-EraseBytes-
#2288464	REDUCE cov: 1719 ft: 7656 corp: 1606/452Kb lim: 4096 exec/s: 17740 rss: 523Mb L: 366/4096 MS: 2 ChangeBinInt-EraseBytes-
#2288722	REDUCE cov: 1719 ft: 7656 corp: 1606/452Kb lim: 4096 exec/s: 17605 rss: 523Mb L: 101/4096 MS: 3 CrossOver-EraseBytes-InsertRepeatedBytes-
#2289063	REDUCE cov: 1719 ft: 7656 corp: 1606/452Kb lim: 4096 exec/s: 17608 rss: 523Mb L: 9/4096 MS: 1 EraseBytes-
#2289126	REDUCE cov: 1719 ft: 7656 corp: 1606/452Kb lim: 4096 exec/s: 17608 rss: 523Mb L: 722/4096 MS: 3 CMP-ChangeBinInt-EraseBytes- DE: "\357\277\275\357\277\275"-
#2289677	REDUCE cov: 1719 ft: 7656 corp: 1606/452Kb lim: 4096 exec/s: 17612 rss: 523Mb L: 533/4096 MS: 1 EraseBytes-
#2290114	REDUCE cov: 1719 ft: 7656 corp: 1606/452Kb lim: 4096 exec/s: 17616 rss: 523Mb L: 104/4096 MS: 2 ChangeASCIIInt-EraseBytes-
#2292056	REDUCE cov: 1719 ft: 7656 corp: 1606/452Kb lim: 4096 exec/s: 17631 rss: 523Mb L: 53/4096 MS: 2 ChangeASCIIInt-EraseBytes-
#2300132	REDUCE cov: 1719 ft: 7656 corp: 1606/452Kb lim: 4096 exec/s: 17693 rss: 523Mb L: 255/4096 MS: 1 EraseBytes-
#2300534	REDUCE cov: 1719 ft: 7656 corp: 1606/452Kb lim: 4096 exec/s: 17696 rss: 523Mb L: 14/4096 MS: 2 ChangeASCIIInt-EraseBytes-
#2303295	REDUCE cov: 1719 ft: 7656 corp: 1606/452Kb lim: 4096 exec/s: 17717 rss: 523Mb L: 49/4096 MS: 1 EraseBytes-
#2305807	REDUCE cov: 1719 ft: 7656 corp: 1606/452Kb lim: 4096 exec/s: 17601 rss: 523Mb L: 2150/4096 MS: 2 ChangeByte-EraseBytes-
#2307053	REDUCE cov: 1719 ft: 7656 corp: 1606/452Kb lim: 4096 exec/s: 17611 rss: 523Mb L: 14/4096 MS: 1 EraseBytes-
#2308778	REDUCE cov: 1719 ft: 7656 corp: 1606/452Kb lim: 4096 exec/s: 17624 rss: 523Mb L: 1624/4096 MS: 5 PersAutoDict-CMP-ShuffleBytes-CopyPart-EraseBytes- DE: "\001\000\000\000\000\000\000\000"-"code"-
#2309184	REDUCE cov: 1719 ft: 7656 corp: 1606/452Kb lim: 4096 exec/s: 17627 rss: 523Mb L: 2729/4096 MS: 1 EraseBytes-
#2311300	REDUCE cov: 1719 ft: 7656 corp: 1606/452Kb lim: 4096 exec/s: 17643 rss: 523Mb L: 144/4096 MS: 1 EraseBytes-
#2311881	REDUCE cov: 1719 ft: 7656 corp: 1606/452Kb lim: 4096 exec/s: 17647 rss: 523Mb L: 19/4096 MS: 1 EraseBytes-
#2313502	REDUCE cov: 1719 ft: 7656 corp: 1606/452Kb lim: 4096 exec/s: 17660 rss: 523Mb L: 1269/4096 MS: 1 EraseBytes-
#2314083	REDUCE cov: 1719 ft: 7656 corp: 1606/452Kb lim: 4096 exec/s: 17664 rss: 523Mb L: 595/4096 MS: 1 EraseBytes-
#2314401	REDUCE cov: 1719 ft: 7656 corp: 1606/452Kb lim: 4096 exec/s: 17667 rss: 523Mb L: 461/4096 MS: 3 InsertRepeatedBytes-ChangeByte-EraseBytes-
#2316837	REDUCE cov: 1719 ft: 7656 corp: 1606/452Kb lim: 4096 exec/s: 17685 rss: 523Mb L: 148/4096 MS: 1 EraseBytes-
#2320478	REDUCE cov: 1719 ft: 7661 corp: 1607/452Kb lim: 4096 exec/s: 17579 rss: 523Mb L: 206/4096 MS: 1 CopyPart-
#2322035	REDUCE cov: 1719 ft: 7661 corp: 1607/452Kb lim: 4096 exec/s: 17591 rss: 523Mb L: 357/4096 MS: 2 InsertByte-EraseBytes-
#2322776	REDUCE cov: 1719 ft: 7661 corp: 1607/452Kb lim: 4096 exec/s: 17596 rss: 523Mb L: 2455/4096 MS: 1 EraseBytes-
#2323892	REDUCE cov: 1719 ft: 7661 corp: 1607/452Kb lim: 4096 exec/s: 17605 rss: 523Mb L: 53/4096 MS: 1 EraseBytes-
#2324803	REDUCE cov: 1719 ft: 7662 corp: 1608/455Kb lim: 4096 exec/s: 17612 rss: 523Mb L: 3467/4096 MS: 1 ChangeByte-
#2324930	REDUCE cov: 1719 ft: 7662 corp: 1608/455Kb lim: 4096 exec/s: 17613 rss: 523Mb L: 3616/4096 MS: 2 EraseBytes-InsertRepeatedBytes-
#2326631	REDUCE cov: 1719 ft: 7662 corp: 1608/455Kb lim: 4096 exec/s: 17625 rss: 523Mb L: 144/4096 MS: 1 EraseBytes-
#2329517	REDUCE cov: 1719 ft: 7662 corp: 1608/455Kb lim: 4096 exec/s: 17647 rss: 523Mb L: 29/4096 MS: 1 EraseBytes-
#2330513	REDUCE cov: 1719 ft: 7662 corp: 1608/455Kb lim: 4096 exec/s: 17655 rss: 523Mb L: 9/4096 MS: 1 EraseBytes-
#2330941	REDUCE cov: 1719 ft: 7664 corp: 1609/456Kb lim: 4096 exec/s: 17658 rss: 523Mb L: 759/4096 MS: 3 ChangeBit-InsertByte-CopyPart-
#2333257	REDUCE cov: 1719 ft: 7664 corp: 1609/456Kb lim: 4096 exec/s: 17676 rss: 523Mb L: 64/4096 MS: 1 EraseBytes-
#2335599	REDUCE cov: 1719 ft: 7664 corp: 1609/456Kb lim: 4096 exec/s: 17693 rss: 523Mb L: 20/4096 MS: 2 ShuffleBytes-EraseBytes-
#2342687	REDUCE cov: 1719 ft: 7664 corp: 1609/456Kb lim: 4096 exec/s: 17614 rss: 523Mb L: 21/4096 MS: 3 CMP-EraseBytes-InsertByte- DE: "\377\377\377\377"-
#2343040	REDUCE cov: 1719 ft: 7664 corp: 1609/456Kb lim: 4096 exec/s: 17616 rss: 523Mb L: 84/4096 MS: 3 ChangeBit-ChangeBit-EraseBytes-
#2345547	REDUCE cov: 1719 ft: 7664 corp: 1609/456Kb lim: 4096 exec/s: 17635 rss: 523Mb L: 20/4096 MS: 2 ChangeBit-EraseBytes-
#2346694	REDUCE cov: 1719 ft: 7664 corp: 1609/456Kb lim: 4096 exec/s: 17644 rss: 523Mb L: 331/4096 MS: 2 ChangeASCIIInt-EraseBytes-
#2347140	REDUCE cov: 1719 ft: 7664 corp: 1609/456Kb lim: 4096 exec/s: 17647 rss: 523Mb L: 664/4096 MS: 1 EraseBytes-
#2347428	REDUCE cov: 1719 ft: 7664 corp: 1609/456Kb lim: 4096 exec/s: 17649 rss: 523Mb L: 68/4096 MS: 3 InsertByte-InsertByte-EraseBytes-
#2347484	REDUCE cov: 1719 ft: 7664 corp: 1609/456Kb lim: 4096 exec/s: 17650 rss: 523Mb L: 59/4096 MS: 1 EraseBytes-
#2349660	REDUCE cov: 1719 ft: 7664 corp: 1609/456Kb lim: 4096 exec/s: 17666 rss: 523Mb L: 748/4096 MS: 1 EraseBytes-
#2350275	REDUCE cov: 1719 ft: 7664 corp: 1609/456Kb lim: 4096 exec/s: 17671 rss: 523Mb L: 22/4096 MS: 5 ChangeASCIIInt-ShuffleBytes-ChangeBit-ChangeASCIIInt-EraseBytes-
#2350401	REDUCE cov: 1719 ft: 7664 corp: 1609/456Kb lim: 4096 exec/s: 17672 rss: 523Mb L: 3991/4096 MS: 1 EraseBytes-
#2350987	REDUCE cov: 1719 ft: 7664 corp: 1609/456Kb lim: 4096 exec/s: 17676 rss: 523Mb L: 66/4096 MS: 1 EraseBytes-
#2351978	REDUCE cov: 1719 ft: 7664 corp: 1609/456Kb lim: 4096 exec/s: 17684 rss: 523Mb L: 24/4096 MS: 1 EraseBytes-
#2355210	REDUCE cov: 1719 ft: 7664 corp: 1609/456Kb lim: 4096 exec/s: 17576 rss: 523Mb L: 85/4096 MS: 2 ChangeBit-EraseBytes-
#2358119	REDUCE cov: 1719 ft: 7664 corp: 1609/455Kb lim: 4096 exec/s: 17597 rss: 523Mb L: 536/4096 MS: 4 ChangeByte-PersAutoDict-CrossOver-EraseBytes- DE: "\357\277\275\357\277\275"-
#2366435	REDUCE cov: 1719 ft: 7664 corp: 1609/455Kb lim: 4096 exec/s: 17659 rss: 523Mb L: 35/4096 MS: 1 EraseBytes-
#2369746	REDUCE cov: 1719 ft: 7664 corp: 1609/455Kb lim: 4096 exec/s: 17553 rss: 523Mb L: 285/4096 MS: 1 EraseBytes-
#2370397	REDUCE cov: 1719 ft: 7664 corp: 1609/455Kb lim: 4096 exec/s: 17558 rss: 523Mb L: 436/4096 MS: 1 EraseBytes-
#2372828	REDUCE cov: 1720 ft: 7665 corp: 1610/455Kb lim: 4096 exec/s: 17576 rss: 523Mb L: 43/4096 MS: 1 PersAutoDict- DE: "message"-
#2375725	REDUCE cov: 1720 ft: 7665 corp: 1610/455Kb lim: 4096 exec/s: 17597 rss: 523Mb L: 11/4096 MS: 2 ChangeBinInt-EraseBytes-
#2384073	REDUCE cov: 1720 ft: 7665 corp: 1610/455Kb lim: 4096 exec/s: 17529 rss: 523Mb L: 20/4096 MS: 3 CrossOver-CrossOver-EraseBytes-
#2385005	REDUCE cov: 1720 ft: 7665 corp: 1610/455Kb lim: 4096 exec/s: 17536 rss: 523Mb L: 68/4096 MS: 2 ShuffleBytes-EraseBytes-
#2387606	REDUCE cov: 1720 ft: 7665 corp: 1610/455Kb lim: 4096 exec/s: 17555 rss: 523Mb L: 1871/4096 MS: 1 EraseBytes-
#2388537	REDUCE cov: 1720 ft: 7665 corp: 1610/455Kb lim: 4096 exec/s: 17562 rss: 523Mb L: 10/4096 MS: 1 EraseBytes-
#2393858	REDUCE cov: 1720 ft: 7665 corp: 1610/455Kb lim: 4096 exec/s: 17601 rss: 523Mb L: 235/4096 MS: 1 EraseBytes-
#2395574	REDUCE cov: 1720 ft: 7665 corp: 1610/455Kb lim: 4096 exec/s: 17614 rss: 523Mb L: 61/4096 MS: 1 EraseBytes-
#2396601	NEW    cov: 1720 ft: 7667 corp: 1611/455Kb lim: 4096 exec/s: 17622 rss: 523Mb L: 12/4096 MS: 2 ShuffleBytes-ChangeBit-
#2397677	REDUCE cov: 1720 ft: 7667 corp: 1611/455Kb lim: 4096 exec/s: 17629 rss: 523Mb L: 779/4096 MS: 1 EraseBytes-
#2400108	REDUCE cov: 1720 ft: 7667 corp: 1611/455Kb lim: 4096 exec/s: 17519 rss: 523Mb L: 161/4096 MS: 1 EraseBytes-
#2401639	REDUCE cov: 1720 ft: 7667 corp: 1611/455Kb lim: 4096 exec/s: 17530 rss: 523Mb L: 2481/4096 MS: 1 EraseBytes-
#2410305	REDUCE cov: 1720 ft: 7667 corp: 1611/455Kb lim: 4096 exec/s: 17593 rss: 523Mb L: 167/4096 MS: 1 EraseBytes-
#2410837	REDUCE cov: 1720 ft: 7667 corp: 1611/455Kb lim: 4096 exec/s: 17597 rss: 523Mb L: 486/4096 MS: 2 EraseBytes-CopyPart-
#2413218	REDUCE cov: 1720 ft: 7669 corp: 1612/456Kb lim: 4096 exec/s: 17487 rss: 523Mb L: 758/4096 MS: 1 CopyPart-
#2418129	REDUCE cov: 1720 ft: 7669 corp: 1612/456Kb lim: 4096 exec/s: 17522 rss: 523Mb L: 18/4096 MS: 1 EraseBytes-
#2418501	REDUCE cov: 1720 ft: 7669 corp: 1612/456Kb lim: 4096 exec/s: 17525 rss: 523Mb L: 689/4096 MS: 2 ChangeBinInt-EraseBytes-
#2420103	REDUCE cov: 1720 ft: 7669 corp: 1612/456Kb lim: 4096 exec/s: 17536 rss: 523Mb L: 1908/4096 MS: 2 ShuffleBytes-EraseBytes-
#2420575	REDUCE cov: 1720 ft: 7669 corp: 1612/456Kb lim: 4096 exec/s: 17540 rss: 523Mb L: 525/4096 MS: 2 ChangeASCIIInt-EraseBytes-
#2420988	REDUCE cov: 1720 ft: 7669 corp: 1612/456Kb lim: 4096 exec/s: 17543 rss: 523Mb L: 79/4096 MS: 3 EraseBytes-CopyPart-CopyPart-
#2421434	REDUCE cov: 1720 ft: 7669 corp: 1612/456Kb lim: 4096 exec/s: 17546 rss: 523Mb L: 1518/4096 MS: 1 EraseBytes-
#2422980	REDUCE cov: 1720 ft: 7669 corp: 1612/456Kb lim: 4096 exec/s: 17557 rss: 523Mb L: 379/4096 MS: 1 EraseBytes-
#2424691	REDUCE cov: 1720 ft: 7669 corp: 1612/456Kb lim: 4096 exec/s: 17570 rss: 523Mb L: 102/4096 MS: 1 EraseBytes-
#2426372	REDUCE cov: 1720 ft: 7669 corp: 1612/456Kb lim: 4096 exec/s: 17582 rss: 523Mb L: 79/4096 MS: 1 EraseBytes-
#2427528	REDUCE cov: 1720 ft: 7669 corp: 1612/456Kb lim: 4096 exec/s: 17590 rss: 523Mb L: 1603/4096 MS: 1 EraseBytes-
#2427784	REDUCE cov: 1720 ft: 7669 corp: 1612/456Kb lim: 4096 exec/s: 17592 rss: 523Mb L: 903/4096 MS: 1 EraseBytes-
#2431365	REDUCE cov: 1720 ft: 7669 corp: 1612/456Kb lim: 4096 exec/s: 17491 rss: 523Mb L: 1959/4096 MS: 1 EraseBytes-
#2431736	REDUCE cov: 1720 ft: 7669 corp: 1612/456Kb lim: 4096 exec/s: 17494 rss: 523Mb L: 153/4096 MS: 1 EraseBytes-
#2431777	REDUCE cov: 1720 ft: 7669 corp: 1612/455Kb lim: 4096 exec/s: 17494 rss: 523Mb L: 276/4096 MS: 1 EraseBytes-
#2432593	REDUCE cov: 1720 ft: 7669 corp: 1612/455Kb lim: 4096 exec/s: 17500 rss: 523Mb L: 83/4096 MS: 1 EraseBytes-
#2442364	REDUCE cov: 1720 ft: 7669 corp: 1612/455Kb lim: 4096 exec/s: 17570 rss: 523Mb L: 1378/4096 MS: 1 EraseBytes-
#2443919	REDUCE cov: 1720 ft: 7669 corp: 1612/455Kb lim: 4096 exec/s: 17582 rss: 523Mb L: 18/4096 MS: 5 ChangeBit-ChangeBit-PersAutoDict-CrossOver-EraseBytes- DE: "\377\377\377\320"-
#2448155	REDUCE cov: 1720 ft: 7669 corp: 1612/455Kb lim: 4096 exec/s: 17486 rss: 523Mb L: 199/4096 MS: 1 EraseBytes-
#2450696	REDUCE cov: 1720 ft: 7669 corp: 1612/455Kb lim: 4096 exec/s: 17504 rss: 523Mb L: 1270/4096 MS: 1 EraseBytes-
#2452592	REDUCE cov: 1720 ft: 7669 corp: 1612/455Kb lim: 4096 exec/s: 17518 rss: 523Mb L: 170/4096 MS: 1 EraseBytes-
#2456998	REDUCE cov: 1720 ft: 7669 corp: 1612/455Kb lim: 4096 exec/s: 17549 rss: 523Mb L: 75/4096 MS: 1 EraseBytes-
#2460135	REDUCE cov: 1720 ft: 7669 corp: 1612/455Kb lim: 4096 exec/s: 17447 rss: 523Mb L: 822/4096 MS: 2 ChangeBit-EraseBytes-
#2461314	REDUCE cov: 1720 ft: 7669 corp: 1612/455Kb lim: 4096 exec/s: 17456 rss: 523Mb L: 647/4096 MS: 4 PersAutoDict-ChangeByte-ChangeASCIIInt-EraseBytes- DE: "msesage"-
#2464810	REDUCE cov: 1720 ft: 7669 corp: 1612/455Kb lim: 4096 exec/s: 17480 rss: 523Mb L: 130/4096 MS: 1 EraseBytes-
#2466891	REDUCE cov: 1720 ft: 7669 corp: 1612/455Kb lim: 4096 exec/s: 17495 rss: 523Mb L: 134/4096 MS: 1 EraseBytes-
#2467333	REDUCE cov: 1720 ft: 7669 corp: 1612/455Kb lim: 4096 exec/s: 17498 rss: 523Mb L: 196/4096 MS: 2 ChangeBit-EraseBytes-
#2473859	REDUCE cov: 1720 ft: 7669 corp: 1612/455Kb lim: 4096 exec/s: 17545 rss: 523Mb L: 1639/4096 MS: 1 EraseBytes-
#2476702	REDUCE cov: 1720 ft: 7669 corp: 1612/455Kb lim: 4096 exec/s: 17441 rss: 523Mb L: 65/4096 MS: 3 CopyPart-EraseBytes-ShuffleBytes-
#2477608	REDUCE cov: 1720 ft: 7669 corp: 1612/455Kb lim: 4096 exec/s: 17447 rss: 523Mb L: 76/4096 MS: 1 EraseBytes-
#2480578	REDUCE cov: 1720 ft: 7669 corp: 1612/455Kb lim: 4096 exec/s: 17468 rss: 523Mb L: 3782/4096 MS: 5 InsertByte-ChangeBit-ChangeByte-ChangeBit-EraseBytes-
#2481021	REDUCE cov: 1720 ft: 7669 corp: 1612/455Kb lim: 4096 exec/s: 17471 rss: 523Mb L: 1502/4096 MS: 3 ShuffleBytes-ShuffleBytes-CrossOver-
#2483112	REDUCE cov: 1720 ft: 7669 corp: 1612/455Kb lim: 4096 exec/s: 17486 rss: 523Mb L: 294/4096 MS: 1 EraseBytes-
#2483223	NEW    cov: 1724 ft: 7673 corp: 1613/455Kb lim: 4096 exec/s: 17487 rss: 523Mb L: 13/4096 MS: 1 CopyPart-
#2488269	REDUCE cov: 1724 ft: 7673 corp: 1613/455Kb lim: 4096 exec/s: 17400 rss: 523Mb L: 16/4096 MS: 1 EraseBytes-
#2488550	REDUCE cov: 1724 ft: 7673 corp: 1613/455Kb lim: 4096 exec/s: 17402 rss: 523Mb L: 15/4096 MS: 1 EraseBytes-
#2492616	REDUCE cov: 1724 ft: 7673 corp: 1613/455Kb lim: 4096 exec/s: 17430 rss: 523Mb L: 244/4096 MS: 1 EraseBytes-
#2492687	REDUCE cov: 1724 ft: 7673 corp: 1613/455Kb lim: 4096 exec/s: 17431 rss: 523Mb L: 3225/4096 MS: 1 EraseBytes-
#2498619	REDUCE cov: 1724 ft: 7673 corp: 1613/455Kb lim: 4096 exec/s: 17472 rss: 523Mb L: 232/4096 MS: 2 ChangeASCIIInt-EraseBytes-
#2499745	REDUCE cov: 1724 ft: 7673 corp: 1613/455Kb lim: 4096 exec/s: 17480 rss: 523Mb L: 21/4096 MS: 1 EraseBytes-
#2502451	REDUCE cov: 1724 ft: 7673 corp: 1613/455Kb lim: 4096 exec/s: 17378 rss: 523Mb L: 17/4096 MS: 1 EraseBytes-
#2507207	REDUCE cov: 1724 ft: 7673 corp: 1613/455Kb lim: 4096 exec/s: 17411 rss: 523Mb L: 22/4096 MS: 1 EraseBytes-
#2510553	REDUCE cov: 1724 ft: 7673 corp: 1613/455Kb lim: 4096 exec/s: 17434 rss: 523Mb L: 229/4096 MS: 1 EraseBytes-
#2511724	REDUCE cov: 1724 ft: 7673 corp: 1613/455Kb lim: 4096 exec/s: 17322 rss: 523Mb L: 659/4096 MS: 1 EraseBytes-
#2513655	REDUCE cov: 1724 ft: 7673 corp: 1613/455Kb lim: 4096 exec/s: 17216 rss: 523Mb L: 3789/4096 MS: 1 EraseBytes-
#2515671	REDUCE cov: 1724 ft: 7673 corp: 1613/455Kb lim: 4096 exec/s: 17230 rss: 523Mb L: 703/4096 MS: 1 EraseBytes-
#2516138	REDUCE cov: 1724 ft: 7673 corp: 1613/455Kb lim: 4096 exec/s: 17233 rss: 523Mb L: 13/4096 MS: 2 CMP-EraseBytes- DE: "\361\377\377\377"-
#2519064	REDUCE cov: 1724 ft: 7673 corp: 1613/455Kb lim: 4096 exec/s: 17253 rss: 523Mb L: 283/4096 MS: 1 EraseBytes-
#2519285	REDUCE cov: 1724 ft: 7673 corp: 1613/455Kb lim: 4096 exec/s: 17255 rss: 523Mb L: 68/4096 MS: 1 EraseBytes-
#2519932	REDUCE cov: 1724 ft: 7675 corp: 1614/456Kb lim: 4096 exec/s: 17259 rss: 523Mb L: 1100/4096 MS: 2 CopyPart-CopyPart-
#2520553	REDUCE cov: 1724 ft: 7675 corp: 1614/456Kb lim: 4096 exec/s: 17264 rss: 523Mb L: 9/4096 MS: 1 EraseBytes-
#2523094	REDUCE cov: 1724 ft: 7675 corp: 1614/456Kb lim: 4096 exec/s: 17281 rss: 523Mb L: 100/4096 MS: 1 EraseBytes-
#2525580	REDUCE cov: 1724 ft: 7675 corp: 1614/456Kb lim: 4096 exec/s: 17298 rss: 523Mb L: 868/4096 MS: 1 EraseBytes-
#2531526	REDUCE cov: 1724 ft: 7675 corp: 1614/456Kb lim: 4096 exec/s: 17221 rss: 523Mb L: 286/4096 MS: 1 EraseBytes-
#2531687	REDUCE cov: 1724 ft: 7675 corp: 1614/456Kb lim: 4096 exec/s: 17222 rss: 523Mb L: 27/4096 MS: 1 EraseBytes-
#2531888	REDUCE cov: 1724 ft: 7675 corp: 1614/456Kb lim: 4096 exec/s: 17223 rss: 523Mb L: 194/4096 MS: 1 EraseBytes-
#2532936	REDUCE cov: 1724 ft: 7675 corp: 1614/456Kb lim: 4096 exec/s: 17230 rss: 523Mb L: 28/4096 MS: 3 ChangeBinInt-EraseBytes-CopyPart-
#2534228	REDUCE cov: 1724 ft: 7675 corp: 1614/456Kb lim: 4096 exec/s: 17239 rss: 523Mb L: 63/4096 MS: 2 ChangeASCIIInt-EraseBytes-
#2535625	NEW    cov: 1724 ft: 7676 corp: 1615/456Kb lim: 4096 exec/s: 17249 rss: 523Mb L: 576/4096 MS: 2 CopyPart-CopyPart-
#2536211	NEW    cov: 1724 ft: 7680 corp: 1616/458Kb lim: 4096 exec/s: 17253 rss: 523Mb L: 1678/4096 MS: 1 CopyPart-
#2541421	REDUCE cov: 1724 ft: 7680 corp: 1616/458Kb lim: 4096 exec/s: 17288 rss: 523Mb L: 659/4096 MS: 5 ChangeBinInt-ChangeASCIIInt-PersAutoDict-ShuffleBytes-EraseBytes- DE: "\361\377\377\377"-
#2543947	REDUCE cov: 1724 ft: 7680 corp: 1616/458Kb lim: 4096 exec/s: 17188 rss: 523Mb L: 84/4096 MS: 1 EraseBytes-
#2544103	REDUCE cov: 1724 ft: 7680 corp: 1616/458Kb lim: 4096 exec/s: 17189 rss: 523Mb L: 481/4096 MS: 1 EraseBytes-
#2545572	REDUCE cov: 1724 ft: 7680 corp: 1616/458Kb lim: 4096 exec/s: 17199 rss: 523Mb L: 17/4096 MS: 4 InsertByte-CopyPart-ChangeBit-EraseBytes-
#2546805	REDUCE cov: 1724 ft: 7681 corp: 1617/458Kb lim: 4096 exec/s: 17208 rss: 523Mb L: 187/4096 MS: 3 ChangeASCIIInt-CopyPart-CopyPart-
#2550386	REDUCE cov: 1724 ft: 7681 corp: 1617/458Kb lim: 4096 exec/s: 17232 rss: 523Mb L: 890/4096 MS: 1 EraseBytes-
#2551032	REDUCE cov: 1724 ft: 7681 corp: 1617/458Kb lim: 4096 exec/s: 17236 rss: 523Mb L: 219/4096 MS: 1 EraseBytes-
#2551139	REDUCE cov: 1724 ft: 7681 corp: 1617/458Kb lim: 4096 exec/s: 17237 rss: 523Mb L: 235/4096 MS: 2 ChangeBit-EraseBytes-
#2556986	REDUCE cov: 1724 ft: 7681 corp: 1617/458Kb lim: 4096 exec/s: 17276 rss: 523Mb L: 192/4096 MS: 2 ChangeBinInt-EraseBytes-
#2558312	REDUCE cov: 1724 ft: 7681 corp: 1617/458Kb lim: 4096 exec/s: 17169 rss: 523Mb L: 245/4096 MS: 1 EraseBytes-
#2558533	REDUCE cov: 1724 ft: 7681 corp: 1617/458Kb lim: 4096 exec/s: 17171 rss: 523Mb L: 30/4096 MS: 1 EraseBytes-
#2560525	REDUCE cov: 1724 ft: 7681 corp: 1617/458Kb lim: 4096 exec/s: 17184 rss: 523Mb L: 15/4096 MS: 2 EraseBytes-ChangeByte-
#2560758	REDUCE cov: 1724 ft: 7681 corp: 1617/458Kb lim: 4096 exec/s: 17186 rss: 523Mb L: 231/4096 MS: 3 CopyPart-ShuffleBytes-EraseBytes-
#2561330	REDUCE cov: 1724 ft: 7681 corp: 1617/458Kb lim: 4096 exec/s: 17190 rss: 523Mb L: 3319/4096 MS: 2 ChangeASCIIInt-EraseBytes-
#2561886	REDUCE cov: 1724 ft: 7681 corp: 1617/458Kb lim: 4096 exec/s: 17193 rss: 523Mb L: 12/4096 MS: 1 EraseBytes-
#2561912	REDUCE cov: 1724 ft: 7681 corp: 1617/458Kb lim: 4096 exec/s: 17194 rss: 523Mb L: 16/4096 MS: 1 EraseBytes-
#2568119	REDUCE cov: 1724 ft: 7681 corp: 1617/458Kb lim: 4096 exec/s: 17235 rss: 523Mb L: 90/4096 MS: 2 ShuffleBytes-EraseBytes-
#2570796	REDUCE cov: 1724 ft: 7681 corp: 1617/458Kb lim: 4096 exec/s: 17253 rss: 523Mb L: 83/4096 MS: 2 ChangeBinInt-EraseBytes-
#2571107	REDUCE cov: 1724 ft: 7681 corp: 1617/457Kb lim: 4096 exec/s: 17255 rss: 523Mb L: 1423/4096 MS: 1 EraseBytes-
#2571409	REDUCE cov: 1724 ft: 7681 corp: 1617/457Kb lim: 4096 exec/s: 17257 rss: 523Mb L: 131/4096 MS: 1 EraseBytes-
#2572111	REDUCE cov: 1724 ft: 7681 corp: 1617/457Kb lim: 4096 exec/s: 17262 rss: 523Mb L: 148/4096 MS: 2 ChangeByte-EraseBytes-
#2575382	REDUCE cov: 1724 ft: 7681 corp: 1617/457Kb lim: 4096 exec/s: 17169 rss: 523Mb L: 11/4096 MS: 1 EraseBytes-
#2579915	REDUCE cov: 1724 ft: 7681 corp: 1617/457Kb lim: 4096 exec/s: 17199 rss: 523Mb L: 1771/4096 MS: 3 ShuffleBytes-CMP-EraseBytes- DE: "\001\000\0008"-
#2585316	REDUCE cov: 1724 ft: 7681 corp: 1617/457Kb lim: 4096 exec/s: 17235 rss: 523Mb L: 1504/4096 MS: 1 EraseBytes-
#2586797	REDUCE cov: 1724 ft: 7681 corp: 1617/457Kb lim: 4096 exec/s: 17245 rss: 523Mb L: 746/4096 MS: 1 EraseBytes-
#2590989	REDUCE cov: 1724 ft: 7681 corp: 1617/457Kb lim: 4096 exec/s: 17158 rss: 523Mb L: 68/4096 MS: 1 EraseBytes-
#2591490	REDUCE cov: 1724 ft: 7681 corp: 1617/457Kb lim: 4096 exec/s: 17162 rss: 523Mb L: 45/4096 MS: 1 EraseBytes-
#2592932	REDUCE cov: 1724 ft: 7681 corp: 1617/457Kb lim: 4096 exec/s: 17171 rss: 523Mb L: 36/4096 MS: 2 ChangeByte-EraseBytes-
#2594085	REDUCE cov: 1724 ft: 7681 corp: 1617/457Kb lim: 4096 exec/s: 17179 rss: 523Mb L: 1645/4096 MS: 3 InsertRepeatedBytes-EraseBytes-CopyPart-
#2596934	REDUCE cov: 1724 ft: 7681 corp: 1617/457Kb lim: 4096 exec/s: 17198 rss: 523Mb L: 820/4096 MS: 4 ChangeASCIIInt-ChangeBit-InsertRepeatedBytes-EraseBytes-
#2600690	REDUCE cov: 1724 ft: 7700 corp: 1618/460Kb lim: 4096 exec/s: 17223 rss: 523Mb L: 2566/4096 MS: 1 CopyPart-
#2606102	REDUCE cov: 1724 ft: 7700 corp: 1618/460Kb lim: 4096 exec/s: 17145 rss: 523Mb L: 2719/4096 MS: 2 ChangeByte-EraseBytes-
#2606979	REDUCE cov: 1724 ft: 7700 corp: 1618/459Kb lim: 4096 exec/s: 17151 rss: 523Mb L: 913/4096 MS: 2 ChangeBit-EraseBytes-
#2607735	REDUCE cov: 1724 ft: 7700 corp: 1618/459Kb lim: 4096 exec/s: 17156 rss: 523Mb L: 40/4096 MS: 1 EraseBytes-
#2608586	REDUCE cov: 1724 ft: 7700 corp: 1618/459Kb lim: 4096 exec/s: 17161 rss: 523Mb L: 487/4096 MS: 1 EraseBytes-
#2608837	REDUCE cov: 1724 ft: 7700 corp: 1618/459Kb lim: 4096 exec/s: 17163 rss: 523Mb L: 13/4096 MS: 1 EraseBytes-
#2608993	REDUCE cov: 1724 ft: 7700 corp: 1618/459Kb lim: 4096 exec/s: 17164 rss: 523Mb L: 2556/4096 MS: 1 EraseBytes-
#2613694	REDUCE cov: 1724 ft: 7700 corp: 1618/459Kb lim: 4096 exec/s: 17195 rss: 523Mb L: 169/4096 MS: 1 EraseBytes-
#2616371	REDUCE cov: 1724 ft: 7700 corp: 1618/459Kb lim: 4096 exec/s: 17212 rss: 523Mb L: 785/4096 MS: 2 ChangeBinInt-EraseBytes-
#2620144	REDUCE cov: 1724 ft: 7700 corp: 1618/459Kb lim: 4096 exec/s: 17237 rss: 523Mb L: 107/4096 MS: 3 ChangeASCIIInt-ChangeBinInt-EraseBytes-
#2621327	REDUCE cov: 1724 ft: 7700 corp: 1618/459Kb lim: 4096 exec/s: 17245 rss: 523Mb L: 192/4096 MS: 3 ChangeByte-ChangeBinInt-EraseBytes-
#2623852	REDUCE cov: 1724 ft: 7700 corp: 1618/459Kb lim: 4096 exec/s: 17149 rss: 523Mb L: 280/4096 MS: 5 InsertByte-ChangeASCIIInt-CMP-ChangeASCIIInt-EraseBytes- DE: " \377\377\377\377\377\377\377"-
#2626438	REDUCE cov: 1724 ft: 7700 corp: 1618/459Kb lim: 4096 exec/s: 17166 rss: 523Mb L: 2499/4096 MS: 1 EraseBytes-
#2630909	REDUCE cov: 1724 ft: 7700 corp: 1618/459Kb lim: 4096 exec/s: 17195 rss: 523Mb L: 858/4096 MS: 1 EraseBytes-
#2631325	REDUCE cov: 1724 ft: 7700 corp: 1618/459Kb lim: 4096 exec/s: 17198 rss: 523Mb L: 226/4096 MS: 1 EraseBytes-
#2635586	REDUCE cov: 1724 ft: 7700 corp: 1618/459Kb lim: 4096 exec/s: 17226 rss: 523Mb L: 49/4096 MS: 1 EraseBytes-
#2635727	REDUCE cov: 1724 ft: 7700 corp: 1618/459Kb lim: 4096 exec/s: 17226 rss: 523Mb L: 40/4096 MS: 1 EraseBytes-
#2639178	REDUCE cov: 1724 ft: 7702 corp: 1619/460Kb lim: 4096 exec/s: 17137 rss: 523Mb L: 1016/4096 MS: 1 CopyPart-
#2643609	REDUCE cov: 1724 ft: 7702 corp: 1619/460Kb lim: 4096 exec/s: 17166 rss: 523Mb L: 13/4096 MS: 1 EraseBytes-
#2645365	REDUCE cov: 1724 ft: 7702 corp: 1619/460Kb lim: 4096 exec/s: 17177 rss: 523Mb L: 19/4096 MS: 1 EraseBytes-
#2648186	REDUCE cov: 1724 ft: 7702 corp: 1619/460Kb lim: 4096 exec/s: 17196 rss: 523Mb L: 1027/4096 MS: 1 EraseBytes-
#2650078	REDUCE cov: 1724 ft: 7702 corp: 1619/460Kb lim: 4096 exec/s: 17208 rss: 523Mb L: 82/4096 MS: 2 InsertByte-EraseBytes-
#2652499	REDUCE cov: 1724 ft: 7702 corp: 1619/460Kb lim: 4096 exec/s: 17224 rss: 523Mb L: 2706/4096 MS: 1 EraseBytes-
#2653120	REDUCE cov: 1724 ft: 7702 corp: 1619/460Kb lim: 4096 exec/s: 17116 rss: 523Mb L: 46/4096 MS: 1 EraseBytes-
#2653261	REDUCE cov: 1724 ft: 7702 corp: 1619/460Kb lim: 4096 exec/s: 17117 rss: 523Mb L: 8/4096 MS: 1 EraseBytes-
#2654937	REDUCE cov: 1724 ft: 7702 corp: 1619/460Kb lim: 4096 exec/s: 17128 rss: 523Mb L: 10/4096 MS: 1 EraseBytes-
#2658364	REDUCE cov: 1724 ft: 7702 corp: 1619/460Kb lim: 4096 exec/s: 17150 rss: 523Mb L: 3210/4096 MS: 2 ChangeASCIIInt-EraseBytes-
#2659620	REDUCE cov: 1724 ft: 7702 corp: 1619/460Kb lim: 4096 exec/s: 17158 rss: 523Mb L: 187/4096 MS: 1 EraseBytes-
#2668301	REDUCE cov: 1724 ft: 7702 corp: 1619/460Kb lim: 4096 exec/s: 17214 rss: 523Mb L: 188/4096 MS: 1 EraseBytes-
#2671380	REDUCE cov: 1724 ft: 7702 corp: 1619/460Kb lim: 4096 exec/s: 17124 rss: 523Mb L: 147/4096 MS: 4 PersAutoDict-EraseBytes-InsertRepeatedBytes-EraseBytes- DE: "code"-
#2672766	REDUCE cov: 1724 ft: 7702 corp: 1619/460Kb lim: 4096 exec/s: 17133 rss: 523Mb L: 16/4096 MS: 1 EraseBytes-
#2675773	REDUCE cov: 1724 ft: 7702 corp: 1619/460Kb lim: 4096 exec/s: 17152 rss: 523Mb L: 80/4096 MS: 2 ChangeASCIIInt-EraseBytes-
#2677412	REDUCE cov: 1724 ft: 7702 corp: 1619/460Kb lim: 4096 exec/s: 17162 rss: 523Mb L: 18/4096 MS: 4 ShuffleBytes-ShuffleBytes-EraseBytes-CopyPart-
#2679904	REDUCE cov: 1724 ft: 7702 corp: 1619/460Kb lim: 4096 exec/s: 17178 rss: 523Mb L: 1477/4096 MS: 2 ChangeBinInt-EraseBytes-
#2681175	REDUCE cov: 1724 ft: 7702 corp: 1619/460Kb lim: 4096 exec/s: 17187 rss: 523Mb L: 132/4096 MS: 1 EraseBytes-
#2685266	REDUCE cov: 1724 ft: 7705 corp: 1620/463Kb lim: 4096 exec/s: 17103 rss: 523Mb L: 3522/4096 MS: 1 CopyPart-
#2688447	REDUCE cov: 1724 ft: 7705 corp: 1620/463Kb lim: 4096 exec/s: 17123 rss: 523Mb L: 83/4096 MS: 1 EraseBytes-
#2692073	REDUCE cov: 1724 ft: 7705 corp: 1620/463Kb lim: 4096 exec/s: 17146 rss: 523Mb L: 67/4096 MS: 1 EraseBytes-
#2695464	REDUCE cov: 1724 ft: 7705 corp: 1620/463Kb lim: 4096 exec/s: 17168 rss: 523Mb L: 126/4096 MS: 1 EraseBytes-
#2702655	REDUCE cov: 1724 ft: 7705 corp: 1620/463Kb lim: 4096 exec/s: 17105 rss: 523Mb L: 121/4096 MS: 1 EraseBytes-
#2706327	REDUCE cov: 1724 ft: 7705 corp: 1620/463Kb lim: 4096 exec/s: 17128 rss: 523Mb L: 116/4096 MS: 2 ChangeASCIIInt-EraseBytes-
#2707978	REDUCE cov: 1724 ft: 7705 corp: 1620/463Kb lim: 4096 exec/s: 17139 rss: 523Mb L: 28/4096 MS: 1 EraseBytes-
#2712599	REDUCE cov: 1724 ft: 7705 corp: 1620/463Kb lim: 4096 exec/s: 17168 rss: 523Mb L: 99/4096 MS: 1 EraseBytes-
#2715971	REDUCE cov: 1724 ft: 7705 corp: 1620/463Kb lim: 4096 exec/s: 17189 rss: 523Mb L: 34/4096 MS: 2 ShuffleBytes-EraseBytes-
#2716282	REDUCE cov: 1724 ft: 7705 corp: 1620/463Kb lim: 4096 exec/s: 17191 rss: 523Mb L: 10/4096 MS: 1 EraseBytes-
#2717163	REDUCE cov: 1724 ft: 7705 corp: 1620/463Kb lim: 4096 exec/s: 17197 rss: 523Mb L: 41/4096 MS: 1 EraseBytes-
#2717431	REDUCE cov: 1724 ft: 7705 corp: 1620/463Kb lim: 4096 exec/s: 17198 rss: 523Mb L: 62/4096 MS: 3 ChangeBit-ChangeBit-EraseBytes-
#2725152	REDUCE cov: 1724 ft: 7705 corp: 1620/463Kb lim: 4096 exec/s: 17139 rss: 523Mb L: 405/4096 MS: 1 EraseBytes-
#2725178	REDUCE cov: 1724 ft: 7705 corp: 1620/463Kb lim: 4096 exec/s: 17139 rss: 523Mb L: 191/4096 MS: 1 EraseBytes-
#2725965	REDUCE cov: 1724 ft: 7705 corp: 1620/463Kb lim: 4096 exec/s: 17144 rss: 523Mb L: 13/4096 MS: 2 ChangeByte-EraseBytes-
#2726241	REDUCE cov: 1724 ft: 7705 corp: 1620/463Kb lim: 4096 exec/s: 17146 rss: 523Mb L: 150/4096 MS: 1 EraseBytes-
#2728082	REDUCE cov: 1724 ft: 7705 corp: 1620/463Kb lim: 4096 exec/s: 17157 rss: 523Mb L: 179/4096 MS: 1 EraseBytes-
#2728364	REDUCE cov: 1724 ft: 7705 corp: 1620/463Kb lim: 4096 exec/s: 17159 rss: 523Mb L: 39/4096 MS: 2 ChangeBit-EraseBytes-
#2729962	REDUCE cov: 1724 ft: 7705 corp: 1620/463Kb lim: 4096 exec/s: 17169 rss: 523Mb L: 99/4096 MS: 3 CopyPart-EraseBytes-CopyPart-
#2730468	REDUCE cov: 1724 ft: 7705 corp: 1620/463Kb lim: 4096 exec/s: 17172 rss: 523Mb L: 10/4096 MS: 1 EraseBytes-
#2731390	REDUCE cov: 1724 ft: 7705 corp: 1620/463Kb lim: 4096 exec/s: 17178 rss: 523Mb L: 21/4096 MS: 2 EraseBytes-CopyPart-
#2736801	REDUCE cov: 1724 ft: 7705 corp: 1620/463Kb lim: 4096 exec/s: 17105 rss: 523Mb L: 142/4096 MS: 1 EraseBytes-
#2739157	REDUCE cov: 1724 ft: 7705 corp: 1620/463Kb lim: 4096 exec/s: 17119 rss: 523Mb L: 179/4096 MS: 1 EraseBytes-
#2740071	REDUCE cov: 1724 ft: 7705 corp: 1620/463Kb lim: 4096 exec/s: 17125 rss: 523Mb L: 1394/4096 MS: 4 EraseBytes-ChangeASCIIInt-ChangeASCIIInt-PersAutoDict- DE: "msesage"-
#2740237	REDUCE cov: 1724 ft: 7705 corp: 1620/463Kb lim: 4096 exec/s: 17126 rss: 523Mb L: 14/4096 MS: 1 EraseBytes-
#2740918	REDUCE cov: 1724 ft: 7705 corp: 1620/463Kb lim: 4096 exec/s: 17130 rss: 523Mb L: 208/4096 MS: 1 EraseBytes-
#2752459	REDUCE cov: 1724 ft: 7705 corp: 1620/463Kb lim: 4096 exec/s: 17096 rss: 523Mb L: 29/4096 MS: 1 EraseBytes-
#2752516	REDUCE cov: 1724 ft: 7705 corp: 1620/462Kb lim: 4096 exec/s: 17096 rss: 523Mb L: 1447/4096 MS: 2 CMP-EraseBytes- DE: "message"-
#2753207	REDUCE cov: 1724 ft: 7705 corp: 1620/462Kb lim: 4096 exec/s: 17100 rss: 523Mb L: 127/4096 MS: 1 EraseBytes-
#2759778	REDUCE cov: 1724 ft: 7705 corp: 1620/462Kb lim: 4096 exec/s: 17141 rss: 523Mb L: 496/4096 MS: 1 EraseBytes-
#2759959	REDUCE cov: 1724 ft: 7705 corp: 1620/462Kb lim: 4096 exec/s: 17142 rss: 523Mb L: 278/4096 MS: 1 EraseBytes-
#2760946	REDUCE cov: 1724 ft: 7705 corp: 1620/462Kb lim: 4096 exec/s: 17148 rss: 523Mb L: 827/4096 MS: 2 ChangeASCIIInt-EraseBytes-
#2761322	REDUCE cov: 1724 ft: 7705 corp: 1620/462Kb lim: 4096 exec/s: 17151 rss: 523Mb L: 35/4096 MS: 1 EraseBytes-
#2761528	REDUCE cov: 1724 ft: 7705 corp: 1620/462Kb lim: 4096 exec/s: 17152 rss: 523Mb L: 193/4096 MS: 1 EraseBytes-
#2763460	REDUCE cov: 1724 ft: 7705 corp: 1620/462Kb lim: 4096 exec/s: 17164 rss: 523Mb L: 402/4096 MS: 2 InsertByte-EraseBytes-
#2764566	REDUCE cov: 1724 ft: 7705 corp: 1620/462Kb lim: 4096 exec/s: 17171 rss: 523Mb L: 148/4096 MS: 1 EraseBytes-
#2774592	REDUCE cov: 1724 ft: 7705 corp: 1620/462Kb lim: 4096 exec/s: 17127 rss: 523Mb L: 107/4096 MS: 1 EraseBytes-
#2776843	REDUCE cov: 1724 ft: 7705 corp: 1620/462Kb lim: 4096 exec/s: 17141 rss: 523Mb L: 80/4096 MS: 1 EraseBytes-
#2777395	REDUCE cov: 1724 ft: 7705 corp: 1620/462Kb lim: 4096 exec/s: 17144 rss: 523Mb L: 3398/4096 MS: 2 ChangeByte-EraseBytes-
#2784267	REDUCE cov: 1724 ft: 7705 corp: 1620/462Kb lim: 4096 exec/s: 17186 rss: 523Mb L: 23/4096 MS: 2 ShuffleBytes-EraseBytes-
#2787728	REDUCE cov: 1724 ft: 7705 corp: 1620/462Kb lim: 4096 exec/s: 17102 rss: 523Mb L: 2702/4096 MS: 1 EraseBytes-
#2794524	NEW    cov: 1724 ft: 7709 corp: 1621/466Kb lim: 4096 exec/s: 17144 rss: 523Mb L: 3968/4096 MS: 1 PersAutoDict- DE: "code"-
#2796740	REDUCE cov: 1724 ft: 7709 corp: 1621/466Kb lim: 4096 exec/s: 17157 rss: 523Mb L: 25/4096 MS: 1 EraseBytes-
#2812968	REDUCE cov: 1724 ft: 7709 corp: 1621/466Kb lim: 4096 exec/s: 17152 rss: 523Mb L: 214/4096 MS: 3 CopyPart-ChangeByte-EraseBytes-
#2819804	REDUCE cov: 1724 ft: 7709 corp: 1621/466Kb lim: 4096 exec/s: 17089 rss: 523Mb L: 52/4096 MS: 1 EraseBytes-
#2820683	REDUCE cov: 1724 ft: 7709 corp: 1621/466Kb lim: 4096 exec/s: 17095 rss: 523Mb L: 56/4096 MS: 4 ShuffleBytes-EraseBytes-InsertByte-ChangeBit-
#2822204	REDUCE cov: 1724 ft: 7709 corp: 1621/466Kb lim: 4096 exec/s: 17104 rss: 523Mb L: 221/4096 MS: 1 EraseBytes-
#2823795	REDUCE cov: 1724 ft: 7709 corp: 1621/466Kb lim: 4096 exec/s: 17113 rss: 523Mb L: 60/4096 MS: 1 EraseBytes-
#2826716	REDUCE cov: 1724 ft: 7709 corp: 1621/466Kb lim: 4096 exec/s: 17131 rss: 523Mb L: 900/4096 MS: 1 EraseBytes-
#2827664	REDUCE cov: 1724 ft: 7709 corp: 1621/466Kb lim: 4096 exec/s: 17137 rss: 523Mb L: 618/4096 MS: 3 ChangeASCIIInt-CopyPart-EraseBytes-
#2827800	REDUCE cov: 1724 ft: 7709 corp: 1621/466Kb lim: 4096 exec/s: 17138 rss: 523Mb L: 50/4096 MS: 1 EraseBytes-
#2830891	REDUCE cov: 1724 ft: 7709 corp: 1621/466Kb lim: 4096 exec/s: 17156 rss: 523Mb L: 20/4096 MS: 1 EraseBytes-
#2832152	REDUCE cov: 1724 ft: 7709 corp: 1621/466Kb lim: 4096 exec/s: 17164 rss: 523Mb L: 53/4096 MS: 1 EraseBytes-
#2833463	REDUCE cov: 1724 ft: 7709 corp: 1621/466Kb lim: 4096 exec/s: 17172 rss: 523Mb L: 121/4096 MS: 1 EraseBytes-
#2835519	REDUCE cov: 1724 ft: 7709 corp: 1621/466Kb lim: 4096 exec/s: 17081 rss: 523Mb L: 1099/4096 MS: 1 EraseBytes-
#2841297	REDUCE cov: 1724 ft: 7709 corp: 1621/466Kb lim: 4096 exec/s: 17116 rss: 523Mb L: 2149/4096 MS: 3 ChangeByte-ShuffleBytes-EraseBytes-
#2842608	REDUCE cov: 1724 ft: 7709 corp: 1621/466Kb lim: 4096 exec/s: 17124 rss: 523Mb L: 23/4096 MS: 1 EraseBytes-
#2843477	REDUCE cov: 1724 ft: 7709 corp: 1621/466Kb lim: 4096 exec/s: 17129 rss: 523Mb L: 2078/4096 MS: 4 ShuffleBytes-EraseBytes-ChangeBit-CMP- DE: "# \357\277\275\357\277"-
#2844683	REDUCE cov: 1724 ft: 7709 corp: 1621/466Kb lim: 4096 exec/s: 17136 rss: 523Mb L: 3757/4096 MS: 1 EraseBytes-
#2844829	REDUCE cov: 1724 ft: 7709 corp: 1621/466Kb lim: 4096 exec/s: 17137 rss: 523Mb L: 124/4096 MS: 1 EraseBytes-
#2845780	NEW    cov: 1724 ft: 7710 corp: 1622/470Kb lim: 4096 exec/s: 17143 rss: 523Mb L: 3982/4096 MS: 1 CopyPart-
#2847526	REDUCE cov: 1724 ft: 7710 corp: 1622/470Kb lim: 4096 exec/s: 17153 rss: 523Mb L: 7/4096 MS: 1 EraseBytes-
#2849682	REDUCE cov: 1724 ft: 7710 corp: 1622/470Kb lim: 4096 exec/s: 17166 rss: 523Mb L: 1455/4096 MS: 1 EraseBytes-
#2849931	REDUCE cov: 1724 ft: 7710 corp: 1622/470Kb lim: 4096 exec/s: 17168 rss: 523Mb L: 646/4096 MS: 4 ChangeBit-InsertByte-ChangeASCIIInt-EraseBytes-
#2849997	REDUCE cov: 1724 ft: 7710 corp: 1622/470Kb lim: 4096 exec/s: 17168 rss: 523Mb L: 510/4096 MS: 1 EraseBytes-
#2861364	REDUCE cov: 1724 ft: 7710 corp: 1622/470Kb lim: 4096 exec/s: 17133 rss: 523Mb L: 6/4096 MS: 1 EraseBytes-
#2867206	REDUCE cov: 1724 ft: 7710 corp: 1622/470Kb lim: 4096 exec/s: 17168 rss: 523Mb L: 135/4096 MS: 2 ChangeBit-EraseBytes-
#2867367	REDUCE cov: 1724 ft: 7710 corp: 1622/470Kb lim: 4096 exec/s: 17169 rss: 523Mb L: 97/4096 MS: 1 EraseBytes-
#2868583	REDUCE cov: 1724 ft: 7710 corp: 1622/470Kb lim: 4096 exec/s: 17074 rss: 523Mb L: 75/4096 MS: 1 EraseBytes-
#2869754	REDUCE cov: 1724 ft: 7710 corp: 1622/469Kb lim: 4096 exec/s: 17081 rss: 523Mb L: 765/4096 MS: 1 EraseBytes-
#2870321	REDUCE cov: 1724 ft: 7710 corp: 1622/469Kb lim: 4096 exec/s: 17085 rss: 523Mb L: 675/4096 MS: 2 InsertByte-EraseBytes-
#2878177	REDUCE cov: 1724 ft: 7710 corp: 1622/469Kb lim: 4096 exec/s: 17132 rss: 523Mb L: 430/4096 MS: 5 EraseBytes-EraseBytes-InsertByte-EraseBytes-CopyPart-
#2878973	REDUCE cov: 1724 ft: 7710 corp: 1622/469Kb lim: 4096 exec/s: 17136 rss: 523Mb L: 113/4096 MS: 1 EraseBytes-
#2881374	REDUCE cov: 1724 ft: 7710 corp: 1622/469Kb lim: 4096 exec/s: 17151 rss: 523Mb L: 500/4096 MS: 1 EraseBytes-
#2881840	REDUCE cov: 1724 ft: 7710 corp: 1622/469Kb lim: 4096 exec/s: 17153 rss: 523Mb L: 33/4096 MS: 1 EraseBytes-
#2884461	REDUCE cov: 1724 ft: 7710 corp: 1622/469Kb lim: 4096 exec/s: 17169 rss: 523Mb L: 88/4096 MS: 1 EraseBytes-
#2890947	REDUCE cov: 1724 ft: 7710 corp: 1622/469Kb lim: 4096 exec/s: 17106 rss: 523Mb L: 750/4096 MS: 1 EraseBytes-
#2891263	REDUCE cov: 1724 ft: 7710 corp: 1622/469Kb lim: 4096 exec/s: 17108 rss: 523Mb L: 1420/4096 MS: 1 CrossOver-
#2892959	REDUCE cov: 1724 ft: 7710 corp: 1622/469Kb lim: 4096 exec/s: 17118 rss: 523Mb L: 1519/4096 MS: 1 EraseBytes-
#2893811	REDUCE cov: 1724 ft: 7710 corp: 1622/469Kb lim: 4096 exec/s: 17123 rss: 523Mb L: 47/4096 MS: 2 EraseBytes-CopyPart-
#2894698	REDUCE cov: 1724 ft: 7710 corp: 1622/469Kb lim: 4096 exec/s: 17128 rss: 523Mb L: 31/4096 MS: 2 ShuffleBytes-EraseBytes-
#2897076	REDUCE cov: 1724 ft: 7710 corp: 1622/469Kb lim: 4096 exec/s: 17142 rss: 523Mb L: 646/4096 MS: 3 ChangeBit-InsertRepeatedBytes-EraseBytes-
#2897822	REDUCE cov: 1724 ft: 7710 corp: 1622/469Kb lim: 4096 exec/s: 17146 rss: 523Mb L: 1392/4096 MS: 1 EraseBytes-
#2903065	REDUCE cov: 1724 ft: 7710 corp: 1622/469Kb lim: 4096 exec/s: 17076 rss: 523Mb L: 25/4096 MS: 3 CopyPart-CopyPart-EraseBytes-
#2905240	REDUCE cov: 1724 ft: 7710 corp: 1622/469Kb lim: 4096 exec/s: 17089 rss: 523Mb L: 136/4096 MS: 5 ChangeBinInt-CMP-EraseBytes-ShuffleBytes-EraseBytes- DE: "n\000\000\000"-
#2905508	REDUCE cov: 1724 ft: 7710 corp: 1622/469Kb lim: 4096 exec/s: 17091 rss: 523Mb L: 155/4096 MS: 3 ShuffleBytes-ShuffleBytes-EraseBytes-
#2909332	REDUCE cov: 1724 ft: 7710 corp: 1622/468Kb lim: 4096 exec/s: 17113 rss: 523Mb L: 418/4096 MS: 4 ChangeBinInt-CrossOver-EraseBytes-CopyPart-
#2909794	REDUCE cov: 1724 ft: 7710 corp: 1622/468Kb lim: 4096 exec/s: 17116 rss: 523Mb L: 1334/4096 MS: 2 CrossOver-EraseBytes-
#2915245	REDUCE cov: 1724 ft: 7710 corp: 1622/468Kb lim: 4096 exec/s: 17148 rss: 523Mb L: 205/4096 MS: 1 EraseBytes-
#2916216	REDUCE cov: 1724 ft: 7710 corp: 1622/468Kb lim: 4096 exec/s: 17154 rss: 523Mb L: 5/4096 MS: 1 EraseBytes-
#2918407	REDUCE cov: 1724 ft: 7710 corp: 1622/468Kb lim: 4096 exec/s: 17066 rss: 523Mb L: 37/4096 MS: 1 EraseBytes-
#2929113	REDUCE cov: 1724 ft: 7710 corp: 1622/468Kb lim: 4096 exec/s: 17129 rss: 523Mb L: 3043/4096 MS: 1 EraseBytes-
#2932049	REDUCE cov: 1724 ft: 7710 corp: 1622/468Kb lim: 4096 exec/s: 17146 rss: 523Mb L: 82/4096 MS: 1 EraseBytes-
#2934300	REDUCE cov: 1724 ft: 7710 corp: 1622/468Kb lim: 4096 exec/s: 17059 rss: 523Mb L: 232/4096 MS: 1 EraseBytes-
#2937582	REDUCE cov: 1724 ft: 7710 corp: 1622/468Kb lim: 4096 exec/s: 17078 rss: 523Mb L: 480/4096 MS: 2 ChangeBinInt-EraseBytes-
#2939394	REDUCE cov: 1724 ft: 7710 corp: 1622/468Kb lim: 4096 exec/s: 17089 rss: 523Mb L: 522/4096 MS: 2 ChangeASCIIInt-EraseBytes-
#2943210	REDUCE cov: 1724 ft: 7710 corp: 1622/468Kb lim: 4096 exec/s: 17111 rss: 523Mb L: 205/4096 MS: 1 EraseBytes-
#2946566	REDUCE cov: 1724 ft: 7710 corp: 1622/468Kb lim: 4096 exec/s: 17131 rss: 523Mb L: 63/4096 MS: 1 EraseBytes-
#2946702	REDUCE cov: 1724 ft: 7710 corp: 1622/468Kb lim: 4096 exec/s: 17131 rss: 523Mb L: 350/4096 MS: 1 EraseBytes-
#2947043	REDUCE cov: 1724 ft: 7710 corp: 1622/468Kb lim: 4096 exec/s: 17133 rss: 523Mb L: 29/4096 MS: 1 EraseBytes-
#2947489	REDUCE cov: 1724 ft: 7710 corp: 1622/468Kb lim: 4096 exec/s: 17136 rss: 523Mb L: 3029/4096 MS: 1 EraseBytes-
#2947735	REDUCE cov: 1724 ft: 7710 corp: 1622/468Kb lim: 4096 exec/s: 17137 rss: 523Mb L: 3806/4096 MS: 1 EraseBytes-
#2948576	REDUCE cov: 1724 ft: 7710 corp: 1622/468Kb lim: 4096 exec/s: 17142 rss: 523Mb L: 28/4096 MS: 1 EraseBytes-
#2949477	REDUCE cov: 1724 ft: 7710 corp: 1622/468Kb lim: 4096 exec/s: 17148 rss: 523Mb L: 96/4096 MS: 1 EraseBytes-
#2953764	REDUCE cov: 1724 ft: 7710 corp: 1622/468Kb lim: 4096 exec/s: 17073 rss: 523Mb L: 2061/4096 MS: 2 PersAutoDict-EraseBytes- DE: "\361\377\377\377"-
#2954670	REDUCE cov: 1724 ft: 7710 corp: 1622/468Kb lim: 4096 exec/s: 17079 rss: 523Mb L: 79/4096 MS: 1 EraseBytes-
#2959000	REDUCE cov: 1724 ft: 7710 corp: 1622/468Kb lim: 4096 exec/s: 17104 rss: 523Mb L: 1085/4096 MS: 5 ShuffleBytes-EraseBytes-InsertByte-ChangeASCIIInt-ChangeByte-
#2966626	REDUCE cov: 1724 ft: 7710 corp: 1622/468Kb lim: 4096 exec/s: 17148 rss: 523Mb L: 398/4096 MS: 1 EraseBytes-
#2968012	REDUCE cov: 1724 ft: 7710 corp: 1622/468Kb lim: 4096 exec/s: 17057 rss: 523Mb L: 173/4096 MS: 1 EraseBytes-
#2968999	REDUCE cov: 1724 ft: 7710 corp: 1622/468Kb lim: 4096 exec/s: 17063 rss: 523Mb L: 10/4096 MS: 2 ChangeBinInt-EraseBytes-
#2973161	REDUCE cov: 1724 ft: 7710 corp: 1622/468Kb lim: 4096 exec/s: 17087 rss: 523Mb L: 82/4096 MS: 2 ChangeBit-EraseBytes-
#2974537	REDUCE cov: 1724 ft: 7710 corp: 1622/468Kb lim: 4096 exec/s: 17095 rss: 523Mb L: 989/4096 MS: 1 EraseBytes-
#2977809	REDUCE cov: 1724 ft: 7710 corp: 1622/468Kb lim: 4096 exec/s: 17113 rss: 523Mb L: 393/4096 MS: 2 ShuffleBytes-EraseBytes-
#2979160	REDUCE cov: 1724 ft: 7710 corp: 1622/467Kb lim: 4096 exec/s: 17121 rss: 523Mb L: 2330/4096 MS: 1 EraseBytes-
#2982846	REDUCE cov: 1724 ft: 7710 corp: 1622/467Kb lim: 4096 exec/s: 17044 rss: 523Mb L: 401/4096 MS: 1 EraseBytes-
#2984772	REDUCE cov: 1724 ft: 7710 corp: 1622/467Kb lim: 4096 exec/s: 17055 rss: 523Mb L: 200/4096 MS: 1 EraseBytes-
#2986468	REDUCE cov: 1724 ft: 7710 corp: 1622/467Kb lim: 4096 exec/s: 17065 rss: 523Mb L: 96/4096 MS: 1 EraseBytes-
#2987389	REDUCE cov: 1724 ft: 7710 corp: 1622/467Kb lim: 4096 exec/s: 17070 rss: 523Mb L: 18/4096 MS: 1 EraseBytes-
#2997455	REDUCE cov: 1724 ft: 7710 corp: 1622/467Kb lim: 4096 exec/s: 17128 rss: 523Mb L: 52/4096 MS: 1 EraseBytes-
#3000841	REDUCE cov: 1724 ft: 7710 corp: 1622/467Kb lim: 4096 exec/s: 17050 rss: 523Mb L: 3185/4096 MS: 1 EraseBytes-
#3003765	REDUCE cov: 1724 ft: 7710 corp: 1622/467Kb lim: 4096 exec/s: 17066 rss: 523Mb L: 3114/4096 MS: 4 CopyPart-InsertByte-ShuffleBytes-EraseBytes-
#3010811	REDUCE cov: 1724 ft: 7710 corp: 1622/467Kb lim: 4096 exec/s: 17106 rss: 523Mb L: 18/4096 MS: 1 EraseBytes-
#3011947	REDUCE cov: 1724 ft: 7710 corp: 1622/467Kb lim: 4096 exec/s: 17113 rss: 523Mb L: 184/4096 MS: 1 EraseBytes-
#3015779	REDUCE cov: 1724 ft: 7710 corp: 1622/467Kb lim: 4096 exec/s: 17038 rss: 523Mb L: 1904/4096 MS: 2 ChangeASCIIInt-EraseBytes-
#3017105	REDUCE cov: 1724 ft: 7710 corp: 1622/467Kb lim: 4096 exec/s: 17045 rss: 523Mb L: 10/4096 MS: 1 EraseBytes-
#3017218	REDUCE cov: 1724 ft: 7710 corp: 1622/467Kb lim: 4096 exec/s: 17046 rss: 523Mb L: 383/4096 MS: 3 ChangeASCIIInt-ChangeBit-EraseBytes-
#3018442	REDUCE cov: 1724 ft: 7710 corp: 1622/466Kb lim: 4096 exec/s: 17053 rss: 523Mb L: 2198/4096 MS: 4 ChangeASCIIInt-ChangeASCIIInt-InsertByte-EraseBytes-
#3023733	REDUCE cov: 1724 ft: 7710 corp: 1622/466Kb lim: 4096 exec/s: 17083 rss: 523Mb L: 1517/4096 MS: 1 EraseBytes-
#3025265	REDUCE cov: 1724 ft: 7710 corp: 1622/466Kb lim: 4096 exec/s: 17091 rss: 523Mb L: 261/4096 MS: 2 InsertByte-EraseBytes-
#3029656	REDUCE cov: 1724 ft: 7710 corp: 1622/466Kb lim: 4096 exec/s: 17116 rss: 523Mb L: 94/4096 MS: 1 EraseBytes-
#3042454	REDUCE cov: 1724 ft: 7710 corp: 1622/466Kb lim: 4096 exec/s: 17092 rss: 523Mb L: 3910/4096 MS: 3 PersAutoDict-EraseBytes-PersAutoDict- DE: "A\357\277\275"-"code"-
#3058055	REDUCE cov: 1724 ft: 7710 corp: 1622/466Kb lim: 4096 exec/s: 17084 rss: 523Mb L: 5/4096 MS: 1 EraseBytes-
#3060247	REDUCE cov: 1724 ft: 7710 corp: 1622/466Kb lim: 4096 exec/s: 17096 rss: 523Mb L: 31/4096 MS: 2 ChangeBinInt-EraseBytes-
#3062980	REDUCE cov: 1724 ft: 7710 corp: 1622/466Kb lim: 4096 exec/s: 17016 rss: 523Mb L: 1236/4096 MS: 3 ChangeASCIIInt-ChangeASCIIInt-EraseBytes-
#3063156	REDUCE cov: 1724 ft: 7710 corp: 1622/466Kb lim: 4096 exec/s: 17017 rss: 523Mb L: 1461/4096 MS: 1 EraseBytes-
#3066342	REDUCE cov: 1724 ft: 7710 corp: 1622/466Kb lim: 4096 exec/s: 17035 rss: 523Mb L: 331/4096 MS: 1 EraseBytes-
#3071273	REDUCE cov: 1724 ft: 7710 corp: 1622/466Kb lim: 4096 exec/s: 17062 rss: 523Mb L: 29/4096 MS: 1 EraseBytes-
#3071939	REDUCE cov: 1724 ft: 7710 corp: 1622/466Kb lim: 4096 exec/s: 17066 rss: 523Mb L: 37/4096 MS: 1 EraseBytes-
#3075400	REDUCE cov: 1724 ft: 7710 corp: 1622/466Kb lim: 4096 exec/s: 17085 rss: 523Mb L: 428/4096 MS: 1 EraseBytes-
#3079021	REDUCE cov: 1724 ft: 7710 corp: 1622/466Kb lim: 4096 exec/s: 17105 rss: 523Mb L: 92/4096 MS: 1 EraseBytes-
#3079847	REDUCE cov: 1724 ft: 7710 corp: 1622/466Kb lim: 4096 exec/s: 17015 rss: 523Mb L: 3027/4096 MS: 1 EraseBytes-
#3081373	REDUCE cov: 1724 ft: 7710 corp: 1622/466Kb lim: 4096 exec/s: 17024 rss: 523Mb L: 412/4096 MS: 1 CrossOver-
#3087355	REDUCE cov: 1724 ft: 7710 corp: 1622/466Kb lim: 4096 exec/s: 17057 rss: 523Mb L: 14/4096 MS: 2 ChangeByte-EraseBytes-
#3087707	REDUCE cov: 1724 ft: 7710 corp: 1622/466Kb lim: 4096 exec/s: 17059 rss: 523Mb L: 2960/4096 MS: 2 ShuffleBytes-EraseBytes-
#3088525	REDUCE cov: 1724 ft: 7710 corp: 1622/466Kb lim: 4096 exec/s: 17063 rss: 523Mb L: 131/4096 MS: 3 ChangeASCIIInt-ChangeByte-EraseBytes-
#3091561	REDUCE cov: 1724 ft: 7710 corp: 1622/466Kb lim: 4096 exec/s: 17080 rss: 523Mb L: 155/4096 MS: 1 EraseBytes-
#3091687	REDUCE cov: 1724 ft: 7710 corp: 1622/466Kb lim: 4096 exec/s: 17081 rss: 523Mb L: 3432/4096 MS: 1 EraseBytes-
#3093068	REDUCE cov: 1724 ft: 7710 corp: 1622/466Kb lim: 4096 exec/s: 17088 rss: 523Mb L: 13/4096 MS: 1 EraseBytes-
#3097292	REDUCE cov: 1724 ft: 7710 corp: 1622/466Kb lim: 4096 exec/s: 17018 rss: 523Mb L: 1061/4096 MS: 4 ChangeBit-CopyPart-ShuffleBytes-EraseBytes-
#3098978	REDUCE cov: 1724 ft: 7710 corp: 1622/466Kb lim: 4096 exec/s: 17027 rss: 523Mb L: 9/4096 MS: 1 EraseBytes-
#3099184	REDUCE cov: 1724 ft: 7710 corp: 1622/466Kb lim: 4096 exec/s: 17028 rss: 523Mb L: 1093/4096 MS: 1 EraseBytes-
#3099442	REDUCE cov: 1724 ft: 7710 corp: 1622/466Kb lim: 4096 exec/s: 17029 rss: 523Mb L: 402/4096 MS: 3 ChangeBit-CopyPart-EraseBytes-
#3101933	REDUCE cov: 1724 ft: 7710 corp: 1622/466Kb lim: 4096 exec/s: 17043 rss: 523Mb L: 3007/4096 MS: 1 EraseBytes-
#3104295	REDUCE cov: 1724 ft: 7710 corp: 1622/466Kb lim: 4096 exec/s: 17056 rss: 523Mb L: 26/4096 MS: 1 EraseBytes-
#3105701	REDUCE cov: 1724 ft: 7710 corp: 1622/466Kb lim: 4096 exec/s: 17064 rss: 523Mb L: 500/4096 MS: 1 EraseBytes-
#3106092	REDUCE cov: 1724 ft: 7710 corp: 1622/466Kb lim: 4096 exec/s: 17066 rss: 523Mb L: 291/4096 MS: 1 EraseBytes-
#3112971	REDUCE cov: 1724 ft: 7710 corp: 1622/466Kb lim: 4096 exec/s: 17010 rss: 523Mb L: 134/4096 MS: 4 EraseBytes-InsertRepeatedBytes-InsertByte-InsertByte-
#3115932	REDUCE cov: 1724 ft: 7710 corp: 1622/466Kb lim: 4096 exec/s: 17026 rss: 523Mb L: 94/4096 MS: 1 EraseBytes-
#3117393	REDUCE cov: 1724 ft: 7710 corp: 1622/466Kb lim: 4096 exec/s: 17034 rss: 523Mb L: 58/4096 MS: 1 EraseBytes-
#3119533	REDUCE cov: 1724 ft: 7710 corp: 1622/466Kb lim: 4096 exec/s: 17046 rss: 523Mb L: 3781/4096 MS: 5 InsertByte-ChangeBinInt-ChangeBinInt-ChangeBit-EraseBytes-
#3119694	REDUCE cov: 1724 ft: 7710 corp: 1622/466Kb lim: 4096 exec/s: 17047 rss: 523Mb L: 59/4096 MS: 1 EraseBytes-
#3122120	REDUCE cov: 1724 ft: 7710 corp: 1622/466Kb lim: 4096 exec/s: 17060 rss: 523Mb L: 2206/4096 MS: 1 EraseBytes-
#3127377	REDUCE cov: 1724 ft: 7710 corp: 1622/466Kb lim: 4096 exec/s: 17089 rss: 523Mb L: 31/4096 MS: 2 CopyPart-EraseBytes-
#3132353	REDUCE cov: 1724 ft: 7710 corp: 1622/466Kb lim: 4096 exec/s: 17023 rss: 523Mb L: 58/4096 MS: 1 EraseBytes-
#3135847	REDUCE cov: 1724 ft: 7710 corp: 1622/466Kb lim: 4096 exec/s: 17042 rss: 523Mb L: 569/4096 MS: 4 PersAutoDict-EraseBytes-ChangeByte-InsertByte- DE: "\357\277\275\357\277\275"-
#3136388	REDUCE cov: 1724 ft: 7710 corp: 1622/466Kb lim: 4096 exec/s: 17045 rss: 523Mb L: 32/4096 MS: 1 EraseBytes-
#3138199	REDUCE cov: 1724 ft: 7710 corp: 1622/466Kb lim: 4096 exec/s: 17055 rss: 523Mb L: 25/4096 MS: 1 EraseBytes-
#3140331	REDUCE cov: 1724 ft: 7710 corp: 1622/466Kb lim: 4096 exec/s: 17067 rss: 523Mb L: 26/4096 MS: 2 ChangeASCIIInt-EraseBytes-
#3141561	REDUCE cov: 1724 ft: 7710 corp: 1622/465Kb lim: 4096 exec/s: 17073 rss: 523Mb L: 2696/4096 MS: 5 ChangeASCIIInt-ChangeByte-ChangeBinInt-ChangeBit-EraseBytes-
#3143749	REDUCE cov: 1724 ft: 7710 corp: 1622/465Kb lim: 4096 exec/s: 16993 rss: 523Mb L: 3437/4096 MS: 3 ChangeASCIIInt-ChangeByte-EraseBytes-
#3145950	REDUCE cov: 1724 ft: 7710 corp: 1622/465Kb lim: 4096 exec/s: 17005 rss: 523Mb L: 887/4096 MS: 1 EraseBytes-
#3148226	REDUCE cov: 1724 ft: 7710 corp: 1622/465Kb lim: 4096 exec/s: 17017 rss: 523Mb L: 115/4096 MS: 1 EraseBytes-
#3152925	REDUCE cov: 1724 ft: 7710 corp: 1622/465Kb lim: 4096 exec/s: 17042 rss: 523Mb L: 57/4096 MS: 4 ChangeBinInt-CopyPart-CrossOver-EraseBytes-
#3153032	REDUCE cov: 1724 ft: 7710 corp: 1622/465Kb lim: 4096 exec/s: 17043 rss: 523Mb L: 555/4096 MS: 2 CMP-EraseBytes- DE: "code"-
#3154318	REDUCE cov: 1724 ft: 7710 corp: 1622/465Kb lim: 4096 exec/s: 17050 rss: 523Mb L: 16/4096 MS: 1 EraseBytes-
#3154595	REDUCE cov: 1724 ft: 7712 corp: 1623/468Kb lim: 4096 exec/s: 17051 rss: 523Mb L: 2773/4096 MS: 2 CrossOver-CrossOver-
#3158582	REDUCE cov: 1724 ft: 7712 corp: 1623/468Kb lim: 4096 exec/s: 17073 rss: 523Mb L: 189/4096 MS: 2 CMP-EraseBytes- DE: "  "-
#3164893	REDUCE cov: 1724 ft: 7712 corp: 1623/468Kb lim: 4096 exec/s: 17015 rss: 523Mb L: 34/4096 MS: 1 EraseBytes-
#3166909	REDUCE cov: 1724 ft: 7712 corp: 1623/468Kb lim: 4096 exec/s: 17026 rss: 523Mb L: 619/4096 MS: 1 EraseBytes-
#3167145	REDUCE cov: 1724 ft: 7712 corp: 1623/468Kb lim: 4096 exec/s: 17027 rss: 523Mb L: 69/4096 MS: 1 EraseBytes-
#3169393	REDUCE cov: 1724 ft: 7712 corp: 1623/468Kb lim: 4096 exec/s: 17039 rss: 523Mb L: 19/4096 MS: 3 EraseBytes-InsertByte-CMP- DE: "\377\377\377\377\377\377\377\377"-
#3169484	REDUCE cov: 1724 ft: 7712 corp: 1623/468Kb lim: 4096 exec/s: 17040 rss: 523Mb L: 94/4096 MS: 1 EraseBytes-
#3171446	REDUCE cov: 1724 ft: 7712 corp: 1623/468Kb lim: 4096 exec/s: 17050 rss: 523Mb L: 35/4096 MS: 2 CMP-EraseBytes- DE: "mess"-
#3174672	REDUCE cov: 1724 ft: 7712 corp: 1623/468Kb lim: 4096 exec/s: 16976 rss: 523Mb L: 190/4096 MS: 1 EraseBytes-
#3176963	REDUCE cov: 1724 ft: 7712 corp: 1623/468Kb lim: 4096 exec/s: 16989 rss: 523Mb L: 987/4096 MS: 1 EraseBytes-
#3178799	REDUCE cov: 1724 ft: 7712 corp: 1623/468Kb lim: 4096 exec/s: 16998 rss: 523Mb L: 282/4096 MS: 1 EraseBytes-
#3180901	REDUCE cov: 1724 ft: 7712 corp: 1623/468Kb lim: 4096 exec/s: 17010 rss: 523Mb L: 107/4096 MS: 2 ShuffleBytes-EraseBytes-
#3184022	REDUCE cov: 1724 ft: 7712 corp: 1623/468Kb lim: 4096 exec/s: 17026 rss: 523Mb L: 14/4096 MS: 1 EraseBytes-
#3188013	REDUCE cov: 1724 ft: 7712 corp: 1623/468Kb lim: 4096 exec/s: 17048 rss: 523Mb L: 24/4096 MS: 1 EraseBytes-
#3189795	REDUCE cov: 1724 ft: 7712 corp: 1623/468Kb lim: 4096 exec/s: 17057 rss: 523Mb L: 3130/4096 MS: 2 InsertByte-EraseBytes-
#3190531	REDUCE cov: 1724 ft: 7712 corp: 1623/468Kb lim: 4096 exec/s: 16970 rss: 523Mb L: 3826/4096 MS: 1 EraseBytes-
#3190952	REDUCE cov: 1724 ft: 7712 corp: 1623/468Kb lim: 4096 exec/s: 16973 rss: 523Mb L: 1254/4096 MS: 1 EraseBytes-
#3194003	REDUCE cov: 1724 ft: 7712 corp: 1623/468Kb lim: 4096 exec/s: 16989 rss: 523Mb L: 22/4096 MS: 1 EraseBytes-
#3195221	REDUCE cov: 1724 ft: 7712 corp: 1623/467Kb lim: 4096 exec/s: 16995 rss: 523Mb L: 3628/4096 MS: 3 ChangeBit-InsertRepeatedBytes-EraseBytes-
#3195508	REDUCE cov: 1724 ft: 7712 corp: 1623/467Kb lim: 4096 exec/s: 16997 rss: 523Mb L: 414/4096 MS: 2 CrossOver-EraseBytes-
#3197794	REDUCE cov: 1724 ft: 7712 corp: 1623/467Kb lim: 4096 exec/s: 17009 rss: 523Mb L: 13/4096 MS: 1 EraseBytes-
#3202055	REDUCE cov: 1724 ft: 7712 corp: 1623/467Kb lim: 4096 exec/s: 17032 rss: 523Mb L: 79/4096 MS: 1 EraseBytes-
#3202801	REDUCE cov: 1724 ft: 7712 corp: 1623/467Kb lim: 4096 exec/s: 17036 rss: 523Mb L: 101/4096 MS: 1 EraseBytes-
#3204131	REDUCE cov: 1724 ft: 7712 corp: 1623/467Kb lim: 4096 exec/s: 17043 rss: 523Mb L: 2103/4096 MS: 5 CopyPart-ShuffleBytes-InsertRepeatedBytes-ChangeASCIIInt-EraseBytes-
#3205598	REDUCE cov: 1724 ft: 7712 corp: 1623/467Kb lim: 4096 exec/s: 16960 rss: 523Mb L: 637/4096 MS: 2 ChangeASCIIInt-EraseBytes-
#3207069	REDUCE cov: 1724 ft: 7712 corp: 1623/467Kb lim: 4096 exec/s: 16968 rss: 523Mb L: 368/4096 MS: 1 EraseBytes-
#3209888	REDUCE cov: 1724 ft: 7712 corp: 1623/467Kb lim: 4096 exec/s: 16983 rss: 523Mb L: 95/4096 MS: 4 ChangeBinInt-ChangeASCIIInt-ChangeBinInt-EraseBytes-
#3211345	REDUCE cov: 1724 ft: 7712 corp: 1623/467Kb lim: 4096 exec/s: 16991 rss: 523Mb L: 936/4096 MS: 2 ChangeByte-EraseBytes-
#3212284	REDUCE cov: 1724 ft: 7712 corp: 1623/467Kb lim: 4096 exec/s: 16996 rss: 523Mb L: 2050/4096 MS: 4 ChangeByte-InsertRepeatedBytes-CopyPart-EraseBytes-
#3214740	REDUCE cov: 1724 ft: 7712 corp: 1623/467Kb lim: 4096 exec/s: 17009 rss: 523Mb L: 121/4096 MS: 1 EraseBytes-
#3219841	REDUCE cov: 1724 ft: 7712 corp: 1623/467Kb lim: 4096 exec/s: 17036 rss: 523Mb L: 1237/4096 MS: 1 EraseBytes-
#3221002	REDUCE cov: 1724 ft: 7712 corp: 1623/467Kb lim: 4096 exec/s: 16952 rss: 523Mb L: 98/4096 MS: 1 EraseBytes-
#3221486	REDUCE cov: 1724 ft: 7712 corp: 1623/467Kb lim: 4096 exec/s: 16955 rss: 523Mb L: 60/4096 MS: 4 ChangeBit-EraseBytes-ChangeByte-CopyPart-
#3224364	REDUCE cov: 1724 ft: 7712 corp: 1623/467Kb lim: 4096 exec/s: 16970 rss: 523Mb L: 454/4096 MS: 3 ChangeASCIIInt-CopyPart-EraseBytes-
#3229449	REDUCE cov: 1724 ft: 7712 corp: 1623/467Kb lim: 4096 exec/s: 16997 rss: 523Mb L: 131/4096 MS: 5 ShuffleBytes-ChangeASCIIInt-ShuffleBytes-InsertByte-EraseBytes-
#3230550	REDUCE cov: 1724 ft: 7712 corp: 1623/467Kb lim: 4096 exec/s: 17002 rss: 523Mb L: 3042/4096 MS: 1 EraseBytes-
#3231517	REDUCE cov: 1724 ft: 7712 corp: 1623/467Kb lim: 4096 exec/s: 17007 rss: 523Mb L: 168/4096 MS: 2 ChangeASCIIInt-EraseBytes-
#3237028	REDUCE cov: 1724 ft: 7712 corp: 1623/467Kb lim: 4096 exec/s: 16947 rss: 523Mb L: 58/4096 MS: 1 EraseBytes-
#3239381	REDUCE cov: 1724 ft: 7712 corp: 1623/467Kb lim: 4096 exec/s: 16960 rss: 523Mb L: 40/4096 MS: 3 InsertByte-PersAutoDict-EraseBytes- DE: "code"-
#3241563	REDUCE cov: 1724 ft: 7712 corp: 1623/467Kb lim: 4096 exec/s: 16971 rss: 523Mb L: 476/4096 MS: 2 ChangeASCIIInt-EraseBytes-
#3243110	REDUCE cov: 1724 ft: 7712 corp: 1623/467Kb lim: 4096 exec/s: 16979 rss: 523Mb L: 113/4096 MS: 2 ChangeBit-EraseBytes-
#3245157	REDUCE cov: 1724 ft: 7712 corp: 1623/467Kb lim: 4096 exec/s: 16990 rss: 523Mb L: 1218/4096 MS: 2 ChangeBinInt-EraseBytes-
#3250029	REDUCE cov: 1724 ft: 7712 corp: 1623/467Kb lim: 4096 exec/s: 17015 rss: 523Mb L: 72/4096 MS: 2 ChangeASCIIInt-EraseBytes-
#3251003	REDUCE cov: 1724 ft: 7712 corp: 1623/467Kb lim: 4096 exec/s: 16932 rss: 523Mb L: 762/4096 MS: 4 ChangeByte-ChangeBinInt-EraseBytes-CopyPart-
#3251405	REDUCE cov: 1724 ft: 7712 corp: 1623/467Kb lim: 4096 exec/s: 16934 rss: 523Mb L: 70/4096 MS: 2 EraseBytes-CopyPart-
#3253466	REDUCE cov: 1724 ft: 7712 corp: 1623/467Kb lim: 4096 exec/s: 16945 rss: 523Mb L: 51/4096 MS: 1 EraseBytes-
#3260267	REDUCE cov: 1724 ft: 7712 corp: 1623/467Kb lim: 4096 exec/s: 16980 rss: 523Mb L: 643/4096 MS: 1 EraseBytes-
#3262878	REDUCE cov: 1724 ft: 7712 corp: 1623/467Kb lim: 4096 exec/s: 16994 rss: 523Mb L: 981/4096 MS: 1 EraseBytes-
#3263232	REDUCE cov: 1724 ft: 7712 corp: 1623/467Kb lim: 4096 exec/s: 16996 rss: 523Mb L: 2140/4096 MS: 4 PersAutoDict-PersAutoDict-ChangeBinInt-EraseBytes- DE: " \377\377\377\377\377\377\377"-" \377\377\377\377\377\377\377"-
#3263888	REDUCE cov: 1724 ft: 7712 corp: 1623/467Kb lim: 4096 exec/s: 16999 rss: 523Mb L: 17/4096 MS: 1 EraseBytes-
#3264399	REDUCE cov: 1724 ft: 7712 corp: 1623/467Kb lim: 4096 exec/s: 17002 rss: 523Mb L: 116/4096 MS: 1 EraseBytes-
#3269960	REDUCE cov: 1724 ft: 7712 corp: 1623/466Kb lim: 4096 exec/s: 16942 rss: 523Mb L: 105/4096 MS: 1 EraseBytes-
#3271142	REDUCE cov: 1724 ft: 7712 corp: 1623/466Kb lim: 4096 exec/s: 16948 rss: 523Mb L: 208/4096 MS: 2 ChangeBinInt-EraseBytes-
#3274013	REDUCE cov: 1724 ft: 7712 corp: 1623/466Kb lim: 4096 exec/s: 16963 rss: 523Mb L: 81/4096 MS: 1 EraseBytes-
#3275954	REDUCE cov: 1724 ft: 7712 corp: 1623/466Kb lim: 4096 exec/s: 16973 rss: 523Mb L: 71/4096 MS: 1 EraseBytes-
#3285045	REDUCE cov: 1724 ft: 7712 corp: 1623/466Kb lim: 4096 exec/s: 16933 rss: 523Mb L: 339/4096 MS: 1 EraseBytes-
#3288487	REDUCE cov: 1724 ft: 7712 corp: 1623/466Kb lim: 4096 exec/s: 16950 rss: 523Mb L: 476/4096 MS: 2 CMP-EraseBytes- DE: "message"-
#3288658	REDUCE cov: 1724 ft: 7712 corp: 1623/466Kb lim: 4096 exec/s: 16951 rss: 523Mb L: 365/4096 MS: 1 EraseBytes-
#3294100	REDUCE cov: 1724 ft: 7712 corp: 1623/466Kb lim: 4096 exec/s: 16979 rss: 523Mb L: 82/4096 MS: 2 ChangeASCIIInt-EraseBytes-
#3294476	REDUCE cov: 1724 ft: 7712 corp: 1623/466Kb lim: 4096 exec/s: 16981 rss: 523Mb L: 366/4096 MS: 1 EraseBytes-
#3294752	REDUCE cov: 1724 ft: 7712 corp: 1623/466Kb lim: 4096 exec/s: 16983 rss: 523Mb L: 12/4096 MS: 1 EraseBytes-
#3296943	REDUCE cov: 1724 ft: 7712 corp: 1623/466Kb lim: 4096 exec/s: 16994 rss: 523Mb L: 81/4096 MS: 1 EraseBytes-
#3298679	REDUCE cov: 1724 ft: 7712 corp: 1623/466Kb lim: 4096 exec/s: 17003 rss: 523Mb L: 15/4096 MS: 1 EraseBytes-
#3300550	REDUCE cov: 1724 ft: 7712 corp: 1623/466Kb lim: 4096 exec/s: 16925 rss: 523Mb L: 245/4096 MS: 1 EraseBytes-
#3302531	REDUCE cov: 1724 ft: 7712 corp: 1623/466Kb lim: 4096 exec/s: 16936 rss: 523Mb L: 81/4096 MS: 1 EraseBytes-
#3303473	REDUCE cov: 1724 ft: 7712 corp: 1623/466Kb lim: 4096 exec/s: 16940 rss: 523Mb L: 74/4096 MS: 2 InsertByte-EraseBytes-
#3304909	REDUCE cov: 1724 ft: 7712 corp: 1623/466Kb lim: 4096 exec/s: 16948 rss: 523Mb L: 62/4096 MS: 1 EraseBytes-
#3315211	REDUCE cov: 1724 ft: 7712 corp: 1623/466Kb lim: 4096 exec/s: 17001 rss: 523Mb L: 1534/4096 MS: 2 ShuffleBytes-EraseBytes-
#3316197	REDUCE cov: 1724 ft: 7712 corp: 1623/466Kb lim: 4096 exec/s: 17006 rss: 523Mb L: 76/4096 MS: 1 EraseBytes-
#3318645	REDUCE cov: 1724 ft: 7712 corp: 1623/466Kb lim: 4096 exec/s: 16931 rss: 523Mb L: 456/4096 MS: 3 ChangeBinInt-InsertByte-EraseBytes-
#3320212	REDUCE cov: 1724 ft: 7712 corp: 1623/466Kb lim: 4096 exec/s: 16939 rss: 523Mb L: 279/4096 MS: 2 ChangeByte-EraseBytes-
#3322265	REDUCE cov: 1724 ft: 7712 corp: 1623/466Kb lim: 4096 exec/s: 16950 rss: 523Mb L: 609/4096 MS: 3 ShuffleBytes-CopyPart-EraseBytes-
#3324541	REDUCE cov: 1724 ft: 7712 corp: 1623/466Kb lim: 4096 exec/s: 16961 rss: 523Mb L: 3378/4096 MS: 1 EraseBytes-
#3324817	REDUCE cov: 1724 ft: 7712 corp: 1623/466Kb lim: 4096 exec/s: 16963 rss: 523Mb L: 433/4096 MS: 1 EraseBytes-
#3325369	REDUCE cov: 1724 ft: 7712 corp: 1623/466Kb lim: 4096 exec/s: 16966 rss: 523Mb L: 298/4096 MS: 2 ChangeBinInt-EraseBytes-
#3328985	REDUCE cov: 1724 ft: 7712 corp: 1623/466Kb lim: 4096 exec/s: 16984 rss: 523Mb L: 25/4096 MS: 1 EraseBytes-
#3330516	REDUCE cov: 1724 ft: 7712 corp: 1623/466Kb lim: 4096 exec/s: 16992 rss: 523Mb L: 624/4096 MS: 1 EraseBytes-
#3331299	REDUCE cov: 1724 ft: 7712 corp: 1623/466Kb lim: 4096 exec/s: 16996 rss: 523Mb L: 459/4096 MS: 3 CopyPart-ChangeASCIIInt-EraseBytes-
#3334582	REDUCE cov: 1724 ft: 7712 corp: 1623/466Kb lim: 4096 exec/s: 16926 rss: 523Mb L: 39/4096 MS: 3 InsertByte-PersAutoDict-EraseBytes- DE: "message"-
#3335008	REDUCE cov: 1724 ft: 7712 corp: 1623/466Kb lim: 4096 exec/s: 16928 rss: 523Mb L: 394/4096 MS: 1 EraseBytes-
#3341827	REDUCE cov: 1724 ft: 7712 corp: 1623/466Kb lim: 4096 exec/s: 16963 rss: 523Mb L: 3670/4096 MS: 4 EraseBytes-CrossOver-ShuffleBytes-CrossOver-
#3342945	REDUCE cov: 1724 ft: 7712 corp: 1623/465Kb lim: 4096 exec/s: 16969 rss: 523Mb L: 2451/4096 MS: 3 ChangeASCIIInt-PersAutoDict-EraseBytes- DE: "n\000\000\000"-
#3343681	REDUCE cov: 1724 ft: 7712 corp: 1623/465Kb lim: 4096 exec/s: 16973 rss: 523Mb L: 162/4096 MS: 1 EraseBytes-
#3345632	REDUCE cov: 1724 ft: 7712 corp: 1623/465Kb lim: 4096 exec/s: 16982 rss: 523Mb L: 451/4096 MS: 1 EraseBytes-
#3347469	REDUCE cov: 1724 ft: 7712 corp: 1623/464Kb lim: 4096 exec/s: 16992 rss: 523Mb L: 213/4096 MS: 2 ChangeBit-EraseBytes-
#3348782	REDUCE cov: 1724 ft: 7712 corp: 1623/464Kb lim: 4096 exec/s: 16998 rss: 523Mb L: 376/4096 MS: 3 ChangeASCIIInt-CopyPart-EraseBytes-
#3350788	REDUCE cov: 1724 ft: 7712 corp: 1623/464Kb lim: 4096 exec/s: 16923 rss: 523Mb L: 96/4096 MS: 1 EraseBytes-
#3351209	REDUCE cov: 1724 ft: 7712 corp: 1623/464Kb lim: 4096 exec/s: 16925 rss: 523Mb L: 25/4096 MS: 1 EraseBytes-
#3353592	REDUCE cov: 1724 ft: 7712 corp: 1623/464Kb lim: 4096 exec/s: 16937 rss: 523Mb L: 438/4096 MS: 3 ChangeASCIIInt-CopyPart-EraseBytes-
#3364434	REDUCE cov: 1724 ft: 7712 corp: 1623/464Kb lim: 4096 exec/s: 16992 rss: 523Mb L: 345/4096 MS: 2 ShuffleBytes-EraseBytes-
#3366980	REDUCE cov: 1724 ft: 7712 corp: 1623/464Kb lim: 4096 exec/s: 17004 rss: 523Mb L: 1159/4096 MS: 1 EraseBytes-
#3372281	REDUCE cov: 1724 ft: 7712 corp: 1623/464Kb lim: 4096 exec/s: 16946 rss: 523Mb L: 59/4096 MS: 1 EraseBytes-
#3373795	REDUCE cov: 1724 ft: 7712 corp: 1623/464Kb lim: 4096 exec/s: 16953 rss: 523Mb L: 1215/4096 MS: 4 ShuffleBytes-CrossOver-ChangeASCIIInt-EraseBytes-
#3375196	REDUCE cov: 1724 ft: 7712 corp: 1623/464Kb lim: 4096 exec/s: 16960 rss: 523Mb L: 90/4096 MS: 1 EraseBytes-
#3376303	REDUCE cov: 1724 ft: 7712 corp: 1623/464Kb lim: 4096 exec/s: 16966 rss: 523Mb L: 52/4096 MS: 2 ChangeBit-EraseBytes-
#3385170	REDUCE cov: 1724 ft: 7712 corp: 1623/464Kb lim: 4096 exec/s: 16925 rss: 523Mb L: 54/4096 MS: 2 ChangeBinInt-EraseBytes-
#3387596	REDUCE cov: 1724 ft: 7712 corp: 1623/464Kb lim: 4096 exec/s: 16937 rss: 523Mb L: 68/4096 MS: 1 EraseBytes-
#3388072	REDUCE cov: 1724 ft: 7712 corp: 1623/464Kb lim: 4096 exec/s: 16940 rss: 523Mb L: 69/4096 MS: 1 EraseBytes-
#3391373	REDUCE cov: 1724 ft: 7712 corp: 1623/464Kb lim: 4096 exec/s: 16956 rss: 523Mb L: 1084/4096 MS: 1 EraseBytes-
#3394479	REDUCE cov: 1724 ft: 7713 corp: 1624/467Kb lim: 4096 exec/s: 16972 rss: 523Mb L: 2451/4096 MS: 1 CopyPart-
#3397502	REDUCE cov: 1724 ft: 7713 corp: 1624/467Kb lim: 4096 exec/s: 16987 rss: 523Mb L: 1370/4096 MS: 2 InsertByte-EraseBytes-
#3400458	REDUCE cov: 1724 ft: 7713 corp: 1624/466Kb lim: 4096 exec/s: 17002 rss: 523Mb L: 1029/4096 MS: 1 EraseBytes-
#3404189	REDUCE cov: 1724 ft: 7713 corp: 1624/466Kb lim: 4096 exec/s: 16936 rss: 523Mb L: 877/4096 MS: 1 EraseBytes-
#3405091	REDUCE cov: 1724 ft: 7713 corp: 1624/466Kb lim: 4096 exec/s: 16940 rss: 523Mb L: 27/4096 MS: 2 ChangeASCIIInt-EraseBytes-
#3407013	REDUCE cov: 1724 ft: 7713 corp: 1624/466Kb lim: 4096 exec/s: 16950 rss: 523Mb L: 65/4096 MS: 2 ChangeBit-EraseBytes-
#3411539	REDUCE cov: 1724 ft: 7713 corp: 1624/466Kb lim: 4096 exec/s: 16972 rss: 523Mb L: 357/4096 MS: 1 EraseBytes-
#3412075	REDUCE cov: 1724 ft: 7713 corp: 1624/466Kb lim: 4096 exec/s: 16975 rss: 523Mb L: 370/4096 MS: 1 EraseBytes-
#3418482	REDUCE cov: 1724 ft: 7713 corp: 1624/466Kb lim: 4096 exec/s: 16923 rss: 523Mb L: 827/4096 MS: 2 ChangeASCIIInt-EraseBytes-
#3421113	REDUCE cov: 1724 ft: 7713 corp: 1624/466Kb lim: 4096 exec/s: 16936 rss: 523Mb L: 20/4096 MS: 1 EraseBytes-
#3421613	REDUCE cov: 1724 ft: 7713 corp: 1624/466Kb lim: 4096 exec/s: 16938 rss: 523Mb L: 2227/4096 MS: 5 ShuffleBytes-InsertByte-ShuffleBytes-InsertByte-EraseBytes-
#3423660	REDUCE cov: 1724 ft: 7713 corp: 1624/466Kb lim: 4096 exec/s: 16948 rss: 523Mb L: 112/4096 MS: 2 ChangeASCIIInt-EraseBytes-
#3424717	REDUCE cov: 1724 ft: 7713 corp: 1624/466Kb lim: 4096 exec/s: 16954 rss: 523Mb L: 2610/4096 MS: 2 CopyPart-EraseBytes-
#3426929	REDUCE cov: 1724 ft: 7713 corp: 1624/466Kb lim: 4096 exec/s: 16964 rss: 523Mb L: 45/4096 MS: 2 ShuffleBytes-EraseBytes-
#3428125	REDUCE cov: 1724 ft: 7713 corp: 1624/466Kb lim: 4096 exec/s: 16970 rss: 523Mb L: 1389/4096 MS: 1 EraseBytes-
#3433221	REDUCE cov: 1724 ft: 7713 corp: 1624/466Kb lim: 4096 exec/s: 16996 rss: 523Mb L: 600/4096 MS: 1 EraseBytes-
#3435682	REDUCE cov: 1724 ft: 7713 corp: 1624/466Kb lim: 4096 exec/s: 16924 rss: 523Mb L: 1326/4096 MS: 1 EraseBytes-
#3439593	NEW    cov: 1724 ft: 7715 corp: 1625/466Kb lim: 4096 exec/s: 16943 rss: 523Mb L: 19/4096 MS: 1 CopyPart-
#3439974	REDUCE cov: 1724 ft: 7715 corp: 1625/466Kb lim: 4096 exec/s: 16945 rss: 523Mb L: 49/4096 MS: 1 EraseBytes-
#3440016	REDUCE cov: 1724 ft: 7715 corp: 1625/466Kb lim: 4096 exec/s: 16945 rss: 523Mb L: 18/4096 MS: 2 ChangeBit-EraseBytes-
#3442073	REDUCE cov: 1724 ft: 7715 corp: 1625/466Kb lim: 4096 exec/s: 16956 rss: 523Mb L: 640/4096 MS: 2 ShuffleBytes-EraseBytes-
#3443340	REDUCE cov: 1724 ft: 7715 corp: 1625/466Kb lim: 4096 exec/s: 16962 rss: 523Mb L: 259/4096 MS: 2 CopyPart-EraseBytes-
#3445181	REDUCE cov: 1724 ft: 7715 corp: 1625/466Kb lim: 4096 exec/s: 16971 rss: 523Mb L: 25/4096 MS: 1 EraseBytes-
#3447892	REDUCE cov: 1724 ft: 7715 corp: 1625/466Kb lim: 4096 exec/s: 16984 rss: 523Mb L: 371/4096 MS: 1 EraseBytes-
#3449468	REDUCE cov: 1724 ft: 7715 corp: 1625/466Kb lim: 4096 exec/s: 16992 rss: 523Mb L: 177/4096 MS: 1 EraseBytes-
#3451355	REDUCE cov: 1724 ft: 7715 corp: 1625/466Kb lim: 4096 exec/s: 16918 rss: 523Mb L: 59/4096 MS: 2 ChangeASCIIInt-EraseBytes-
#3451361	REDUCE cov: 1724 ft: 7715 corp: 1625/466Kb lim: 4096 exec/s: 16918 rss: 523Mb L: 12/4096 MS: 1 EraseBytes-
#3452462	REDUCE cov: 1724 ft: 7715 corp: 1625/466Kb lim: 4096 exec/s: 16923 rss: 523Mb L: 20/4096 MS: 1 EraseBytes-
#3455999	REDUCE cov: 1724 ft: 7715 corp: 1625/466Kb lim: 4096 exec/s: 16941 rss: 523Mb L: 1715/4096 MS: 2 InsertByte-EraseBytes-
#3458465	REDUCE cov: 1724 ft: 7715 corp: 1625/466Kb lim: 4096 exec/s: 16953 rss: 523Mb L: 381/4096 MS: 1 EraseBytes-
#3461881	REDUCE cov: 1724 ft: 7715 corp: 1625/466Kb lim: 4096 exec/s: 16970 rss: 523Mb L: 354/4096 MS: 1 EraseBytes-
#3462027	REDUCE cov: 1724 ft: 7715 corp: 1625/466Kb lim: 4096 exec/s: 16970 rss: 523Mb L: 22/4096 MS: 1 EraseBytes-
#3463253	REDUCE cov: 1724 ft: 7715 corp: 1625/466Kb lim: 4096 exec/s: 16976 rss: 523Mb L: 152/4096 MS: 1 EraseBytes-
#3464184	REDUCE cov: 1724 ft: 7715 corp: 1625/466Kb lim: 4096 exec/s: 16981 rss: 523Mb L: 9/4096 MS: 1 EraseBytes-
#3464796	REDUCE cov: 1724 ft: 7718 corp: 1626/467Kb lim: 4096 exec/s: 16984 rss: 523Mb L: 937/4096 MS: 2 ChangeASCIIInt-CopyPart-
#3466563	REDUCE cov: 1724 ft: 7718 corp: 1626/467Kb lim: 4096 exec/s: 16992 rss: 523Mb L: 272/4096 MS: 2 CrossOver-EraseBytes-
#3467649	REDUCE cov: 1724 ft: 7718 corp: 1626/467Kb lim: 4096 exec/s: 16915 rss: 523Mb L: 328/4096 MS: 1 EraseBytes-
#3469480	REDUCE cov: 1724 ft: 7718 corp: 1626/467Kb lim: 4096 exec/s: 16924 rss: 523Mb L: 3016/4096 MS: 1 EraseBytes-
#3471781	REDUCE cov: 1724 ft: 7718 corp: 1626/467Kb lim: 4096 exec/s: 16935 rss: 523Mb L: 134/4096 MS: 1 EraseBytes-
#3472344	REDUCE cov: 1724 ft: 7718 corp: 1626/467Kb lim: 4096 exec/s: 16938 rss: 523Mb L: 1057/4096 MS: 3 CrossOver-EraseBytes-InsertRepeatedBytes-
#3472950	REDUCE cov: 1724 ft: 7718 corp: 1626/467Kb lim: 4096 exec/s: 16941 rss: 523Mb L: 157/4096 MS: 1 EraseBytes-
#3474134	REDUCE cov: 1724 ft: 7718 corp: 1626/467Kb lim: 4096 exec/s: 16946 rss: 523Mb L: 17/4096 MS: 4 InsertRepeatedBytes-InsertByte-ChangeBit-EraseBytes-
#3475720	REDUCE cov: 1724 ft: 7718 corp: 1626/467Kb lim: 4096 exec/s: 16954 rss: 523Mb L: 481/4096 MS: 1 EraseBytes-
#3483856	REDUCE cov: 1724 ft: 7718 corp: 1626/466Kb lim: 4096 exec/s: 16911 rss: 523Mb L: 2302/4096 MS: 1 EraseBytes-
#3484214	REDUCE cov: 1724 ft: 7718 corp: 1626/466Kb lim: 4096 exec/s: 16913 rss: 523Mb L: 2719/4096 MS: 3 CMP-ChangeByte-CrossOver- DE: ",\357\277\275"-
#3484960	REDUCE cov: 1724 ft: 7718 corp: 1626/466Kb lim: 4096 exec/s: 16917 rss: 523Mb L: 36/4096 MS: 1 EraseBytes-
#3485957	REDUCE cov: 1724 ft: 7718 corp: 1626/466Kb lim: 4096 exec/s: 16922 rss: 523Mb L: 3576/4096 MS: 2 ShuffleBytes-EraseBytes-
#3486083	REDUCE cov: 1724 ft: 7718 corp: 1626/466Kb lim: 4096 exec/s: 16922 rss: 523Mb L: 298/4096 MS: 1 EraseBytes-
#3488014	REDUCE cov: 1724 ft: 7718 corp: 1626/466Kb lim: 4096 exec/s: 16932 rss: 523Mb L: 360/4096 MS: 1 EraseBytes-
#3489086	REDUCE cov: 1724 ft: 7718 corp: 1626/466Kb lim: 4096 exec/s: 16937 rss: 523Mb L: 2952/4096 MS: 2 ChangeBit-EraseBytes-
#3489212	REDUCE cov: 1724 ft: 7718 corp: 1626/466Kb lim: 4096 exec/s: 16937 rss: 523Mb L: 2949/4096 MS: 1 EraseBytes-
#3490648	REDUCE cov: 1724 ft: 7718 corp: 1626/466Kb lim: 4096 exec/s: 16944 rss: 523Mb L: 21/4096 MS: 1 EraseBytes-
#3491479	REDUCE cov: 1724 ft: 7718 corp: 1626/466Kb lim: 4096 exec/s: 16948 rss: 523Mb L: 44/4096 MS: 1 EraseBytes-
#3495321	REDUCE cov: 1724 ft: 7718 corp: 1626/466Kb lim: 4096 exec/s: 16967 rss: 523Mb L: 52/4096 MS: 2 ChangeByte-EraseBytes-
#3496682	REDUCE cov: 1724 ft: 7718 corp: 1626/466Kb lim: 4096 exec/s: 16974 rss: 523Mb L: 47/4096 MS: 1 EraseBytes-
#3498318	REDUCE cov: 1724 ft: 7718 corp: 1626/466Kb lim: 4096 exec/s: 16900 rss: 523Mb L: 30/4096 MS: 1 EraseBytes-
#3500220	REDUCE cov: 1724 ft: 7718 corp: 1626/466Kb lim: 4096 exec/s: 16909 rss: 523Mb L: 66/4096 MS: 2 ChangeASCIIInt-EraseBytes-
#3501006	REDUCE cov: 1724 ft: 7718 corp: 1626/466Kb lim: 4096 exec/s: 16913 rss: 523Mb L: 116/4096 MS: 1 EraseBytes-
#3504718	REDUCE cov: 1724 ft: 7718 corp: 1626/466Kb lim: 4096 exec/s: 16931 rss: 523Mb L: 224/4096 MS: 2 ChangeASCIIInt-EraseBytes-
#3504759	REDUCE cov: 1724 ft: 7718 corp: 1626/466Kb lim: 4096 exec/s: 16931 rss: 523Mb L: 143/4096 MS: 1 EraseBytes-
#3505476	REDUCE cov: 1724 ft: 7718 corp: 1626/466Kb lim: 4096 exec/s: 16934 rss: 523Mb L: 39/4096 MS: 2 ShuffleBytes-EraseBytes-
#3508132	REDUCE cov: 1724 ft: 7718 corp: 1626/466Kb lim: 4096 exec/s: 16947 rss: 523Mb L: 204/4096 MS: 1 EraseBytes-
#3508728	REDUCE cov: 1724 ft: 7718 corp: 1626/466Kb lim: 4096 exec/s: 16950 rss: 523Mb L: 51/4096 MS: 1 EraseBytes-
#3511646	REDUCE cov: 1724 ft: 7718 corp: 1626/466Kb lim: 4096 exec/s: 16964 rss: 523Mb L: 682/4096 MS: 3 ShuffleBytes-ChangeByte-EraseBytes-
#3512513	REDUCE cov: 1724 ft: 7718 corp: 1626/466Kb lim: 4096 exec/s: 16968 rss: 523Mb L: 655/4096 MS: 2 ChangeByte-EraseBytes-
#3517084	REDUCE cov: 1724 ft: 7718 corp: 1626/466Kb lim: 4096 exec/s: 16909 rss: 523Mb L: 73/4096 MS: 1 EraseBytes-
#3524541	REDUCE cov: 1724 ft: 7718 corp: 1626/466Kb lim: 4096 exec/s: 16944 rss: 523Mb L: 92/4096 MS: 2 ChangeByte-EraseBytes-
#3527288	REDUCE cov: 1724 ft: 7718 corp: 1626/465Kb lim: 4096 exec/s: 16958 rss: 523Mb L: 533/4096 MS: 1 EraseBytes-
#3527649	REDUCE cov: 1724 ft: 7718 corp: 1626/465Kb lim: 4096 exec/s: 16959 rss: 523Mb L: 15/4096 MS: 1 EraseBytes-
#3529836	REDUCE cov: 1724 ft: 7718 corp: 1626/465Kb lim: 4096 exec/s: 16889 rss: 523Mb L: 256/4096 MS: 2 InsertRepeatedBytes-EraseBytes-
#3533798	REDUCE cov: 1724 ft: 7718 corp: 1626/465Kb lim: 4096 exec/s: 16908 rss: 523Mb L: 51/4096 MS: 2 ChangeByte-EraseBytes-
#3537245	REDUCE cov: 1724 ft: 7718 corp: 1626/465Kb lim: 4096 exec/s: 16924 rss: 523Mb L: 401/4096 MS: 2 ChangeBit-EraseBytes-
#3537807	REDUCE cov: 1724 ft: 7718 corp: 1626/465Kb lim: 4096 exec/s: 16927 rss: 523Mb L: 109/4096 MS: 2 CMP-EraseBytes- DE: "\357\277\275e\357\277\275"-
#3540893	REDUCE cov: 1724 ft: 7718 corp: 1626/465Kb lim: 4096 exec/s: 16942 rss: 523Mb L: 175/4096 MS: 1 EraseBytes-
#3542324	REDUCE cov: 1724 ft: 7718 corp: 1626/465Kb lim: 4096 exec/s: 16948 rss: 523Mb L: 1095/4096 MS: 1 EraseBytes-
#3543715	REDUCE cov: 1724 ft: 7718 corp: 1626/465Kb lim: 4096 exec/s: 16955 rss: 523Mb L: 86/4096 MS: 1 EraseBytes-
#3544232	REDUCE cov: 1724 ft: 7718 corp: 1626/465Kb lim: 4096 exec/s: 16877 rss: 523Mb L: 49/4096 MS: 2 EraseBytes-CrossOver-
#3544318	REDUCE cov: 1724 ft: 7718 corp: 1626/465Kb lim: 4096 exec/s: 16877 rss: 523Mb L: 126/4096 MS: 1 EraseBytes-
#3544474	REDUCE cov: 1724 ft: 7718 corp: 1626/465Kb lim: 4096 exec/s: 16878 rss: 523Mb L: 49/4096 MS: 1 EraseBytes-
#3554546	REDUCE cov: 1724 ft: 7718 corp: 1626/465Kb lim: 4096 exec/s: 16926 rss: 523Mb L: 454/4096 MS: 2 InsertByte-EraseBytes-
#3556147	REDUCE cov: 1724 ft: 7718 corp: 1626/465Kb lim: 4096 exec/s: 16934 rss: 523Mb L: 860/4096 MS: 1 EraseBytes-
#3562773	REDUCE cov: 1724 ft: 7718 corp: 1626/465Kb lim: 4096 exec/s: 16885 rss: 523Mb L: 268/4096 MS: 1 EraseBytes-
#3562784	REDUCE cov: 1724 ft: 7718 corp: 1626/465Kb lim: 4096 exec/s: 16885 rss: 523Mb L: 380/4096 MS: 1 EraseBytes-
#3563585	REDUCE cov: 1724 ft: 7718 corp: 1626/465Kb lim: 4096 exec/s: 16889 rss: 523Mb L: 33/4096 MS: 1 EraseBytes-
#3563946	REDUCE cov: 1724 ft: 7718 corp: 1626/465Kb lim: 4096 exec/s: 16890 rss: 523Mb L: 2026/4096 MS: 1 EraseBytes-
#3569772	REDUCE cov: 1724 ft: 7718 corp: 1626/465Kb lim: 4096 exec/s: 16918 rss: 523Mb L: 450/4096 MS: 1 EraseBytes-
#3571664	REDUCE cov: 1724 ft: 7718 corp: 1626/465Kb lim: 4096 exec/s: 16927 rss: 523Mb L: 1281/4096 MS: 2 ChangeASCIIInt-CrossOver-
#3573390	REDUCE cov: 1724 ft: 7718 corp: 1626/465Kb lim: 4096 exec/s: 16935 rss: 523Mb L: 1023/4096 MS: 1 EraseBytes-
#3575401	REDUCE cov: 1724 ft: 7718 corp: 1626/465Kb lim: 4096 exec/s: 16945 rss: 523Mb L: 666/4096 MS: 1 EraseBytes-
#3575812	REDUCE cov: 1724 ft: 7718 corp: 1626/465Kb lim: 4096 exec/s: 16946 rss: 523Mb L: 95/4096 MS: 1 EraseBytes-
#3576769	REDUCE cov: 1724 ft: 7718 corp: 1626/465Kb lim: 4096 exec/s: 16951 rss: 523Mb L: 115/4096 MS: 1 EraseBytes-
#3581420	REDUCE cov: 1724 ft: 7718 corp: 1626/465Kb lim: 4096 exec/s: 16893 rss: 523Mb L: 81/4096 MS: 1 EraseBytes-
#3583827	REDUCE cov: 1724 ft: 7718 corp: 1626/465Kb lim: 4096 exec/s: 16904 rss: 523Mb L: 8/4096 MS: 2 EraseBytes-CopyPart-
#3585498	REDUCE cov: 1724 ft: 7718 corp: 1626/465Kb lim: 4096 exec/s: 16912 rss: 523Mb L: 71/4096 MS: 1 EraseBytes-
#3585964	REDUCE cov: 1724 ft: 7718 corp: 1626/465Kb lim: 4096 exec/s: 16914 rss: 523Mb L: 3700/4096 MS: 1 EraseBytes-
#3587065	REDUCE cov: 1724 ft: 7718 corp: 1626/465Kb lim: 4096 exec/s: 16920 rss: 523Mb L: 130/4096 MS: 1 EraseBytes-
#3594867	REDUCE cov: 1724 ft: 7718 corp: 1626/465Kb lim: 4096 exec/s: 16877 rss: 523Mb L: 4023/4096 MS: 2 InsertRepeatedBytes-EraseBytes-
#3600000	REDUCE cov: 1724 ft: 7718 corp: 1626/465Kb lim: 4096 exec/s: 16901 rss: 523Mb L: 255/4096 MS: 3 InsertByte-ChangeASCIIInt-EraseBytes-
#3605931	REDUCE cov: 1724 ft: 7718 corp: 1626/465Kb lim: 4096 exec/s: 16929 rss: 523Mb L: 3088/4096 MS: 1 EraseBytes-
#3609749	REDUCE cov: 1724 ft: 7718 corp: 1626/464Kb lim: 4096 exec/s: 16867 rss: 523Mb L: 3978/4096 MS: 3 InsertByte-ChangeASCIIInt-EraseBytes-
#3612820	REDUCE cov: 1724 ft: 7718 corp: 1626/464Kb lim: 4096 exec/s: 16882 rss: 523Mb L: 2065/4096 MS: 1 EraseBytes-
#3617066	REDUCE cov: 1724 ft: 7718 corp: 1626/464Kb lim: 4096 exec/s: 16902 rss: 523Mb L: 3039/4096 MS: 1 EraseBytes-
#3631968	REDUCE cov: 1724 ft: 7718 corp: 1626/464Kb lim: 4096 exec/s: 16892 rss: 523Mb L: 138/4096 MS: 1 EraseBytes-
#3632574	REDUCE cov: 1724 ft: 7718 corp: 1626/464Kb lim: 4096 exec/s: 16895 rss: 523Mb L: 41/4096 MS: 1 EraseBytes-
#3633285	REDUCE cov: 1724 ft: 7718 corp: 1626/464Kb lim: 4096 exec/s: 16899 rss: 523Mb L: 107/4096 MS: 1 EraseBytes-
#3634121	REDUCE cov: 1724 ft: 7718 corp: 1626/464Kb lim: 4096 exec/s: 16902 rss: 523Mb L: 904/4096 MS: 1 EraseBytes-
#3634958	REDUCE cov: 1724 ft: 7718 corp: 1626/464Kb lim: 4096 exec/s: 16906 rss: 523Mb L: 125/4096 MS: 2 CopyPart-EraseBytes-
#3637687	REDUCE cov: 1724 ft: 7718 corp: 1626/464Kb lim: 4096 exec/s: 16919 rss: 523Mb L: 964/4096 MS: 4 ChangeByte-CopyPart-CMP-EraseBytes- DE: "\377\377\377\377\377\377\377\377"-
#3640279	REDUCE cov: 1724 ft: 7718 corp: 1626/464Kb lim: 4096 exec/s: 16931 rss: 523Mb L: 2238/4096 MS: 2 ChangeASCIIInt-EraseBytes-
#3643605	REDUCE cov: 1724 ft: 7718 corp: 1626/464Kb lim: 4096 exec/s: 16868 rss: 523Mb L: 16/4096 MS: 1 EraseBytes-
#3646136	REDUCE cov: 1724 ft: 7718 corp: 1626/464Kb lim: 4096 exec/s: 16880 rss: 523Mb L: 92/4096 MS: 1 EraseBytes-
#3647312	REDUCE cov: 1724 ft: 7718 corp: 1626/464Kb lim: 4096 exec/s: 16885 rss: 523Mb L: 2126/4096 MS: 1 EraseBytes-
#3649938	REDUCE cov: 1724 ft: 7718 corp: 1626/464Kb lim: 4096 exec/s: 16897 rss: 523Mb L: 2450/4096 MS: 1 EraseBytes-
#3651549	REDUCE cov: 1724 ft: 7718 corp: 1626/464Kb lim: 4096 exec/s: 16905 rss: 523Mb L: 1864/4096 MS: 1 EraseBytes-
#3652925	REDUCE cov: 1724 ft: 7718 corp: 1626/464Kb lim: 4096 exec/s: 16911 rss: 523Mb L: 64/4096 MS: 1 EraseBytes-
#3654206	REDUCE cov: 1724 ft: 7718 corp: 1626/464Kb lim: 4096 exec/s: 16917 rss: 523Mb L: 1793/4096 MS: 1 EraseBytes-
#3658702	REDUCE cov: 1724 ft: 7718 corp: 1626/464Kb lim: 4096 exec/s: 16860 rss: 523Mb L: 479/4096 MS: 1 EraseBytes-
#3660730	REDUCE cov: 1724 ft: 7718 corp: 1626/464Kb lim: 4096 exec/s: 16869 rss: 523Mb L: 88/4096 MS: 3 CMP-ChangeASCIIInt-EraseBytes- DE: "\3772"-
#3662631	REDUCE cov: 1724 ft: 7718 corp: 1626/464Kb lim: 4096 exec/s: 16878 rss: 523Mb L: 76/4096 MS: 1 EraseBytes-
#3665932	REDUCE cov: 1724 ft: 7718 corp: 1626/464Kb lim: 4096 exec/s: 16893 rss: 523Mb L: 286/4096 MS: 1 EraseBytes-
#3667264	REDUCE cov: 1724 ft: 7718 corp: 1626/464Kb lim: 4096 exec/s: 16899 rss: 523Mb L: 1111/4096 MS: 2 ShuffleBytes-EraseBytes-
#3674045	REDUCE cov: 1724 ft: 7718 corp: 1626/464Kb lim: 4096 exec/s: 16931 rss: 523Mb L: 69/4096 MS: 1 EraseBytes-
#3674121	REDUCE cov: 1724 ft: 7718 corp: 1626/464Kb lim: 4096 exec/s: 16931 rss: 523Mb L: 996/4096 MS: 1 EraseBytes-
#3676522	REDUCE cov: 1724 ft: 7718 corp: 1626/463Kb lim: 4096 exec/s: 16864 rss: 523Mb L: 513/4096 MS: 1 EraseBytes-
#3678053	REDUCE cov: 1724 ft: 7718 corp: 1626/463Kb lim: 4096 exec/s: 16871 rss: 523Mb L: 735/4096 MS: 1 EraseBytes-
#3683459	REDUCE cov: 1724 ft: 7718 corp: 1626/463Kb lim: 4096 exec/s: 16896 rss: 523Mb L: 426/4096 MS: 1 EraseBytes-
#3695238	REDUCE cov: 1724 ft: 7718 corp: 1626/463Kb lim: 4096 exec/s: 16873 rss: 523Mb L: 362/4096 MS: 4 CrossOver-CopyPart-CopyPart-EraseBytes-
#3695616	REDUCE cov: 1724 ft: 7718 corp: 1626/463Kb lim: 4096 exec/s: 16874 rss: 523Mb L: 148/4096 MS: 3 ChangeBit-ChangeASCIIInt-EraseBytes-
#3701407	REDUCE cov: 1724 ft: 7718 corp: 1626/463Kb lim: 4096 exec/s: 16901 rss: 523Mb L: 138/4096 MS: 1 EraseBytes-
#3705073	REDUCE cov: 1724 ft: 7718 corp: 1626/463Kb lim: 4096 exec/s: 16918 rss: 523Mb L: 139/4096 MS: 1 EraseBytes-
#3707575	REDUCE cov: 1724 ft: 7718 corp: 1626/463Kb lim: 4096 exec/s: 16852 rss: 523Mb L: 332/4096 MS: 2 ChangeBinInt-EraseBytes-
#3707595	REDUCE cov: 1724 ft: 7718 corp: 1626/463Kb lim: 4096 exec/s: 16852 rss: 523Mb L: 1430/4096 MS: 5 ChangeBit-ChangeASCIIInt-ChangeByte-ChangeASCIIInt-EraseBytes-
#3708961	REDUCE cov: 1724 ft: 7718 corp: 1626/463Kb lim: 4096 exec/s: 16858 rss: 523Mb L: 2295/4096 MS: 1 EraseBytes-
#3709112	REDUCE cov: 1724 ft: 7718 corp: 1626/463Kb lim: 4096 exec/s: 16859 rss: 523Mb L: 11/4096 MS: 1 EraseBytes-
#3711353	REDUCE cov: 1724 ft: 7718 corp: 1626/463Kb lim: 4096 exec/s: 16869 rss: 523Mb L: 4021/4096 MS: 1 EraseBytes-
#3716394	REDUCE cov: 1724 ft: 7718 corp: 1626/463Kb lim: 4096 exec/s: 16892 rss: 523Mb L: 23/4096 MS: 1 EraseBytes-
#3717225	REDUCE cov: 1724 ft: 7718 corp: 1626/463Kb lim: 4096 exec/s: 16896 rss: 523Mb L: 337/4096 MS: 1 EraseBytes-
#3718686	REDUCE cov: 1724 ft: 7718 corp: 1626/463Kb lim: 4096 exec/s: 16903 rss: 523Mb L: 70/4096 MS: 1 EraseBytes-
#3724087	REDUCE cov: 1724 ft: 7718 corp: 1626/463Kb lim: 4096 exec/s: 16851 rss: 523Mb L: 45/4096 MS: 1 EraseBytes-
#3725398	REDUCE cov: 1724 ft: 7718 corp: 1626/463Kb lim: 4096 exec/s: 16857 rss: 523Mb L: 213/4096 MS: 1 EraseBytes-
#3726345	REDUCE cov: 1724 ft: 7719 corp: 1627/467Kb lim: 4096 exec/s: 16861 rss: 523Mb L: 3332/4096 MS: 2 ChangeBit-CopyPart-
#3732938	REDUCE cov: 1724 ft: 7719 corp: 1627/467Kb lim: 4096 exec/s: 16891 rss: 523Mb L: 124/4096 MS: 3 ChangeBit-ChangeBit-EraseBytes-
#3733614	REDUCE cov: 1724 ft: 7719 corp: 1627/467Kb lim: 4096 exec/s: 16894 rss: 523Mb L: 19/4096 MS: 1 EraseBytes-
#3736721	REDUCE cov: 1724 ft: 7719 corp: 1627/466Kb lim: 4096 exec/s: 16908 rss: 523Mb L: 1355/4096 MS: 2 ChangeASCIIInt-EraseBytes-
#3743392	REDUCE cov: 1724 ft: 7719 corp: 1627/466Kb lim: 4096 exec/s: 16862 rss: 523Mb L: 283/4096 MS: 1 EraseBytes-
#3762716	REDUCE cov: 1724 ft: 7719 corp: 1627/466Kb lim: 4096 exec/s: 16873 rss: 523Mb L: 165/4096 MS: 4 ChangeASCIIInt-ShuffleBytes-ChangeASCIIInt-EraseBytes-
#3770732	REDUCE cov: 1724 ft: 7719 corp: 1627/466Kb lim: 4096 exec/s: 16909 rss: 523Mb L: 127/4096 MS: 1 EraseBytes-
#3771133	REDUCE cov: 1724 ft: 7719 corp: 1627/466Kb lim: 4096 exec/s: 16910 rss: 523Mb L: 655/4096 MS: 1 EraseBytes-
#3781849	REDUCE cov: 1724 ft: 7719 corp: 1627/466Kb lim: 4096 exec/s: 16883 rss: 523Mb L: 21/4096 MS: 1 EraseBytes-
#3783630	REDUCE cov: 1724 ft: 7719 corp: 1627/466Kb lim: 4096 exec/s: 16891 rss: 523Mb L: 78/4096 MS: 1 EraseBytes-
#3787641	REDUCE cov: 1724 ft: 7719 corp: 1627/466Kb lim: 4096 exec/s: 16909 rss: 523Mb L: 1366/4096 MS: 1 EraseBytes-
#3788937	REDUCE cov: 1724 ft: 7719 corp: 1627/466Kb lim: 4096 exec/s: 16839 rss: 523Mb L: 35/4096 MS: 1 EraseBytes-
#3793478	REDUCE cov: 1724 ft: 7719 corp: 1627/466Kb lim: 4096 exec/s: 16859 rss: 523Mb L: 14/4096 MS: 1 EraseBytes-
#3797159	REDUCE cov: 1724 ft: 7719 corp: 1627/466Kb lim: 4096 exec/s: 16876 rss: 523Mb L: 855/4096 MS: 1 EraseBytes-
#3797361	REDUCE cov: 1724 ft: 7719 corp: 1627/466Kb lim: 4096 exec/s: 16877 rss: 523Mb L: 83/4096 MS: 2 ShuffleBytes-EraseBytes-
#3797932	REDUCE cov: 1724 ft: 7719 corp: 1627/466Kb lim: 4096 exec/s: 16879 rss: 523Mb L: 1938/4096 MS: 1 EraseBytes-
#3800695	REDUCE cov: 1724 ft: 7719 corp: 1627/466Kb lim: 4096 exec/s: 16891 rss: 523Mb L: 135/4096 MS: 3 ChangeASCIIInt-ChangeASCIIInt-EraseBytes-
#3802546	REDUCE cov: 1724 ft: 7719 corp: 1627/466Kb lim: 4096 exec/s: 16900 rss: 523Mb L: 17/4096 MS: 1 EraseBytes-
#3808602	REDUCE cov: 1724 ft: 7719 corp: 1627/466Kb lim: 4096 exec/s: 16852 rss: 523Mb L: 26/4096 MS: 1 EraseBytes-
#3811449	REDUCE cov: 1724 ft: 7719 corp: 1627/466Kb lim: 4096 exec/s: 16864 rss: 523Mb L: 290/4096 MS: 2 CMP-EraseBytes- DE: "code"-
#3811965	REDUCE cov: 1724 ft: 7720 corp: 1628/469Kb lim: 4096 exec/s: 16867 rss: 523Mb L: 3364/4096 MS: 1 CopyPart-
#3815151	REDUCE cov: 1724 ft: 7720 corp: 1628/469Kb lim: 4096 exec/s: 16881 rss: 523Mb L: 194/4096 MS: 1 EraseBytes-
#3818338	REDUCE cov: 1724 ft: 7720 corp: 1628/469Kb lim: 4096 exec/s: 16820 rss: 523Mb L: 987/4096 MS: 2 InsertByte-EraseBytes-
#3821352	REDUCE cov: 1724 ft: 7720 corp: 1628/469Kb lim: 4096 exec/s: 16834 rss: 523Mb L: 263/4096 MS: 4 InsertRepeatedBytes-ChangeASCIIInt-ChangeASCIIInt-EraseBytes-
#3821628	REDUCE cov: 1724 ft: 7720 corp: 1628/469Kb lim: 4096 exec/s: 16835 rss: 523Mb L: 135/4096 MS: 1 EraseBytes-
#3825054	REDUCE cov: 1724 ft: 7720 corp: 1628/469Kb lim: 4096 exec/s: 16850 rss: 523Mb L: 68/4096 MS: 1 EraseBytes-
#3831780	REDUCE cov: 1724 ft: 7720 corp: 1628/469Kb lim: 4096 exec/s: 16880 rss: 523Mb L: 3494/4096 MS: 1 EraseBytes-
#3833186	REDUCE cov: 1724 ft: 7720 corp: 1628/469Kb lim: 4096 exec/s: 16886 rss: 523Mb L: 1819/4096 MS: 1 EraseBytes-
#3833502	REDUCE cov: 1724 ft: 7720 corp: 1628/469Kb lim: 4096 exec/s: 16813 rss: 523Mb L: 1529/4096 MS: 1 EraseBytes-
#3834583	REDUCE cov: 1724 ft: 7720 corp: 1628/469Kb lim: 4096 exec/s: 16818 rss: 523Mb L: 1501/4096 MS: 1 EraseBytes-
#3834819	REDUCE cov: 1724 ft: 7720 corp: 1628/469Kb lim: 4096 exec/s: 16819 rss: 523Mb L: 96/4096 MS: 1 EraseBytes-
#3835896	REDUCE cov: 1724 ft: 7720 corp: 1628/469Kb lim: 4096 exec/s: 16824 rss: 523Mb L: 28/4096 MS: 2 CMP-EraseBytes- DE: "\002\000\000\000\000\000\000\000"-
#3837407	REDUCE cov: 1724 ft: 7720 corp: 1628/469Kb lim: 4096 exec/s: 16830 rss: 523Mb L: 112/4096 MS: 1 EraseBytes-
#3839424	REDUCE cov: 1724 ft: 7720 corp: 1628/469Kb lim: 4096 exec/s: 16839 rss: 523Mb L: 144/4096 MS: 2 ChangeBinInt-EraseBytes-
#3840110	REDUCE cov: 1724 ft: 7720 corp: 1628/469Kb lim: 4096 exec/s: 16842 rss: 523Mb L: 1257/4096 MS: 1 EraseBytes-
#3841801	REDUCE cov: 1724 ft: 7720 corp: 1628/469Kb lim: 4096 exec/s: 16850 rss: 523Mb L: 14/4096 MS: 1 EraseBytes-
#3847957	REDUCE cov: 1724 ft: 7720 corp: 1628/469Kb lim: 4096 exec/s: 16877 rss: 523Mb L: 33/4096 MS: 1 EraseBytes-
#3848225	REDUCE cov: 1724 ft: 7720 corp: 1628/469Kb lim: 4096 exec/s: 16878 rss: 523Mb L: 36/4096 MS: 3 EraseBytes-EraseBytes-CopyPart-
#3848311	REDUCE cov: 1724 ft: 7720 corp: 1628/469Kb lim: 4096 exec/s: 16878 rss: 523Mb L: 1929/4096 MS: 1 EraseBytes-
#3848462	REDUCE cov: 1724 ft: 7720 corp: 1628/469Kb lim: 4096 exec/s: 16805 rss: 523Mb L: 14/4096 MS: 1 EraseBytes-
#3853093	REDUCE cov: 1724 ft: 7720 corp: 1628/469Kb lim: 4096 exec/s: 16825 rss: 523Mb L: 80/4096 MS: 1 EraseBytes-
#3854254	REDUCE cov: 1724 ft: 7720 corp: 1628/469Kb lim: 4096 exec/s: 16830 rss: 523Mb L: 133/4096 MS: 1 EraseBytes-
#3857052	REDUCE cov: 1724 ft: 7720 corp: 1628/469Kb lim: 4096 exec/s: 16843 rss: 523Mb L: 255/4096 MS: 3 ChangeASCIIInt-InsertRepeatedBytes-EraseBytes-
#3857277	REDUCE cov: 1724 ft: 7720 corp: 1628/469Kb lim: 4096 exec/s: 16844 rss: 523Mb L: 567/4096 MS: 5 ShuffleBytes-CopyPart-InsertByte-InsertByte-EraseBytes-
#3857453	REDUCE cov: 1724 ft: 7720 corp: 1628/469Kb lim: 4096 exec/s: 16844 rss: 523Mb L: 36/4096 MS: 1 EraseBytes-
#3858064	REDUCE cov: 1724 ft: 7720 corp: 1628/469Kb lim: 4096 exec/s: 16847 rss: 523Mb L: 359/4096 MS: 1 EraseBytes-
#3858181	REDUCE cov: 1724 ft: 7720 corp: 1628/469Kb lim: 4096 exec/s: 16847 rss: 523Mb L: 77/4096 MS: 2 ChangeBit-EraseBytes-
#3867123	REDUCE cov: 1724 ft: 7720 corp: 1628/469Kb lim: 4096 exec/s: 16813 rss: 523Mb L: 3826/4096 MS: 2 PersAutoDict-EraseBytes- DE: "# \357\277"-
#3868584	REDUCE cov: 1724 ft: 7720 corp: 1628/469Kb lim: 4096 exec/s: 16819 rss: 523Mb L: 1760/4096 MS: 1 EraseBytes-
#3868880	REDUCE cov: 1724 ft: 7720 corp: 1628/469Kb lim: 4096 exec/s: 16821 rss: 523Mb L: 18/4096 MS: 1 EraseBytes-
#3874501	REDUCE cov: 1724 ft: 7720 corp: 1628/469Kb lim: 4096 exec/s: 16845 rss: 523Mb L: 151/4096 MS: 1 EraseBytes-
#3875262	REDUCE cov: 1724 ft: 7720 corp: 1628/469Kb lim: 4096 exec/s: 16848 rss: 523Mb L: 357/4096 MS: 1 EraseBytes-
#3881833	REDUCE cov: 1724 ft: 7720 corp: 1628/469Kb lim: 4096 exec/s: 16804 rss: 523Mb L: 2247/4096 MS: 1 EraseBytes-
#3885005	REDUCE cov: 1724 ft: 7720 corp: 1628/469Kb lim: 4096 exec/s: 16818 rss: 523Mb L: 1861/4096 MS: 2 CopyPart-EraseBytes-
#3886511	REDUCE cov: 1724 ft: 7720 corp: 1628/469Kb lim: 4096 exec/s: 16824 rss: 523Mb L: 37/4096 MS: 1 EraseBytes-
#3890802	NEW    cov: 1724 ft: 7737 corp: 1629/471Kb lim: 4096 exec/s: 16843 rss: 523Mb L: 2176/4096 MS: 1 CopyPart-
#3895183	REDUCE cov: 1724 ft: 7737 corp: 1629/471Kb lim: 4096 exec/s: 16789 rss: 523Mb L: 64/4096 MS: 1 EraseBytes-
#3897255	REDUCE cov: 1724 ft: 7737 corp: 1629/471Kb lim: 4096 exec/s: 16798 rss: 523Mb L: 8/4096 MS: 2 CopyPart-EraseBytes-
#3900119	REDUCE cov: 1724 ft: 7737 corp: 1629/471Kb lim: 4096 exec/s: 16810 rss: 523Mb L: 1282/4096 MS: 4 ChangeBinInt-ChangeASCIIInt-ChangeBit-EraseBytes-
#3901790	REDUCE cov: 1724 ft: 7737 corp: 1629/471Kb lim: 4096 exec/s: 16818 rss: 523Mb L: 391/4096 MS: 1 EraseBytes-
#3904496	REDUCE cov: 1724 ft: 7737 corp: 1629/471Kb lim: 4096 exec/s: 16829 rss: 523Mb L: 3371/4096 MS: 1 EraseBytes-
#3905107	REDUCE cov: 1724 ft: 7737 corp: 1629/471Kb lim: 4096 exec/s: 16832 rss: 523Mb L: 296/4096 MS: 1 EraseBytes-
#3905554	REDUCE cov: 1724 ft: 7737 corp: 1629/471Kb lim: 4096 exec/s: 16834 rss: 523Mb L: 3744/4096 MS: 2 InsertByte-EraseBytes-
#3907165	REDUCE cov: 1724 ft: 7737 corp: 1629/471Kb lim: 4096 exec/s: 16841 rss: 523Mb L: 257/4096 MS: 1 EraseBytes-
#3908916	REDUCE cov: 1724 ft: 7737 corp: 1629/471Kb lim: 4096 exec/s: 16848 rss: 523Mb L: 105/4096 MS: 1 EraseBytes-
#3913542	REDUCE cov: 1724 ft: 7737 corp: 1629/471Kb lim: 4096 exec/s: 16796 rss: 523Mb L: 99/4096 MS: 1 EraseBytes-
#3915553	REDUCE cov: 1724 ft: 7737 corp: 1629/471Kb lim: 4096 exec/s: 16804 rss: 523Mb L: 378/4096 MS: 1 EraseBytes-
#3920559	REDUCE cov: 1724 ft: 7737 corp: 1629/471Kb lim: 4096 exec/s: 16826 rss: 523Mb L: 11/4096 MS: 1 EraseBytes-
#3922440	REDUCE cov: 1724 ft: 7737 corp: 1629/471Kb lim: 4096 exec/s: 16834 rss: 523Mb L: 96/4096 MS: 1 EraseBytes-
#3923211	REDUCE cov: 1724 ft: 7737 corp: 1629/471Kb lim: 4096 exec/s: 16837 rss: 523Mb L: 3165/4096 MS: 1 EraseBytes-
#3925372	REDUCE cov: 1724 ft: 7737 corp: 1629/471Kb lim: 4096 exec/s: 16847 rss: 523Mb L: 141/4096 MS: 1 EraseBytes-
#3929848	REDUCE cov: 1724 ft: 7737 corp: 1629/471Kb lim: 4096 exec/s: 16794 rss: 523Mb L: 1403/4096 MS: 1 EraseBytes-
#3937599	REDUCE cov: 1724 ft: 7737 corp: 1629/471Kb lim: 4096 exec/s: 16827 rss: 523Mb L: 43/4096 MS: 1 EraseBytes-
#3944636	REDUCE cov: 1724 ft: 7737 corp: 1629/470Kb lim: 4096 exec/s: 16785 rss: 523Mb L: 2048/4096 MS: 2 CopyPart-EraseBytes-
#3946194	REDUCE cov: 1724 ft: 7737 corp: 1629/470Kb lim: 4096 exec/s: 16792 rss: 523Mb L: 420/4096 MS: 3 ChangeASCIIInt-ChangeByte-EraseBytes-
#3948670	REDUCE cov: 1724 ft: 7737 corp: 1629/470Kb lim: 4096 exec/s: 16802 rss: 523Mb L: 25/4096 MS: 1 EraseBytes-
#3953484	REDUCE cov: 1724 ft: 7737 corp: 1629/470Kb lim: 4096 exec/s: 16823 rss: 523Mb L: 3976/4096 MS: 4 CrossOver-ShuffleBytes-CopyPart-EraseBytes-
#3955516	REDUCE cov: 1724 ft: 7737 corp: 1629/470Kb lim: 4096 exec/s: 16831 rss: 523Mb L: 1679/4096 MS: 2 InsertByte-EraseBytes-
#3957707	REDUCE cov: 1724 ft: 7737 corp: 1629/470Kb lim: 4096 exec/s: 16769 rss: 523Mb L: 370/4096 MS: 1 EraseBytes-
#3970048	REDUCE cov: 1724 ft: 7737 corp: 1629/470Kb lim: 4096 exec/s: 16822 rss: 523Mb L: 18/4096 MS: 1 EraseBytes-
#3971004	REDUCE cov: 1724 ft: 7738 corp: 1630/470Kb lim: 4096 exec/s: 16826 rss: 523Mb L: 60/4096 MS: 1 EraseBytes-
#3971537	REDUCE cov: 1724 ft: 7738 corp: 1630/470Kb lim: 4096 exec/s: 16828 rss: 523Mb L: 803/4096 MS: 3 CopyPart-ChangeASCIIInt-EraseBytes-
#3977634	REDUCE cov: 1724 ft: 7738 corp: 1630/470Kb lim: 4096 exec/s: 16783 rss: 523Mb L: 2278/4096 MS: 1 EraseBytes-
#3979045	REDUCE cov: 1724 ft: 7738 corp: 1630/470Kb lim: 4096 exec/s: 16789 rss: 523Mb L: 118/4096 MS: 1 EraseBytes-
#3981019	REDUCE cov: 1724 ft: 7738 corp: 1630/470Kb lim: 4096 exec/s: 16797 rss: 523Mb L: 2021/4096 MS: 4 ChangeByte-InsertByte-InsertRepeatedBytes-EraseBytes-
#3983765	REDUCE cov: 1724 ft: 7738 corp: 1630/470Kb lim: 4096 exec/s: 16809 rss: 523Mb L: 294/4096 MS: 1 EraseBytes-
#3984728	REDUCE cov: 1724 ft: 7738 corp: 1630/470Kb lim: 4096 exec/s: 16813 rss: 523Mb L: 3220/4096 MS: 3 EraseBytes-ChangeBit-CopyPart-
#3998739	REDUCE cov: 1724 ft: 7738 corp: 1630/470Kb lim: 4096 exec/s: 16801 rss: 523Mb L: 26/4096 MS: 1 EraseBytes-
#4000496	REDUCE cov: 1724 ft: 7738 corp: 1630/470Kb lim: 4096 exec/s: 16808 rss: 523Mb L: 809/4096 MS: 2 EraseBytes-InsertByte-
#4006807	REDUCE cov: 1724 ft: 7738 corp: 1630/470Kb lim: 4096 exec/s: 16764 rss: 523Mb L: 27/4096 MS: 1 EraseBytes-
#4011115	REDUCE cov: 1724 ft: 7738 corp: 1630/470Kb lim: 4096 exec/s: 16782 rss: 523Mb L: 435/4096 MS: 3 InsertByte-InsertRepeatedBytes-EraseBytes-
#4012977	REDUCE cov: 1724 ft: 7738 corp: 1630/470Kb lim: 4096 exec/s: 16790 rss: 523Mb L: 254/4096 MS: 2 ShuffleBytes-EraseBytes-
#4019058	REDUCE cov: 1724 ft: 7738 corp: 1630/470Kb lim: 4096 exec/s: 16746 rss: 523Mb L: 39/4096 MS: 1 EraseBytes-
#4019859	REDUCE cov: 1724 ft: 7738 corp: 1630/470Kb lim: 4096 exec/s: 16749 rss: 523Mb L: 31/4096 MS: 1 EraseBytes-
#4020015	REDUCE cov: 1724 ft: 7738 corp: 1630/470Kb lim: 4096 exec/s: 16750 rss: 523Mb L: 24/4096 MS: 1 EraseBytes-
#4020446	REDUCE cov: 1724 ft: 7738 corp: 1630/470Kb lim: 4096 exec/s: 16751 rss: 523Mb L: 84/4096 MS: 1 EraseBytes-
#4024579	REDUCE cov: 1724 ft: 7738 corp: 1630/470Kb lim: 4096 exec/s: 16769 rss: 523Mb L: 179/4096 MS: 3 ChangeByte-ChangeASCIIInt-EraseBytes-
#4028326	REDUCE cov: 1724 ft: 7738 corp: 1630/470Kb lim: 4096 exec/s: 16784 rss: 523Mb L: 71/4096 MS: 2 ShuffleBytes-EraseBytes-
#4029448	REDUCE cov: 1724 ft: 7738 corp: 1630/470Kb lim: 4096 exec/s: 16789 rss: 523Mb L: 117/4096 MS: 2 ChangeBit-EraseBytes-
#4031630	REDUCE cov: 1724 ft: 7738 corp: 1630/470Kb lim: 4096 exec/s: 16798 rss: 523Mb L: 40/4096 MS: 2 ShuffleBytes-EraseBytes-
#4032506	REDUCE cov: 1724 ft: 7738 corp: 1630/470Kb lim: 4096 exec/s: 16802 rss: 523Mb L: 1867/4096 MS: 1 EraseBytes-
#4032859	REDUCE cov: 1724 ft: 7738 corp: 1630/470Kb lim: 4096 exec/s: 16803 rss: 523Mb L: 126/4096 MS: 3 ChangeByte-EraseBytes-CopyPart-
#4035266	REDUCE cov: 1724 ft: 7738 corp: 1630/470Kb lim: 4096 exec/s: 16743 rss: 523Mb L: 115/4096 MS: 2 ShuffleBytes-EraseBytes-
#4037622	REDUCE cov: 1724 ft: 7738 corp: 1630/470Kb lim: 4096 exec/s: 16753 rss: 523Mb L: 173/4096 MS: 1 EraseBytes-
#4040943	REDUCE cov: 1724 ft: 7738 corp: 1630/470Kb lim: 4096 exec/s: 16767 rss: 523Mb L: 103/4096 MS: 1 EraseBytes-
#4043442	REDUCE cov: 1724 ft: 7738 corp: 1630/470Kb lim: 4096 exec/s: 16777 rss: 523Mb L: 27/4096 MS: 4 EraseBytes-ShuffleBytes-CopyPart-CopyPart-
#4049929	REDUCE cov: 1724 ft: 7738 corp: 1630/470Kb lim: 4096 exec/s: 16804 rss: 523Mb L: 58/4096 MS: 2 EraseBytes-CopyPart-
#4050645	REDUCE cov: 1724 ft: 7738 corp: 1630/469Kb lim: 4096 exec/s: 16807 rss: 523Mb L: 536/4096 MS: 1 EraseBytes-
#4053771	REDUCE cov: 1724 ft: 7738 corp: 1630/469Kb lim: 4096 exec/s: 16751 rss: 523Mb L: 348/4096 MS: 1 EraseBytes-
#4056357	REDUCE cov: 1724 ft: 7738 corp: 1630/469Kb lim: 4096 exec/s: 16761 rss: 523Mb L: 105/4096 MS: 1 EraseBytes-
#4057703	REDUCE cov: 1724 ft: 7738 corp: 1630/469Kb lim: 4096 exec/s: 16767 rss: 523Mb L: 47/4096 MS: 1 EraseBytes-
#4062250	REDUCE cov: 1724 ft: 7738 corp: 1630/469Kb lim: 4096 exec/s: 16786 rss: 523Mb L: 63/4096 MS: 2 ChangeASCIIInt-EraseBytes-
#4063406	REDUCE cov: 1724 ft: 7738 corp: 1630/469Kb lim: 4096 exec/s: 16790 rss: 523Mb L: 340/4096 MS: 1 EraseBytes-
#4063890	REDUCE cov: 1724 ft: 7738 corp: 1630/469Kb lim: 4096 exec/s: 16792 rss: 523Mb L: 63/4096 MS: 4 EraseBytes-ShuffleBytes-ChangeASCIIInt-InsertByte-
#4064458	REDUCE cov: 1724 ft: 7738 corp: 1630/469Kb lim: 4096 exec/s: 16726 rss: 523Mb L: 31/4096 MS: 3 CopyPart-ShuffleBytes-EraseBytes-
#4065349	REDUCE cov: 1724 ft: 7738 corp: 1630/469Kb lim: 4096 exec/s: 16729 rss: 523Mb L: 911/4096 MS: 1 EraseBytes-
#4065850	REDUCE cov: 1724 ft: 7738 corp: 1630/469Kb lim: 4096 exec/s: 16731 rss: 523Mb L: 2936/4096 MS: 1 EraseBytes-
#4067106	REDUCE cov: 1724 ft: 7738 corp: 1630/469Kb lim: 4096 exec/s: 16737 rss: 523Mb L: 45/4096 MS: 1 EraseBytes-
#4071586	REDUCE cov: 1724 ft: 7738 corp: 1630/469Kb lim: 4096 exec/s: 16755 rss: 523Mb L: 512/4096 MS: 5 CrossOver-ShuffleBytes-ShuffleBytes-InsertByte-EraseBytes-
#4076232	REDUCE cov: 1724 ft: 7738 corp: 1630/469Kb lim: 4096 exec/s: 16774 rss: 523Mb L: 177/4096 MS: 1 EraseBytes-
#4076486	REDUCE cov: 1724 ft: 7738 corp: 1630/469Kb lim: 4096 exec/s: 16775 rss: 523Mb L: 605/4096 MS: 4 CMP-EraseBytes-EraseBytes-CopyPart- DE: "\325\377\377\377"-
#4078657	REDUCE cov: 1724 ft: 7738 corp: 1630/469Kb lim: 4096 exec/s: 16784 rss: 523Mb L: 549/4096 MS: 1 EraseBytes-
#4078889	REDUCE cov: 1724 ft: 7738 corp: 1630/469Kb lim: 4096 exec/s: 16785 rss: 523Mb L: 983/4096 MS: 2 ShuffleBytes-EraseBytes-
#4083030	REDUCE cov: 1724 ft: 7738 corp: 1630/469Kb lim: 4096 exec/s: 16733 rss: 523Mb L: 379/4096 MS: 1 EraseBytes-
#4083251	REDUCE cov: 1724 ft: 7738 corp: 1630/469Kb lim: 4096 exec/s: 16734 rss: 523Mb L: 162/4096 MS: 1 EraseBytes-
#4083427	REDUCE cov: 1724 ft: 7738 corp: 1630/469Kb lim: 4096 exec/s: 16735 rss: 523Mb L: 83/4096 MS: 1 EraseBytes-
#4083533	REDUCE cov: 1724 ft: 7738 corp: 1630/469Kb lim: 4096 exec/s: 16735 rss: 523Mb L: 10/4096 MS: 1 EraseBytes-
#4084460	REDUCE cov: 1724 ft: 7738 corp: 1630/469Kb lim: 4096 exec/s: 16739 rss: 523Mb L: 2079/4096 MS: 2 CMP-EraseBytes- DE: "\357\277\275\357\277\275\357\277\275\357\277\275\357\277\275\357\277\275\357\277\275\357\277\275\357\277\275\357\277\275\357\277\275#\357\277\275."-
#4086726	REDUCE cov: 1724 ft: 7738 corp: 1630/469Kb lim: 4096 exec/s: 16748 rss: 523Mb L: 103/4096 MS: 1 EraseBytes-
#4087384	REDUCE cov: 1724 ft: 7738 corp: 1630/469Kb lim: 4096 exec/s: 16751 rss: 523Mb L: 360/4096 MS: 3 ChangeASCIIInt-PersAutoDict-EraseBytes- DE: "\3772"-
#4087430	REDUCE cov: 1724 ft: 7738 corp: 1630/469Kb lim: 4096 exec/s: 16751 rss: 523Mb L: 75/4096 MS: 1 EraseBytes-
#4091696	REDUCE cov: 1724 ft: 7738 corp: 1630/469Kb lim: 4096 exec/s: 16700 rss: 523Mb L: 18/4096 MS: 1 EraseBytes-
#4091872	REDUCE cov: 1724 ft: 7738 corp: 1630/469Kb lim: 4096 exec/s: 16701 rss: 523Mb L: 48/4096 MS: 1 EraseBytes-
#4093928	REDUCE cov: 1724 ft: 7738 corp: 1630/469Kb lim: 4096 exec/s: 16709 rss: 523Mb L: 45/4096 MS: 1 EraseBytes-
#4098622	REDUCE cov: 1724 ft: 7738 corp: 1630/469Kb lim: 4096 exec/s: 16729 rss: 523Mb L: 1236/4096 MS: 4 EraseBytes-InsertRepeatedBytes-ChangeBit-CopyPart-
#4099119	REDUCE cov: 1724 ft: 7738 corp: 1630/469Kb lim: 4096 exec/s: 16731 rss: 523Mb L: 2148/4096 MS: 2 ChangeASCIIInt-EraseBytes-
#4111155	REDUCE cov: 1724 ft: 7738 corp: 1630/469Kb lim: 4096 exec/s: 16712 rss: 523Mb L: 225/4096 MS: 1 EraseBytes-
#4113100	REDUCE cov: 1724 ft: 7738 corp: 1630/469Kb lim: 4096 exec/s: 16719 rss: 523Mb L: 94/4096 MS: 5 CopyPart-ChangeBit-ShuffleBytes-CMP-EraseBytes- DE: "message"-
#4117201	REDUCE cov: 1724 ft: 7738 corp: 1630/469Kb lim: 4096 exec/s: 16668 rss: 523Mb L: 655/4096 MS: 1 EraseBytes-
#4117667	REDUCE cov: 1724 ft: 7738 corp: 1630/469Kb lim: 4096 exec/s: 16670 rss: 523Mb L: 99/4096 MS: 1 EraseBytes-
#4118183	REDUCE cov: 1724 ft: 7738 corp: 1630/469Kb lim: 4096 exec/s: 16672 rss: 523Mb L: 2083/4096 MS: 1 EraseBytes-
#4121340	REDUCE cov: 1724 ft: 7738 corp: 1630/469Kb lim: 4096 exec/s: 16685 rss: 523Mb L: 3164/4096 MS: 2 ShuffleBytes-EraseBytes-
#4128867	REDUCE cov: 1724 ft: 7738 corp: 1630/469Kb lim: 4096 exec/s: 16716 rss: 523Mb L: 1149/4096 MS: 2 CopyPart-EraseBytes-
#4129858	REDUCE cov: 1724 ft: 7738 corp: 1630/469Kb lim: 4096 exec/s: 16652 rss: 523Mb L: 158/4096 MS: 1 EraseBytes-
#4129949	REDUCE cov: 1724 ft: 7738 corp: 1630/469Kb lim: 4096 exec/s: 16653 rss: 523Mb L: 16/4096 MS: 1 EraseBytes-
#4133865	REDUCE cov: 1724 ft: 7738 corp: 1630/469Kb lim: 4096 exec/s: 16668 rss: 523Mb L: 67/4096 MS: 1 EraseBytes-
#4136226	REDUCE cov: 1724 ft: 7738 corp: 1630/469Kb lim: 4096 exec/s: 16678 rss: 523Mb L: 32/4096 MS: 1 EraseBytes-
#4137394	REDUCE cov: 1724 ft: 7738 corp: 1630/469Kb lim: 4096 exec/s: 16683 rss: 523Mb L: 584/4096 MS: 3 CopyPart-EraseBytes-EraseBytes-
#4140265	REDUCE cov: 1724 ft: 7738 corp: 1630/469Kb lim: 4096 exec/s: 16694 rss: 523Mb L: 64/4096 MS: 1 EraseBytes-
#4142087	REDUCE cov: 1724 ft: 7738 corp: 1630/469Kb lim: 4096 exec/s: 16701 rss: 523Mb L: 2741/4096 MS: 2 ChangeByte-EraseBytes-
#4151723	REDUCE cov: 1724 ft: 7738 corp: 1630/469Kb lim: 4096 exec/s: 16673 rss: 523Mb L: 599/4096 MS: 1 EraseBytes-
#4153194	REDUCE cov: 1724 ft: 7738 corp: 1630/469Kb lim: 4096 exec/s: 16679 rss: 523Mb L: 39/4096 MS: 1 EraseBytes-
#4153950	REDUCE cov: 1724 ft: 7738 corp: 1630/469Kb lim: 4096 exec/s: 16682 rss: 523Mb L: 46/4096 MS: 1 EraseBytes-
#4154086	REDUCE cov: 1724 ft: 7738 corp: 1630/469Kb lim: 4096 exec/s: 16683 rss: 523Mb L: 2872/4096 MS: 1 EraseBytes-
#4159012	REDUCE cov: 1724 ft: 7738 corp: 1630/469Kb lim: 4096 exec/s: 16636 rss: 523Mb L: 73/4096 MS: 1 EraseBytes-
#4159213	REDUCE cov: 1724 ft: 7738 corp: 1630/469Kb lim: 4096 exec/s: 16636 rss: 523Mb L: 148/4096 MS: 1 EraseBytes-
#4163764	REDUCE cov: 1724 ft: 7738 corp: 1630/469Kb lim: 4096 exec/s: 16655 rss: 523Mb L: 423/4096 MS: 1 EraseBytes-
#4164357	REDUCE cov: 1724 ft: 7738 corp: 1630/469Kb lim: 4096 exec/s: 16657 rss: 523Mb L: 1245/4096 MS: 3 ShuffleBytes-ChangeBinInt-EraseBytes-
#4164994	REDUCE cov: 1724 ft: 7738 corp: 1630/469Kb lim: 4096 exec/s: 16659 rss: 523Mb L: 633/4096 MS: 2 ChangeASCIIInt-EraseBytes-
#4167745	REDUCE cov: 1724 ft: 7738 corp: 1630/469Kb lim: 4096 exec/s: 16670 rss: 523Mb L: 74/4096 MS: 1 EraseBytes-
#4168746	REDUCE cov: 1724 ft: 7738 corp: 1630/469Kb lim: 4096 exec/s: 16674 rss: 523Mb L: 104/4096 MS: 1 EraseBytes-
#4170797	REDUCE cov: 1724 ft: 7738 corp: 1630/469Kb lim: 4096 exec/s: 16683 rss: 523Mb L: 1357/4096 MS: 1 EraseBytes-
#4180243	REDUCE cov: 1724 ft: 7738 corp: 1630/469Kb lim: 4096 exec/s: 16654 rss: 523Mb L: 113/4096 MS: 1 EraseBytes-
#4180775	REDUCE cov: 1724 ft: 7738 corp: 1630/469Kb lim: 4096 exec/s: 16656 rss: 523Mb L: 285/4096 MS: 2 ShuffleBytes-EraseBytes-
#4185176	NEW    cov: 1725 ft: 7739 corp: 1631/469Kb lim: 4096 exec/s: 16674 rss: 523Mb L: 13/4096 MS: 1 ChangeBit-
#4185512	REDUCE cov: 1725 ft: 7739 corp: 1631/469Kb lim: 4096 exec/s: 16675 rss: 523Mb L: 27/4096 MS: 1 EraseBytes-
#4187408	REDUCE cov: 1725 ft: 7739 corp: 1631/468Kb lim: 4096 exec/s: 16616 rss: 523Mb L: 2875/4096 MS: 1 EraseBytes-
#4189939	REDUCE cov: 1725 ft: 7739 corp: 1631/468Kb lim: 4096 exec/s: 16626 rss: 523Mb L: 642/4096 MS: 1 EraseBytes-
#4191220	REDUCE cov: 1725 ft: 7739 corp: 1631/468Kb lim: 4096 exec/s: 16631 rss: 523Mb L: 79/4096 MS: 1 EraseBytes-
#4193141	REDUCE cov: 1725 ft: 7739 corp: 1631/468Kb lim: 4096 exec/s: 16639 rss: 523Mb L: 28/4096 MS: 1 EraseBytes-
#4194304	pulse  cov: 1725 ft: 7739 corp: 1631/468Kb lim: 4096 exec/s: 16644 rss: 523Mb
#4195062	REDUCE cov: 1725 ft: 7739 corp: 1631/468Kb lim: 4096 exec/s: 16647 rss: 523Mb L: 170/4096 MS: 1 EraseBytes-
#4201139	REDUCE cov: 1725 ft: 7739 corp: 1631/468Kb lim: 4096 exec/s: 16605 rss: 523Mb L: 131/4096 MS: 2 ChangeBit-EraseBytes-
#4202800	REDUCE cov: 1725 ft: 7739 corp: 1631/468Kb lim: 4096 exec/s: 16611 rss: 523Mb L: 34/4096 MS: 1 EraseBytes-
#4204616	REDUCE cov: 1725 ft: 7739 corp: 1631/468Kb lim: 4096 exec/s: 16619 rss: 523Mb L: 75/4096 MS: 1 EraseBytes-
#4204744	REDUCE cov: 1725 ft: 7739 corp: 1631/468Kb lim: 4096 exec/s: 16619 rss: 523Mb L: 650/4096 MS: 3 PersAutoDict-InsertByte-EraseBytes- DE: "  "-
#4208105	REDUCE cov: 1725 ft: 7739 corp: 1631/468Kb lim: 4096 exec/s: 16632 rss: 523Mb L: 1843/4096 MS: 1 EraseBytes-
#4208901	REDUCE cov: 1725 ft: 7739 corp: 1631/468Kb lim: 4096 exec/s: 16635 rss: 523Mb L: 68/4096 MS: 1 EraseBytes-
#4210897	REDUCE cov: 1725 ft: 7739 corp: 1631/468Kb lim: 4096 exec/s: 16643 rss: 523Mb L: 915/4096 MS: 1 EraseBytes-
#4211508	REDUCE cov: 1725 ft: 7739 corp: 1631/468Kb lim: 4096 exec/s: 16646 rss: 523Mb L: 286/4096 MS: 1 EraseBytes-
#4213784	REDUCE cov: 1725 ft: 7739 corp: 1631/468Kb lim: 4096 exec/s: 16655 rss: 523Mb L: 101/4096 MS: 1 EraseBytes-
#4220970	REDUCE cov: 1725 ft: 7739 corp: 1631/468Kb lim: 4096 exec/s: 16617 rss: 523Mb L: 298/4096 MS: 1 EraseBytes-
#4223016	REDUCE cov: 1725 ft: 7739 corp: 1631/468Kb lim: 4096 exec/s: 16626 rss: 523Mb L: 48/4096 MS: 1 EraseBytes-
#4227720	REDUCE cov: 1725 ft: 7739 corp: 1631/468Kb lim: 4096 exec/s: 16644 rss: 523Mb L: 1435/4096 MS: 4 EraseBytes-ChangeASCIIInt-ShuffleBytes-CopyPart-
#4229112	REDUCE cov: 1725 ft: 7739 corp: 1631/468Kb lim: 4096 exec/s: 16584 rss: 523Mb L: 17/4096 MS: 2 CrossOver-EraseBytes-
#4230363	REDUCE cov: 1725 ft: 7739 corp: 1631/468Kb lim: 4096 exec/s: 16589 rss: 523Mb L: 134/4096 MS: 1 EraseBytes-
#4231284	REDUCE cov: 1725 ft: 7739 corp: 1631/468Kb lim: 4096 exec/s: 16593 rss: 523Mb L: 1394/4096 MS: 1 EraseBytes-
#4231530	REDUCE cov: 1725 ft: 7739 corp: 1631/468Kb lim: 4096 exec/s: 16594 rss: 523Mb L: 69/4096 MS: 1 EraseBytes-
#4243842	REDUCE cov: 1725 ft: 7739 corp: 1631/468Kb lim: 4096 exec/s: 16577 rss: 523Mb L: 1380/4096 MS: 2 ChangeASCIIInt-EraseBytes-
#4245598	REDUCE cov: 1725 ft: 7739 corp: 1631/468Kb lim: 4096 exec/s: 16584 rss: 523Mb L: 1514/4096 MS: 1 EraseBytes-
#4246389	REDUCE cov: 1725 ft: 7739 corp: 1631/468Kb lim: 4096 exec/s: 16587 rss: 523Mb L: 426/4096 MS: 1 EraseBytes-
#4247255	REDUCE cov: 1725 ft: 7739 corp: 1631/468Kb lim: 4096 exec/s: 16590 rss: 523Mb L: 502/4096 MS: 1 EraseBytes-
#4247811	REDUCE cov: 1725 ft: 7739 corp: 1631/468Kb lim: 4096 exec/s: 16593 rss: 523Mb L: 446/4096 MS: 1 EraseBytes-
#4248127	REDUCE cov: 1725 ft: 7739 corp: 1631/468Kb lim: 4096 exec/s: 16594 rss: 523Mb L: 530/4096 MS: 1 EraseBytes-
#4248234	REDUCE cov: 1725 ft: 7739 corp: 1631/468Kb lim: 4096 exec/s: 16594 rss: 523Mb L: 7/4096 MS: 2 EraseBytes-ChangeASCIIInt-
#4248445	REDUCE cov: 1725 ft: 7739 corp: 1631/468Kb lim: 4096 exec/s: 16595 rss: 523Mb L: 292/4096 MS: 1 EraseBytes-
#4251906	REDUCE cov: 1725 ft: 7739 corp: 1631/468Kb lim: 4096 exec/s: 16609 rss: 523Mb L: 77/4096 MS: 1 EraseBytes-
#4252942	REDUCE cov: 1725 ft: 7739 corp: 1631/468Kb lim: 4096 exec/s: 16613 rss: 523Mb L: 193/4096 MS: 1 EraseBytes-
#4253888	REDUCE cov: 1725 ft: 7739 corp: 1631/468Kb lim: 4096 exec/s: 16616 rss: 523Mb L: 780/4096 MS: 1 EraseBytes-
#4264884	REDUCE cov: 1725 ft: 7739 corp: 1631/467Kb lim: 4096 exec/s: 16594 rss: 523Mb L: 1275/4096 MS: 1 EraseBytes-
#4265735	REDUCE cov: 1725 ft: 7739 corp: 1631/467Kb lim: 4096 exec/s: 16598 rss: 523Mb L: 159/4096 MS: 1 EraseBytes-
#4268881	REDUCE cov: 1725 ft: 7739 corp: 1631/467Kb lim: 4096 exec/s: 16610 rss: 523Mb L: 69/4096 MS: 1 EraseBytes-
#4269587	REDUCE cov: 1725 ft: 7739 corp: 1631/467Kb lim: 4096 exec/s: 16613 rss: 523Mb L: 128/4096 MS: 1 EraseBytes-
#4273545	REDUCE cov: 1725 ft: 7739 corp: 1631/467Kb lim: 4096 exec/s: 16628 rss: 523Mb L: 1986/4096 MS: 3 CrossOver-CopyPart-EraseBytes-
#4275551	REDUCE cov: 1725 ft: 7739 corp: 1631/467Kb lim: 4096 exec/s: 16571 rss: 523Mb L: 329/4096 MS: 1 EraseBytes-
#4281903	REDUCE cov: 1725 ft: 7739 corp: 1631/467Kb lim: 4096 exec/s: 16596 rss: 523Mb L: 35/4096 MS: 2 EraseBytes-CopyPart-
#4284799	REDUCE cov: 1725 ft: 7739 corp: 1631/467Kb lim: 4096 exec/s: 16607 rss: 523Mb L: 974/4096 MS: 1 EraseBytes-
#4290227	REDUCE cov: 1725 ft: 7739 corp: 1631/467Kb lim: 4096 exec/s: 16564 rss: 523Mb L: 119/4096 MS: 3 CMP-ChangeByte-EraseBytes- DE: "#\357\277\275\357\277\275"-
#4297233	REDUCE cov: 1725 ft: 7739 corp: 1631/467Kb lim: 4096 exec/s: 16591 rss: 523Mb L: 377/4096 MS: 1 EraseBytes-
#4297659	REDUCE cov: 1725 ft: 7739 corp: 1631/467Kb lim: 4096 exec/s: 16593 rss: 523Mb L: 3364/4096 MS: 1 EraseBytes-
#4298845	REDUCE cov: 1725 ft: 7740 corp: 1632/471Kb lim: 4096 exec/s: 16597 rss: 523Mb L: 4033/4096 MS: 1 CopyPart-
#4299671	REDUCE cov: 1725 ft: 7740 corp: 1632/471Kb lim: 4096 exec/s: 16601 rss: 523Mb L: 28/4096 MS: 1 EraseBytes-
#4300047	REDUCE cov: 1725 ft: 7740 corp: 1632/471Kb lim: 4096 exec/s: 16602 rss: 523Mb L: 147/4096 MS: 1 EraseBytes-
#4306793	REDUCE cov: 1725 ft: 7740 corp: 1632/471Kb lim: 4096 exec/s: 16564 rss: 523Mb L: 73/4096 MS: 1 EraseBytes-
#4307694	REDUCE cov: 1725 ft: 7740 corp: 1632/471Kb lim: 4096 exec/s: 16568 rss: 523Mb L: 1996/4096 MS: 1 EraseBytes-
#4308351	REDUCE cov: 1725 ft: 7740 corp: 1632/471Kb lim: 4096 exec/s: 16570 rss: 523Mb L: 87/4096 MS: 2 ChangeASCIIInt-EraseBytes-
#4310410	REDUCE cov: 1725 ft: 7740 corp: 1632/471Kb lim: 4096 exec/s: 16578 rss: 523Mb L: 266/4096 MS: 4 CMP-EraseBytes-ShuffleBytes-ChangeBit- DE: "message"-
#4311152	REDUCE cov: 1725 ft: 7740 corp: 1632/471Kb lim: 4096 exec/s: 16581 rss: 523Mb L: 150/4096 MS: 2 InsertRepeatedBytes-EraseBytes-
#4311518	REDUCE cov: 1725 ft: 7740 corp: 1632/471Kb lim: 4096 exec/s: 16582 rss: 523Mb L: 166/4096 MS: 1 EraseBytes-
#4312744	REDUCE cov: 1725 ft: 7740 corp: 1632/471Kb lim: 4096 exec/s: 16587 rss: 523Mb L: 1821/4096 MS: 1 EraseBytes-
#4313281	REDUCE cov: 1725 ft: 7740 corp: 1632/471Kb lim: 4096 exec/s: 16589 rss: 523Mb L: 897/4096 MS: 2 ShuffleBytes-EraseBytes-
#4313462	REDUCE cov: 1725 ft: 7740 corp: 1632/471Kb lim: 4096 exec/s: 16590 rss: 523Mb L: 16/4096 MS: 1 EraseBytes-
#4325163	REDUCE cov: 1725 ft: 7740 corp: 1632/470Kb lim: 4096 exec/s: 16571 rss: 523Mb L: 797/4096 MS: 1 EraseBytes-
#4326260	REDUCE cov: 1725 ft: 7740 corp: 1632/470Kb lim: 4096 exec/s: 16575 rss: 523Mb L: 90/4096 MS: 2 CopyPart-EraseBytes-
#4327184	REDUCE cov: 1725 ft: 7740 corp: 1632/470Kb lim: 4096 exec/s: 16579 rss: 523Mb L: 322/4096 MS: 4 ChangeASCIIInt-ChangeASCIIInt-PersAutoDict-EraseBytes- DE: "\247\001"-
#4328625	REDUCE cov: 1725 ft: 7740 corp: 1632/470Kb lim: 4096 exec/s: 16584 rss: 523Mb L: 26/4096 MS: 1 EraseBytes-
#4329372	REDUCE cov: 1725 ft: 7740 corp: 1632/470Kb lim: 4096 exec/s: 16587 rss: 523Mb L: 97/4096 MS: 2 EraseBytes-CopyPart-
#4330938	REDUCE cov: 1725 ft: 7740 corp: 1632/470Kb lim: 4096 exec/s: 16593 rss: 523Mb L: 332/4096 MS: 1 EraseBytes-
#4334934	REDUCE cov: 1725 ft: 7740 corp: 1632/470Kb lim: 4096 exec/s: 16608 rss: 523Mb L: 2634/4096 MS: 1 EraseBytes-
#4336310	REDUCE cov: 1725 ft: 7740 corp: 1632/470Kb lim: 4096 exec/s: 16550 rss: 523Mb L: 377/4096 MS: 1 EraseBytes-
#4340826	REDUCE cov: 1725 ft: 7740 corp: 1632/470Kb lim: 4096 exec/s: 16568 rss: 523Mb L: 346/4096 MS: 1 EraseBytes-
#4342232	REDUCE cov: 1725 ft: 7740 corp: 1632/470Kb lim: 4096 exec/s: 16573 rss: 523Mb L: 94/4096 MS: 1 EraseBytes-
#4348370	REDUCE cov: 1725 ft: 7740 corp: 1632/470Kb lim: 4096 exec/s: 16596 rss: 523Mb L: 62/4096 MS: 2 ShuffleBytes-EraseBytes-
#4350941	REDUCE cov: 1725 ft: 7740 corp: 1632/470Kb lim: 4096 exec/s: 16543 rss: 523Mb L: 440/4096 MS: 1 EraseBytes-
#4351267	REDUCE cov: 1725 ft: 7740 corp: 1632/470Kb lim: 4096 exec/s: 16544 rss: 523Mb L: 2080/4096 MS: 1 EraseBytes-
#4363205	REDUCE cov: 1725 ft: 7740 corp: 1632/470Kb lim: 4096 exec/s: 16590 rss: 523Mb L: 1316/4096 MS: 3 CrossOver-ChangeByte-EraseBytes-
#4365717	REDUCE cov: 1725 ft: 7740 corp: 1632/470Kb lim: 4096 exec/s: 16536 rss: 523Mb L: 25/4096 MS: 2 ChangeBinInt-EraseBytes-
#4373153	REDUCE cov: 1725 ft: 7740 corp: 1632/470Kb lim: 4096 exec/s: 16564 rss: 523Mb L: 4019/4096 MS: 1 EraseBytes-
#4376669	REDUCE cov: 1725 ft: 7740 corp: 1632/470Kb lim: 4096 exec/s: 16578 rss: 523Mb L: 1318/4096 MS: 1 EraseBytes-
#4379570	REDUCE cov: 1725 ft: 7742 corp: 1633/471Kb lim: 4096 exec/s: 16589 rss: 523Mb L: 1181/4096 MS: 1 CrossOver-
#4383946	REDUCE cov: 1725 ft: 7742 corp: 1633/471Kb lim: 4096 exec/s: 16543 rss: 523Mb L: 17/4096 MS: 1 EraseBytes-
#4393517	REDUCE cov: 1725 ft: 7742 corp: 1633/471Kb lim: 4096 exec/s: 16579 rss: 523Mb L: 29/4096 MS: 1 EraseBytes-
#4396438	REDUCE cov: 1725 ft: 7742 corp: 1633/471Kb lim: 4096 exec/s: 16527 rss: 523Mb L: 24/4096 MS: 1 EraseBytes-
#4401984	REDUCE cov: 1725 ft: 7742 corp: 1633/471Kb lim: 4096 exec/s: 16548 rss: 523Mb L: 1110/4096 MS: 1 EraseBytes-
#4404800	REDUCE cov: 1725 ft: 7742 corp: 1633/471Kb lim: 4096 exec/s: 16559 rss: 523Mb L: 1401/4096 MS: 1 EraseBytes-
#4406067	REDUCE cov: 1725 ft: 7742 corp: 1633/471Kb lim: 4096 exec/s: 16564 rss: 523Mb L: 2667/4096 MS: 2 ChangeBit-EraseBytes-
#4408045	REDUCE cov: 1725 ft: 7742 corp: 1633/471Kb lim: 4096 exec/s: 16571 rss: 523Mb L: 1337/4096 MS: 3 ShuffleBytes-CopyPart-EraseBytes-
#4419781	REDUCE cov: 1725 ft: 7742 corp: 1633/471Kb lim: 4096 exec/s: 16553 rss: 523Mb L: 57/4096 MS: 1 EraseBytes-
#4420252	REDUCE cov: 1725 ft: 7742 corp: 1633/471Kb lim: 4096 exec/s: 16555 rss: 523Mb L: 46/4096 MS: 1 EraseBytes-
#4420459	REDUCE cov: 1725 ft: 7742 corp: 1633/471Kb lim: 4096 exec/s: 16556 rss: 523Mb L: 464/4096 MS: 2 ChangeBit-EraseBytes-
#4421415	REDUCE cov: 1725 ft: 7742 corp: 1633/471Kb lim: 4096 exec/s: 16559 rss: 523Mb L: 172/4096 MS: 1 EraseBytes-
#4422134	REDUCE cov: 1725 ft: 7742 corp: 1633/471Kb lim: 4096 exec/s: 16562 rss: 523Mb L: 930/4096 MS: 4 CMP-ChangeBinInt-PersAutoDict-EraseBytes- DE: "message"-"\357\277\275\357\277\275\357\277\275\357\277\275\357\277\275\357\277\275\357\277\275\357\277\275\357\277\275\357\277\275\357\277\275#\357\277\275."-
#4423866	REDUCE cov: 1725 ft: 7742 corp: 1633/471Kb lim: 4096 exec/s: 16568 rss: 523Mb L: 342/4096 MS: 2 InsertByte-EraseBytes-
#4425987	REDUCE cov: 1725 ft: 7742 corp: 1633/471Kb lim: 4096 exec/s: 16514 rss: 523Mb L: 3738/4096 MS: 1 EraseBytes-
#4426349	REDUCE cov: 1725 ft: 7742 corp: 1633/471Kb lim: 4096 exec/s: 16516 rss: 523Mb L: 339/4096 MS: 2 InsertByte-EraseBytes-
#4427745	REDUCE cov: 1725 ft: 7742 corp: 1633/471Kb lim: 4096 exec/s: 16521 rss: 523Mb L: 266/4096 MS: 1 EraseBytes-
#4428452	REDUCE cov: 1725 ft: 7742 corp: 1633/471Kb lim: 4096 exec/s: 16524 rss: 523Mb L: 16/4096 MS: 2 ChangeASCIIInt-EraseBytes-
#4432599	REDUCE cov: 1725 ft: 7742 corp: 1633/471Kb lim: 4096 exec/s: 16539 rss: 523Mb L: 147/4096 MS: 2 ChangeASCIIInt-EraseBytes-
#4433825	REDUCE cov: 1725 ft: 7742 corp: 1633/471Kb lim: 4096 exec/s: 16544 rss: 523Mb L: 52/4096 MS: 1 EraseBytes-
#4434226	REDUCE cov: 1725 ft: 7742 corp: 1633/471Kb lim: 4096 exec/s: 16545 rss: 523Mb L: 323/4096 MS: 1 EraseBytes-
#4437003	REDUCE cov: 1725 ft: 7742 corp: 1633/471Kb lim: 4096 exec/s: 16555 rss: 523Mb L: 2882/4096 MS: 2 CopyPart-EraseBytes-
#4439959	REDUCE cov: 1725 ft: 7742 corp: 1633/471Kb lim: 4096 exec/s: 16505 rss: 523Mb L: 1896/4096 MS: 1 EraseBytes-
#4440325	REDUCE cov: 1725 ft: 7742 corp: 1633/471Kb lim: 4096 exec/s: 16506 rss: 523Mb L: 438/4096 MS: 1 EraseBytes-
#4440811	REDUCE cov: 1725 ft: 7742 corp: 1633/471Kb lim: 4096 exec/s: 16508 rss: 523Mb L: 2104/4096 MS: 1 EraseBytes-
#4441997	REDUCE cov: 1725 ft: 7742 corp: 1633/471Kb lim: 4096 exec/s: 16513 rss: 523Mb L: 32/4096 MS: 1 EraseBytes-
#4442798	REDUCE cov: 1725 ft: 7742 corp: 1633/471Kb lim: 4096 exec/s: 16515 rss: 523Mb L: 432/4096 MS: 1 EraseBytes-
#4445259	REDUCE cov: 1725 ft: 7742 corp: 1633/471Kb lim: 4096 exec/s: 16525 rss: 523Mb L: 106/4096 MS: 1 EraseBytes-
#4446805	REDUCE cov: 1725 ft: 7742 corp: 1633/471Kb lim: 4096 exec/s: 16530 rss: 523Mb L: 2866/4096 MS: 1 EraseBytes-
#4446974	REDUCE cov: 1725 ft: 7742 corp: 1633/471Kb lim: 4096 exec/s: 16531 rss: 523Mb L: 61/4096 MS: 4 InsertByte-InsertByte-ShuffleBytes-EraseBytes-
#4447205	REDUCE cov: 1725 ft: 7742 corp: 1633/471Kb lim: 4096 exec/s: 16532 rss: 523Mb L: 42/4096 MS: 1 EraseBytes-
#4449208	REDUCE cov: 1725 ft: 7743 corp: 1634/473Kb lim: 4096 exec/s: 16539 rss: 523Mb L: 2964/4096 MS: 3 ShuffleBytes-ChangeByte-InsertRepeatedBytes-
#4450424	REDUCE cov: 1725 ft: 7743 corp: 1634/473Kb lim: 4096 exec/s: 16544 rss: 523Mb L: 1226/4096 MS: 1 EraseBytes-
#4451965	REDUCE cov: 1725 ft: 7743 corp: 1634/473Kb lim: 4096 exec/s: 16550 rss: 523Mb L: 48/4096 MS: 1 EraseBytes-
#4453011	REDUCE cov: 1725 ft: 7743 corp: 1634/473Kb lim: 4096 exec/s: 16553 rss: 523Mb L: 159/4096 MS: 1 EraseBytes-
#4453072	REDUCE cov: 1725 ft: 7743 corp: 1634/473Kb lim: 4096 exec/s: 16554 rss: 523Mb L: 125/4096 MS: 1 EraseBytes-
#4453883	REDUCE cov: 1725 ft: 7743 corp: 1634/473Kb lim: 4096 exec/s: 16495 rss: 523Mb L: 32/4096 MS: 1 EraseBytes-
#4455240	REDUCE cov: 1725 ft: 7743 corp: 1634/473Kb lim: 4096 exec/s: 16500 rss: 523Mb L: 1065/4096 MS: 2 ChangeBit-EraseBytes-
#4455326	REDUCE cov: 1725 ft: 7743 corp: 1634/473Kb lim: 4096 exec/s: 16501 rss: 523Mb L: 72/4096 MS: 1 EraseBytes-
#4460818	REDUCE cov: 1725 ft: 7743 corp: 1634/473Kb lim: 4096 exec/s: 16521 rss: 523Mb L: 453/4096 MS: 2 ChangeBit-EraseBytes-
#4465669	REDUCE cov: 1725 ft: 7743 corp: 1634/473Kb lim: 4096 exec/s: 16539 rss: 523Mb L: 3730/4096 MS: 1 EraseBytes-
#4466066	REDUCE cov: 1725 ft: 7743 corp: 1634/473Kb lim: 4096 exec/s: 16540 rss: 523Mb L: 12/4096 MS: 2 ChangeByte-EraseBytes-
#4466787	REDUCE cov: 1725 ft: 7743 corp: 1634/473Kb lim: 4096 exec/s: 16543 rss: 523Mb L: 3866/4096 MS: 1 CrossOver-
#4467368	REDUCE cov: 1725 ft: 7743 corp: 1634/473Kb lim: 4096 exec/s: 16484 rss: 523Mb L: 24/4096 MS: 1 EraseBytes-
#4474740	REDUCE cov: 1725 ft: 7743 corp: 1634/473Kb lim: 4096 exec/s: 16511 rss: 523Mb L: 44/4096 MS: 2 ChangeBit-EraseBytes-
#4475316	REDUCE cov: 1725 ft: 7743 corp: 1634/473Kb lim: 4096 exec/s: 16514 rss: 523Mb L: 2679/4096 MS: 1 EraseBytes-
#4475733	REDUCE cov: 1725 ft: 7743 corp: 1634/473Kb lim: 4096 exec/s: 16515 rss: 523Mb L: 380/4096 MS: 2 ShuffleBytes-EraseBytes-
#4481549	REDUCE cov: 1725 ft: 7743 corp: 1634/473Kb lim: 4096 exec/s: 16476 rss: 523Mb L: 16/4096 MS: 1 EraseBytes-
#4482266	REDUCE cov: 1725 ft: 7743 corp: 1634/473Kb lim: 4096 exec/s: 16478 rss: 523Mb L: 771/4096 MS: 2 ChangeASCIIInt-EraseBytes-
#4483194	REDUCE cov: 1725 ft: 7743 corp: 1634/473Kb lim: 4096 exec/s: 16482 rss: 523Mb L: 276/4096 MS: 3 ChangeASCIIInt-InsertByte-EraseBytes-
#4483745	REDUCE cov: 1725 ft: 7743 corp: 1634/473Kb lim: 4096 exec/s: 16484 rss: 523Mb L: 24/4096 MS: 1 EraseBytes-
#4488591	REDUCE cov: 1725 ft: 7743 corp: 1634/473Kb lim: 4096 exec/s: 16502 rss: 523Mb L: 95/4096 MS: 1 EraseBytes-
#4489073	REDUCE cov: 1725 ft: 7743 corp: 1634/473Kb lim: 4096 exec/s: 16503 rss: 523Mb L: 114/4096 MS: 2 ChangeASCIIInt-EraseBytes-
#4489459	REDUCE cov: 1725 ft: 7743 corp: 1634/473Kb lim: 4096 exec/s: 16505 rss: 523Mb L: 2572/4096 MS: 1 EraseBytes-
#4491390	REDUCE cov: 1725 ft: 7743 corp: 1634/473Kb lim: 4096 exec/s: 16512 rss: 523Mb L: 13/4096 MS: 1 EraseBytes-
#4491506	REDUCE cov: 1725 ft: 7743 corp: 1634/473Kb lim: 4096 exec/s: 16512 rss: 523Mb L: 20/4096 MS: 1 EraseBytes-
#4492097	REDUCE cov: 1725 ft: 7743 corp: 1634/473Kb lim: 4096 exec/s: 16515 rss: 523Mb L: 1757/4096 MS: 1 EraseBytes-
#4492529	REDUCE cov: 1725 ft: 7743 corp: 1634/473Kb lim: 4096 exec/s: 16516 rss: 523Mb L: 1452/4096 MS: 2 ShuffleBytes-EraseBytes-
#4493406	REDUCE cov: 1725 ft: 7743 corp: 1634/473Kb lim: 4096 exec/s: 16519 rss: 523Mb L: 3299/4096 MS: 2 ShuffleBytes-EraseBytes-
#4497313	REDUCE cov: 1725 ft: 7743 corp: 1634/473Kb lim: 4096 exec/s: 16473 rss: 523Mb L: 298/4096 MS: 2 ChangeBit-EraseBytes-
#4497604	REDUCE cov: 1725 ft: 7743 corp: 1634/473Kb lim: 4096 exec/s: 16474 rss: 523Mb L: 366/4096 MS: 1 EraseBytes-
#4499170	REDUCE cov: 1725 ft: 7743 corp: 1634/473Kb lim: 4096 exec/s: 16480 rss: 523Mb L: 1020/4096 MS: 1 EraseBytes-
#4499636	REDUCE cov: 1725 ft: 7743 corp: 1634/473Kb lim: 4096 exec/s: 16482 rss: 523Mb L: 95/4096 MS: 1 EraseBytes-
#4500188	REDUCE cov: 1725 ft: 7743 corp: 1634/473Kb lim: 4096 exec/s: 16484 rss: 523Mb L: 19/4096 MS: 2 ChangeASCIIInt-EraseBytes-
#4502329	REDUCE cov: 1725 ft: 7743 corp: 1634/473Kb lim: 4096 exec/s: 16492 rss: 523Mb L: 31/4096 MS: 1 EraseBytes-
#4515281	REDUCE cov: 1725 ft: 7743 corp: 1634/473Kb lim: 4096 exec/s: 16479 rss: 523Mb L: 446/4096 MS: 2 ChangeByte-EraseBytes-
#4520587	REDUCE cov: 1725 ft: 7743 corp: 1634/473Kb lim: 4096 exec/s: 16498 rss: 523Mb L: 25/4096 MS: 1 EraseBytes-
#4527404	REDUCE cov: 1725 ft: 7743 corp: 1634/473Kb lim: 4096 exec/s: 16523 rss: 523Mb L: 756/4096 MS: 2 EraseBytes-CopyPart-
#4527852	REDUCE cov: 1725 ft: 7743 corp: 1634/472Kb lim: 4096 exec/s: 16464 rss: 523Mb L: 2620/4096 MS: 3 InsertByte-CrossOver-EraseBytes-
#4529439	REDUCE cov: 1725 ft: 7743 corp: 1634/472Kb lim: 4096 exec/s: 16470 rss: 523Mb L: 573/4096 MS: 2 ChangeASCIIInt-EraseBytes-
#4530012	REDUCE cov: 1725 ft: 7743 corp: 1634/472Kb lim: 4096 exec/s: 16472 rss: 523Mb L: 223/4096 MS: 3 CopyPart-PersAutoDict-EraseBytes- DE: "A\357\277\275"-
#4531768	REDUCE cov: 1725 ft: 7743 corp: 1634/472Kb lim: 4096 exec/s: 16479 rss: 523Mb L: 1152/4096 MS: 1 EraseBytes-
#4531909	REDUCE cov: 1725 ft: 7743 corp: 1634/472Kb lim: 4096 exec/s: 16479 rss: 523Mb L: 119/4096 MS: 1 EraseBytes-
#4535716	REDUCE cov: 1725 ft: 7743 corp: 1634/472Kb lim: 4096 exec/s: 16493 rss: 523Mb L: 3772/4096 MS: 2 ChangeBit-EraseBytes-
#4539837	REDUCE cov: 1725 ft: 7743 corp: 1634/472Kb lim: 4096 exec/s: 16508 rss: 523Mb L: 3567/4096 MS: 1 EraseBytes-
#4542283	REDUCE cov: 1725 ft: 7743 corp: 1634/472Kb lim: 4096 exec/s: 16457 rss: 523Mb L: 97/4096 MS: 1 EraseBytes-
#4544869	REDUCE cov: 1725 ft: 7743 corp: 1634/472Kb lim: 4096 exec/s: 16466 rss: 523Mb L: 197/4096 MS: 1 EraseBytes-
#4554186	REDUCE cov: 1725 ft: 7743 corp: 1634/472Kb lim: 4096 exec/s: 16500 rss: 523Mb L: 3919/4096 MS: 2 InsertByte-EraseBytes-
#4554807	REDUCE cov: 1725 ft: 7743 corp: 1634/472Kb lim: 4096 exec/s: 16502 rss: 523Mb L: 62/4096 MS: 1 EraseBytes-
#4555008	REDUCE cov: 1725 ft: 7743 corp: 1634/472Kb lim: 4096 exec/s: 16503 rss: 523Mb L: 552/4096 MS: 1 EraseBytes-
#4555014	REDUCE cov: 1725 ft: 7743 corp: 1634/472Kb lim: 4096 exec/s: 16503 rss: 523Mb L: 1864/4096 MS: 1 EraseBytes-
#4556295	REDUCE cov: 1725 ft: 7743 corp: 1634/472Kb lim: 4096 exec/s: 16508 rss: 523Mb L: 21/4096 MS: 1 EraseBytes-
#4562782	REDUCE cov: 1725 ft: 7743 corp: 1634/472Kb lim: 4096 exec/s: 16472 rss: 523Mb L: 56/4096 MS: 1 EraseBytes-
#4572289	REDUCE cov: 1725 ft: 7743 corp: 1634/472Kb lim: 4096 exec/s: 16447 rss: 523Mb L: 2893/4096 MS: 2 ChangeBit-EraseBytes-
#4574615	REDUCE cov: 1725 ft: 7743 corp: 1634/471Kb lim: 4096 exec/s: 16455 rss: 523Mb L: 698/4096 MS: 1 EraseBytes-
#4578216	REDUCE cov: 1725 ft: 7745 corp: 1635/473Kb lim: 4096 exec/s: 16468 rss: 523Mb L: 1335/4096 MS: 1 CopyPart-
#4580527	REDUCE cov: 1725 ft: 7745 corp: 1635/473Kb lim: 4096 exec/s: 16476 rss: 523Mb L: 1158/4096 MS: 1 EraseBytes-
#4586553	REDUCE cov: 1725 ft: 7745 corp: 1635/472Kb lim: 4096 exec/s: 16439 rss: 523Mb L: 448/4096 MS: 1 EraseBytes-
#4591599	REDUCE cov: 1725 ft: 7745 corp: 1635/472Kb lim: 4096 exec/s: 16457 rss: 523Mb L: 20/4096 MS: 1 EraseBytes-
#4593865	REDUCE cov: 1725 ft: 7745 corp: 1635/472Kb lim: 4096 exec/s: 16465 rss: 523Mb L: 3825/4096 MS: 1 EraseBytes-
#4593976	REDUCE cov: 1725 ft: 7745 corp: 1635/472Kb lim: 4096 exec/s: 16465 rss: 523Mb L: 69/4096 MS: 1 EraseBytes-
#4594743	REDUCE cov: 1725 ft: 7745 corp: 1635/472Kb lim: 4096 exec/s: 16468 rss: 523Mb L: 874/4096 MS: 2 EraseBytes-CopyPart-
#4594884	REDUCE cov: 1725 ft: 7745 corp: 1635/472Kb lim: 4096 exec/s: 16469 rss: 523Mb L: 76/4096 MS: 1 EraseBytes-
#4597880	REDUCE cov: 1725 ft: 7745 corp: 1635/472Kb lim: 4096 exec/s: 16479 rss: 523Mb L: 1372/4096 MS: 1 EraseBytes-
#4600601	REDUCE cov: 1725 ft: 7745 corp: 1635/472Kb lim: 4096 exec/s: 16489 rss: 523Mb L: 354/4096 MS: 1 EraseBytes-
#4601727	REDUCE cov: 1725 ft: 7745 corp: 1635/472Kb lim: 4096 exec/s: 16434 rss: 523Mb L: 9/4096 MS: 1 EraseBytes-
#4602773	REDUCE cov: 1725 ft: 7745 corp: 1635/472Kb lim: 4096 exec/s: 16438 rss: 523Mb L: 852/4096 MS: 1 EraseBytes-
#4607722	REDUCE cov: 1725 ft: 7745 corp: 1635/472Kb lim: 4096 exec/s: 16456 rss: 523Mb L: 1698/4096 MS: 4 ChangeASCIIInt-ShuffleBytes-ChangeByte-EraseBytes-
#4608733	REDUCE cov: 1725 ft: 7745 corp: 1635/472Kb lim: 4096 exec/s: 16459 rss: 523Mb L: 93/4096 MS: 1 EraseBytes-
#4610049	REDUCE cov: 1725 ft: 7745 corp: 1635/472Kb lim: 4096 exec/s: 16464 rss: 523Mb L: 268/4096 MS: 1 EraseBytes-
#4611957	REDUCE cov: 1725 ft: 7745 corp: 1635/472Kb lim: 4096 exec/s: 16471 rss: 523Mb L: 1366/4096 MS: 3 ChangeBinInt-ChangeBit-EraseBytes-
#4615383	REDUCE cov: 1725 ft: 7745 corp: 1635/472Kb lim: 4096 exec/s: 16424 rss: 523Mb L: 77/4096 MS: 1 EraseBytes-
#4616060	REDUCE cov: 1725 ft: 7745 corp: 1635/472Kb lim: 4096 exec/s: 16427 rss: 523Mb L: 61/4096 MS: 2 EraseBytes-CopyPart-
#4616443	REDUCE cov: 1725 ft: 7745 corp: 1635/472Kb lim: 4096 exec/s: 16428 rss: 523Mb L: 439/4096 MS: 3 EraseBytes-ChangeASCIIInt-PersAutoDict- DE: "msesage"-
#4617324	REDUCE cov: 1725 ft: 7745 corp: 1635/472Kb lim: 4096 exec/s: 16431 rss: 523Mb L: 326/4096 MS: 1 EraseBytes-
#4620490	REDUCE cov: 1725 ft: 7745 corp: 1635/472Kb lim: 4096 exec/s: 16443 rss: 523Mb L: 402/4096 MS: 1 EraseBytes-
#4621417	REDUCE cov: 1725 ft: 7745 corp: 1635/472Kb lim: 4096 exec/s: 16446 rss: 523Mb L: 475/4096 MS: 2 ChangeByte-EraseBytes-
#4624048	REDUCE cov: 1725 ft: 7745 corp: 1635/472Kb lim: 4096 exec/s: 16455 rss: 523Mb L: 274/4096 MS: 1 EraseBytes-
#4624086	REDUCE cov: 1725 ft: 7745 corp: 1635/472Kb lim: 4096 exec/s: 16455 rss: 523Mb L: 157/4096 MS: 3 ChangeASCIIInt-PersAutoDict-EraseBytes- DE: "\377\377\377\377\377\377\377/"-
#4625332	REDUCE cov: 1725 ft: 7745 corp: 1635/472Kb lim: 4096 exec/s: 16460 rss: 523Mb L: 95/4096 MS: 1 EraseBytes-
#4629018	REDUCE cov: 1725 ft: 7745 corp: 1635/472Kb lim: 4096 exec/s: 16414 rss: 523Mb L: 2513/4096 MS: 1 EraseBytes-
#4634830	REDUCE cov: 1725 ft: 7745 corp: 1635/472Kb lim: 4096 exec/s: 16435 rss: 523Mb L: 92/4096 MS: 2 ShuffleBytes-EraseBytes-
#4641211	REDUCE cov: 1725 ft: 7745 corp: 1635/472Kb lim: 4096 exec/s: 16458 rss: 523Mb L: 84/4096 MS: 1 EraseBytes-
#4645912	REDUCE cov: 1725 ft: 7745 corp: 1635/472Kb lim: 4096 exec/s: 16416 rss: 523Mb L: 1129/4096 MS: 1 EraseBytes-
#4647383	REDUCE cov: 1725 ft: 7745 corp: 1635/472Kb lim: 4096 exec/s: 16421 rss: 523Mb L: 1333/4096 MS: 1 EraseBytes-
#4653344	REDUCE cov: 1725 ft: 7745 corp: 1635/472Kb lim: 4096 exec/s: 16442 rss: 523Mb L: 1344/4096 MS: 1 EraseBytes-
#4654115	REDUCE cov: 1725 ft: 7745 corp: 1635/472Kb lim: 4096 exec/s: 16445 rss: 523Mb L: 70/4096 MS: 1 EraseBytes-
#4666587	REDUCE cov: 1725 ft: 7745 corp: 1635/472Kb lim: 4096 exec/s: 16431 rss: 523Mb L: 101/4096 MS: 1 EraseBytes-
#4667089	REDUCE cov: 1725 ft: 7745 corp: 1635/472Kb lim: 4096 exec/s: 16433 rss: 523Mb L: 67/4096 MS: 2 ChangeBit-EraseBytes-
#4668485	REDUCE cov: 1725 ft: 7745 corp: 1635/472Kb lim: 4096 exec/s: 16438 rss: 523Mb L: 43/4096 MS: 1 EraseBytes-
#4672246	REDUCE cov: 1725 ft: 7745 corp: 1635/472Kb lim: 4096 exec/s: 16393 rss: 523Mb L: 133/4096 MS: 1 EraseBytes-
#4674107	REDUCE cov: 1725 ft: 7745 corp: 1635/472Kb lim: 4096 exec/s: 16400 rss: 523Mb L: 18/4096 MS: 1 EraseBytes-
#4674508	REDUCE cov: 1725 ft: 7745 corp: 1635/472Kb lim: 4096 exec/s: 16401 rss: 523Mb L: 70/4096 MS: 1 EraseBytes-
#4676699	REDUCE cov: 1725 ft: 7745 corp: 1635/472Kb lim: 4096 exec/s: 16409 rss: 523Mb L: 99/4096 MS: 1 EraseBytes-
#4677250	REDUCE cov: 1725 ft: 7745 corp: 1635/472Kb lim: 4096 exec/s: 16411 rss: 523Mb L: 1070/4096 MS: 1 EraseBytes-
#4683554	REDUCE cov: 1725 ft: 7745 corp: 1635/472Kb lim: 4096 exec/s: 16433 rss: 523Mb L: 25/4096 MS: 4 InsertByte-ShuffleBytes-InsertByte-EraseBytes-
#4688741	REDUCE cov: 1725 ft: 7745 corp: 1635/472Kb lim: 4096 exec/s: 16394 rss: 523Mb L: 86/4096 MS: 2 ChangeASCIIInt-EraseBytes-
#4694158	REDUCE cov: 1725 ft: 7745 corp: 1635/472Kb lim: 4096 exec/s: 16413 rss: 523Mb L: 352/4096 MS: 2 ChangeASCIIInt-EraseBytes-
#4695464	REDUCE cov: 1725 ft: 7745 corp: 1635/471Kb lim: 4096 exec/s: 16417 rss: 523Mb L: 2965/4096 MS: 1 EraseBytes-
#4695950	REDUCE cov: 1725 ft: 7745 corp: 1635/471Kb lim: 4096 exec/s: 16419 rss: 523Mb L: 450/4096 MS: 1 EraseBytes-
#4696023	REDUCE cov: 1725 ft: 7745 corp: 1635/471Kb lim: 4096 exec/s: 16419 rss: 523Mb L: 378/4096 MS: 3 ShuffleBytes-EraseBytes-CopyPart-
#4700649	REDUCE cov: 1725 ft: 7745 corp: 1635/471Kb lim: 4096 exec/s: 16378 rss: 523Mb L: 259/4096 MS: 1 EraseBytes-
#4702135	REDUCE cov: 1725 ft: 7745 corp: 1635/471Kb lim: 4096 exec/s: 16383 rss: 523Mb L: 760/4096 MS: 1 EraseBytes-
#4705061	REDUCE cov: 1725 ft: 7745 corp: 1635/471Kb lim: 4096 exec/s: 16393 rss: 523Mb L: 416/4096 MS: 1 EraseBytes-
#4705882	NEW    cov: 1725 ft: 7746 corp: 1636/474Kb lim: 4096 exec/s: 16396 rss: 523Mb L: 3145/4096 MS: 1 CopyPart-
#4706249	REDUCE cov: 1725 ft: 7746 corp: 1636/474Kb lim: 4096 exec/s: 16398 rss: 523Mb L: 317/4096 MS: 2 ShuffleBytes-EraseBytes-
#4707200	REDUCE cov: 1725 ft: 7746 corp: 1636/474Kb lim: 4096 exec/s: 16401 rss: 523Mb L: 968/4096 MS: 1 EraseBytes-
#4709007	REDUCE cov: 1725 ft: 7746 corp: 1636/474Kb lim: 4096 exec/s: 16407 rss: 523Mb L: 121/4096 MS: 2 ChangeBinInt-EraseBytes-
#4709243	REDUCE cov: 1725 ft: 7746 corp: 1636/474Kb lim: 4096 exec/s: 16408 rss: 523Mb L: 44/4096 MS: 1 EraseBytes-
#4711205	REDUCE cov: 1725 ft: 7746 corp: 1636/474Kb lim: 4096 exec/s: 16415 rss: 523Mb L: 106/4096 MS: 2 CopyPart-EraseBytes-
#4713361	REDUCE cov: 1725 ft: 7746 corp: 1636/474Kb lim: 4096 exec/s: 16365 rss: 523Mb L: 219/4096 MS: 1 EraseBytes-
#4713767	REDUCE cov: 1725 ft: 7746 corp: 1636/474Kb lim: 4096 exec/s: 16367 rss: 523Mb L: 109/4096 MS: 1 EraseBytes-
#4717538	REDUCE cov: 1725 ft: 7746 corp: 1636/474Kb lim: 4096 exec/s: 16380 rss: 523Mb L: 3879/4096 MS: 1 EraseBytes-
#4717796	REDUCE cov: 1725 ft: 7746 corp: 1636/474Kb lim: 4096 exec/s: 16381 rss: 523Mb L: 2874/4096 MS: 3 ChangeByte-ChangeASCIIInt-EraseBytes-
#4718619	REDUCE cov: 1725 ft: 7746 corp: 1636/474Kb lim: 4096 exec/s: 16384 rss: 523Mb L: 545/4096 MS: 3 ChangeASCIIInt-EraseBytes-CopyPart-
#4721795	REDUCE cov: 1725 ft: 7746 corp: 1636/474Kb lim: 4096 exec/s: 16395 rss: 523Mb L: 41/4096 MS: 1 EraseBytes-
#4724001	REDUCE cov: 1725 ft: 7746 corp: 1636/474Kb lim: 4096 exec/s: 16346 rss: 523Mb L: 345/4096 MS: 1 EraseBytes-
#4726248	REDUCE cov: 1725 ft: 7746 corp: 1636/474Kb lim: 4096 exec/s: 16353 rss: 523Mb L: 13/4096 MS: 2 ChangeBit-EraseBytes-
#4728889	REDUCE cov: 1725 ft: 7746 corp: 1636/474Kb lim: 4096 exec/s: 16362 rss: 523Mb L: 1049/4096 MS: 1 EraseBytes-
#4730060	REDUCE cov: 1725 ft: 7746 corp: 1636/474Kb lim: 4096 exec/s: 16366 rss: 523Mb L: 1937/4096 MS: 1 EraseBytes-
#4733550	REDUCE cov: 1725 ft: 7746 corp: 1636/474Kb lim: 4096 exec/s: 16379 rss: 523Mb L: 249/4096 MS: 5 ChangeASCIIInt-ShuffleBytes-EraseBytes-ChangeBit-ChangeByte-
#4737097	REDUCE cov: 1725 ft: 7746 corp: 1636/474Kb lim: 4096 exec/s: 16391 rss: 523Mb L: 336/4096 MS: 2 ChangeASCIIInt-EraseBytes-
#4739258	REDUCE cov: 1725 ft: 7746 corp: 1636/474Kb lim: 4096 exec/s: 16342 rss: 523Mb L: 103/4096 MS: 1 EraseBytes-
#4741345	REDUCE cov: 1725 ft: 7746 corp: 1636/474Kb lim: 4096 exec/s: 16349 rss: 523Mb L: 580/4096 MS: 2 EraseBytes-CopyPart-
#4744796	REDUCE cov: 1725 ft: 7746 corp: 1636/474Kb lim: 4096 exec/s: 16361 rss: 523Mb L: 43/4096 MS: 1 EraseBytes-
#4745213	REDUCE cov: 1730 ft: 7752 corp: 1637/474Kb lim: 4096 exec/s: 16362 rss: 523Mb L: 57/4096 MS: 2 ChangeASCIIInt-CMP- DE: "instance"-
#4746179	REDUCE cov: 1730 ft: 7752 corp: 1637/474Kb lim: 4096 exec/s: 16366 rss: 523Mb L: 13/4096 MS: 1 EraseBytes-
#4746272	REDUCE cov: 1730 ft: 7752 corp: 1637/474Kb lim: 4096 exec/s: 16366 rss: 523Mb L: 100/4096 MS: 3 ChangeASCIIInt-PersAutoDict-EraseBytes- DE: "mess"-
#4748433	REDUCE cov: 1730 ft: 7752 corp: 1637/474Kb lim: 4096 exec/s: 16373 rss: 523Mb L: 264/4096 MS: 1 EraseBytes-
#4748879	REDUCE cov: 1730 ft: 7752 corp: 1637/473Kb lim: 4096 exec/s: 16375 rss: 523Mb L: 826/4096 MS: 1 EraseBytes-
#4753320	REDUCE cov: 1730 ft: 7752 corp: 1637/473Kb lim: 4096 exec/s: 16334 rss: 523Mb L: 1647/4096 MS: 1 EraseBytes-
#4758446	REDUCE cov: 1730 ft: 7754 corp: 1638/475Kb lim: 4096 exec/s: 16352 rss: 523Mb L: 1546/4096 MS: 1 CopyPart-
#4760497	REDUCE cov: 1730 ft: 7754 corp: 1638/475Kb lim: 4096 exec/s: 16359 rss: 523Mb L: 219/4096 MS: 1 EraseBytes-
#4760838	REDUCE cov: 1730 ft: 7754 corp: 1638/475Kb lim: 4096 exec/s: 16360 rss: 523Mb L: 100/4096 MS: 1 EraseBytes-
#4768429	REDUCE cov: 1730 ft: 7754 corp: 1638/475Kb lim: 4096 exec/s: 16330 rss: 523Mb L: 301/4096 MS: 1 EraseBytes-
#4770270	REDUCE cov: 1730 ft: 7754 corp: 1638/475Kb lim: 4096 exec/s: 16336 rss: 523Mb L: 79/4096 MS: 1 EraseBytes-
#4770912	REDUCE cov: 1730 ft: 7754 corp: 1638/475Kb lim: 4096 exec/s: 16338 rss: 523Mb L: 63/4096 MS: 2 InsertByte-EraseBytes-
#4771168	REDUCE cov: 1730 ft: 7754 corp: 1638/475Kb lim: 4096 exec/s: 16339 rss: 523Mb L: 1213/4096 MS: 1 EraseBytes-
#4772489	REDUCE cov: 1730 ft: 7754 corp: 1638/475Kb lim: 4096 exec/s: 16344 rss: 523Mb L: 1231/4096 MS: 1 EraseBytes-
#4776466	REDUCE cov: 1730 ft: 7754 corp: 1638/475Kb lim: 4096 exec/s: 16357 rss: 523Mb L: 119/4096 MS: 2 ShuffleBytes-EraseBytes-
#4781217	REDUCE cov: 1730 ft: 7754 corp: 1638/475Kb lim: 4096 exec/s: 16318 rss: 523Mb L: 17/4096 MS: 1 EraseBytes-
#4781883	REDUCE cov: 1730 ft: 7754 corp: 1638/475Kb lim: 4096 exec/s: 16320 rss: 523Mb L: 23/4096 MS: 1 EraseBytes-
#4790384	REDUCE cov: 1730 ft: 7754 corp: 1638/475Kb lim: 4096 exec/s: 16349 rss: 523Mb L: 19/4096 MS: 1 EraseBytes-
#4794285	REDUCE cov: 1730 ft: 7754 corp: 1638/475Kb lim: 4096 exec/s: 16307 rss: 523Mb L: 23/4096 MS: 1 EraseBytes-
#4794541	REDUCE cov: 1730 ft: 7754 corp: 1638/475Kb lim: 4096 exec/s: 16307 rss: 523Mb L: 33/4096 MS: 1 EraseBytes-
#4794856	REDUCE cov: 1730 ft: 7754 corp: 1638/475Kb lim: 4096 exec/s: 16309 rss: 523Mb L: 44/4096 MS: 5 PersAutoDict-ChangeASCIIInt-ShuffleBytes-ShuffleBytes-EraseBytes- DE: "# \357\277"-
#4794937	REDUCE cov: 1730 ft: 7755 corp: 1639/477Kb lim: 4096 exec/s: 16309 rss: 523Mb L: 2089/4096 MS: 1 CrossOver-
#4797105	REDUCE cov: 1730 ft: 7755 corp: 1639/477Kb lim: 4096 exec/s: 16316 rss: 523Mb L: 45/4096 MS: 3 EraseBytes-ShuffleBytes-PersAutoDict- DE: "\373\377\377\377"-
#4798551	REDUCE cov: 1730 ft: 7755 corp: 1639/477Kb lim: 4096 exec/s: 16321 rss: 523Mb L: 57/4096 MS: 1 EraseBytes-
#4799094	REDUCE cov: 1730 ft: 7755 corp: 1639/477Kb lim: 4096 exec/s: 16323 rss: 523Mb L: 13/4096 MS: 3 EraseBytes-ShuffleBytes-ChangeByte-
#4799386	REDUCE cov: 1730 ft: 7755 corp: 1639/476Kb lim: 4096 exec/s: 16324 rss: 523Mb L: 1969/4096 MS: 2 EraseBytes-CopyPart-
#4800922	REDUCE cov: 1730 ft: 7755 corp: 1639/476Kb lim: 4096 exec/s: 16329 rss: 523Mb L: 494/4096 MS: 1 EraseBytes-
#4803158	REDUCE cov: 1730 ft: 7755 corp: 1639/476Kb lim: 4096 exec/s: 16337 rss: 523Mb L: 26/4096 MS: 1 EraseBytes-
#4806139	REDUCE cov: 1730 ft: 7755 corp: 1639/476Kb lim: 4096 exec/s: 16347 rss: 523Mb L: 76/4096 MS: 1 EraseBytes-
#4810160	REDUCE cov: 1730 ft: 7755 corp: 1639/476Kb lim: 4096 exec/s: 16305 rss: 523Mb L: 437/4096 MS: 1 EraseBytes-
#4811206	REDUCE cov: 1730 ft: 7755 corp: 1639/476Kb lim: 4096 exec/s: 16309 rss: 523Mb L: 2399/4096 MS: 1 EraseBytes-
#4814642	REDUCE cov: 1730 ft: 7755 corp: 1639/476Kb lim: 4096 exec/s: 16320 rss: 523Mb L: 9/4096 MS: 1 EraseBytes-
#4815778	REDUCE cov: 1730 ft: 7755 corp: 1639/476Kb lim: 4096 exec/s: 16324 rss: 523Mb L: 601/4096 MS: 1 EraseBytes-
#4816085	REDUCE cov: 1730 ft: 7755 corp: 1639/476Kb lim: 4096 exec/s: 16325 rss: 523Mb L: 31/4096 MS: 2 ChangeBit-EraseBytes-
#4817052	REDUCE cov: 1730 ft: 7755 corp: 1639/476Kb lim: 4096 exec/s: 16328 rss: 523Mb L: 92/4096 MS: 2 EraseBytes-CopyPart-
#4818219	REDUCE cov: 1730 ft: 7755 corp: 1639/476Kb lim: 4096 exec/s: 16332 rss: 523Mb L: 1393/4096 MS: 2 InsertRepeatedBytes-EraseBytes-
#4819571	REDUCE cov: 1730 ft: 7755 corp: 1639/476Kb lim: 4096 exec/s: 16337 rss: 523Mb L: 471/4096 MS: 2 CopyPart-EraseBytes-
#4821722	REDUCE cov: 1730 ft: 7755 corp: 1639/476Kb lim: 4096 exec/s: 16289 rss: 523Mb L: 80/4096 MS: 1 EraseBytes-
#4822063	REDUCE cov: 1730 ft: 7756 corp: 1640/478Kb lim: 4096 exec/s: 16290 rss: 523Mb L: 1969/4096 MS: 1 ChangeBit-
#4824843	REDUCE cov: 1730 ft: 7756 corp: 1640/478Kb lim: 4096 exec/s: 16300 rss: 523Mb L: 20/4096 MS: 5 ShuffleBytes-ShuffleBytes-EraseBytes-ChangeByte-CopyPart-
#4826309	REDUCE cov: 1730 ft: 7756 corp: 1640/478Kb lim: 4096 exec/s: 16305 rss: 523Mb L: 1177/4096 MS: 1 EraseBytes-
#4827853	REDUCE cov: 1730 ft: 7756 corp: 1640/478Kb lim: 4096 exec/s: 16310 rss: 523Mb L: 2905/4096 MS: 4 CopyPart-ChangeASCIIInt-InsertByte-EraseBytes-
#4828407	REDUCE cov: 1730 ft: 7758 corp: 1641/481Kb lim: 4096 exec/s: 16312 rss: 523Mb L: 2677/4096 MS: 4 ShuffleBytes-ChangeASCIIInt-ChangeBinInt-CopyPart-
#4832630	REDUCE cov: 1730 ft: 7758 corp: 1641/480Kb lim: 4096 exec/s: 16326 rss: 523Mb L: 81/4096 MS: 3 ChangeASCIIInt-ChangeBinInt-EraseBytes-
#4838436	REDUCE cov: 1730 ft: 7758 corp: 1641/480Kb lim: 4096 exec/s: 16291 rss: 523Mb L: 342/4096 MS: 1 EraseBytes-
#4845522	REDUCE cov: 1730 ft: 7758 corp: 1641/480Kb lim: 4096 exec/s: 16314 rss: 523Mb L: 47/4096 MS: 1 EraseBytes-
#4849206	REDUCE cov: 1730 ft: 7758 corp: 1641/480Kb lim: 4096 exec/s: 16272 rss: 523Mb L: 138/4096 MS: 4 ChangeASCIIInt-ChangeBit-InsertRepeatedBytes-EraseBytes-
#4850299	REDUCE cov: 1730 ft: 7758 corp: 1641/480Kb lim: 4096 exec/s: 16276 rss: 523Mb L: 1750/4096 MS: 3 ShuffleBytes-CopyPart-EraseBytes-
#4850455	REDUCE cov: 1730 ft: 7759 corp: 1642/484Kb lim: 4096 exec/s: 16276 rss: 523Mb L: 4039/4096 MS: 1 CrossOver-
#4852291	REDUCE cov: 1730 ft: 7759 corp: 1642/484Kb lim: 4096 exec/s: 16282 rss: 523Mb L: 82/4096 MS: 1 EraseBytes-
#4857872	REDUCE cov: 1730 ft: 7759 corp: 1642/484Kb lim: 4096 exec/s: 16301 rss: 523Mb L: 105/4096 MS: 1 EraseBytes-
#4858560	REDUCE cov: 1730 ft: 7759 corp: 1642/484Kb lim: 4096 exec/s: 16303 rss: 523Mb L: 153/4096 MS: 3 ShuffleBytes-ChangeByte-EraseBytes-
#4859214	REDUCE cov: 1730 ft: 7759 corp: 1642/484Kb lim: 4096 exec/s: 16306 rss: 523Mb L: 52/4096 MS: 4 CrossOver-PersAutoDict-EraseBytes-PersAutoDict- DE: "\361\377\377\377"-"\377\377\377\377\377\377\377/"-
#4860013	REDUCE cov: 1730 ft: 7759 corp: 1642/484Kb lim: 4096 exec/s: 16308 rss: 523Mb L: 73/4096 MS: 4 InsertByte-CopyPart-CopyPart-EraseBytes-
#4863379	REDUCE cov: 1730 ft: 7759 corp: 1642/484Kb lim: 4096 exec/s: 16265 rss: 523Mb L: 821/4096 MS: 1 EraseBytes-
#4864625	REDUCE cov: 1730 ft: 7759 corp: 1642/484Kb lim: 4096 exec/s: 16269 rss: 523Mb L: 1112/4096 MS: 1 EraseBytes-
#4864977	REDUCE cov: 1730 ft: 7759 corp: 1642/484Kb lim: 4096 exec/s: 16270 rss: 523Mb L: 18/4096 MS: 2 ShuffleBytes-EraseBytes-
#4868869	REDUCE cov: 1730 ft: 7759 corp: 1642/484Kb lim: 4096 exec/s: 16283 rss: 523Mb L: 184/4096 MS: 2 ChangeASCIIInt-EraseBytes-
#4871781	REDUCE cov: 1730 ft: 7759 corp: 1642/484Kb lim: 4096 exec/s: 16293 rss: 523Mb L: 2280/4096 MS: 2 ChangeASCIIInt-EraseBytes-
#4873399	REDUCE cov: 1730 ft: 7759 corp: 1642/484Kb lim: 4096 exec/s: 16298 rss: 523Mb L: 20/4096 MS: 3 InsertByte-EraseBytes-CopyPart-
#4875085	REDUCE cov: 1730 ft: 7759 corp: 1642/484Kb lim: 4096 exec/s: 16304 rss: 523Mb L: 10/4096 MS: 1 EraseBytes-
#4886311	REDUCE cov: 1730 ft: 7759 corp: 1642/484Kb lim: 4096 exec/s: 16287 rss: 523Mb L: 899/4096 MS: 1 EraseBytes-
#4886687	REDUCE cov: 1730 ft: 7759 corp: 1642/484Kb lim: 4096 exec/s: 16288 rss: 523Mb L: 371/4096 MS: 1 EraseBytes-
#4887540	REDUCE cov: 1730 ft: 7759 corp: 1642/484Kb lim: 4096 exec/s: 16291 rss: 523Mb L: 3545/4096 MS: 3 PersAutoDict-ChangeByte-EraseBytes- DE: "A\357\277\275"-
#4888741	REDUCE cov: 1730 ft: 7759 corp: 1642/484Kb lim: 4096 exec/s: 16295 rss: 523Mb L: 29/4096 MS: 1 EraseBytes-
#4888862	REDUCE cov: 1730 ft: 7759 corp: 1642/484Kb lim: 4096 exec/s: 16296 rss: 523Mb L: 1795/4096 MS: 1 EraseBytes-
#4889349	REDUCE cov: 1730 ft: 7759 corp: 1642/484Kb lim: 4096 exec/s: 16297 rss: 523Mb L: 22/4096 MS: 2 ChangeASCIIInt-EraseBytes-
#4890916	REDUCE cov: 1730 ft: 7759 corp: 1642/484Kb lim: 4096 exec/s: 16248 rss: 523Mb L: 370/4096 MS: 2 ChangeByte-EraseBytes-
#4893622	NEW    cov: 1730 ft: 7809 corp: 1643/487Kb lim: 4096 exec/s: 16257 rss: 523Mb L: 3641/4096 MS: 1 CopyPart-
#4893770	REDUCE cov: 1730 ft: 7809 corp: 1643/487Kb lim: 4096 exec/s: 16258 rss: 523Mb L: 1420/4096 MS: 3 EraseBytes-CrossOver-InsertByte-
#4894332	REDUCE cov: 1730 ft: 7809 corp: 1643/487Kb lim: 4096 exec/s: 16260 rss: 523Mb L: 550/4096 MS: 2 ChangeBinInt-EraseBytes-
#4896028	REDUCE cov: 1730 ft: 7809 corp: 1643/487Kb lim: 4096 exec/s: 16265 rss: 523Mb L: 189/4096 MS: 1 EraseBytes-
#4898900	REDUCE cov: 1730 ft: 7809 corp: 1643/487Kb lim: 4096 exec/s: 16275 rss: 523Mb L: 15/4096 MS: 2 ChangeASCIIInt-EraseBytes-
#4899691	REDUCE cov: 1730 ft: 7809 corp: 1643/487Kb lim: 4096 exec/s: 16278 rss: 523Mb L: 3180/4096 MS: 1 EraseBytes-
#4901678	REDUCE cov: 1730 ft: 7809 corp: 1643/487Kb lim: 4096 exec/s: 16284 rss: 523Mb L: 120/4096 MS: 2 ChangeByte-EraseBytes-
#4905689	REDUCE cov: 1730 ft: 7809 corp: 1643/487Kb lim: 4096 exec/s: 16244 rss: 523Mb L: 2401/4096 MS: 1 EraseBytes-
#4906060	REDUCE cov: 1730 ft: 7809 corp: 1643/487Kb lim: 4096 exec/s: 16245 rss: 523Mb L: 343/4096 MS: 1 EraseBytes-
#4909796	REDUCE cov: 1730 ft: 7809 corp: 1643/487Kb lim: 4096 exec/s: 16257 rss: 523Mb L: 289/4096 MS: 1 EraseBytes-
#4914042	REDUCE cov: 1730 ft: 7809 corp: 1643/487Kb lim: 4096 exec/s: 16271 rss: 523Mb L: 15/4096 MS: 1 EraseBytes-
#4916149	REDUCE cov: 1730 ft: 7809 corp: 1643/487Kb lim: 4096 exec/s: 16278 rss: 523Mb L: 3839/4096 MS: 2 CopyPart-EraseBytes-
#4918775	REDUCE cov: 1730 ft: 7809 corp: 1643/487Kb lim: 4096 exec/s: 16287 rss: 523Mb L: 27/4096 MS: 1 EraseBytes-
#4919147	REDUCE cov: 1730 ft: 7809 corp: 1643/487Kb lim: 4096 exec/s: 16288 rss: 523Mb L: 1254/4096 MS: 2 CMP-EraseBytes- DE: "mms  ge"-
#4919828	REDUCE cov: 1730 ft: 7809 corp: 1643/487Kb lim: 4096 exec/s: 16290 rss: 523Mb L: 23/4096 MS: 1 EraseBytes-
#4920965	REDUCE cov: 1730 ft: 7809 corp: 1643/486Kb lim: 4096 exec/s: 16240 rss: 523Mb L: 1573/4096 MS: 2 ChangeBit-EraseBytes-
#4921816	NEW    cov: 1730 ft: 7818 corp: 1644/490Kb lim: 4096 exec/s: 16243 rss: 523Mb L: 3641/4096 MS: 1 ChangeByte-
#4921931	REDUCE cov: 1730 ft: 7818 corp: 1644/490Kb lim: 4096 exec/s: 16243 rss: 523Mb L: 2465/4096 MS: 5 InsertByte-CopyPart-CrossOver-ChangeASCIIInt-EraseBytes-
#4922607	REDUCE cov: 1730 ft: 7818 corp: 1644/490Kb lim: 4096 exec/s: 16246 rss: 523Mb L: 67/4096 MS: 1 EraseBytes-
#4923435	REDUCE cov: 1730 ft: 7818 corp: 1644/490Kb lim: 4096 exec/s: 16248 rss: 523Mb L: 44/4096 MS: 3 ShuffleBytes-ChangeASCIIInt-EraseBytes-
#4926557	REDUCE cov: 1730 ft: 7818 corp: 1644/490Kb lim: 4096 exec/s: 16259 rss: 523Mb L: 93/4096 MS: 2 ShuffleBytes-EraseBytes-
#4928189	REDUCE cov: 1730 ft: 7818 corp: 1644/490Kb lim: 4096 exec/s: 16264 rss: 523Mb L: 741/4096 MS: 2 ChangeBinInt-EraseBytes-
#4930052	REDUCE cov: 1730 ft: 7818 corp: 1644/490Kb lim: 4096 exec/s: 16270 rss: 523Mb L: 3535/4096 MS: 3 ChangeByte-ChangeASCIIInt-EraseBytes-
#4930738	REDUCE cov: 1730 ft: 7818 corp: 1644/490Kb lim: 4096 exec/s: 16273 rss: 523Mb L: 273/4096 MS: 1 EraseBytes-
#4931304	REDUCE cov: 1730 ft: 7818 corp: 1644/490Kb lim: 4096 exec/s: 16274 rss: 523Mb L: 3743/4096 MS: 1 EraseBytes-
#4934905	REDUCE cov: 1730 ft: 7818 corp: 1644/490Kb lim: 4096 exec/s: 16233 rss: 523Mb L: 11/4096 MS: 1 EraseBytes-
#4935032	REDUCE cov: 1730 ft: 7818 corp: 1644/490Kb lim: 4096 exec/s: 16233 rss: 523Mb L: 1173/4096 MS: 2 ChangeBinInt-EraseBytes-
#4935874	REDUCE cov: 1730 ft: 7818 corp: 1644/490Kb lim: 4096 exec/s: 16236 rss: 523Mb L: 144/4096 MS: 2 EraseBytes-CMP- DE: "\377\377\377\377\377\377\377\377"-
#4936600	REDUCE cov: 1730 ft: 7818 corp: 1644/490Kb lim: 4096 exec/s: 16238 rss: 523Mb L: 259/4096 MS: 1 EraseBytes-
#4937121	NEW    cov: 1730 ft: 7820 corp: 1645/490Kb lim: 4096 exec/s: 16240 rss: 523Mb L: 22/4096 MS: 1 CopyPart-
#4944194	REDUCE cov: 1730 ft: 7820 corp: 1645/489Kb lim: 4096 exec/s: 16263 rss: 523Mb L: 1331/4096 MS: 3 ChangeASCIIInt-ChangeBinInt-EraseBytes-
#4950295	REDUCE cov: 1730 ft: 7820 corp: 1645/489Kb lim: 4096 exec/s: 16230 rss: 523Mb L: 80/4096 MS: 1 EraseBytes-
#4951022	REDUCE cov: 1730 ft: 7820 corp: 1645/489Kb lim: 4096 exec/s: 16232 rss: 523Mb L: 539/4096 MS: 2 ShuffleBytes-EraseBytes-
#4952818	REDUCE cov: 1730 ft: 7820 corp: 1645/489Kb lim: 4096 exec/s: 16238 rss: 523Mb L: 52/4096 MS: 1 EraseBytes-
#4957764	REDUCE cov: 1730 ft: 7820 corp: 1645/489Kb lim: 4096 exec/s: 16254 rss: 523Mb L: 90/4096 MS: 1 EraseBytes-
#4959766	REDUCE cov: 1730 ft: 7820 corp: 1645/489Kb lim: 4096 exec/s: 16261 rss: 523Mb L: 1946/4096 MS: 2 ChangeASCIIInt-EraseBytes-
#4965674	REDUCE cov: 1730 ft: 7820 corp: 1645/489Kb lim: 4096 exec/s: 16227 rss: 523Mb L: 29/4096 MS: 3 ChangeByte-ChangeASCIIInt-EraseBytes-
#4966855	REDUCE cov: 1730 ft: 7820 corp: 1645/489Kb lim: 4096 exec/s: 16231 rss: 523Mb L: 1295/4096 MS: 1 EraseBytes-
#4968481	REDUCE cov: 1730 ft: 7820 corp: 1645/489Kb lim: 4096 exec/s: 16236 rss: 523Mb L: 308/4096 MS: 1 EraseBytes-
#4969677	REDUCE cov: 1730 ft: 7820 corp: 1645/489Kb lim: 4096 exec/s: 16240 rss: 523Mb L: 725/4096 MS: 1 EraseBytes-
#4970133	REDUCE cov: 1730 ft: 7820 corp: 1645/489Kb lim: 4096 exec/s: 16242 rss: 523Mb L: 622/4096 MS: 1 EraseBytes-
#4974244	REDUCE cov: 1730 ft: 7820 corp: 1645/489Kb lim: 4096 exec/s: 16202 rss: 523Mb L: 17/4096 MS: 1 EraseBytes-
#4976825	REDUCE cov: 1730 ft: 7820 corp: 1645/489Kb lim: 4096 exec/s: 16211 rss: 523Mb L: 95/4096 MS: 1 EraseBytes-
#4976931	REDUCE cov: 1730 ft: 7820 corp: 1645/489Kb lim: 4096 exec/s: 16211 rss: 523Mb L: 2866/4096 MS: 1 EraseBytes-
#4977272	REDUCE cov: 1730 ft: 7820 corp: 1645/489Kb lim: 4096 exec/s: 16212 rss: 523Mb L: 67/4096 MS: 1 EraseBytes-
#4984633	REDUCE cov: 1730 ft: 7820 corp: 1645/489Kb lim: 4096 exec/s: 16236 rss: 523Mb L: 1363/4096 MS: 1 EraseBytes-
#4989019	REDUCE cov: 1730 ft: 7820 corp: 1645/489Kb lim: 4096 exec/s: 16198 rss: 523Mb L: 547/4096 MS: 1 EraseBytes-
#4991115	REDUCE cov: 1730 ft: 7820 corp: 1645/489Kb lim: 4096 exec/s: 16204 rss: 523Mb L: 491/4096 MS: 1 EraseBytes-
#4995846	REDUCE cov: 1730 ft: 7820 corp: 1645/489Kb lim: 4096 exec/s: 16220 rss: 523Mb L: 13/4096 MS: 1 EraseBytes-
#4996492	REDUCE cov: 1730 ft: 7820 corp: 1645/489Kb lim: 4096 exec/s: 16222 rss: 523Mb L: 1333/4096 MS: 1 EraseBytes-
#4997113	REDUCE cov: 1730 ft: 7820 corp: 1645/489Kb lim: 4096 exec/s: 16224 rss: 523Mb L: 223/4096 MS: 1 EraseBytes-
#5000607	NEW    cov: 1730 ft: 7821 corp: 1646/492Kb lim: 4096 exec/s: 16235 rss: 523Mb L: 3601/4096 MS: 4 ChangeBit-EraseBytes-ChangeBit-CopyPart-
#5003123	REDUCE cov: 1730 ft: 7821 corp: 1646/492Kb lim: 4096 exec/s: 16191 rss: 523Mb L: 28/4096 MS: 1 EraseBytes-
#5010499	REDUCE cov: 1730 ft: 7821 corp: 1646/492Kb lim: 4096 exec/s: 16215 rss: 523Mb L: 100/4096 MS: 1 EraseBytes-
#5024700	REDUCE cov: 1730 ft: 7821 corp: 1646/492Kb lim: 4096 exec/s: 16208 rss: 523Mb L: 35/4096 MS: 1 EraseBytes-
#5026461	REDUCE cov: 1730 ft: 7821 corp: 1646/492Kb lim: 4096 exec/s: 16214 rss: 523Mb L: 181/4096 MS: 1 EraseBytes-
#5035247	REDUCE cov: 1730 ft: 7821 corp: 1646/492Kb lim: 4096 exec/s: 16190 rss: 523Mb L: 214/4096 MS: 1 EraseBytes-
#5036933	REDUCE cov: 1730 ft: 7821 corp: 1646/492Kb lim: 4096 exec/s: 16195 rss: 523Mb L: 296/4096 MS: 1 EraseBytes-
#5039069	REDUCE cov: 1730 ft: 7821 corp: 1646/492Kb lim: 4096 exec/s: 16202 rss: 523Mb L: 172/4096 MS: 1 EraseBytes-
#5042183	REDUCE cov: 1730 ft: 7821 corp: 1646/492Kb lim: 4096 exec/s: 16160 rss: 523Mb L: 2912/4096 MS: 4 ShuffleBytes-ShuffleBytes-CMP-EraseBytes- DE: "ins\357"-
#5043149	REDUCE cov: 1730 ft: 7821 corp: 1646/492Kb lim: 4096 exec/s: 16163 rss: 523Mb L: 2830/4096 MS: 1 EraseBytes-
#5045551	REDUCE cov: 1730 ft: 7821 corp: 1646/492Kb lim: 4096 exec/s: 16171 rss: 523Mb L: 2268/4096 MS: 2 ChangeBinInt-EraseBytes-
#5045802	REDUCE cov: 1730 ft: 7821 corp: 1646/492Kb lim: 4096 exec/s: 16172 rss: 523Mb L: 17/4096 MS: 1 EraseBytes-
#5053378	REDUCE cov: 1730 ft: 7821 corp: 1646/492Kb lim: 4096 exec/s: 16196 rss: 523Mb L: 962/4096 MS: 1 EraseBytes-
#5055794	REDUCE cov: 1730 ft: 7821 corp: 1646/492Kb lim: 4096 exec/s: 16152 rss: 523Mb L: 157/4096 MS: 1 EraseBytes-
#5059040	REDUCE cov: 1730 ft: 7821 corp: 1646/492Kb lim: 4096 exec/s: 16163 rss: 523Mb L: 613/4096 MS: 1 EraseBytes-
#5062961	REDUCE cov: 1730 ft: 7821 corp: 1646/492Kb lim: 4096 exec/s: 16175 rss: 523Mb L: 2564/4096 MS: 1 EraseBytes-
#5065137	REDUCE cov: 1730 ft: 7821 corp: 1646/492Kb lim: 4096 exec/s: 16182 rss: 523Mb L: 89/4096 MS: 1 EraseBytes-
#5067063	REDUCE cov: 1730 ft: 7821 corp: 1646/492Kb lim: 4096 exec/s: 16137 rss: 523Mb L: 278/4096 MS: 1 EraseBytes-
#5068555	REDUCE cov: 1730 ft: 7821 corp: 1646/492Kb lim: 4096 exec/s: 16141 rss: 523Mb L: 467/4096 MS: 2 ShuffleBytes-EraseBytes-
#5070816	REDUCE cov: 1730 ft: 7821 corp: 1646/492Kb lim: 4096 exec/s: 16149 rss: 523Mb L: 1666/4096 MS: 1 EraseBytes-
#5085812	REDUCE cov: 1730 ft: 7821 corp: 1646/492Kb lim: 4096 exec/s: 16145 rss: 523Mb L: 204/4096 MS: 1 EraseBytes-
#5090484	REDUCE cov: 1730 ft: 7821 corp: 1646/492Kb lim: 4096 exec/s: 16160 rss: 523Mb L: 20/4096 MS: 2 ChangeByte-EraseBytes-
#5091655	REDUCE cov: 1730 ft: 7821 corp: 1646/492Kb lim: 4096 exec/s: 16163 rss: 523Mb L: 3363/4096 MS: 1 EraseBytes-
#5092662	REDUCE cov: 1730 ft: 7821 corp: 1646/492Kb lim: 4096 exec/s: 16167 rss: 523Mb L: 66/4096 MS: 2 CMP-EraseBytes- DE: "\320\007\001\000"-
#5100943	REDUCE cov: 1730 ft: 7821 corp: 1646/492Kb lim: 4096 exec/s: 16142 rss: 523Mb L: 50/4096 MS: 1 EraseBytes-
#5107479	REDUCE cov: 1730 ft: 7821 corp: 1646/492Kb lim: 4096 exec/s: 16111 rss: 523Mb L: 199/4096 MS: 1 EraseBytes-
#5110890	REDUCE cov: 1730 ft: 7821 corp: 1646/492Kb lim: 4096 exec/s: 16122 rss: 523Mb L: 96/4096 MS: 1 EraseBytes-
#5115128	REDUCE cov: 1730 ft: 7821 corp: 1646/491Kb lim: 4096 exec/s: 16136 rss: 523Mb L: 2817/4096 MS: 3 ChangeASCIIInt-ShuffleBytes-EraseBytes-
#5121085	REDUCE cov: 1730 ft: 7821 corp: 1646/491Kb lim: 4096 exec/s: 16104 rss: 523Mb L: 17/4096 MS: 2 ChangeByte-EraseBytes-
#5121752	REDUCE cov: 1730 ft: 7821 corp: 1646/491Kb lim: 4096 exec/s: 16106 rss: 523Mb L: 55/4096 MS: 2 ChangeASCIIInt-EraseBytes-
#5124403	REDUCE cov: 1730 ft: 7821 corp: 1646/491Kb lim: 4096 exec/s: 16114 rss: 523Mb L: 792/4096 MS: 1 EraseBytes-
#5126050	REDUCE cov: 1730 ft: 7821 corp: 1646/491Kb lim: 4096 exec/s: 16119 rss: 523Mb L: 188/4096 MS: 2 ChangeASCIIInt-EraseBytes-
#5135652	REDUCE cov: 1730 ft: 7821 corp: 1646/491Kb lim: 4096 exec/s: 16099 rss: 523Mb L: 109/4096 MS: 2 PersAutoDict-EraseBytes- DE: "\361\377\377\377"-
#5137288	REDUCE cov: 1730 ft: 7821 corp: 1646/491Kb lim: 4096 exec/s: 16104 rss: 523Mb L: 284/4096 MS: 1 EraseBytes-
#5141885	REDUCE cov: 1730 ft: 7821 corp: 1646/491Kb lim: 4096 exec/s: 16118 rss: 523Mb L: 352/4096 MS: 2 ChangeASCIIInt-EraseBytes-
#5142403	REDUCE cov: 1730 ft: 7821 corp: 1646/491Kb lim: 4096 exec/s: 16120 rss: 523Mb L: 1282/4096 MS: 3 ChangeBinInt-ChangeBit-EraseBytes-
#5150215	REDUCE cov: 1730 ft: 7821 corp: 1646/491Kb lim: 4096 exec/s: 16094 rss: 523Mb L: 11/4096 MS: 2 ChangeASCIIInt-EraseBytes-
#5151761	REDUCE cov: 1730 ft: 7821 corp: 1646/491Kb lim: 4096 exec/s: 16099 rss: 523Mb L: 1292/4096 MS: 1 EraseBytes-
#5155413	REDUCE cov: 1730 ft: 7821 corp: 1646/491Kb lim: 4096 exec/s: 16110 rss: 523Mb L: 20/4096 MS: 2 CrossOver-EraseBytes-
#5156332	REDUCE cov: 1730 ft: 7821 corp: 1646/491Kb lim: 4096 exec/s: 16113 rss: 523Mb L: 365/4096 MS: 4 InsertByte-CopyPart-ShuffleBytes-EraseBytes-
#5158123	REDUCE cov: 1730 ft: 7821 corp: 1646/491Kb lim: 4096 exec/s: 16119 rss: 523Mb L: 2605/4096 MS: 1 EraseBytes-
#5160515	REDUCE cov: 1730 ft: 7821 corp: 1646/491Kb lim: 4096 exec/s: 16076 rss: 523Mb L: 9/4096 MS: 2 EraseBytes-ChangeBit-
#5164736	REDUCE cov: 1730 ft: 7821 corp: 1646/491Kb lim: 4096 exec/s: 16089 rss: 523Mb L: 610/4096 MS: 1 EraseBytes-
#5164767	REDUCE cov: 1730 ft: 7821 corp: 1646/491Kb lim: 4096 exec/s: 16089 rss: 523Mb L: 1838/4096 MS: 1 EraseBytes-
#5167989	REDUCE cov: 1730 ft: 7821 corp: 1646/491Kb lim: 4096 exec/s: 16099 rss: 523Mb L: 387/4096 MS: 2 CopyPart-EraseBytes-
#5172055	REDUCE cov: 1730 ft: 7821 corp: 1646/491Kb lim: 4096 exec/s: 16062 rss: 523Mb L: 28/4096 MS: 1 EraseBytes-
#5174701	REDUCE cov: 1730 ft: 7821 corp: 1646/491Kb lim: 4096 exec/s: 16070 rss: 523Mb L: 409/4096 MS: 1 EraseBytes-
#5176187	REDUCE cov: 1730 ft: 7821 corp: 1646/491Kb lim: 4096 exec/s: 16075 rss: 523Mb L: 144/4096 MS: 1 EraseBytes-
#5176573	REDUCE cov: 1730 ft: 7821 corp: 1646/490Kb lim: 4096 exec/s: 16076 rss: 523Mb L: 3377/4096 MS: 1 EraseBytes-
#5177134	REDUCE cov: 1730 ft: 7821 corp: 1646/490Kb lim: 4096 exec/s: 16078 rss: 523Mb L: 87/4096 MS: 1 EraseBytes-
#5178200	REDUCE cov: 1730 ft: 7821 corp: 1646/490Kb lim: 4096 exec/s: 16081 rss: 523Mb L: 4070/4096 MS: 1 EraseBytes-
#5178536	REDUCE cov: 1730 ft: 7821 corp: 1646/490Kb lim: 4096 exec/s: 16082 rss: 523Mb L: 1277/4096 MS: 1 EraseBytes-
#5178552	REDUCE cov: 1730 ft: 7821 corp: 1646/490Kb lim: 4096 exec/s: 16082 rss: 523Mb L: 537/4096 MS: 1 EraseBytes-
#5178913	REDUCE cov: 1730 ft: 7821 corp: 1646/490Kb lim: 4096 exec/s: 16083 rss: 523Mb L: 729/4096 MS: 1 EraseBytes-
#5183364	REDUCE cov: 1730 ft: 7821 corp: 1646/490Kb lim: 4096 exec/s: 16097 rss: 523Mb L: 402/4096 MS: 1 EraseBytes-
#5185571	REDUCE cov: 1730 ft: 7821 corp: 1646/490Kb lim: 4096 exec/s: 16104 rss: 523Mb L: 122/4096 MS: 2 ChangeASCIIInt-EraseBytes-
#5191214	REDUCE cov: 1730 ft: 7821 corp: 1646/490Kb lim: 4096 exec/s: 16071 rss: 523Mb L: 502/4096 MS: 3 ChangeBinInt-CrossOver-EraseBytes-
#5193950	REDUCE cov: 1730 ft: 7821 corp: 1646/490Kb lim: 4096 exec/s: 16080 rss: 523Mb L: 133/4096 MS: 1 EraseBytes-
#5197011	REDUCE cov: 1730 ft: 7821 corp: 1646/490Kb lim: 4096 exec/s: 16089 rss: 523Mb L: 3238/4096 MS: 1 EraseBytes-
#5208032	REDUCE cov: 1730 ft: 7821 corp: 1646/490Kb lim: 4096 exec/s: 16074 rss: 523Mb L: 59/4096 MS: 1 EraseBytes-
#5208308	REDUCE cov: 1730 ft: 7821 corp: 1646/490Kb lim: 4096 exec/s: 16075 rss: 523Mb L: 257/4096 MS: 1 EraseBytes-
#5208554	REDUCE cov: 1730 ft: 7821 corp: 1646/490Kb lim: 4096 exec/s: 16075 rss: 523Mb L: 1338/4096 MS: 1 EraseBytes-
#5209576	REDUCE cov: 1730 ft: 7821 corp: 1646/490Kb lim: 4096 exec/s: 16078 rss: 523Mb L: 829/4096 MS: 2 ChangeBit-EraseBytes-
#5210902	REDUCE cov: 1730 ft: 7821 corp: 1646/490Kb lim: 4096 exec/s: 16083 rss: 523Mb L: 567/4096 MS: 1 EraseBytes-
#5213634	REDUCE cov: 1730 ft: 7821 corp: 1646/490Kb lim: 4096 exec/s: 16041 rss: 523Mb L: 1176/4096 MS: 2 ChangeASCIIInt-EraseBytes-
#5217077	REDUCE cov: 1730 ft: 7821 corp: 1646/490Kb lim: 4096 exec/s: 16052 rss: 523Mb L: 16/4096 MS: 3 ChangeByte-InsertByte-EraseBytes-
#5219549	REDUCE cov: 1730 ft: 7821 corp: 1646/490Kb lim: 4096 exec/s: 16060 rss: 523Mb L: 668/4096 MS: 2 CopyPart-EraseBytes-
#5225826	REDUCE cov: 1730 ft: 7821 corp: 1646/490Kb lim: 4096 exec/s: 16079 rss: 523Mb L: 154/4096 MS: 2 ChangeByte-EraseBytes-
#5226397	REDUCE cov: 1730 ft: 7821 corp: 1646/490Kb lim: 4096 exec/s: 16081 rss: 523Mb L: 1837/4096 MS: 1 EraseBytes-
#5226490	REDUCE cov: 1730 ft: 7821 corp: 1646/490Kb lim: 4096 exec/s: 16032 rss: 523Mb L: 213/4096 MS: 3 ChangeASCIIInt-CrossOver-EraseBytes-
#5232471	REDUCE cov: 1730 ft: 7821 corp: 1646/490Kb lim: 4096 exec/s: 16050 rss: 523Mb L: 1082/4096 MS: 1 EraseBytes-
#5239477	REDUCE cov: 1730 ft: 7821 corp: 1646/490Kb lim: 4096 exec/s: 16022 rss: 523Mb L: 293/4096 MS: 1 EraseBytes-
#5247120	REDUCE cov: 1730 ft: 7821 corp: 1646/490Kb lim: 4096 exec/s: 16046 rss: 523Mb L: 3072/4096 MS: 3 CopyPart-CopyPart-EraseBytes-
#5248081	REDUCE cov: 1730 ft: 7821 corp: 1646/490Kb lim: 4096 exec/s: 16049 rss: 523Mb L: 36/4096 MS: 1 EraseBytes-
#5248978	REDUCE cov: 1730 ft: 7821 corp: 1646/490Kb lim: 4096 exec/s: 16051 rss: 523Mb L: 86/4096 MS: 2 ChangeBit-EraseBytes-
#5256364	REDUCE cov: 1730 ft: 7821 corp: 1646/490Kb lim: 4096 exec/s: 16025 rss: 523Mb L: 86/4096 MS: 1 EraseBytes-
#5259510	REDUCE cov: 1730 ft: 7821 corp: 1646/490Kb lim: 4096 exec/s: 16035 rss: 523Mb L: 72/4096 MS: 1 EraseBytes-
#5262171	REDUCE cov: 1730 ft: 7821 corp: 1646/490Kb lim: 4096 exec/s: 16043 rss: 523Mb L: 111/4096 MS: 1 EraseBytes-
#5262737	REDUCE cov: 1730 ft: 7821 corp: 1646/490Kb lim: 4096 exec/s: 16044 rss: 523Mb L: 76/4096 MS: 1 EraseBytes-
#5264133	REDUCE cov: 1730 ft: 7821 corp: 1646/489Kb lim: 4096 exec/s: 16049 rss: 523Mb L: 324/4096 MS: 1 EraseBytes-
#5266910	REDUCE cov: 1730 ft: 7821 corp: 1646/489Kb lim: 4096 exec/s: 16008 rss: 523Mb L: 631/4096 MS: 2 PersAutoDict-EraseBytes- DE: "\377\377\377\320"-
#5269956	REDUCE cov: 1730 ft: 7821 corp: 1646/489Kb lim: 4096 exec/s: 16018 rss: 523Mb L: 17/4096 MS: 1 EraseBytes-
#5270482	REDUCE cov: 1730 ft: 7821 corp: 1646/489Kb lim: 4096 exec/s: 16019 rss: 523Mb L: 1045/4096 MS: 1 EraseBytes-
#5271598	REDUCE cov: 1730 ft: 7821 corp: 1646/489Kb lim: 4096 exec/s: 16023 rss: 523Mb L: 2752/4096 MS: 1 EraseBytes-
#5274046	REDUCE cov: 1730 ft: 7821 corp: 1646/489Kb lim: 4096 exec/s: 16030 rss: 523Mb L: 79/4096 MS: 3 InsertByte-ChangeASCIIInt-EraseBytes-
#5275537	REDUCE cov: 1730 ft: 7821 corp: 1646/489Kb lim: 4096 exec/s: 16035 rss: 523Mb L: 680/4096 MS: 1 EraseBytes-
#5275755	REDUCE cov: 1730 ft: 7821 corp: 1646/489Kb lim: 4096 exec/s: 16035 rss: 523Mb L: 449/4096 MS: 3 InsertByte-CMP-EraseBytes- DE: "\377\377\377\377"-
#5277881	REDUCE cov: 1730 ft: 7821 corp: 1646/489Kb lim: 4096 exec/s: 16042 rss: 523Mb L: 87/4096 MS: 1 EraseBytes-
#5282244	REDUCE cov: 1730 ft: 7821 corp: 1646/489Kb lim: 4096 exec/s: 16006 rss: 523Mb L: 93/4096 MS: 3 CopyPart-CopyPart-EraseBytes-
#5285052	REDUCE cov: 1730 ft: 7821 corp: 1646/489Kb lim: 4096 exec/s: 16015 rss: 523Mb L: 3825/4096 MS: 3 InsertByte-InsertByte-EraseBytes-
#5292608	REDUCE cov: 1730 ft: 7821 corp: 1646/489Kb lim: 4096 exec/s: 16038 rss: 523Mb L: 19/4096 MS: 1 EraseBytes-
#5292854	REDUCE cov: 1730 ft: 7821 corp: 1646/489Kb lim: 4096 exec/s: 16038 rss: 523Mb L: 121/4096 MS: 1 EraseBytes-
#5311555	REDUCE cov: 1730 ft: 7821 corp: 1646/489Kb lim: 4096 exec/s: 15998 rss: 523Mb L: 107/4096 MS: 1 EraseBytes-
#5311592	REDUCE cov: 1730 ft: 7821 corp: 1646/489Kb lim: 4096 exec/s: 15998 rss: 523Mb L: 1306/4096 MS: 2 ChangeASCIIInt-EraseBytes-
#5314934	REDUCE cov: 1730 ft: 7821 corp: 1646/489Kb lim: 4096 exec/s: 16008 rss: 523Mb L: 344/4096 MS: 2 EraseBytes-ChangeBinInt-
#5322032	REDUCE cov: 1730 ft: 7821 corp: 1646/489Kb lim: 4096 exec/s: 16030 rss: 523Mb L: 102/4096 MS: 3 ChangeBit-ChangeByte-EraseBytes-
#5322043	REDUCE cov: 1730 ft: 7821 corp: 1646/489Kb lim: 4096 exec/s: 16030 rss: 523Mb L: 469/4096 MS: 1 EraseBytes-
#5326536	REDUCE cov: 1730 ft: 7821 corp: 1646/489Kb lim: 4096 exec/s: 15995 rss: 523Mb L: 3370/4096 MS: 3 ChangeASCIIInt-ChangeBit-EraseBytes-
#5326757	REDUCE cov: 1730 ft: 7821 corp: 1646/489Kb lim: 4096 exec/s: 15996 rss: 523Mb L: 728/4096 MS: 1 EraseBytes-
#5327898	REDUCE cov: 1730 ft: 7821 corp: 1646/489Kb lim: 4096 exec/s: 15999 rss: 523Mb L: 617/4096 MS: 1 EraseBytes-
#5334404	REDUCE cov: 1730 ft: 7821 corp: 1646/489Kb lim: 4096 exec/s: 16019 rss: 523Mb L: 60/4096 MS: 1 EraseBytes-
#5336205	REDUCE cov: 1730 ft: 7821 corp: 1646/489Kb lim: 4096 exec/s: 16024 rss: 523Mb L: 2580/4096 MS: 1 EraseBytes-
#5338251	REDUCE cov: 1730 ft: 7821 corp: 1646/489Kb lim: 4096 exec/s: 16030 rss: 523Mb L: 44/4096 MS: 1 EraseBytes-
#5338260	REDUCE cov: 1730 ft: 7821 corp: 1646/489Kb lim: 4096 exec/s: 16030 rss: 523Mb L: 631/4096 MS: 4 CrossOver-EraseBytes-InsertByte-CopyPart-
#5339461	REDUCE cov: 1730 ft: 7821 corp: 1646/489Kb lim: 4096 exec/s: 15986 rss: 523Mb L: 426/4096 MS: 1 EraseBytes-
#5341857	REDUCE cov: 1730 ft: 7821 corp: 1646/489Kb lim: 4096 exec/s: 15993 rss: 523Mb L: 416/4096 MS: 1 EraseBytes-
#5342823	REDUCE cov: 1730 ft: 7821 corp: 1646/489Kb lim: 4096 exec/s: 15996 rss: 523Mb L: 366/4096 MS: 1 EraseBytes-
#5348775	REDUCE cov: 1730 ft: 7821 corp: 1646/489Kb lim: 4096 exec/s: 16014 rss: 523Mb L: 3332/4096 MS: 2 CrossOver-EraseBytes-
#5349476	REDUCE cov: 1730 ft: 7821 corp: 1646/489Kb lim: 4096 exec/s: 16016 rss: 523Mb L: 105/4096 MS: 1 EraseBytes-
#5352753	REDUCE cov: 1730 ft: 7821 corp: 1646/489Kb lim: 4096 exec/s: 16026 rss: 523Mb L: 177/4096 MS: 2 ChangeASCIIInt-EraseBytes-
#5354299	REDUCE cov: 1730 ft: 7821 corp: 1646/489Kb lim: 4096 exec/s: 15982 rss: 523Mb L: 2835/4096 MS: 1 EraseBytes-
#5354885	REDUCE cov: 1730 ft: 7821 corp: 1646/489Kb lim: 4096 exec/s: 15984 rss: 523Mb L: 22/4096 MS: 1 EraseBytes-
#5354916	REDUCE cov: 1730 ft: 7821 corp: 1646/489Kb lim: 4096 exec/s: 15984 rss: 523Mb L: 215/4096 MS: 1 EraseBytes-
#5356499	REDUCE cov: 1730 ft: 7821 corp: 1646/489Kb lim: 4096 exec/s: 15989 rss: 523Mb L: 60/4096 MS: 3 CopyPart-EraseBytes-CopyPart-
#5358060	REDUCE cov: 1730 ft: 7821 corp: 1646/489Kb lim: 4096 exec/s: 15994 rss: 523Mb L: 49/4096 MS: 1 EraseBytes-
#5366736	REDUCE cov: 1730 ft: 7821 corp: 1646/489Kb lim: 4096 exec/s: 16020 rss: 523Mb L: 48/4096 MS: 1 EraseBytes-
#5367918	REDUCE cov: 1730 ft: 7821 corp: 1646/489Kb lim: 4096 exec/s: 16023 rss: 523Mb L: 140/4096 MS: 2 ChangeASCIIInt-EraseBytes-
#5370689	REDUCE cov: 1730 ft: 7821 corp: 1646/489Kb lim: 4096 exec/s: 15984 rss: 523Mb L: 35/4096 MS: 1 EraseBytes-
#5374520	REDUCE cov: 1730 ft: 7821 corp: 1646/488Kb lim: 4096 exec/s: 15995 rss: 523Mb L: 369/4096 MS: 1 EraseBytes-
#5376951	REDUCE cov: 1730 ft: 7821 corp: 1646/488Kb lim: 4096 exec/s: 16002 rss: 523Mb L: 78/4096 MS: 1 EraseBytes-
#5377197	REDUCE cov: 1730 ft: 7821 corp: 1646/488Kb lim: 4096 exec/s: 16003 rss: 523Mb L: 1161/4096 MS: 1 EraseBytes-
#5383183	REDUCE cov: 1730 ft: 7821 corp: 1646/488Kb lim: 4096 exec/s: 15973 rss: 523Mb L: 16/4096 MS: 1 EraseBytes-
#5384300	REDUCE cov: 1730 ft: 7821 corp: 1646/488Kb lim: 4096 exec/s: 15977 rss: 523Mb L: 360/4096 MS: 2 ChangeASCIIInt-EraseBytes-
#5385082	REDUCE cov: 1730 ft: 7821 corp: 1646/488Kb lim: 4096 exec/s: 15979 rss: 523Mb L: 54/4096 MS: 2 ShuffleBytes-EraseBytes-
#5392648	REDUCE cov: 1730 ft: 7821 corp: 1646/488Kb lim: 4096 exec/s: 16001 rss: 523Mb L: 21/4096 MS: 1 EraseBytes-
#5396691	REDUCE cov: 1730 ft: 7821 corp: 1646/488Kb lim: 4096 exec/s: 15966 rss: 523Mb L: 243/4096 MS: 3 ChangeBit-ChangeASCIIInt-EraseBytes-
#5397557	REDUCE cov: 1730 ft: 7821 corp: 1646/488Kb lim: 4096 exec/s: 15969 rss: 523Mb L: 122/4096 MS: 1 EraseBytes-
#5399378	REDUCE cov: 1730 ft: 7821 corp: 1646/488Kb lim: 4096 exec/s: 15974 rss: 523Mb L: 67/4096 MS: 1 EraseBytes-
#5401494	REDUCE cov: 1730 ft: 7821 corp: 1646/488Kb lim: 4096 exec/s: 15980 rss: 523Mb L: 960/4096 MS: 1 EraseBytes-
#5409460	REDUCE cov: 1730 ft: 7821 corp: 1646/488Kb lim: 4096 exec/s: 15957 rss: 523Mb L: 1687/4096 MS: 1 EraseBytes-
#5412111	REDUCE cov: 1730 ft: 7821 corp: 1646/488Kb lim: 4096 exec/s: 15964 rss: 523Mb L: 61/4096 MS: 1 EraseBytes-
#5412835	REDUCE cov: 1730 ft: 7821 corp: 1646/488Kb lim: 4096 exec/s: 15967 rss: 523Mb L: 101/4096 MS: 4 ChangeASCIIInt-ChangeASCIIInt-ShuffleBytes-EraseBytes-
#5413811	REDUCE cov: 1730 ft: 7821 corp: 1646/488Kb lim: 4096 exec/s: 15969 rss: 523Mb L: 1658/4096 MS: 1 EraseBytes-
#5415625	REDUCE cov: 1730 ft: 7822 corp: 1647/492Kb lim: 4096 exec/s: 15975 rss: 523Mb L: 3674/4096 MS: 4 PersAutoDict-ShuffleBytes-CopyPart-CopyPart- DE: "  "-
#5416936	REDUCE cov: 1730 ft: 7822 corp: 1647/492Kb lim: 4096 exec/s: 15979 rss: 523Mb L: 1358/4096 MS: 1 EraseBytes-
#5417783	REDUCE cov: 1730 ft: 7822 corp: 1647/492Kb lim: 4096 exec/s: 15981 rss: 523Mb L: 143/4096 MS: 2 InsertByte-EraseBytes-
#5419642	REDUCE cov: 1730 ft: 7822 corp: 1647/492Kb lim: 4096 exec/s: 15987 rss: 523Mb L: 1941/4096 MS: 4 ChangeBit-CrossOver-CrossOver-EraseBytes-
#5422643	REDUCE cov: 1730 ft: 7822 corp: 1647/492Kb lim: 4096 exec/s: 15948 rss: 523Mb L: 141/4096 MS: 1 EraseBytes-
#5425960	REDUCE cov: 1730 ft: 7822 corp: 1647/492Kb lim: 4096 exec/s: 15958 rss: 523Mb L: 3231/4096 MS: 1 EraseBytes-
#5426238	REDUCE cov: 1730 ft: 7822 corp: 1647/492Kb lim: 4096 exec/s: 15959 rss: 523Mb L: 1935/4096 MS: 3 ShuffleBytes-ShuffleBytes-EraseBytes-
#5428069	REDUCE cov: 1730 ft: 7822 corp: 1647/492Kb lim: 4096 exec/s: 15964 rss: 523Mb L: 16/4096 MS: 1 EraseBytes-
#5430707	REDUCE cov: 1730 ft: 7822 corp: 1647/492Kb lim: 4096 exec/s: 15972 rss: 523Mb L: 23/4096 MS: 3 EraseBytes-ShuffleBytes-ChangeByte-
#5432196	REDUCE cov: 1730 ft: 7822 corp: 1647/492Kb lim: 4096 exec/s: 15930 rss: 523Mb L: 1928/4096 MS: 4 ChangeASCIIInt-PersAutoDict-ChangeBit-EraseBytes- DE: "\357\377\377\377"-
#5432777	REDUCE cov: 1730 ft: 7822 corp: 1647/492Kb lim: 4096 exec/s: 15931 rss: 523Mb L: 2759/4096 MS: 1 EraseBytes-
#5433639	REDUCE cov: 1730 ft: 7822 corp: 1647/492Kb lim: 4096 exec/s: 15934 rss: 523Mb L: 97/4096 MS: 2 ChangeBit-EraseBytes-
#5434915	REDUCE cov: 1730 ft: 7822 corp: 1647/491Kb lim: 4096 exec/s: 15938 rss: 523Mb L: 3201/4096 MS: 1 EraseBytes-
#5437542	REDUCE cov: 1730 ft: 7822 corp: 1647/491Kb lim: 4096 exec/s: 15945 rss: 523Mb L: 2981/4096 MS: 2 ChangeASCIIInt-EraseBytes-
#5438488	REDUCE cov: 1730 ft: 7822 corp: 1647/491Kb lim: 4096 exec/s: 15948 rss: 523Mb L: 57/4096 MS: 1 EraseBytes-
#5442424	REDUCE cov: 1730 ft: 7822 corp: 1647/491Kb lim: 4096 exec/s: 15960 rss: 523Mb L: 599/4096 MS: 1 EraseBytes-
#5444280	REDUCE cov: 1730 ft: 7822 corp: 1647/491Kb lim: 4096 exec/s: 15918 rss: 523Mb L: 52/4096 MS: 1 EraseBytes-
#5450368	REDUCE cov: 1730 ft: 7822 corp: 1647/491Kb lim: 4096 exec/s: 15936 rss: 523Mb L: 1335/4096 MS: 3 ChangeASCIIInt-CrossOver-EraseBytes-
#5451299	REDUCE cov: 1730 ft: 7822 corp: 1647/491Kb lim: 4096 exec/s: 15939 rss: 523Mb L: 169/4096 MS: 1 EraseBytes-
#5452963	REDUCE cov: 1730 ft: 7822 corp: 1647/491Kb lim: 4096 exec/s: 15944 rss: 523Mb L: 193/4096 MS: 4 ShuffleBytes-InsertByte-ShuffleBytes-EraseBytes-
#5458169	REDUCE cov: 1730 ft: 7822 corp: 1647/491Kb lim: 4096 exec/s: 15913 rss: 525Mb L: 279/4096 MS: 1 EraseBytes-
#5458240	REDUCE cov: 1730 ft: 7822 corp: 1647/491Kb lim: 4096 exec/s: 15913 rss: 526Mb L: 54/4096 MS: 1 EraseBytes-
#5459811	REDUCE cov: 1730 ft: 7822 corp: 1647/491Kb lim: 4096 exec/s: 15917 rss: 526Mb L: 76/4096 MS: 1 EraseBytes-
#5461547	REDUCE cov: 1730 ft: 7822 corp: 1647/491Kb lim: 4096 exec/s: 15922 rss: 526Mb L: 1323/4096 MS: 1 EraseBytes-
#5463373	REDUCE cov: 1730 ft: 7822 corp: 1647/491Kb lim: 4096 exec/s: 15928 rss: 526Mb L: 90/4096 MS: 1 EraseBytes-
#5465009	REDUCE cov: 1730 ft: 7822 corp: 1647/491Kb lim: 4096 exec/s: 15886 rss: 526Mb L: 63/4096 MS: 1 EraseBytes-
#5468410	REDUCE cov: 1730 ft: 7822 corp: 1647/491Kb lim: 4096 exec/s: 15896 rss: 527Mb L: 1303/4096 MS: 1 EraseBytes-
#5468511	REDUCE cov: 1730 ft: 7822 corp: 1647/491Kb lim: 4096 exec/s: 15896 rss: 527Mb L: 865/4096 MS: 1 EraseBytes-
#5468713	REDUCE cov: 1730 ft: 7822 corp: 1647/491Kb lim: 4096 exec/s: 15897 rss: 527Mb L: 910/4096 MS: 2 InsertRepeatedBytes-EraseBytes-
#5475605	REDUCE cov: 1730 ft: 7822 corp: 1647/491Kb lim: 4096 exec/s: 15871 rss: 528Mb L: 39/4096 MS: 1 EraseBytes-
#5476478	REDUCE cov: 1730 ft: 7822 corp: 1647/491Kb lim: 4096 exec/s: 15873 rss: 528Mb L: 1243/4096 MS: 3 ChangeASCIIInt-ShuffleBytes-EraseBytes-
#5476644	REDUCE cov: 1730 ft: 7822 corp: 1647/491Kb lim: 4096 exec/s: 15874 rss: 528Mb L: 256/4096 MS: 1 EraseBytes-
#5477891	REDUCE cov: 1730 ft: 7822 corp: 1647/491Kb lim: 4096 exec/s: 15877 rss: 528Mb L: 19/4096 MS: 2 ShuffleBytes-EraseBytes-
#5478187	REDUCE cov: 1730 ft: 7822 corp: 1647/491Kb lim: 4096 exec/s: 15878 rss: 528Mb L: 2775/4096 MS: 1 EraseBytes-
#5479223	REDUCE cov: 1730 ft: 7822 corp: 1647/491Kb lim: 4096 exec/s: 15881 rss: 528Mb L: 338/4096 MS: 1 EraseBytes-
#5481039	REDUCE cov: 1730 ft: 7822 corp: 1647/491Kb lim: 4096 exec/s: 15887 rss: 528Mb L: 75/4096 MS: 1 EraseBytes-
#5481668	REDUCE cov: 1730 ft: 7822 corp: 1647/491Kb lim: 4096 exec/s: 15888 rss: 528Mb L: 54/4096 MS: 4 InsertRepeatedBytes-ChangeASCIIInt-ChangeByte-EraseBytes-
#5483509	REDUCE cov: 1730 ft: 7822 corp: 1647/491Kb lim: 4096 exec/s: 15894 rss: 528Mb L: 491/4096 MS: 1 EraseBytes-
#5483631	REDUCE cov: 1730 ft: 7822 corp: 1647/491Kb lim: 4096 exec/s: 15894 rss: 528Mb L: 373/4096 MS: 2 ChangeByte-EraseBytes-
#5485261	REDUCE cov: 1730 ft: 7822 corp: 1647/491Kb lim: 4096 exec/s: 15899 rss: 528Mb L: 1274/4096 MS: 5 PersAutoDict-CopyPart-ChangeASCIIInt-ChangeASCIIInt-EraseBytes- DE: "\325\377\377\377"-
#5487094	REDUCE cov: 1730 ft: 7822 corp: 1647/491Kb lim: 4096 exec/s: 15858 rss: 528Mb L: 2883/4096 MS: 3 EraseBytes-CopyPart-CopyPart-
#5487550	REDUCE cov: 1730 ft: 7822 corp: 1647/491Kb lim: 4096 exec/s: 15859 rss: 528Mb L: 9/4096 MS: 1 EraseBytes-
#5493556	REDUCE cov: 1730 ft: 7822 corp: 1647/491Kb lim: 4096 exec/s: 15877 rss: 528Mb L: 2856/4096 MS: 1 EraseBytes-
#5494172	REDUCE cov: 1730 ft: 7822 corp: 1647/491Kb lim: 4096 exec/s: 15879 rss: 528Mb L: 282/4096 MS: 1 EraseBytes-
#5496140	REDUCE cov: 1730 ft: 7822 corp: 1647/490Kb lim: 4096 exec/s: 15884 rss: 528Mb L: 608/4096 MS: 3 PersAutoDict-CopyPart-EraseBytes- DE: "# @\357"-
#5496429	REDUCE cov: 1730 ft: 7822 corp: 1647/490Kb lim: 4096 exec/s: 15885 rss: 528Mb L: 1541/4096 MS: 4 CMP-ChangeBit-InsertByte-EraseBytes- DE: "\376\377\377\373"-
#5498235	REDUCE cov: 1730 ft: 7822 corp: 1647/490Kb lim: 4096 exec/s: 15845 rss: 528Mb L: 97/4096 MS: 1 EraseBytes-
#5505456	REDUCE cov: 1730 ft: 7822 corp: 1647/490Kb lim: 4096 exec/s: 15865 rss: 528Mb L: 2786/4096 MS: 1 EraseBytes-
#5507693	REDUCE cov: 1730 ft: 7822 corp: 1647/490Kb lim: 4096 exec/s: 15872 rss: 528Mb L: 20/4096 MS: 2 ShuffleBytes-EraseBytes-
#5511641	REDUCE cov: 1730 ft: 7822 corp: 1647/490Kb lim: 4096 exec/s: 15838 rss: 528Mb L: 91/4096 MS: 3 ChangeASCIIInt-ChangeBit-EraseBytes-
#5512997	REDUCE cov: 1730 ft: 7822 corp: 1647/490Kb lim: 4096 exec/s: 15841 rss: 528Mb L: 3649/4096 MS: 1 EraseBytes-
#5514033	REDUCE cov: 1730 ft: 7822 corp: 1647/490Kb lim: 4096 exec/s: 15844 rss: 528Mb L: 1265/4096 MS: 1 EraseBytes-
#5519134	REDUCE cov: 1730 ft: 7822 corp: 1647/490Kb lim: 4096 exec/s: 15859 rss: 528Mb L: 212/4096 MS: 1 EraseBytes-
#5519910	REDUCE cov: 1730 ft: 7822 corp: 1647/490Kb lim: 4096 exec/s: 15816 rss: 528Mb L: 34/4096 MS: 1 EraseBytes-
#5526076	REDUCE cov: 1730 ft: 7822 corp: 1647/490Kb lim: 4096 exec/s: 15834 rss: 528Mb L: 389/4096 MS: 1 EraseBytes-
#5526237	REDUCE cov: 1730 ft: 7822 corp: 1647/490Kb lim: 4096 exec/s: 15834 rss: 528Mb L: 218/4096 MS: 1 EraseBytes-
#5535273	REDUCE cov: 1730 ft: 7822 corp: 1647/490Kb lim: 4096 exec/s: 15815 rss: 528Mb L: 88/4096 MS: 1 EraseBytes-
#5537205	REDUCE cov: 1730 ft: 7822 corp: 1647/490Kb lim: 4096 exec/s: 15820 rss: 528Mb L: 974/4096 MS: 2 ShuffleBytes-EraseBytes-
#5537302	REDUCE cov: 1730 ft: 7822 corp: 1647/490Kb lim: 4096 exec/s: 15820 rss: 528Mb L: 164/4096 MS: 2 ChangeASCIIInt-EraseBytes-
#5538663	REDUCE cov: 1730 ft: 7822 corp: 1647/490Kb lim: 4096 exec/s: 15824 rss: 528Mb L: 2775/4096 MS: 1 EraseBytes-
#5540644	REDUCE cov: 1730 ft: 7822 corp: 1647/490Kb lim: 4096 exec/s: 15830 rss: 528Mb L: 2410/4096 MS: 1 EraseBytes-
#5540765	REDUCE cov: 1730 ft: 7822 corp: 1647/490Kb lim: 4096 exec/s: 15830 rss: 528Mb L: 86/4096 MS: 1 EraseBytes-
#5545127	REDUCE cov: 1730 ft: 7822 corp: 1647/490Kb lim: 4096 exec/s: 15798 rss: 528Mb L: 107/4096 MS: 2 PersAutoDict-EraseBytes- DE: "\3772"-
#5547813	REDUCE cov: 1730 ft: 7822 corp: 1647/490Kb lim: 4096 exec/s: 15805 rss: 528Mb L: 1237/4096 MS: 1 EraseBytes-
#5549519	REDUCE cov: 1730 ft: 7822 corp: 1647/490Kb lim: 4096 exec/s: 15810 rss: 528Mb L: 2846/4096 MS: 1 EraseBytes-
#5550166	REDUCE cov: 1730 ft: 7822 corp: 1647/490Kb lim: 4096 exec/s: 15812 rss: 528Mb L: 2529/4096 MS: 1 EraseBytes-
#5550302	REDUCE cov: 1730 ft: 7822 corp: 1647/490Kb lim: 4096 exec/s: 15812 rss: 528Mb L: 157/4096 MS: 1 EraseBytes-
#5550708	REDUCE cov: 1730 ft: 7822 corp: 1647/490Kb lim: 4096 exec/s: 15813 rss: 528Mb L: 46/4096 MS: 1 EraseBytes-
#5552355	REDUCE cov: 1730 ft: 7822 corp: 1647/490Kb lim: 4096 exec/s: 15818 rss: 528Mb L: 22/4096 MS: 2 ShuffleBytes-EraseBytes-
#5561786	REDUCE cov: 1730 ft: 7822 corp: 1647/490Kb lim: 4096 exec/s: 15800 rss: 528Mb L: 51/4096 MS: 1 EraseBytes-
#5562942	REDUCE cov: 1730 ft: 7822 corp: 1647/490Kb lim: 4096 exec/s: 15803 rss: 528Mb L: 38/4096 MS: 1 EraseBytes-
#5564964	REDUCE cov: 1730 ft: 7822 corp: 1647/490Kb lim: 4096 exec/s: 15764 rss: 528Mb L: 2704/4096 MS: 2 CMP-EraseBytes- DE: "status"-
#5566541	REDUCE cov: 1730 ft: 7822 corp: 1647/490Kb lim: 4096 exec/s: 15769 rss: 528Mb L: 217/4096 MS: 2 ChangeBit-EraseBytes-
#5566988	REDUCE cov: 1730 ft: 7822 corp: 1647/490Kb lim: 4096 exec/s: 15770 rss: 528Mb L: 3142/4096 MS: 2 ShuffleBytes-EraseBytes-
#5567407	REDUCE cov: 1730 ft: 7822 corp: 1647/490Kb lim: 4096 exec/s: 15771 rss: 528Mb L: 86/4096 MS: 4 ChangeBinInt-ShuffleBytes-CopyPart-EraseBytes-
#5571718	REDUCE cov: 1730 ft: 7822 corp: 1647/490Kb lim: 4096 exec/s: 15783 rss: 528Mb L: 15/4096 MS: 1 EraseBytes-
#5575295	REDUCE cov: 1730 ft: 7822 corp: 1647/490Kb lim: 4096 exec/s: 15749 rss: 528Mb L: 85/4096 MS: 2 PersAutoDict-EraseBytes- DE: "\376\377\377\373"-
#5576286	REDUCE cov: 1730 ft: 7822 corp: 1647/490Kb lim: 4096 exec/s: 15752 rss: 528Mb L: 43/4096 MS: 1 EraseBytes-
#5577448	REDUCE cov: 1730 ft: 7822 corp: 1647/490Kb lim: 4096 exec/s: 15755 rss: 528Mb L: 2776/4096 MS: 2 InsertByte-EraseBytes-
#5579716	REDUCE cov: 1730 ft: 7822 corp: 1647/490Kb lim: 4096 exec/s: 15761 rss: 528Mb L: 78/4096 MS: 3 InsertByte-ChangeASCIIInt-EraseBytes-
#5581324	REDUCE cov: 1730 ft: 7822 corp: 1647/490Kb lim: 4096 exec/s: 15766 rss: 528Mb L: 2754/4096 MS: 3 InsertByte-ShuffleBytes-EraseBytes-
#5582375	REDUCE cov: 1730 ft: 7822 corp: 1647/490Kb lim: 4096 exec/s: 15769 rss: 528Mb L: 93/4096 MS: 1 EraseBytes-
#5582703	REDUCE cov: 1730 ft: 7822 corp: 1647/490Kb lim: 4096 exec/s: 15770 rss: 528Mb L: 2727/4096 MS: 2 ChangeBit-EraseBytes-
#5584429	REDUCE cov: 1730 ft: 7822 corp: 1647/490Kb lim: 4096 exec/s: 15775 rss: 528Mb L: 847/4096 MS: 1 EraseBytes-
#5586093	REDUCE cov: 1730 ft: 7822 corp: 1647/490Kb lim: 4096 exec/s: 15735 rss: 528Mb L: 432/4096 MS: 4 CopyPart-CMP-ChangeBit-EraseBytes- DE: "\377\377\377\377\377\377\377\005"-
#5588270	REDUCE cov: 1730 ft: 7822 corp: 1647/490Kb lim: 4096 exec/s: 15741 rss: 528Mb L: 2732/4096 MS: 2 ChangeByte-EraseBytes-
#5589343	REDUCE cov: 1730 ft: 7822 corp: 1647/490Kb lim: 4096 exec/s: 15744 rss: 528Mb L: 1077/4096 MS: 3 ShuffleBytes-ChangeASCIIInt-EraseBytes-
#5591299	REDUCE cov: 1730 ft: 7822 corp: 1647/489Kb lim: 4096 exec/s: 15750 rss: 528Mb L: 2642/4096 MS: 1 EraseBytes-
#5592081	REDUCE cov: 1730 ft: 7822 corp: 1647/489Kb lim: 4096 exec/s: 15752 rss: 528Mb L: 326/4096 MS: 2 ChangeBit-EraseBytes-
#5593687	REDUCE cov: 1730 ft: 7822 corp: 1647/489Kb lim: 4096 exec/s: 15756 rss: 528Mb L: 90/4096 MS: 1 EraseBytes-
#5595131	REDUCE cov: 1730 ft: 7822 corp: 1647/489Kb lim: 4096 exec/s: 15760 rss: 528Mb L: 1005/4096 MS: 1 EraseBytes-
#5597172	REDUCE cov: 1730 ft: 7822 corp: 1647/489Kb lim: 4096 exec/s: 15722 rss: 528Mb L: 34/4096 MS: 1 EraseBytes-
#5597572	REDUCE cov: 1730 ft: 7822 corp: 1647/489Kb lim: 4096 exec/s: 15723 rss: 528Mb L: 1205/4096 MS: 5 ChangeASCIIInt-CopyPart-EraseBytes-CMP-CopyPart- DE: "\001\000\000\000\000\000\000\001"-
#5601153	REDUCE cov: 1730 ft: 7822 corp: 1647/489Kb lim: 4096 exec/s: 15733 rss: 528Mb L: 82/4096 MS: 1 EraseBytes-
#5602602	REDUCE cov: 1730 ft: 7822 corp: 1647/489Kb lim: 4096 exec/s: 15737 rss: 528Mb L: 646/4096 MS: 4 EraseBytes-InsertByte-ChangeASCIIInt-CopyPart-
#5603608	REDUCE cov: 1730 ft: 7822 corp: 1647/489Kb lim: 4096 exec/s: 15740 rss: 528Mb L: 74/4096 MS: 1 EraseBytes-
#5613929	REDUCE cov: 1730 ft: 7822 corp: 1647/489Kb lim: 4096 exec/s: 15725 rss: 528Mb L: 1241/4096 MS: 1 EraseBytes-
#5614075	REDUCE cov: 1730 ft: 7822 corp: 1647/489Kb lim: 4096 exec/s: 15725 rss: 528Mb L: 162/4096 MS: 1 EraseBytes-
#5615960	REDUCE cov: 1730 ft: 7822 corp: 1647/489Kb lim: 4096 exec/s: 15730 rss: 528Mb L: 63/4096 MS: 5 ChangeASCIIInt-EraseBytes-ShuffleBytes-ShuffleBytes-PersAutoDict- DE: "ins\357"-
#5622117	REDUCE cov: 1730 ft: 7822 corp: 1647/489Kb lim: 4096 exec/s: 15704 rss: 528Mb L: 265/4096 MS: 2 ChangeBinInt-EraseBytes-
#5625140	REDUCE cov: 1730 ft: 7822 corp: 1647/489Kb lim: 4096 exec/s: 15712 rss: 528Mb L: 3468/4096 MS: 3 CrossOver-EraseBytes-CopyPart-
#5625702	REDUCE cov: 1730 ft: 7822 corp: 1647/489Kb lim: 4096 exec/s: 15714 rss: 528Mb L: 1203/4096 MS: 2 ChangeASCIIInt-EraseBytes-
#5625889	REDUCE cov: 1730 ft: 7822 corp: 1647/489Kb lim: 4096 exec/s: 15714 rss: 528Mb L: 2706/4096 MS: 2 ShuffleBytes-EraseBytes-
#5629025	REDUCE cov: 1730 ft: 7822 corp: 1647/489Kb lim: 4096 exec/s: 15723 rss: 528Mb L: 1152/4096 MS: 1 EraseBytes-
#5630406	REDUCE cov: 1730 ft: 7822 corp: 1647/489Kb lim: 4096 exec/s: 15727 rss: 528Mb L: 45/4096 MS: 1 EraseBytes-
#5632892	REDUCE cov: 1730 ft: 7822 corp: 1647/489Kb lim: 4096 exec/s: 15690 rss: 528Mb L: 429/4096 MS: 1 EraseBytes-
#5635503	REDUCE cov: 1730 ft: 7822 corp: 1647/489Kb lim: 4096 exec/s: 15697 rss: 528Mb L: 2553/4096 MS: 1 EraseBytes-
#5637489	REDUCE cov: 1730 ft: 7822 corp: 1647/489Kb lim: 4096 exec/s: 15703 rss: 528Mb L: 3648/4096 MS: 1 EraseBytes-
#5641091	REDUCE cov: 1730 ft: 7822 corp: 1647/489Kb lim: 4096 exec/s: 15713 rss: 528Mb L: 956/4096 MS: 1 EraseBytes-
#5641212	REDUCE cov: 1730 ft: 7822 corp: 1647/489Kb lim: 4096 exec/s: 15713 rss: 528Mb L: 1264/4096 MS: 1 EraseBytes-
#5642223	REDUCE cov: 1730 ft: 7822 corp: 1647/489Kb lim: 4096 exec/s: 15672 rss: 528Mb L: 203/4096 MS: 1 EraseBytes-
#5642659	REDUCE cov: 1730 ft: 7822 corp: 1647/489Kb lim: 4096 exec/s: 15674 rss: 528Mb L: 1199/4096 MS: 1 EraseBytes-
#5643195	REDUCE cov: 1730 ft: 7822 corp: 1647/489Kb lim: 4096 exec/s: 15675 rss: 528Mb L: 467/4096 MS: 1 EraseBytes-
#5643341	REDUCE cov: 1730 ft: 7822 corp: 1647/489Kb lim: 4096 exec/s: 15675 rss: 528Mb L: 878/4096 MS: 1 EraseBytes-
#5649843	REDUCE cov: 1730 ft: 7822 corp: 1647/489Kb lim: 4096 exec/s: 15694 rss: 528Mb L: 248/4096 MS: 2 ShuffleBytes-EraseBytes-
#5651577	REDUCE cov: 1730 ft: 7822 corp: 1647/489Kb lim: 4096 exec/s: 15698 rss: 528Mb L: 22/4096 MS: 4 ChangeBit-ShuffleBytes-ChangeBit-EraseBytes-
#5651939	REDUCE cov: 1730 ft: 7822 corp: 1647/489Kb lim: 4096 exec/s: 15699 rss: 528Mb L: 277/4096 MS: 2 CMP-EraseBytes- DE: "code"-
#5655215	REDUCE cov: 1730 ft: 7822 corp: 1647/489Kb lim: 4096 exec/s: 15665 rss: 528Mb L: 48/4096 MS: 1 EraseBytes-
#5658536	REDUCE cov: 1730 ft: 7822 corp: 1647/489Kb lim: 4096 exec/s: 15674 rss: 528Mb L: 444/4096 MS: 1 EraseBytes-
#5658747	REDUCE cov: 1730 ft: 7822 corp: 1647/489Kb lim: 4096 exec/s: 15675 rss: 528Mb L: 1457/4096 MS: 1 EraseBytes-
#5661093	REDUCE cov: 1730 ft: 7822 corp: 1647/489Kb lim: 4096 exec/s: 15681 rss: 528Mb L: 3633/4096 MS: 1 EraseBytes-
#5661245	REDUCE cov: 1730 ft: 7822 corp: 1647/489Kb lim: 4096 exec/s: 15682 rss: 528Mb L: 337/4096 MS: 2 ChangeASCIIInt-EraseBytes-
#5674616	REDUCE cov: 1730 ft: 7822 corp: 1647/489Kb lim: 4096 exec/s: 15675 rss: 528Mb L: 719/4096 MS: 1 EraseBytes-
#5675827	REDUCE cov: 1730 ft: 7822 corp: 1647/489Kb lim: 4096 exec/s: 15679 rss: 528Mb L: 1415/4096 MS: 1 EraseBytes-
#5678118	REDUCE cov: 1730 ft: 7822 corp: 1647/489Kb lim: 4096 exec/s: 15642 rss: 528Mb L: 69/4096 MS: 1 EraseBytes-
#5681669	REDUCE cov: 1730 ft: 7822 corp: 1647/489Kb lim: 4096 exec/s: 15651 rss: 528Mb L: 2441/4096 MS: 1 EraseBytes-
#5682400	REDUCE cov: 1730 ft: 7822 corp: 1647/489Kb lim: 4096 exec/s: 15653 rss: 528Mb L: 29/4096 MS: 1 EraseBytes-
#5683765	NEW    cov: 1730 ft: 7823 corp: 1648/493Kb lim: 4096 exec/s: 15657 rss: 528Mb L: 3997/4096 MS: 5 CrossOver-CMP-CopyPart-InsertByte-CopyPart- DE: "LKKKKKK"-
#5684576	REDUCE cov: 1730 ft: 7823 corp: 1648/493Kb lim: 4096 exec/s: 15659 rss: 528Mb L: 19/4096 MS: 1 EraseBytes-
#5689692	REDUCE cov: 1730 ft: 7823 corp: 1648/492Kb lim: 4096 exec/s: 15631 rss: 528Mb L: 2178/4096 MS: 1 EraseBytes-
#5689744	REDUCE cov: 1730 ft: 7823 corp: 1648/492Kb lim: 4096 exec/s: 15631 rss: 528Mb L: 2530/4096 MS: 2 ChangeASCIIInt-EraseBytes-
#5691146	REDUCE cov: 1730 ft: 7823 corp: 1648/492Kb lim: 4096 exec/s: 15635 rss: 528Mb L: 2113/4096 MS: 2 ShuffleBytes-EraseBytes-
#5692733	REDUCE cov: 1730 ft: 7823 corp: 1648/492Kb lim: 4096 exec/s: 15639 rss: 528Mb L: 1479/4096 MS: 2 ChangeBinInt-EraseBytes-
#5695712	REDUCE cov: 1730 ft: 7823 corp: 1648/492Kb lim: 4096 exec/s: 15604 rss: 528Mb L: 1300/4096 MS: 3 ChangeASCIIInt-ChangeASCIIInt-EraseBytes-
#5698214	REDUCE cov: 1730 ft: 7823 corp: 1648/492Kb lim: 4096 exec/s: 15611 rss: 528Mb L: 8/4096 MS: 2 ChangeBinInt-EraseBytes-
#5699497	REDUCE cov: 1730 ft: 7823 corp: 1648/492Kb lim: 4096 exec/s: 15615 rss: 528Mb L: 69/4096 MS: 3 ChangeByte-ShuffleBytes-EraseBytes-
#5700013	REDUCE cov: 1730 ft: 7823 corp: 1648/492Kb lim: 4096 exec/s: 15616 rss: 528Mb L: 27/4096 MS: 1 EraseBytes-
#5707140	REDUCE cov: 1730 ft: 7823 corp: 1648/492Kb lim: 4096 exec/s: 15593 rss: 529Mb L: 2080/4096 MS: 1 EraseBytes-
#5707286	REDUCE cov: 1730 ft: 7823 corp: 1648/492Kb lim: 4096 exec/s: 15593 rss: 529Mb L: 1202/4096 MS: 1 EraseBytes-
#5708592	REDUCE cov: 1730 ft: 7823 corp: 1648/492Kb lim: 4096 exec/s: 15597 rss: 530Mb L: 2429/4096 MS: 1 EraseBytes-
#5708845	REDUCE cov: 1730 ft: 7823 corp: 1648/492Kb lim: 4096 exec/s: 15597 rss: 530Mb L: 1207/4096 MS: 3 ChangeBit-ChangeBit-EraseBytes-
#5709101	REDUCE cov: 1730 ft: 7823 corp: 1648/492Kb lim: 4096 exec/s: 15598 rss: 530Mb L: 73/4096 MS: 1 EraseBytes-
#5709292	REDUCE cov: 1730 ft: 7824 corp: 1649/496Kb lim: 4096 exec/s: 15599 rss: 530Mb L: 3841/4096 MS: 1 CopyPart-
#5709638	REDUCE cov: 1730 ft: 7824 corp: 1649/496Kb lim: 4096 exec/s: 15600 rss: 531Mb L: 1161/4096 MS: 1 EraseBytes-
#5709814	REDUCE cov: 1730 ft: 7824 corp: 1649/496Kb lim: 4096 exec/s: 15600 rss: 531Mb L: 2035/4096 MS: 1 EraseBytes-
#5713906	REDUCE cov: 1730 ft: 7824 corp: 1649/496Kb lim: 4096 exec/s: 15569 rss: 532Mb L: 894/4096 MS: 1 EraseBytes-
#5714582	REDUCE cov: 1730 ft: 7824 corp: 1649/496Kb lim: 4096 exec/s: 15571 rss: 532Mb L: 329/4096 MS: 1 EraseBytes-
#5716363	REDUCE cov: 1730 ft: 7824 corp: 1649/495Kb lim: 4096 exec/s: 15575 rss: 532Mb L: 1675/4096 MS: 1 EraseBytes-
#5716460	REDUCE cov: 1730 ft: 7824 corp: 1649/495Kb lim: 4096 exec/s: 15576 rss: 532Mb L: 1507/4096 MS: 2 ChangeASCIIInt-EraseBytes-
#5719536	REDUCE cov: 1730 ft: 7824 corp: 1649/495Kb lim: 4096 exec/s: 15584 rss: 532Mb L: 25/4096 MS: 1 EraseBytes-
#5720477	REDUCE cov: 1730 ft: 7824 corp: 1649/495Kb lim: 4096 exec/s: 15587 rss: 533Mb L: 61/4096 MS: 1 EraseBytes-
#5723290	REDUCE cov: 1730 ft: 7824 corp: 1649/495Kb lim: 4096 exec/s: 15552 rss: 533Mb L: 80/4096 MS: 1 EraseBytes-
#5728556	REDUCE cov: 1730 ft: 7824 corp: 1649/495Kb lim: 4096 exec/s: 15524 rss: 535Mb L: 2466/4096 MS: 1 EraseBytes-
#5730947	REDUCE cov: 1730 ft: 7824 corp: 1649/495Kb lim: 4096 exec/s: 15531 rss: 535Mb L: 1282/4096 MS: 1 EraseBytes-
#5732497	REDUCE cov: 1730 ft: 7824 corp: 1649/495Kb lim: 4096 exec/s: 15535 rss: 535Mb L: 830/4096 MS: 5 ChangeBit-ChangeBit-ChangeBit-ChangeASCIIInt-EraseBytes-
#5738249	REDUCE cov: 1730 ft: 7824 corp: 1649/495Kb lim: 4096 exec/s: 15508 rss: 535Mb L: 115/4096 MS: 2 InsertByte-EraseBytes-
#5742651	REDUCE cov: 1730 ft: 7824 corp: 1649/495Kb lim: 4096 exec/s: 15520 rss: 535Mb L: 1493/4096 MS: 2 ChangeASCIIInt-EraseBytes-
#5742937	REDUCE cov: 1730 ft: 7824 corp: 1649/495Kb lim: 4096 exec/s: 15521 rss: 535Mb L: 69/4096 MS: 1 EraseBytes-
#5743183	REDUCE cov: 1730 ft: 7824 corp: 1649/495Kb lim: 4096 exec/s: 15522 rss: 535Mb L: 33/4096 MS: 1 EraseBytes-
#5743874	REDUCE cov: 1730 ft: 7824 corp: 1649/495Kb lim: 4096 exec/s: 15523 rss: 535Mb L: 15/4096 MS: 1 EraseBytes-
#5743880	REDUCE cov: 1730 ft: 7824 corp: 1649/495Kb lim: 4096 exec/s: 15524 rss: 535Mb L: 2430/4096 MS: 1 EraseBytes-
#5744838	REDUCE cov: 1730 ft: 7824 corp: 1649/495Kb lim: 4096 exec/s: 15484 rss: 535Mb L: 1292/4096 MS: 3 InsertRepeatedBytes-ShuffleBytes-EraseBytes-
#5745044	REDUCE cov: 1730 ft: 7824 corp: 1649/495Kb lim: 4096 exec/s: 15485 rss: 535Mb L: 58/4096 MS: 1 EraseBytes-
#5747247	REDUCE cov: 1730 ft: 7824 corp: 1649/495Kb lim: 4096 exec/s: 15491 rss: 535Mb L: 631/4096 MS: 3 InsertByte-CMP-EraseBytes- DE: "# \357\277"-
#5750584	REDUCE cov: 1730 ft: 7824 corp: 1649/495Kb lim: 4096 exec/s: 15500 rss: 535Mb L: 854/4096 MS: 2 ChangeASCIIInt-EraseBytes-
#5752070	REDUCE cov: 1730 ft: 7824 corp: 1649/495Kb lim: 4096 exec/s: 15504 rss: 535Mb L: 44/4096 MS: 1 EraseBytes-
#5754931	REDUCE cov: 1730 ft: 7824 corp: 1649/495Kb lim: 4096 exec/s: 15470 rss: 535Mb L: 511/4096 MS: 1 EraseBytes-
#5760164	REDUCE cov: 1730 ft: 7824 corp: 1649/495Kb lim: 4096 exec/s: 15484 rss: 535Mb L: 1260/4096 MS: 3 EraseBytes-CMP-CopyPart- DE: "mcsage"-
#5762207	REDUCE cov: 1730 ft: 7824 corp: 1649/495Kb lim: 4096 exec/s: 15448 rss: 535Mb L: 1644/4096 MS: 3 ChangeASCIIInt-ChangeBit-EraseBytes-
#5764366	REDUCE cov: 1730 ft: 7824 corp: 1649/494Kb lim: 4096 exec/s: 15454 rss: 535Mb L: 1222/4096 MS: 4 ShuffleBytes-ChangeByte-InsertByte-EraseBytes-
#5764447	REDUCE cov: 1730 ft: 7824 corp: 1649/494Kb lim: 4096 exec/s: 15454 rss: 535Mb L: 3822/4096 MS: 1 EraseBytes-
#5765145	REDUCE cov: 1730 ft: 7824 corp: 1649/494Kb lim: 4096 exec/s: 15456 rss: 535Mb L: 568/4096 MS: 3 CopyPart-CopyPart-EraseBytes-
#5768211	REDUCE cov: 1730 ft: 7824 corp: 1649/494Kb lim: 4096 exec/s: 15464 rss: 535Mb L: 24/4096 MS: 1 EraseBytes-
#5769487	REDUCE cov: 1730 ft: 7824 corp: 1649/494Kb lim: 4096 exec/s: 15467 rss: 535Mb L: 259/4096 MS: 1 EraseBytes-
#5770763	REDUCE cov: 1730 ft: 7824 corp: 1649/494Kb lim: 4096 exec/s: 15471 rss: 535Mb L: 555/4096 MS: 1 EraseBytes-
#5772304	REDUCE cov: 1730 ft: 7824 corp: 1649/494Kb lim: 4096 exec/s: 15433 rss: 535Mb L: 1194/4096 MS: 1 EraseBytes-
#5772460	REDUCE cov: 1730 ft: 7824 corp: 1649/494Kb lim: 4096 exec/s: 15434 rss: 535Mb L: 1279/4096 MS: 1 EraseBytes-
#5775912	REDUCE cov: 1730 ft: 7824 corp: 1649/494Kb lim: 4096 exec/s: 15443 rss: 535Mb L: 1985/4096 MS: 2 CopyPart-EraseBytes-
#5776653	REDUCE cov: 1730 ft: 7824 corp: 1649/494Kb lim: 4096 exec/s: 15445 rss: 535Mb L: 1146/4096 MS: 1 EraseBytes-
#5777566	REDUCE cov: 1730 ft: 7824 corp: 1649/494Kb lim: 4096 exec/s: 15448 rss: 535Mb L: 2373/4096 MS: 3 InsertByte-InsertByte-CrossOver-
#5778294	REDUCE cov: 1730 ft: 7824 corp: 1649/494Kb lim: 4096 exec/s: 15449 rss: 535Mb L: 276/4096 MS: 3 InsertByte-PersAutoDict-EraseBytes- DE: "\357\377\377\377"-
#5778651	REDUCE cov: 1730 ft: 7824 corp: 1649/494Kb lim: 4096 exec/s: 15450 rss: 535Mb L: 1624/4096 MS: 2 InsertByte-EraseBytes-
#5788063	REDUCE cov: 1730 ft: 7824 corp: 1649/494Kb lim: 4096 exec/s: 15434 rss: 535Mb L: 89/4096 MS: 1 EraseBytes-
#5788351	REDUCE cov: 1730 ft: 7824 corp: 1649/494Kb lim: 4096 exec/s: 15435 rss: 535Mb L: 3616/4096 MS: 3 ChangeBinInt-ChangeASCIIInt-EraseBytes-
#5792593	REDUCE cov: 1730 ft: 7824 corp: 1649/494Kb lim: 4096 exec/s: 15405 rss: 535Mb L: 1091/4096 MS: 1 EraseBytes-
#5797095	REDUCE cov: 1730 ft: 7824 corp: 1649/494Kb lim: 4096 exec/s: 15417 rss: 535Mb L: 790/4096 MS: 2 ChangeASCIIInt-EraseBytes-
#5805991	REDUCE cov: 1730 ft: 7824 corp: 1649/494Kb lim: 4096 exec/s: 15400 rss: 535Mb L: 23/4096 MS: 1 EraseBytes-
#5806452	REDUCE cov: 1730 ft: 7824 corp: 1649/494Kb lim: 4096 exec/s: 15401 rss: 535Mb L: 1082/4096 MS: 1 EraseBytes-
#5814224	REDUCE cov: 1730 ft: 7824 corp: 1649/494Kb lim: 4096 exec/s: 15381 rss: 535Mb L: 22/4096 MS: 1 EraseBytes-
#5815110	REDUCE cov: 1730 ft: 7824 corp: 1649/494Kb lim: 4096 exec/s: 15383 rss: 535Mb L: 363/4096 MS: 1 EraseBytes-
#5815662	REDUCE cov: 1730 ft: 7824 corp: 1649/493Kb lim: 4096 exec/s: 15385 rss: 535Mb L: 2438/4096 MS: 2 ChangeByte-EraseBytes-
#5818128	REDUCE cov: 1730 ft: 7824 corp: 1649/493Kb lim: 4096 exec/s: 15351 rss: 535Mb L: 32/4096 MS: 1 EraseBytes-
#5818795	REDUCE cov: 1730 ft: 7824 corp: 1649/493Kb lim: 4096 exec/s: 15353 rss: 535Mb L: 2182/4096 MS: 2 PersAutoDict-EraseBytes- DE: "\377\377\377\377"-
#5819374	REDUCE cov: 1730 ft: 7824 corp: 1649/493Kb lim: 4096 exec/s: 15354 rss: 535Mb L: 1932/4096 MS: 4 ShuffleBytes-ShuffleBytes-PersAutoDict-EraseBytes- DE: "# \357\277"-
#5822045	REDUCE cov: 1730 ft: 7824 corp: 1649/493Kb lim: 4096 exec/s: 15361 rss: 535Mb L: 1904/4096 MS: 1 EraseBytes-
#5823316	REDUCE cov: 1730 ft: 7824 corp: 1649/493Kb lim: 4096 exec/s: 15364 rss: 535Mb L: 18/4096 MS: 1 EraseBytes-
#5827907	REDUCE cov: 1730 ft: 7824 corp: 1649/493Kb lim: 4096 exec/s: 15336 rss: 535Mb L: 1063/4096 MS: 1 EraseBytes-
#5830515	REDUCE cov: 1730 ft: 7824 corp: 1649/493Kb lim: 4096 exec/s: 15343 rss: 535Mb L: 466/4096 MS: 2 ChangeByte-EraseBytes-
#5835736	REDUCE cov: 1730 ft: 7824 corp: 1649/493Kb lim: 4096 exec/s: 15316 rss: 535Mb L: 1265/4096 MS: 1 EraseBytes-
#5837057	REDUCE cov: 1730 ft: 7824 corp: 1649/493Kb lim: 4096 exec/s: 15320 rss: 535Mb L: 272/4096 MS: 1 EraseBytes-
#5838823	REDUCE cov: 1730 ft: 7824 corp: 1649/493Kb lim: 4096 exec/s: 15324 rss: 535Mb L: 727/4096 MS: 1 EraseBytes-
#5839019	REDUCE cov: 1730 ft: 7824 corp: 1649/493Kb lim: 4096 exec/s: 15325 rss: 535Mb L: 133/4096 MS: 1 EraseBytes-
#5841265	REDUCE cov: 1730 ft: 7824 corp: 1649/493Kb lim: 4096 exec/s: 15331 rss: 535Mb L: 1289/4096 MS: 1 EraseBytes-
#5843103	REDUCE cov: 1730 ft: 7824 corp: 1649/493Kb lim: 4096 exec/s: 15296 rss: 535Mb L: 2062/4096 MS: 3 InsertByte-EraseBytes-ChangeByte-
#5845829	REDUCE cov: 1730 ft: 7824 corp: 1649/493Kb lim: 4096 exec/s: 15303 rss: 535Mb L: 2004/4096 MS: 1 EraseBytes-
#5853228	REDUCE cov: 1730 ft: 7824 corp: 1649/493Kb lim: 4096 exec/s: 15282 rss: 536Mb L: 2524/4096 MS: 3 InsertByte-ChangeBinInt-EraseBytes-
#5860459	REDUCE cov: 1730 ft: 7824 corp: 1649/493Kb lim: 4096 exec/s: 15261 rss: 537Mb L: 15/4096 MS: 1 EraseBytes-
#5862901	REDUCE cov: 1730 ft: 7824 corp: 1649/493Kb lim: 4096 exec/s: 15267 rss: 537Mb L: 3797/4096 MS: 2 ChangeBinInt-EraseBytes-
#5863922	REDUCE cov: 1730 ft: 7824 corp: 1649/493Kb lim: 4096 exec/s: 15270 rss: 537Mb L: 24/4096 MS: 1 EraseBytes-
#5864173	REDUCE cov: 1730 ft: 7824 corp: 1649/493Kb lim: 4096 exec/s: 15271 rss: 537Mb L: 995/4096 MS: 1 EraseBytes-
#5864620	REDUCE cov: 1730 ft: 7824 corp: 1649/493Kb lim: 4096 exec/s: 15272 rss: 537Mb L: 971/4096 MS: 2 ChangeBit-EraseBytes-
#5868758	REDUCE cov: 1730 ft: 7824 corp: 1649/493Kb lim: 4096 exec/s: 15243 rss: 537Mb L: 176/4096 MS: 3 CopyPart-CopyPart-EraseBytes-
#5872529	REDUCE cov: 1730 ft: 7824 corp: 1649/493Kb lim: 4096 exec/s: 15253 rss: 537Mb L: 423/4096 MS: 1 EraseBytes-
#5875690	REDUCE cov: 1730 ft: 7824 corp: 1649/493Kb lim: 4096 exec/s: 15261 rss: 537Mb L: 86/4096 MS: 1 EraseBytes-
#5876076	REDUCE cov: 1730 ft: 7824 corp: 1649/493Kb lim: 4096 exec/s: 15262 rss: 537Mb L: 299/4096 MS: 1 EraseBytes-
#5876149	REDUCE cov: 1730 ft: 7824 corp: 1649/493Kb lim: 4096 exec/s: 15262 rss: 537Mb L: 2170/4096 MS: 3 ShuffleBytes-ChangeByte-EraseBytes-
#5879340	REDUCE cov: 1730 ft: 7824 corp: 1649/493Kb lim: 4096 exec/s: 15231 rss: 537Mb L: 186/4096 MS: 1 EraseBytes-
#5879954	REDUCE cov: 1730 ft: 7824 corp: 1649/493Kb lim: 4096 exec/s: 15233 rss: 537Mb L: 81/4096 MS: 4 EraseBytes-InsertByte-ShuffleBytes-CopyPart-
#5880070	REDUCE cov: 1730 ft: 7824 corp: 1649/492Kb lim: 4096 exec/s: 15233 rss: 537Mb L: 2107/4096 MS: 1 EraseBytes-
#5886292	REDUCE cov: 1730 ft: 7824 corp: 1649/492Kb lim: 4096 exec/s: 15249 rss: 537Mb L: 113/4096 MS: 1 EraseBytes-
#5886403	REDUCE cov: 1730 ft: 7824 corp: 1649/492Kb lim: 4096 exec/s: 15249 rss: 537Mb L: 259/4096 MS: 1 EraseBytes-
#5888809	REDUCE cov: 1730 ft: 7824 corp: 1649/492Kb lim: 4096 exec/s: 15216 rss: 537Mb L: 495/4096 MS: 1 EraseBytes-
#5889903	REDUCE cov: 1730 ft: 7824 corp: 1649/492Kb lim: 4096 exec/s: 15180 rss: 537Mb L: 1927/4096 MS: 4 ShuffleBytes-ChangeBinInt-PersAutoDict-EraseBytes- DE: "msesage"-
#5892885	REDUCE cov: 1730 ft: 7824 corp: 1649/492Kb lim: 4096 exec/s: 15187 rss: 537Mb L: 1889/4096 MS: 2 ChangeASCIIInt-EraseBytes-
#5895916	REDUCE cov: 1730 ft: 7824 corp: 1649/492Kb lim: 4096 exec/s: 15117 rss: 537Mb L: 76/4096 MS: 1 EraseBytes-
#5896117	REDUCE cov: 1730 ft: 7824 corp: 1649/492Kb lim: 4096 exec/s: 15118 rss: 537Mb L: 270/4096 MS: 1 EraseBytes-
#5902865	REDUCE cov: 1730 ft: 7824 corp: 1649/492Kb lim: 4096 exec/s: 15096 rss: 537Mb L: 885/4096 MS: 3 ChangeASCIIInt-ChangeByte-EraseBytes-
#5910547	REDUCE cov: 1730 ft: 7824 corp: 1649/492Kb lim: 4096 exec/s: 15116 rss: 537Mb L: 3233/4096 MS: 2 ChangeBit-EraseBytes-
#5911528	REDUCE cov: 1730 ft: 7824 corp: 1649/492Kb lim: 4096 exec/s: 15080 rss: 537Mb L: 80/4096 MS: 1 EraseBytes-
#5912367	REDUCE cov: 1730 ft: 7824 corp: 1649/492Kb lim: 4096 exec/s: 15082 rss: 537Mb L: 567/4096 MS: 4 ShuffleBytes-ChangeBit-CopyPart-EraseBytes-
#5916653	REDUCE cov: 1730 ft: 7824 corp: 1649/492Kb lim: 4096 exec/s: 15093 rss: 537Mb L: 44/4096 MS: 1 EraseBytes-
#5919509	REDUCE cov: 1730 ft: 7824 corp: 1649/492Kb lim: 4096 exec/s: 15062 rss: 537Mb L: 69/4096 MS: 1 EraseBytes-
#5920740	REDUCE cov: 1730 ft: 7824 corp: 1649/492Kb lim: 4096 exec/s: 15065 rss: 537Mb L: 109/4096 MS: 1 EraseBytes-
#5921476	REDUCE cov: 1730 ft: 7824 corp: 1649/492Kb lim: 4096 exec/s: 15067 rss: 537Mb L: 150/4096 MS: 1 EraseBytes-
#5921747	REDUCE cov: 1730 ft: 7824 corp: 1649/492Kb lim: 4096 exec/s: 15068 rss: 537Mb L: 427/4096 MS: 1 EraseBytes-
#5938458	REDUCE cov: 1730 ft: 7824 corp: 1649/492Kb lim: 4096 exec/s: 15072 rss: 537Mb L: 326/4096 MS: 1 EraseBytes-
#5939679	REDUCE cov: 1730 ft: 7824 corp: 1649/492Kb lim: 4096 exec/s: 15037 rss: 537Mb L: 25/4096 MS: 1 EraseBytes-
#5942251	REDUCE cov: 1730 ft: 7824 corp: 1649/492Kb lim: 4096 exec/s: 15043 rss: 537Mb L: 68/4096 MS: 2 ChangeASCIIInt-EraseBytes-
#5942642	REDUCE cov: 1730 ft: 7824 corp: 1649/492Kb lim: 4096 exec/s: 15044 rss: 537Mb L: 2081/4096 MS: 1 EraseBytes-
#5944664	REDUCE cov: 1730 ft: 7824 corp: 1649/492Kb lim: 4096 exec/s: 15049 rss: 537Mb L: 44/4096 MS: 2 ChangeByte-EraseBytes-
#5950159	REDUCE cov: 1730 ft: 7824 corp: 1649/492Kb lim: 4096 exec/s: 15025 rss: 537Mb L: 289/4096 MS: 5 ShuffleBytes-ChangeASCIIInt-ChangeBit-EraseBytes-CopyPart-
#5953475	REDUCE cov: 1730 ft: 7824 corp: 1649/492Kb lim: 4096 exec/s: 15034 rss: 537Mb L: 1166/4096 MS: 1 EraseBytes-
#5955194	REDUCE cov: 1730 ft: 7824 corp: 1649/492Kb lim: 4096 exec/s: 15038 rss: 537Mb L: 979/4096 MS: 4 CMP-ChangeBinInt-ChangeByte-EraseBytes- DE: "\357\277\275\357\277\275\357"-
#5955562	REDUCE cov: 1730 ft: 7824 corp: 1649/492Kb lim: 4096 exec/s: 15039 rss: 537Mb L: 1167/4096 MS: 3 InsertByte-ChangeBinInt-EraseBytes-
#5962573	REDUCE cov: 1730 ft: 7824 corp: 1649/492Kb lim: 4096 exec/s: 15019 rss: 537Mb L: 3167/4096 MS: 1 EraseBytes-
#5962925	REDUCE cov: 1730 ft: 7824 corp: 1649/492Kb lim: 4096 exec/s: 15019 rss: 537Mb L: 2404/4096 MS: 2 PersAutoDict-EraseBytes- DE: ",\357\277\275"-
#5963771	REDUCE cov: 1730 ft: 7824 corp: 1649/492Kb lim: 4096 exec/s: 15022 rss: 537Mb L: 467/4096 MS: 1 EraseBytes-
#5964307	REDUCE cov: 1730 ft: 7824 corp: 1649/492Kb lim: 4096 exec/s: 15023 rss: 537Mb L: 951/4096 MS: 1 EraseBytes-
#5966764	REDUCE cov: 1730 ft: 7824 corp: 1649/492Kb lim: 4096 exec/s: 14991 rss: 537Mb L: 268/4096 MS: 1 EraseBytes-
#5967800	REDUCE cov: 1730 ft: 7824 corp: 1649/492Kb lim: 4096 exec/s: 14994 rss: 537Mb L: 2068/4096 MS: 1 EraseBytes-
#5967976	REDUCE cov: 1730 ft: 7824 corp: 1649/492Kb lim: 4096 exec/s: 14994 rss: 537Mb L: 917/4096 MS: 1 EraseBytes-
#5968767	REDUCE cov: 1730 ft: 7824 corp: 1649/492Kb lim: 4096 exec/s: 14996 rss: 537Mb L: 61/4096 MS: 1 EraseBytes-
#5968793	REDUCE cov: 1732 ft: 7826 corp: 1650/492Kb lim: 4096 exec/s: 14996 rss: 537Mb L: 21/4096 MS: 1 CMP- DE: "detail"-
#5971121	REDUCE cov: 1732 ft: 7826 corp: 1650/492Kb lim: 4096 exec/s: 15002 rss: 537Mb L: 534/4096 MS: 3 ChangeBinInt-EraseBytes-CopyPart-
#5971352	REDUCE cov: 1732 ft: 7826 corp: 1650/492Kb lim: 4096 exec/s: 15003 rss: 537Mb L: 84/4096 MS: 1 EraseBytes-
#5974180	REDUCE cov: 1732 ft: 7826 corp: 1650/492Kb lim: 4096 exec/s: 15010 rss: 537Mb L: 1115/4096 MS: 3 ShuffleBytes-ChangeASCIIInt-EraseBytes-
#5974693	REDUCE cov: 1732 ft: 7826 corp: 1650/492Kb lim: 4096 exec/s: 15011 rss: 537Mb L: 507/4096 MS: 2 ShuffleBytes-EraseBytes-
#5975429	REDUCE cov: 1732 ft: 7826 corp: 1650/492Kb lim: 4096 exec/s: 14976 rss: 537Mb L: 1122/4096 MS: 1 EraseBytes-
#5975553	REDUCE cov: 1732 ft: 7826 corp: 1650/492Kb lim: 4096 exec/s: 14976 rss: 537Mb L: 1570/4096 MS: 4 InsertByte-ChangeBit-InsertByte-EraseBytes-
#5976336	REDUCE cov: 1732 ft: 7826 corp: 1650/492Kb lim: 4096 exec/s: 14978 rss: 537Mb L: 1892/4096 MS: 3 ChangeBinInt-ChangeBinInt-EraseBytes-
#5977677	REDUCE cov: 1732 ft: 7826 corp: 1650/491Kb lim: 4096 exec/s: 14981 rss: 537Mb L: 1292/4096 MS: 1 EraseBytes-
#5978415	REDUCE cov: 1732 ft: 7826 corp: 1650/491Kb lim: 4096 exec/s: 14983 rss: 537Mb L: 1550/4096 MS: 3 ChangeBinInt-ShuffleBytes-EraseBytes-
#5985393	REDUCE cov: 1732 ft: 7826 corp: 1650/491Kb lim: 4096 exec/s: 14963 rss: 537Mb L: 1973/4096 MS: 2 ShuffleBytes-EraseBytes-
#5985469	REDUCE cov: 1732 ft: 7826 corp: 1650/491Kb lim: 4096 exec/s: 14963 rss: 537Mb L: 102/4096 MS: 1 EraseBytes-
#5985605	REDUCE cov: 1732 ft: 7826 corp: 1650/491Kb lim: 4096 exec/s: 14964 rss: 537Mb L: 2051/4096 MS: 1 EraseBytes-
#5986335	REDUCE cov: 1732 ft: 7826 corp: 1650/491Kb lim: 4096 exec/s: 14965 rss: 537Mb L: 2533/4096 MS: 5 ShuffleBytes-CMP-EraseBytes-InsertRepeatedBytes-CMP- DE: "instance"-"\377\377\377\377"-
#5990081	REDUCE cov: 1732 ft: 7826 corp: 1650/491Kb lim: 4096 exec/s: 14975 rss: 537Mb L: 1526/4096 MS: 1 EraseBytes-
#5992708	REDUCE cov: 1732 ft: 7826 corp: 1650/491Kb lim: 4096 exec/s: 14981 rss: 537Mb L: 2687/4096 MS: 2 CrossOver-EraseBytes-
#5997195	REDUCE cov: 1732 ft: 7826 corp: 1650/491Kb lim: 4096 exec/s: 14955 rss: 537Mb L: 100/4096 MS: 1 EraseBytes-
#6000046	REDUCE cov: 1732 ft: 7826 corp: 1650/491Kb lim: 4096 exec/s: 14962 rss: 537Mb L: 251/4096 MS: 1 EraseBytes-
#6007582	REDUCE cov: 1732 ft: 7826 corp: 1650/491Kb lim: 4096 exec/s: 14944 rss: 537Mb L: 618/4096 MS: 1 EraseBytes-
#6008828	REDUCE cov: 1732 ft: 7826 corp: 1650/491Kb lim: 4096 exec/s: 14947 rss: 537Mb L: 494/4096 MS: 1 EraseBytes-
#6013420	REDUCE cov: 1732 ft: 7826 corp: 1650/491Kb lim: 4096 exec/s: 14921 rss: 537Mb L: 1881/4096 MS: 2 CMP-EraseBytes- DE: "\377\377\377\377\377\377\3771"-
#6013556	REDUCE cov: 1732 ft: 7826 corp: 1650/491Kb lim: 4096 exec/s: 14921 rss: 537Mb L: 9/4096 MS: 1 EraseBytes-
#6014510	REDUCE cov: 1732 ft: 7826 corp: 1650/491Kb lim: 4096 exec/s: 14924 rss: 537Mb L: 2351/4096 MS: 4 ChangeBit-InsertByte-PersAutoDict-EraseBytes- DE: "msesage"-
#6017121	REDUCE cov: 1732 ft: 7826 corp: 1650/491Kb lim: 4096 exec/s: 14930 rss: 537Mb L: 23/4096 MS: 1 EraseBytes-
#6017578	REDUCE cov: 1732 ft: 7826 corp: 1650/491Kb lim: 4096 exec/s: 14931 rss: 537Mb L: 1119/4096 MS: 2 ChangeBit-EraseBytes-
#6018035	REDUCE cov: 1732 ft: 7826 corp: 1650/491Kb lim: 4096 exec/s: 14933 rss: 537Mb L: 3614/4096 MS: 2 CMP-EraseBytes- DE: "code"-
#6022806	REDUCE cov: 1732 ft: 7826 corp: 1650/491Kb lim: 4096 exec/s: 14907 rss: 537Mb L: 1567/4096 MS: 1 EraseBytes-
#6024393	REDUCE cov: 1732 ft: 7826 corp: 1650/491Kb lim: 4096 exec/s: 14911 rss: 537Mb L: 62/4096 MS: 2 ChangeASCIIInt-EraseBytes-
#6024814	REDUCE cov: 1732 ft: 7826 corp: 1650/491Kb lim: 4096 exec/s: 14912 rss: 537Mb L: 323/4096 MS: 1 EraseBytes-
#6025121	REDUCE cov: 1732 ft: 7826 corp: 1650/491Kb lim: 4096 exec/s: 14913 rss: 537Mb L: 2326/4096 MS: 2 CopyPart-EraseBytes-
#6025982	REDUCE cov: 1732 ft: 7826 corp: 1650/491Kb lim: 4096 exec/s: 14915 rss: 537Mb L: 901/4096 MS: 1 EraseBytes-
#6028643	REDUCE cov: 1732 ft: 7826 corp: 1650/491Kb lim: 4096 exec/s: 14922 rss: 538Mb L: 674/4096 MS: 1 EraseBytes-
#6031434	REDUCE cov: 1732 ft: 7826 corp: 1650/491Kb lim: 4096 exec/s: 14929 rss: 538Mb L: 31/4096 MS: 1 EraseBytes-
#6031716	REDUCE cov: 1732 ft: 7826 corp: 1650/491Kb lim: 4096 exec/s: 14929 rss: 538Mb L: 801/4096 MS: 2 ChangeASCIIInt-EraseBytes-
#6033064	REDUCE cov: 1732 ft: 7826 corp: 1650/491Kb lim: 4096 exec/s: 14896 rss: 539Mb L: 855/4096 MS: 2 ChangeASCIIInt-EraseBytes-
#6036195	REDUCE cov: 1732 ft: 7826 corp: 1650/491Kb lim: 4096 exec/s: 14904 rss: 539Mb L: 3360/4096 MS: 1 EraseBytes-
#6038046	REDUCE cov: 1732 ft: 7826 corp: 1650/491Kb lim: 4096 exec/s: 14908 rss: 539Mb L: 1837/4096 MS: 1 EraseBytes-
#6041720	REDUCE cov: 1732 ft: 7826 corp: 1650/491Kb lim: 4096 exec/s: 14881 rss: 539Mb L: 1827/4096 MS: 3 ChangeASCIIInt-ChangeASCIIInt-EraseBytes-
#6043416	REDUCE cov: 1732 ft: 7826 corp: 1650/491Kb lim: 4096 exec/s: 14885 rss: 539Mb L: 1186/4096 MS: 1 EraseBytes-
#6045314	REDUCE cov: 1732 ft: 7826 corp: 1650/491Kb lim: 4096 exec/s: 14889 rss: 539Mb L: 31/4096 MS: 3 ChangeByte-ChangeBit-EraseBytes-
#6047001	REDUCE cov: 1732 ft: 7826 corp: 1650/491Kb lim: 4096 exec/s: 14894 rss: 539Mb L: 490/4096 MS: 2 ChangeASCIIInt-EraseBytes-
#6048867	REDUCE cov: 1732 ft: 7826 corp: 1650/491Kb lim: 4096 exec/s: 14898 rss: 539Mb L: 22/4096 MS: 1 EraseBytes-
#6052799	REDUCE cov: 1732 ft: 7826 corp: 1650/491Kb lim: 4096 exec/s: 14871 rss: 539Mb L: 33/4096 MS: 1 EraseBytes-
#6076655	REDUCE cov: 1732 ft: 7826 corp: 1650/491Kb lim: 4096 exec/s: 14857 rss: 539Mb L: 17/4096 MS: 1 EraseBytes-
#6080871	REDUCE cov: 1732 ft: 7826 corp: 1650/491Kb lim: 4096 exec/s: 14831 rss: 539Mb L: 79/4096 MS: 1 EraseBytes-
#6082402	REDUCE cov: 1732 ft: 7826 corp: 1650/491Kb lim: 4096 exec/s: 14835 rss: 539Mb L: 304/4096 MS: 1 EraseBytes-
#6084493	REDUCE cov: 1732 ft: 7826 corp: 1650/491Kb lim: 4096 exec/s: 14840 rss: 539Mb L: 15/4096 MS: 1 EraseBytes-
#6085681	NEW    cov: 1732 ft: 7830 corp: 1651/491Kb lim: 4096 exec/s: 14843 rss: 539Mb L: 303/4096 MS: 3 CopyPart-ShuffleBytes-CopyPart-
#6085745	REDUCE cov: 1732 ft: 7831 corp: 1652/495Kb lim: 4096 exec/s: 14843 rss: 539Mb L: 3972/4096 MS: 4 CopyPart-ChangeASCIIInt-ShuffleBytes-CopyPart-
#6088081	REDUCE cov: 1732 ft: 7831 corp: 1652/495Kb lim: 4096 exec/s: 14812 rss: 539Mb L: 3592/4096 MS: 1 EraseBytes-
#6091692	REDUCE cov: 1732 ft: 7831 corp: 1652/495Kb lim: 4096 exec/s: 14821 rss: 539Mb L: 922/4096 MS: 1 EraseBytes-
#6092369	REDUCE cov: 1732 ft: 7831 corp: 1652/495Kb lim: 4096 exec/s: 14823 rss: 539Mb L: 61/4096 MS: 2 ChangeBit-EraseBytes-
#6092975	REDUCE cov: 1732 ft: 7831 corp: 1652/495Kb lim: 4096 exec/s: 14824 rss: 539Mb L: 3762/4096 MS: 1 EraseBytes-
#6096127	REDUCE cov: 1732 ft: 7831 corp: 1652/495Kb lim: 4096 exec/s: 14832 rss: 539Mb L: 1525/4096 MS: 2 ShuffleBytes-EraseBytes-
#6098233	REDUCE cov: 1732 ft: 7831 corp: 1652/495Kb lim: 4096 exec/s: 14801 rss: 539Mb L: 282/4096 MS: 1 EraseBytes-
#6101389	NEW    cov: 1732 ft: 7835 corp: 1653/495Kb lim: 4096 exec/s: 14809 rss: 539Mb L: 569/4096 MS: 1 CopyPart-
#6107412	REDUCE cov: 1732 ft: 7835 corp: 1653/495Kb lim: 4096 exec/s: 14787 rss: 539Mb L: 263/4096 MS: 3 ChangeASCIIInt-ChangeBinInt-EraseBytes-
#6113203	REDUCE cov: 1732 ft: 7835 corp: 1653/495Kb lim: 4096 exec/s: 14801 rss: 539Mb L: 969/4096 MS: 1 EraseBytes-
#6115754	REDUCE cov: 1732 ft: 7835 corp: 1653/495Kb lim: 4096 exec/s: 14808 rss: 539Mb L: 1097/4096 MS: 1 EraseBytes-
#6116188	REDUCE cov: 1732 ft: 7835 corp: 1653/495Kb lim: 4096 exec/s: 14809 rss: 539Mb L: 359/4096 MS: 4 ShuffleBytes-CopyPart-InsertRepeatedBytes-EraseBytes-
#6118271	REDUCE cov: 1732 ft: 7835 corp: 1653/495Kb lim: 4096 exec/s: 14778 rss: 539Mb L: 2258/4096 MS: 3 ChangeASCIIInt-ShuffleBytes-EraseBytes-
#6118602	REDUCE cov: 1732 ft: 7835 corp: 1653/495Kb lim: 4096 exec/s: 14779 rss: 539Mb L: 9/4096 MS: 1 EraseBytes-
#6119353	REDUCE cov: 1732 ft: 7835 corp: 1653/495Kb lim: 4096 exec/s: 14781 rss: 539Mb L: 852/4096 MS: 1 EraseBytes-
#6119410	REDUCE cov: 1732 ft: 7835 corp: 1653/495Kb lim: 4096 exec/s: 14781 rss: 539Mb L: 58/4096 MS: 2 ShuffleBytes-EraseBytes-
#6122206	REDUCE cov: 1732 ft: 7835 corp: 1653/495Kb lim: 4096 exec/s: 14787 rss: 539Mb L: 276/4096 MS: 1 EraseBytes-
#6122708	REDUCE cov: 1732 ft: 7835 corp: 1653/495Kb lim: 4096 exec/s: 14789 rss: 539Mb L: 1089/4096 MS: 2 PersAutoDict-EraseBytes- DE: "\376\377\377\373"-
#6123114	REDUCE cov: 1732 ft: 7835 corp: 1653/495Kb lim: 4096 exec/s: 14790 rss: 539Mb L: 479/4096 MS: 1 EraseBytes-
#6125850	REDUCE cov: 1732 ft: 7835 corp: 1653/495Kb lim: 4096 exec/s: 14796 rss: 539Mb L: 1805/4096 MS: 1 EraseBytes-
#6129389	REDUCE cov: 1732 ft: 7835 corp: 1653/495Kb lim: 4096 exec/s: 14769 rss: 539Mb L: 2211/4096 MS: 3 ShuffleBytes-ChangeBit-EraseBytes-
#6134621	REDUCE cov: 1732 ft: 7835 corp: 1653/495Kb lim: 4096 exec/s: 14782 rss: 539Mb L: 2471/4096 MS: 2 ChangeByte-EraseBytes-
#6141888	REDUCE cov: 1732 ft: 7835 corp: 1653/495Kb lim: 4096 exec/s: 14764 rss: 539Mb L: 1824/4096 MS: 1 EraseBytes-
#6142729	REDUCE cov: 1732 ft: 7835 corp: 1653/495Kb lim: 4096 exec/s: 14766 rss: 539Mb L: 38/4096 MS: 1 EraseBytes-
#6143958	REDUCE cov: 1732 ft: 7835 corp: 1653/495Kb lim: 4096 exec/s: 14769 rss: 539Mb L: 1086/4096 MS: 4 ChangeBit-ChangeByte-CMP-EraseBytes- DE: "mEssage"-
#6144606	REDUCE cov: 1732 ft: 7835 corp: 1653/495Kb lim: 4096 exec/s: 14770 rss: 539Mb L: 385/4096 MS: 3 CopyPart-CrossOver-EraseBytes-
#6153237	REDUCE cov: 1732 ft: 7835 corp: 1653/495Kb lim: 4096 exec/s: 14755 rss: 539Mb L: 842/4096 MS: 1 EraseBytes-
#6156318	REDUCE cov: 1732 ft: 7835 corp: 1653/495Kb lim: 4096 exec/s: 14728 rss: 539Mb L: 131/4096 MS: 1 EraseBytes-
#6160074	REDUCE cov: 1732 ft: 7835 corp: 1653/495Kb lim: 4096 exec/s: 14737 rss: 539Mb L: 863/4096 MS: 1 EraseBytes-
#6166627	REDUCE cov: 1732 ft: 7835 corp: 1653/495Kb lim: 4096 exec/s: 14717 rss: 539Mb L: 476/4096 MS: 3 ChangeByte-ChangeASCIIInt-EraseBytes-
#6169023	REDUCE cov: 1732 ft: 7835 corp: 1653/495Kb lim: 4096 exec/s: 14723 rss: 539Mb L: 803/4096 MS: 1 EraseBytes-
#6174824	REDUCE cov: 1732 ft: 7835 corp: 1653/495Kb lim: 4096 exec/s: 14737 rss: 539Mb L: 707/4096 MS: 1 EraseBytes-
#6177740	REDUCE cov: 1732 ft: 7835 corp: 1653/495Kb lim: 4096 exec/s: 14708 rss: 539Mb L: 781/4096 MS: 1 EraseBytes-
#6178281	REDUCE cov: 1732 ft: 7835 corp: 1653/494Kb lim: 4096 exec/s: 14710 rss: 539Mb L: 3477/4096 MS: 1 EraseBytes-
#6181823	REDUCE cov: 1732 ft: 7835 corp: 1653/494Kb lim: 4096 exec/s: 14718 rss: 539Mb L: 93/4096 MS: 1 EraseBytes-
#6185005	REDUCE cov: 1732 ft: 7835 corp: 1653/494Kb lim: 4096 exec/s: 14726 rss: 539Mb L: 207/4096 MS: 2 ShuffleBytes-EraseBytes-
#6185401	REDUCE cov: 1732 ft: 7835 corp: 1653/494Kb lim: 4096 exec/s: 14692 rss: 539Mb L: 3765/4096 MS: 1 EraseBytes-
#6187472	REDUCE cov: 1732 ft: 7835 corp: 1653/494Kb lim: 4096 exec/s: 14697 rss: 539Mb L: 36/4096 MS: 1 EraseBytes-
#6192053	REDUCE cov: 1732 ft: 7835 corp: 1653/494Kb lim: 4096 exec/s: 14707 rss: 539Mb L: 1959/4096 MS: 1 EraseBytes-
#6192569	REDUCE cov: 1732 ft: 7835 corp: 1653/494Kb lim: 4096 exec/s: 14709 rss: 539Mb L: 66/4096 MS: 1 EraseBytes-
#6195215	REDUCE cov: 1732 ft: 7835 corp: 1653/494Kb lim: 4096 exec/s: 14680 rss: 539Mb L: 3463/4096 MS: 1 EraseBytes-
#6195226	REDUCE cov: 1732 ft: 7835 corp: 1653/494Kb lim: 4096 exec/s: 14680 rss: 539Mb L: 104/4096 MS: 1 EraseBytes-
#6198943	REDUCE cov: 1732 ft: 7835 corp: 1653/494Kb lim: 4096 exec/s: 14689 rss: 539Mb L: 1151/4096 MS: 2 CMP-EraseBytes- DE: "\377\377\377\377\377\377\377\377"-
#6199709	REDUCE cov: 1732 ft: 7835 corp: 1653/494Kb lim: 4096 exec/s: 14691 rss: 539Mb L: 1161/4096 MS: 1 EraseBytes-
#6200285	REDUCE cov: 1732 ft: 7835 corp: 1653/494Kb lim: 4096 exec/s: 14692 rss: 539Mb L: 78/4096 MS: 1 EraseBytes-
#6207421	REDUCE cov: 1732 ft: 7835 corp: 1653/494Kb lim: 4096 exec/s: 14674 rss: 539Mb L: 67/4096 MS: 1 EraseBytes-
#6209682	REDUCE cov: 1732 ft: 7835 corp: 1653/494Kb lim: 4096 exec/s: 14680 rss: 539Mb L: 1512/4096 MS: 1 EraseBytes-
#6211643	REDUCE cov: 1732 ft: 7835 corp: 1653/494Kb lim: 4096 exec/s: 14684 rss: 539Mb L: 23/4096 MS: 1 EraseBytes-
#6213529	REDUCE cov: 1732 ft: 7835 corp: 1653/494Kb lim: 4096 exec/s: 14689 rss: 539Mb L: 369/4096 MS: 1 EraseBytes-
#6214475	REDUCE cov: 1732 ft: 7835 corp: 1653/494Kb lim: 4096 exec/s: 14691 rss: 539Mb L: 22/4096 MS: 1 EraseBytes-
#6218881	REDUCE cov: 1732 ft: 7835 corp: 1653/494Kb lim: 4096 exec/s: 14667 rss: 539Mb L: 162/4096 MS: 1 EraseBytes-
#6219532	REDUCE cov: 1732 ft: 7835 corp: 1653/494Kb lim: 4096 exec/s: 14668 rss: 539Mb L: 132/4096 MS: 1 EraseBytes-
#6219643	REDUCE cov: 1732 ft: 7835 corp: 1653/494Kb lim: 4096 exec/s: 14668 rss: 539Mb L: 79/4096 MS: 1 EraseBytes-
#6222610	REDUCE cov: 1732 ft: 7835 corp: 1653/494Kb lim: 4096 exec/s: 14675 rss: 539Mb L: 1783/4096 MS: 2 CrossOver-EraseBytes-
#6229232	REDUCE cov: 1732 ft: 7835 corp: 1653/494Kb lim: 4096 exec/s: 14657 rss: 539Mb L: 2207/4096 MS: 2 CMP-EraseBytes- DE: "\377\377\377\377\377\377\377\377"-
#6229840	REDUCE cov: 1732 ft: 7835 corp: 1653/494Kb lim: 4096 exec/s: 14658 rss: 539Mb L: 1429/4096 MS: 3 ChangeASCIIInt-ChangeBit-EraseBytes-
#6231701	REDUCE cov: 1732 ft: 7835 corp: 1653/494Kb lim: 4096 exec/s: 14662 rss: 539Mb L: 72/4096 MS: 1 EraseBytes-
#6236677	REDUCE cov: 1732 ft: 7835 corp: 1653/494Kb lim: 4096 exec/s: 14640 rss: 539Mb L: 215/4096 MS: 1 EraseBytes-
#6237610	REDUCE cov: 1732 ft: 7839 corp: 1654/498Kb lim: 4096 exec/s: 14642 rss: 539Mb L: 3890/4096 MS: 3 ChangeBinInt-ChangeASCIIInt-CopyPart-
#6241405	REDUCE cov: 1732 ft: 7839 corp: 1654/498Kb lim: 4096 exec/s: 14651 rss: 539Mb L: 904/4096 MS: 5 ChangeBit-CopyPart-ChangeASCIIInt-ChangeASCIIInt-EraseBytes-
#6243411	REDUCE cov: 1732 ft: 7839 corp: 1654/497Kb lim: 4096 exec/s: 14655 rss: 539Mb L: 1106/4096 MS: 1 EraseBytes-
#6243842	REDUCE cov: 1732 ft: 7839 corp: 1654/497Kb lim: 4096 exec/s: 14656 rss: 539Mb L: 779/4096 MS: 1 EraseBytes-
#6246548	REDUCE cov: 1732 ft: 7839 corp: 1654/497Kb lim: 4096 exec/s: 14628 rss: 539Mb L: 56/4096 MS: 1 EraseBytes-
#6249526	REDUCE cov: 1732 ft: 7839 corp: 1654/497Kb lim: 4096 exec/s: 14635 rss: 539Mb L: 3663/4096 MS: 3 ChangeByte-EraseBytes-ChangeByte-
#6256579	REDUCE cov: 1732 ft: 7839 corp: 1654/497Kb lim: 4096 exec/s: 14618 rss: 539Mb L: 1032/4096 MS: 3 ChangeASCIIInt-ShuffleBytes-EraseBytes-
#6257627	REDUCE cov: 1732 ft: 7839 corp: 1654/497Kb lim: 4096 exec/s: 14620 rss: 539Mb L: 38/4096 MS: 3 CrossOver-EraseBytes-ShuffleBytes-
#6258878	REDUCE cov: 1732 ft: 7839 corp: 1654/497Kb lim: 4096 exec/s: 14623 rss: 539Mb L: 2038/4096 MS: 1 EraseBytes-
#6260549	REDUCE cov: 1732 ft: 7839 corp: 1654/497Kb lim: 4096 exec/s: 14627 rss: 539Mb L: 776/4096 MS: 1 EraseBytes-
#6262805	REDUCE cov: 1732 ft: 7839 corp: 1654/497Kb lim: 4096 exec/s: 14632 rss: 539Mb L: 114/4096 MS: 1 EraseBytes-
#6263517	REDUCE cov: 1732 ft: 7839 corp: 1654/497Kb lim: 4096 exec/s: 14634 rss: 539Mb L: 303/4096 MS: 2 ChangeByte-EraseBytes-
#6269476	REDUCE cov: 1732 ft: 7839 corp: 1654/497Kb lim: 4096 exec/s: 14614 rss: 539Mb L: 3707/4096 MS: 4 ChangeByte-ChangeASCIIInt-ChangeBit-EraseBytes-
#6271448	REDUCE cov: 1732 ft: 7839 corp: 1654/497Kb lim: 4096 exec/s: 14618 rss: 539Mb L: 770/4096 MS: 2 ShuffleBytes-EraseBytes-
#6273288	REDUCE cov: 1732 ft: 7839 corp: 1654/497Kb lim: 4096 exec/s: 14623 rss: 539Mb L: 2016/4096 MS: 4 ChangeASCIIInt-InsertByte-ShuffleBytes-EraseBytes-
#6278204	REDUCE cov: 1732 ft: 7839 corp: 1654/497Kb lim: 4096 exec/s: 14600 rss: 539Mb L: 753/4096 MS: 1 EraseBytes-
#6281518	REDUCE cov: 1732 ft: 7839 corp: 1654/497Kb lim: 4096 exec/s: 14608 rss: 539Mb L: 3655/4096 MS: 4 ChangeByte-PersAutoDict-ChangeBinInt-EraseBytes- DE: "A\357\277\275"-
#6290540	REDUCE cov: 1732 ft: 7839 corp: 1654/497Kb lim: 4096 exec/s: 14595 rss: 539Mb L: 323/4096 MS: 1 EraseBytes-
#6292271	REDUCE cov: 1732 ft: 7839 corp: 1654/497Kb lim: 4096 exec/s: 14599 rss: 539Mb L: 576/4096 MS: 1 EraseBytes-
#6308417	REDUCE cov: 1732 ft: 7839 corp: 1654/497Kb lim: 4096 exec/s: 14602 rss: 539Mb L: 874/4096 MS: 1 EraseBytes-
#6309154	REDUCE cov: 1732 ft: 7839 corp: 1654/497Kb lim: 4096 exec/s: 14604 rss: 539Mb L: 900/4096 MS: 2 ChangeASCIIInt-EraseBytes-
#6310965	REDUCE cov: 1732 ft: 7839 corp: 1654/497Kb lim: 4096 exec/s: 14574 rss: 539Mb L: 432/4096 MS: 1 EraseBytes-
#6312051	REDUCE cov: 1732 ft: 7839 corp: 1654/497Kb lim: 4096 exec/s: 14577 rss: 539Mb L: 47/4096 MS: 1 EraseBytes-
#6315247	REDUCE cov: 1732 ft: 7839 corp: 1654/497Kb lim: 4096 exec/s: 14584 rss: 539Mb L: 417/4096 MS: 1 EraseBytes-
#6316144	REDUCE cov: 1732 ft: 7839 corp: 1654/497Kb lim: 4096 exec/s: 14586 rss: 539Mb L: 1014/4096 MS: 1 EraseBytes-
#6318827	REDUCE cov: 1732 ft: 7839 corp: 1654/497Kb lim: 4096 exec/s: 14593 rss: 539Mb L: 1101/4096 MS: 3 CopyPart-ShuffleBytes-EraseBytes-
#6324509	REDUCE cov: 1732 ft: 7839 corp: 1654/497Kb lim: 4096 exec/s: 14572 rss: 539Mb L: 348/4096 MS: 2 ChangeASCIIInt-EraseBytes-
#6327617	REDUCE cov: 1732 ft: 7839 corp: 1654/497Kb lim: 4096 exec/s: 14579 rss: 539Mb L: 2314/4096 MS: 2 ChangeBit-EraseBytes-
#6331628	REDUCE cov: 1732 ft: 7839 corp: 1654/497Kb lim: 4096 exec/s: 14555 rss: 539Mb L: 3586/4096 MS: 1 EraseBytes-
#6331794	REDUCE cov: 1732 ft: 7839 corp: 1654/497Kb lim: 4096 exec/s: 14555 rss: 539Mb L: 1373/4096 MS: 1 EraseBytes-
#6332455	REDUCE cov: 1732 ft: 7839 corp: 1654/497Kb lim: 4096 exec/s: 14557 rss: 539Mb L: 279/4096 MS: 1 EraseBytes-
#6342486	REDUCE cov: 1732 ft: 7839 corp: 1654/497Kb lim: 4096 exec/s: 14546 rss: 539Mb L: 3750/4096 MS: 1 EraseBytes-
#6344007	REDUCE cov: 1732 ft: 7839 corp: 1654/497Kb lim: 4096 exec/s: 14550 rss: 539Mb L: 380/4096 MS: 1 EraseBytes-
#6344193	REDUCE cov: 1732 ft: 7839 corp: 1654/497Kb lim: 4096 exec/s: 14550 rss: 539Mb L: 897/4096 MS: 1 EraseBytes-
#6347069	REDUCE cov: 1732 ft: 7839 corp: 1654/497Kb lim: 4096 exec/s: 14557 rss: 539Mb L: 773/4096 MS: 1 EraseBytes-
#6348980	REDUCE cov: 1732 ft: 7849 corp: 1655/500Kb lim: 4096 exec/s: 14561 rss: 539Mb L: 3553/4096 MS: 1 CopyPart-
#6358276	REDUCE cov: 1732 ft: 7849 corp: 1655/500Kb lim: 4096 exec/s: 14549 rss: 539Mb L: 83/4096 MS: 1 EraseBytes-
#6362917	REDUCE cov: 1732 ft: 7849 corp: 1655/500Kb lim: 4096 exec/s: 14527 rss: 539Mb L: 31/4096 MS: 1 EraseBytes-
#6365485	REDUCE cov: 1732 ft: 7849 corp: 1655/500Kb lim: 4096 exec/s: 14533 rss: 539Mb L: 281/4096 MS: 3 PersAutoDict-InsertByte-EraseBytes- DE: "message"-
#6375931	REDUCE cov: 1732 ft: 7849 corp: 1655/500Kb lim: 4096 exec/s: 14523 rss: 542Mb L: 2608/4096 MS: 1 EraseBytes-
#6376042	REDUCE cov: 1732 ft: 7849 corp: 1655/500Kb lim: 4096 exec/s: 14524 rss: 542Mb L: 1068/4096 MS: 1 EraseBytes-
#6376912	REDUCE cov: 1732 ft: 7849 corp: 1655/500Kb lim: 4096 exec/s: 14525 rss: 542Mb L: 380/4096 MS: 5 ChangeASCIIInt-ChangeBinInt-ChangeByte-ShuffleBytes-EraseBytes-
#6379843	REDUCE cov: 1732 ft: 7849 corp: 1655/500Kb lim: 4096 exec/s: 14532 rss: 543Mb L: 27/4096 MS: 1 EraseBytes-
#6384629	REDUCE cov: 1732 ft: 7849 corp: 1655/500Kb lim: 4096 exec/s: 14510 rss: 544Mb L: 364/4096 MS: 1 EraseBytes-
#6390352	REDUCE cov: 1732 ft: 7849 corp: 1655/500Kb lim: 4096 exec/s: 14523 rss: 546Mb L: 1064/4096 MS: 3 CopyPart-ChangeASCIIInt-EraseBytes-
#6393724	REDUCE cov: 1732 ft: 7849 corp: 1655/500Kb lim: 4096 exec/s: 14498 rss: 548Mb L: 1047/4096 MS: 1 EraseBytes-
#6396870	REDUCE cov: 1732 ft: 7849 corp: 1655/500Kb lim: 4096 exec/s: 14505 rss: 548Mb L: 2974/4096 MS: 1 EraseBytes-
#6402720	REDUCE cov: 1732 ft: 7849 corp: 1655/500Kb lim: 4096 exec/s: 14518 rss: 548Mb L: 2740/4096 MS: 4 EraseBytes-ChangeByte-EraseBytes-CopyPart-
#6417396	REDUCE cov: 1732 ft: 7849 corp: 1655/500Kb lim: 4096 exec/s: 14486 rss: 548Mb L: 968/4096 MS: 1 EraseBytes-
#6419057	REDUCE cov: 1732 ft: 7849 corp: 1655/500Kb lim: 4096 exec/s: 14489 rss: 548Mb L: 3848/4096 MS: 1 EraseBytes-
#6422408	REDUCE cov: 1732 ft: 7849 corp: 1655/500Kb lim: 4096 exec/s: 14497 rss: 548Mb L: 1996/4096 MS: 1 EraseBytes-
#6425799	REDUCE cov: 1732 ft: 7849 corp: 1655/500Kb lim: 4096 exec/s: 14472 rss: 548Mb L: 3742/4096 MS: 1 EraseBytes-
#6429635	REDUCE cov: 1732 ft: 7849 corp: 1655/500Kb lim: 4096 exec/s: 14481 rss: 548Mb L: 1039/4096 MS: 1 EraseBytes-
#6431371	REDUCE cov: 1732 ft: 7849 corp: 1655/500Kb lim: 4096 exec/s: 14485 rss: 548Mb L: 55/4096 MS: 1 EraseBytes-
#6433305	REDUCE cov: 1732 ft: 7849 corp: 1655/500Kb lim: 4096 exec/s: 14489 rss: 548Mb L: 699/4096 MS: 4 ChangeByte-ShuffleBytes-CMP-EraseBytes- DE: "detail"-
#6434786	REDUCE cov: 1732 ft: 7849 corp: 1655/500Kb lim: 4096 exec/s: 14460 rss: 548Mb L: 750/4096 MS: 1 EraseBytes-
#6435494	REDUCE cov: 1732 ft: 7849 corp: 1655/500Kb lim: 4096 exec/s: 14461 rss: 548Mb L: 1144/4096 MS: 3 EraseBytes-ChangeBit-CopyPart-
#6437520	REDUCE cov: 1732 ft: 7849 corp: 1655/500Kb lim: 4096 exec/s: 14466 rss: 548Mb L: 38/4096 MS: 1 EraseBytes-
#6445166	REDUCE cov: 1732 ft: 7849 corp: 1655/500Kb lim: 4096 exec/s: 14451 rss: 549Mb L: 19/4096 MS: 1 EraseBytes-
#6448322	REDUCE cov: 1732 ft: 7849 corp: 1655/500Kb lim: 4096 exec/s: 14458 rss: 549Mb L: 21/4096 MS: 1 EraseBytes-
#6449038	REDUCE cov: 1732 ft: 7849 corp: 1655/500Kb lim: 4096 exec/s: 14459 rss: 549Mb L: 1404/4096 MS: 1 EraseBytes-
#6451929	REDUCE cov: 1732 ft: 7849 corp: 1655/499Kb lim: 4096 exec/s: 14466 rss: 549Mb L: 225/4096 MS: 1 EraseBytes-
#6453115	REDUCE cov: 1732 ft: 7849 corp: 1655/499Kb lim: 4096 exec/s: 14468 rss: 549Mb L: 1973/4096 MS: 1 EraseBytes-
#6453521	REDUCE cov: 1732 ft: 7849 corp: 1655/499Kb lim: 4096 exec/s: 14469 rss: 549Mb L: 1959/4096 MS: 1 EraseBytes-
#6455892	REDUCE cov: 1732 ft: 7849 corp: 1655/499Kb lim: 4096 exec/s: 14442 rss: 549Mb L: 238/4096 MS: 1 EraseBytes-
#6456494	REDUCE cov: 1732 ft: 7849 corp: 1655/499Kb lim: 4096 exec/s: 14444 rss: 549Mb L: 1012/4096 MS: 2 ChangeBit-EraseBytes-
#6457220	REDUCE cov: 1732 ft: 7849 corp: 1655/499Kb lim: 4096 exec/s: 14445 rss: 549Mb L: 1256/4096 MS: 1 EraseBytes-
#6459357	REDUCE cov: 1732 ft: 7849 corp: 1655/499Kb lim: 4096 exec/s: 14450 rss: 549Mb L: 858/4096 MS: 2 EraseBytes-CopyPart-
#6461969	REDUCE cov: 1732 ft: 7849 corp: 1655/499Kb lim: 4096 exec/s: 14456 rss: 549Mb L: 1257/4096 MS: 2 CopyPart-EraseBytes-
#6463479	REDUCE cov: 1732 ft: 7849 corp: 1655/499Kb lim: 4096 exec/s: 14459 rss: 549Mb L: 352/4096 MS: 3 PersAutoDict-ChangeBinInt-EraseBytes- DE: " \377\377\377\377\377\377\377"-
#6467717	REDUCE cov: 1732 ft: 7849 corp: 1655/499Kb lim: 4096 exec/s: 14436 rss: 549Mb L: 68/4096 MS: 3 InsertByte-EraseBytes-ChangeBinInt-
#6468405	REDUCE cov: 1732 ft: 7849 corp: 1655/499Kb lim: 4096 exec/s: 14438 rss: 549Mb L: 915/4096 MS: 3 EraseBytes-InsertByte-ChangeBinInt-
#6472066	REDUCE cov: 1732 ft: 7849 corp: 1655/499Kb lim: 4096 exec/s: 14446 rss: 549Mb L: 1517/4096 MS: 1 EraseBytes-
#6479999	REDUCE cov: 1732 ft: 7849 corp: 1655/499Kb lim: 4096 exec/s: 14432 rss: 549Mb L: 883/4096 MS: 2 ChangeASCIIInt-EraseBytes-
#6480225	REDUCE cov: 1732 ft: 7849 corp: 1655/499Kb lim: 4096 exec/s: 14432 rss: 549Mb L: 846/4096 MS: 1 EraseBytes-
#6482482	REDUCE cov: 1732 ft: 7849 corp: 1655/499Kb lim: 4096 exec/s: 14437 rss: 549Mb L: 79/4096 MS: 2 ShuffleBytes-EraseBytes-
#6486034	REDUCE cov: 1732 ft: 7849 corp: 1655/499Kb lim: 4096 exec/s: 14445 rss: 549Mb L: 629/4096 MS: 2 ChangeBit-EraseBytes-
#6487785	REDUCE cov: 1732 ft: 7849 corp: 1655/499Kb lim: 4096 exec/s: 14417 rss: 549Mb L: 102/4096 MS: 1 EraseBytes-
#6489966	REDUCE cov: 1732 ft: 7849 corp: 1655/499Kb lim: 4096 exec/s: 14422 rss: 549Mb L: 16/4096 MS: 1 EraseBytes-
#6491432	REDUCE cov: 1732 ft: 7849 corp: 1655/499Kb lim: 4096 exec/s: 14425 rss: 549Mb L: 551/4096 MS: 1 EraseBytes-
#6499033	REDUCE cov: 1732 ft: 7849 corp: 1655/499Kb lim: 4096 exec/s: 14410 rss: 549Mb L: 11/4096 MS: 1 EraseBytes-
#6499074	REDUCE cov: 1732 ft: 7849 corp: 1655/499Kb lim: 4096 exec/s: 14410 rss: 549Mb L: 281/4096 MS: 1 EraseBytes-
#6499304	REDUCE cov: 1732 ft: 7849 corp: 1655/499Kb lim: 4096 exec/s: 14410 rss: 549Mb L: 17/4096 MS: 5 ChangeASCIIInt-ChangeASCIIInt-CMP-ChangeASCIIInt-EraseBytes- DE: "\015\314\314\313"-
#6502847	REDUCE cov: 1732 ft: 7849 corp: 1655/499Kb lim: 4096 exec/s: 14418 rss: 549Mb L: 441/4096 MS: 3 CopyPart-ChangeBinInt-EraseBytes-
#6504255	REDUCE cov: 1732 ft: 7849 corp: 1655/499Kb lim: 4096 exec/s: 14421 rss: 549Mb L: 1802/4096 MS: 3 ChangeBit-ChangeByte-EraseBytes-
#6509101	REDUCE cov: 1732 ft: 7849 corp: 1655/499Kb lim: 4096 exec/s: 14400 rss: 549Mb L: 89/4096 MS: 1 EraseBytes-
#6510167	REDUCE cov: 1732 ft: 7849 corp: 1655/499Kb lim: 4096 exec/s: 14403 rss: 549Mb L: 76/4096 MS: 1 EraseBytes-
#6512708	REDUCE cov: 1732 ft: 7849 corp: 1655/499Kb lim: 4096 exec/s: 14408 rss: 549Mb L: 293/4096 MS: 1 EraseBytes-
#6512784	REDUCE cov: 1732 ft: 7849 corp: 1655/499Kb lim: 4096 exec/s: 14408 rss: 549Mb L: 107/4096 MS: 1 EraseBytes-
#6516200	REDUCE cov: 1732 ft: 7849 corp: 1655/499Kb lim: 4096 exec/s: 14416 rss: 549Mb L: 481/4096 MS: 1 EraseBytes-
#6520346	REDUCE cov: 1732 ft: 7849 corp: 1655/499Kb lim: 4096 exec/s: 14393 rss: 549Mb L: 3727/4096 MS: 1 EraseBytes-
#6524708	REDUCE cov: 1732 ft: 7849 corp: 1655/499Kb lim: 4096 exec/s: 14403 rss: 549Mb L: 844/4096 MS: 2 PersAutoDict-EraseBytes- DE: "mcsage"-
#6526451	REDUCE cov: 1732 ft: 7849 corp: 1655/499Kb lim: 4096 exec/s: 14407 rss: 549Mb L: 1365/4096 MS: 3 ShuffleBytes-CopyPart-EraseBytes-
#6531548	REDUCE cov: 1732 ft: 7849 corp: 1655/499Kb lim: 4096 exec/s: 14386 rss: 549Mb L: 1951/4096 MS: 2 ChangeASCIIInt-EraseBytes-
#6536554	REDUCE cov: 1732 ft: 7849 corp: 1655/499Kb lim: 4096 exec/s: 14397 rss: 549Mb L: 322/4096 MS: 1 EraseBytes-
#6540500	REDUCE cov: 1732 ft: 7849 corp: 1655/499Kb lim: 4096 exec/s: 14406 rss: 549Mb L: 854/4096 MS: 1 EraseBytes-
#6546711	REDUCE cov: 1732 ft: 7849 corp: 1655/499Kb lim: 4096 exec/s: 14388 rss: 549Mb L: 26/4096 MS: 1 EraseBytes-
#6547657	REDUCE cov: 1732 ft: 7849 corp: 1655/499Kb lim: 4096 exec/s: 14390 rss: 549Mb L: 938/4096 MS: 1 EraseBytes-
#6547703	REDUCE cov: 1732 ft: 7849 corp: 1655/499Kb lim: 4096 exec/s: 14390 rss: 549Mb L: 179/4096 MS: 1 EraseBytes-
#6547794	REDUCE cov: 1732 ft: 7849 corp: 1655/499Kb lim: 4096 exec/s: 14390 rss: 549Mb L: 351/4096 MS: 1 EraseBytes-
#6553110	REDUCE cov: 1732 ft: 7849 corp: 1655/499Kb lim: 4096 exec/s: 14370 rss: 549Mb L: 920/4096 MS: 1 EraseBytes-
#6555042	REDUCE cov: 1732 ft: 7849 corp: 1655/499Kb lim: 4096 exec/s: 14375 rss: 549Mb L: 732/4096 MS: 1 EraseBytes-
#6557568	REDUCE cov: 1732 ft: 7849 corp: 1655/499Kb lim: 4096 exec/s: 14380 rss: 549Mb L: 38/4096 MS: 1 EraseBytes-
#6562349	REDUCE cov: 1732 ft: 7849 corp: 1655/499Kb lim: 4096 exec/s: 14391 rss: 549Mb L: 57/4096 MS: 1 EraseBytes-
#6564111	REDUCE cov: 1732 ft: 7849 corp: 1655/499Kb lim: 4096 exec/s: 14363 rss: 549Mb L: 214/4096 MS: 1 EraseBytes-
#6565982	REDUCE cov: 1732 ft: 7849 corp: 1655/499Kb lim: 4096 exec/s: 14367 rss: 549Mb L: 418/4096 MS: 1 EraseBytes-
#6567793	REDUCE cov: 1732 ft: 7849 corp: 1655/499Kb lim: 4096 exec/s: 14371 rss: 549Mb L: 261/4096 MS: 1 EraseBytes-
#6568811	REDUCE cov: 1732 ft: 7849 corp: 1655/499Kb lim: 4096 exec/s: 14373 rss: 549Mb L: 199/4096 MS: 3 ChangeByte-InsertByte-EraseBytes-
#6572058	REDUCE cov: 1732 ft: 7849 corp: 1655/499Kb lim: 4096 exec/s: 14380 rss: 549Mb L: 97/4096 MS: 2 ShuffleBytes-EraseBytes-
#6572614	REDUCE cov: 1732 ft: 7849 corp: 1655/499Kb lim: 4096 exec/s: 14382 rss: 549Mb L: 853/4096 MS: 1 EraseBytes-
#6573825	REDUCE cov: 1732 ft: 7849 corp: 1655/499Kb lim: 4096 exec/s: 14353 rss: 549Mb L: 34/4096 MS: 1 EraseBytes-
#6578976	REDUCE cov: 1732 ft: 7849 corp: 1655/499Kb lim: 4096 exec/s: 14364 rss: 549Mb L: 33/4096 MS: 1 EraseBytes-
#6580317	REDUCE cov: 1732 ft: 7849 corp: 1655/499Kb lim: 4096 exec/s: 14367 rss: 549Mb L: 3706/4096 MS: 1 EraseBytes-
#6584277	REDUCE cov: 1732 ft: 7849 corp: 1655/499Kb lim: 4096 exec/s: 14344 rss: 549Mb L: 487/4096 MS: 5 ShuffleBytes-InsertByte-EraseBytes-ShuffleBytes-CopyPart-
#6585138	REDUCE cov: 1732 ft: 7849 corp: 1655/499Kb lim: 4096 exec/s: 14346 rss: 549Mb L: 1248/4096 MS: 1 EraseBytes-
#6587589	REDUCE cov: 1732 ft: 7849 corp: 1655/499Kb lim: 4096 exec/s: 14352 rss: 549Mb L: 727/4096 MS: 1 EraseBytes-
#6587610	REDUCE cov: 1732 ft: 7849 corp: 1655/499Kb lim: 4096 exec/s: 14352 rss: 549Mb L: 68/4096 MS: 1 EraseBytes-
#6588286	REDUCE cov: 1732 ft: 7849 corp: 1655/499Kb lim: 4096 exec/s: 14353 rss: 549Mb L: 184/4096 MS: 1 EraseBytes-
#6593134	REDUCE cov: 1732 ft: 7849 corp: 1655/499Kb lim: 4096 exec/s: 14364 rss: 549Mb L: 55/4096 MS: 3 ChangeASCIIInt-InsertByte-EraseBytes-
#6593425	REDUCE cov: 1732 ft: 7849 corp: 1655/499Kb lim: 4096 exec/s: 14364 rss: 549Mb L: 3578/4096 MS: 1 EraseBytes-
#6595191	REDUCE cov: 1732 ft: 7849 corp: 1655/499Kb lim: 4096 exec/s: 14337 rss: 549Mb L: 2399/4096 MS: 1 EraseBytes-
#6597169	REDUCE cov: 1732 ft: 7849 corp: 1655/499Kb lim: 4096 exec/s: 14341 rss: 549Mb L: 646/4096 MS: 3 ChangeBinInt-ChangeBinInt-EraseBytes-
#6601449	REDUCE cov: 1732 ft: 7849 corp: 1655/498Kb lim: 4096 exec/s: 14350 rss: 549Mb L: 1193/4096 MS: 5 ShuffleBytes-CopyPart-ShuffleBytes-ShuffleBytes-EraseBytes-
#6602710	REDUCE cov: 1732 ft: 7849 corp: 1655/498Kb lim: 4096 exec/s: 14353 rss: 549Mb L: 23/4096 MS: 1 EraseBytes-
#6602796	REDUCE cov: 1732 ft: 7849 corp: 1655/498Kb lim: 4096 exec/s: 14353 rss: 549Mb L: 20/4096 MS: 1 EraseBytes-
#6604597	REDUCE cov: 1732 ft: 7849 corp: 1655/498Kb lim: 4096 exec/s: 14357 rss: 549Mb L: 1288/4096 MS: 1 EraseBytes-
#6605083	REDUCE cov: 1732 ft: 7849 corp: 1655/498Kb lim: 4096 exec/s: 14327 rss: 549Mb L: 203/4096 MS: 1 EraseBytes-
#6607600	REDUCE cov: 1732 ft: 7849 corp: 1655/498Kb lim: 4096 exec/s: 14333 rss: 549Mb L: 1957/4096 MS: 2 ShuffleBytes-EraseBytes-
#6611081	REDUCE cov: 1732 ft: 7849 corp: 1655/498Kb lim: 4096 exec/s: 14340 rss: 549Mb L: 3514/4096 MS: 1 EraseBytes-
#6611207	REDUCE cov: 1732 ft: 7849 corp: 1655/498Kb lim: 4096 exec/s: 14341 rss: 549Mb L: 94/4096 MS: 1 EraseBytes-
#6611559	REDUCE cov: 1732 ft: 7849 corp: 1655/498Kb lim: 4096 exec/s: 14341 rss: 549Mb L: 422/4096 MS: 2 CopyPart-EraseBytes-
#6611970	REDUCE cov: 1732 ft: 7849 corp: 1655/498Kb lim: 4096 exec/s: 14342 rss: 549Mb L: 2266/4096 MS: 1 EraseBytes-
#6613381	REDUCE cov: 1732 ft: 7849 corp: 1655/498Kb lim: 4096 exec/s: 14345 rss: 549Mb L: 185/4096 MS: 1 EraseBytes-
#6625128	REDUCE cov: 1732 ft: 7849 corp: 1655/498Kb lim: 4096 exec/s: 14309 rss: 549Mb L: 341/4096 MS: 2 ChangeASCIIInt-EraseBytes-
#6626159	REDUCE cov: 1732 ft: 7849 corp: 1655/498Kb lim: 4096 exec/s: 14311 rss: 549Mb L: 815/4096 MS: 1 EraseBytes-
#6629291	REDUCE cov: 1732 ft: 7849 corp: 1655/498Kb lim: 4096 exec/s: 14318 rss: 549Mb L: 3749/4096 MS: 2 ChangeByte-EraseBytes-
#6633877	REDUCE cov: 1732 ft: 7849 corp: 1655/498Kb lim: 4096 exec/s: 14328 rss: 549Mb L: 41/4096 MS: 1 EraseBytes-
#6636563	REDUCE cov: 1732 ft: 7849 corp: 1655/498Kb lim: 4096 exec/s: 14302 rss: 549Mb L: 2177/4096 MS: 1 EraseBytes-
#6643369	REDUCE cov: 1732 ft: 7849 corp: 1655/498Kb lim: 4096 exec/s: 14317 rss: 549Mb L: 10/4096 MS: 1 EraseBytes-
#6645625	REDUCE cov: 1732 ft: 7849 corp: 1655/498Kb lim: 4096 exec/s: 14291 rss: 549Mb L: 316/4096 MS: 1 EraseBytes-
#6646196	REDUCE cov: 1732 ft: 7849 corp: 1655/498Kb lim: 4096 exec/s: 14292 rss: 549Mb L: 279/4096 MS: 1 EraseBytes-
#6647280	REDUCE cov: 1732 ft: 7849 corp: 1655/498Kb lim: 4096 exec/s: 14295 rss: 549Mb L: 1495/4096 MS: 4 ShuffleBytes-ChangeByte-ChangeBit-EraseBytes-
#6652961	REDUCE cov: 1732 ft: 7849 corp: 1655/498Kb lim: 4096 exec/s: 14307 rss: 550Mb L: 75/4096 MS: 1 EraseBytes-
#6659182	REDUCE cov: 1732 ft: 7849 corp: 1655/498Kb lim: 4096 exec/s: 14290 rss: 550Mb L: 115/4096 MS: 1 EraseBytes-
#6660693	REDUCE cov: 1732 ft: 7849 corp: 1655/498Kb lim: 4096 exec/s: 14293 rss: 550Mb L: 12/4096 MS: 1 EraseBytes-
#6661999	REDUCE cov: 1732 ft: 7849 corp: 1655/498Kb lim: 4096 exec/s: 14296 rss: 550Mb L: 964/4096 MS: 1 EraseBytes-
#6664120	REDUCE cov: 1732 ft: 7849 corp: 1655/498Kb lim: 4096 exec/s: 14300 rss: 550Mb L: 14/4096 MS: 1 EraseBytes-
#6668161	REDUCE cov: 1732 ft: 7856 corp: 1656/498Kb lim: 4096 exec/s: 14278 rss: 550Mb L: 15/4096 MS: 1 ShuffleBytes-
#6668763	REDUCE cov: 1732 ft: 7856 corp: 1656/498Kb lim: 4096 exec/s: 14280 rss: 550Mb L: 1870/4096 MS: 2 ChangeByte-EraseBytes-
#6674229	REDUCE cov: 1732 ft: 7856 corp: 1656/498Kb lim: 4096 exec/s: 14291 rss: 550Mb L: 269/4096 MS: 1 EraseBytes-
#6676850	REDUCE cov: 1732 ft: 7856 corp: 1656/498Kb lim: 4096 exec/s: 14297 rss: 550Mb L: 831/4096 MS: 1 EraseBytes-
#6678236	REDUCE cov: 1732 ft: 7856 corp: 1656/498Kb lim: 4096 exec/s: 14269 rss: 550Mb L: 2864/4096 MS: 1 EraseBytes-
#6680474	REDUCE cov: 1732 ft: 7856 corp: 1656/498Kb lim: 4096 exec/s: 14274 rss: 550Mb L: 404/4096 MS: 3 ChangeBinInt-CMP-EraseBytes- DE: "\377\377\377\377"-
#6681425	REDUCE cov: 1732 ft: 7856 corp: 1656/498Kb lim: 4096 exec/s: 14276 rss: 550Mb L: 1933/4096 MS: 1 EraseBytes-
#6692061	REDUCE cov: 1732 ft: 7856 corp: 1656/498Kb lim: 4096 exec/s: 14268 rss: 550Mb L: 1814/4096 MS: 1 EraseBytes-
#6692437	REDUCE cov: 1732 ft: 7856 corp: 1656/497Kb lim: 4096 exec/s: 14269 rss: 550Mb L: 859/4096 MS: 1 EraseBytes-
#6695613	REDUCE cov: 1732 ft: 7856 corp: 1656/497Kb lim: 4096 exec/s: 14245 rss: 550Mb L: 772/4096 MS: 1 EraseBytes-
#6696739	REDUCE cov: 1732 ft: 7856 corp: 1656/497Kb lim: 4096 exec/s: 14248 rss: 550Mb L: 768/4096 MS: 1 EraseBytes-
#6698490	REDUCE cov: 1732 ft: 7856 corp: 1656/497Kb lim: 4096 exec/s: 14252 rss: 550Mb L: 60/4096 MS: 1 EraseBytes-
#6699191	REDUCE cov: 1732 ft: 7856 corp: 1656/497Kb lim: 4096 exec/s: 14253 rss: 550Mb L: 114/4096 MS: 1 EraseBytes-
#6702294	REDUCE cov: 1732 ft: 7856 corp: 1656/497Kb lim: 4096 exec/s: 14260 rss: 550Mb L: 7/4096 MS: 3 EraseBytes-ChangeASCIIInt-InsertByte-
#6703030	REDUCE cov: 1732 ft: 7856 corp: 1656/497Kb lim: 4096 exec/s: 14261 rss: 550Mb L: 1809/4096 MS: 1 EraseBytes-
#6703441	REDUCE cov: 1732 ft: 7856 corp: 1656/497Kb lim: 4096 exec/s: 14262 rss: 550Mb L: 3693/4096 MS: 1 EraseBytes-
#6713560	REDUCE cov: 1732 ft: 7856 corp: 1656/497Kb lim: 4096 exec/s: 14223 rss: 550Mb L: 753/4096 MS: 4 ChangeASCIIInt-CopyPart-ChangeASCIIInt-EraseBytes-
#6716902	REDUCE cov: 1732 ft: 7856 corp: 1656/497Kb lim: 4096 exec/s: 14230 rss: 550Mb L: 61/4096 MS: 1 EraseBytes-
#6717119	REDUCE cov: 1732 ft: 7856 corp: 1656/497Kb lim: 4096 exec/s: 14231 rss: 550Mb L: 210/4096 MS: 2 ShuffleBytes-EraseBytes-
#6717490	REDUCE cov: 1732 ft: 7856 corp: 1656/497Kb lim: 4096 exec/s: 14231 rss: 550Mb L: 1159/4096 MS: 1 EraseBytes-
#6721071	REDUCE cov: 1732 ft: 7856 corp: 1656/497Kb lim: 4096 exec/s: 14239 rss: 550Mb L: 356/4096 MS: 1 EraseBytes-
#6723647	REDUCE cov: 1732 ft: 7856 corp: 1656/497Kb lim: 4096 exec/s: 14214 rss: 550Mb L: 1797/4096 MS: 1 EraseBytes-
#6728214	REDUCE cov: 1732 ft: 7856 corp: 1656/497Kb lim: 4096 exec/s: 14224 rss: 550Mb L: 847/4096 MS: 2 ChangeBinInt-EraseBytes-
#6730895	REDUCE cov: 1732 ft: 7856 corp: 1656/497Kb lim: 4096 exec/s: 14230 rss: 550Mb L: 26/4096 MS: 1 EraseBytes-
#6737527	REDUCE cov: 1732 ft: 7856 corp: 1656/497Kb lim: 4096 exec/s: 14214 rss: 550Mb L: 3511/4096 MS: 2 ChangeASCIIInt-EraseBytes-
#6738188	REDUCE cov: 1732 ft: 7856 corp: 1656/497Kb lim: 4096 exec/s: 14215 rss: 550Mb L: 1104/4096 MS: 1 EraseBytes-
#6738835	REDUCE cov: 1732 ft: 7856 corp: 1656/497Kb lim: 4096 exec/s: 14216 rss: 550Mb L: 345/4096 MS: 2 ShuffleBytes-EraseBytes-
#6744412	REDUCE cov: 1732 ft: 7856 corp: 1656/497Kb lim: 4096 exec/s: 14198 rss: 550Mb L: 1502/4096 MS: 2 InsertByte-EraseBytes-
#6751399	REDUCE cov: 1732 ft: 7856 corp: 1656/497Kb lim: 4096 exec/s: 14183 rss: 550Mb L: 841/4096 MS: 2 ChangeASCIIInt-EraseBytes-
#6756350	REDUCE cov: 1732 ft: 7856 corp: 1656/497Kb lim: 4096 exec/s: 14194 rss: 550Mb L: 3427/4096 MS: 1 EraseBytes-
#6756707	REDUCE cov: 1732 ft: 7856 corp: 1656/497Kb lim: 4096 exec/s: 14194 rss: 550Mb L: 379/4096 MS: 2 ChangeASCIIInt-EraseBytes-
#6758543	REDUCE cov: 1732 ft: 7856 corp: 1656/497Kb lim: 4096 exec/s: 14198 rss: 550Mb L: 795/4096 MS: 1 EraseBytes-
#6764904	REDUCE cov: 1732 ft: 7856 corp: 1656/497Kb lim: 4096 exec/s: 14182 rss: 550Mb L: 2140/4096 MS: 1 EraseBytes-
#6765225	REDUCE cov: 1732 ft: 7856 corp: 1656/497Kb lim: 4096 exec/s: 14182 rss: 550Mb L: 3501/4096 MS: 1 EraseBytes-
#6765923	REDUCE cov: 1732 ft: 7856 corp: 1656/497Kb lim: 4096 exec/s: 14184 rss: 550Mb L: 1097/4096 MS: 3 ChangeASCIIInt-InsertByte-EraseBytes-
#6766701	REDUCE cov: 1732 ft: 7856 corp: 1656/497Kb lim: 4096 exec/s: 14185 rss: 550Mb L: 66/4096 MS: 3 ChangeBit-ChangeASCIIInt-EraseBytes-
#6769204	REDUCE cov: 1732 ft: 7856 corp: 1656/497Kb lim: 4096 exec/s: 14161 rss: 550Mb L: 3114/4096 MS: 3 ChangeBit-ChangeASCIIInt-EraseBytes-
#6771201	REDUCE cov: 1732 ft: 7856 corp: 1656/497Kb lim: 4096 exec/s: 14165 rss: 550Mb L: 54/4096 MS: 2 ChangeBit-EraseBytes-
#6773049	REDUCE cov: 1732 ft: 7856 corp: 1656/497Kb lim: 4096 exec/s: 14169 rss: 550Mb L: 1138/4096 MS: 3 CopyPart-ChangeASCIIInt-EraseBytes-
#6780400	REDUCE cov: 1732 ft: 7856 corp: 1656/497Kb lim: 4096 exec/s: 14155 rss: 550Mb L: 1428/4096 MS: 1 EraseBytes-
#6780661	REDUCE cov: 1732 ft: 7856 corp: 1656/497Kb lim: 4096 exec/s: 14155 rss: 550Mb L: 1438/4096 MS: 1 EraseBytes-
#6781377	REDUCE cov: 1732 ft: 7856 corp: 1656/497Kb lim: 4096 exec/s: 14157 rss: 550Mb L: 444/4096 MS: 1 EraseBytes-
#6781866	REDUCE cov: 1732 ft: 7856 corp: 1656/497Kb lim: 4096 exec/s: 14158 rss: 550Mb L: 1775/4096 MS: 4 PersAutoDict-InsertByte-ChangeASCIIInt-EraseBytes- DE: "mms  ge"-
#6783512	REDUCE cov: 1732 ft: 7856 corp: 1656/497Kb lim: 4096 exec/s: 14161 rss: 550Mb L: 1861/4096 MS: 1 EraseBytes-
#6785228	REDUCE cov: 1732 ft: 7856 corp: 1656/497Kb lim: 4096 exec/s: 14165 rss: 550Mb L: 1152/4096 MS: 1 EraseBytes-
#6786460	REDUCE cov: 1732 ft: 7856 corp: 1656/497Kb lim: 4096 exec/s: 14167 rss: 550Mb L: 1766/4096 MS: 2 ChangeBinInt-EraseBytes-
#6788226	REDUCE cov: 1732 ft: 7856 corp: 1656/497Kb lim: 4096 exec/s: 14142 rss: 550Mb L: 1753/4096 MS: 1 EraseBytes-
#6791614	REDUCE cov: 1732 ft: 7856 corp: 1656/497Kb lim: 4096 exec/s: 14149 rss: 550Mb L: 1705/4096 MS: 1 EraseBytes-
#6794355	REDUCE cov: 1732 ft: 7856 corp: 1656/497Kb lim: 4096 exec/s: 14154 rss: 550Mb L: 18/4096 MS: 1 EraseBytes-
#6794459	REDUCE cov: 1732 ft: 7856 corp: 1656/497Kb lim: 4096 exec/s: 14155 rss: 550Mb L: 1081/4096 MS: 4 ChangeBit-ChangeBit-InsertByte-EraseBytes-
#6798535	REDUCE cov: 1732 ft: 7856 corp: 1656/497Kb lim: 4096 exec/s: 14134 rss: 550Mb L: 739/4096 MS: 1 EraseBytes-
#6799496	REDUCE cov: 1732 ft: 7856 corp: 1656/497Kb lim: 4096 exec/s: 14136 rss: 550Mb L: 1424/4096 MS: 1 EraseBytes-
#6800353	REDUCE cov: 1732 ft: 7856 corp: 1656/497Kb lim: 4096 exec/s: 14137 rss: 550Mb L: 2130/4096 MS: 1 EraseBytes-
#6802294	REDUCE cov: 1732 ft: 7856 corp: 1656/497Kb lim: 4096 exec/s: 14141 rss: 550Mb L: 1240/4096 MS: 1 EraseBytes-
#6805730	REDUCE cov: 1732 ft: 7862 corp: 1657/500Kb lim: 4096 exec/s: 14119 rss: 550Mb L: 3144/4096 MS: 1 EraseBytes-
#6809302	REDUCE cov: 1732 ft: 7862 corp: 1657/500Kb lim: 4096 exec/s: 14127 rss: 550Mb L: 847/4096 MS: 2 EraseBytes-CopyPart-
#6809738	REDUCE cov: 1732 ft: 7862 corp: 1657/500Kb lim: 4096 exec/s: 14128 rss: 550Mb L: 47/4096 MS: 1 EraseBytes-
#6811371	REDUCE cov: 1732 ft: 7862 corp: 1657/500Kb lim: 4096 exec/s: 14131 rss: 550Mb L: 32/4096 MS: 3 ChangeASCIIInt-InsertByte-EraseBytes-
#6812047	REDUCE cov: 1732 ft: 7862 corp: 1657/500Kb lim: 4096 exec/s: 14132 rss: 550Mb L: 720/4096 MS: 1 EraseBytes-
#6812348	REDUCE cov: 1732 ft: 7862 corp: 1657/500Kb lim: 4096 exec/s: 14133 rss: 550Mb L: 399/4096 MS: 1 EraseBytes-
#6818630	REDUCE cov: 1732 ft: 7862 corp: 1657/500Kb lim: 4096 exec/s: 14117 rss: 550Mb L: 99/4096 MS: 2 CopyPart-EraseBytes-
#6820442	REDUCE cov: 1732 ft: 7862 corp: 1657/500Kb lim: 4096 exec/s: 14120 rss: 550Mb L: 3838/4096 MS: 2 ShuffleBytes-EraseBytes-
#6824203	REDUCE cov: 1732 ft: 7862 corp: 1657/500Kb lim: 4096 exec/s: 14099 rss: 550Mb L: 1509/4096 MS: 1 EraseBytes-
#6824669	REDUCE cov: 1732 ft: 7862 corp: 1657/500Kb lim: 4096 exec/s: 14100 rss: 550Mb L: 955/4096 MS: 1 EraseBytes-
#6829799	REDUCE cov: 1732 ft: 7862 corp: 1657/500Kb lim: 4096 exec/s: 14111 rss: 550Mb L: 1694/4096 MS: 5 ChangeASCIIInt-CopyPart-InsertByte-CopyPart-EraseBytes-
#6829990	REDUCE cov: 1732 ft: 7862 corp: 1657/500Kb lim: 4096 exec/s: 14111 rss: 550Mb L: 92/4096 MS: 1 EraseBytes-
#6831281	REDUCE cov: 1732 ft: 7862 corp: 1657/500Kb lim: 4096 exec/s: 14085 rss: 550Mb L: 1675/4096 MS: 1 EraseBytes-
#6832512	REDUCE cov: 1732 ft: 7862 corp: 1657/500Kb lim: 4096 exec/s: 14087 rss: 550Mb L: 1656/4096 MS: 1 EraseBytes-
#6834798	REDUCE cov: 1732 ft: 7862 corp: 1657/500Kb lim: 4096 exec/s: 14092 rss: 550Mb L: 44/4096 MS: 1 EraseBytes-
#6836094	REDUCE cov: 1732 ft: 7862 corp: 1657/500Kb lim: 4096 exec/s: 14095 rss: 550Mb L: 775/4096 MS: 1 EraseBytes-
#6837953	REDUCE cov: 1732 ft: 7862 corp: 1657/500Kb lim: 4096 exec/s: 14098 rss: 550Mb L: 1634/4096 MS: 2 InsertByte-EraseBytes-
#6837981	REDUCE cov: 1732 ft: 7862 corp: 1657/500Kb lim: 4096 exec/s: 14098 rss: 550Mb L: 1221/4096 MS: 3 ChangeASCIIInt-EraseBytes-CopyPart-
#6838202	REDUCE cov: 1732 ft: 7862 corp: 1657/500Kb lim: 4096 exec/s: 14099 rss: 550Mb L: 91/4096 MS: 1 EraseBytes-
#6838248	REDUCE cov: 1732 ft: 7862 corp: 1657/499Kb lim: 4096 exec/s: 14099 rss: 550Mb L: 1852/4096 MS: 1 EraseBytes-
#6838554	REDUCE cov: 1732 ft: 7862 corp: 1657/499Kb lim: 4096 exec/s: 14100 rss: 550Mb L: 639/4096 MS: 1 EraseBytes-
#6839080	REDUCE cov: 1732 ft: 7862 corp: 1657/499Kb lim: 4096 exec/s: 14101 rss: 550Mb L: 1572/4096 MS: 1 EraseBytes-
#6841256	REDUCE cov: 1732 ft: 7862 corp: 1657/499Kb lim: 4096 exec/s: 14076 rss: 550Mb L: 1280/4096 MS: 1 EraseBytes-
#6851148	REDUCE cov: 1732 ft: 7862 corp: 1657/499Kb lim: 4096 exec/s: 14068 rss: 550Mb L: 59/4096 MS: 1 EraseBytes-
#6851994	REDUCE cov: 1732 ft: 7862 corp: 1657/499Kb lim: 4096 exec/s: 14069 rss: 550Mb L: 448/4096 MS: 1 EraseBytes-
#6852570	REDUCE cov: 1732 ft: 7862 corp: 1657/499Kb lim: 4096 exec/s: 14070 rss: 550Mb L: 106/4096 MS: 1 EraseBytes-
#6853681	REDUCE cov: 1732 ft: 7862 corp: 1657/499Kb lim: 4096 exec/s: 14073 rss: 550Mb L: 644/4096 MS: 1 EraseBytes-
#6858514	REDUCE cov: 1732 ft: 7867 corp: 1658/503Kb lim: 4096 exec/s: 14054 rss: 550Mb L: 3960/4096 MS: 3 CopyPart-CopyPart-CopyPart-
#6861935	REDUCE cov: 1732 ft: 7867 corp: 1658/503Kb lim: 4096 exec/s: 14061 rss: 550Mb L: 45/4096 MS: 1 EraseBytes-
#6863862	REDUCE cov: 1732 ft: 7867 corp: 1658/503Kb lim: 4096 exec/s: 14065 rss: 550Mb L: 841/4096 MS: 2 PersAutoDict-EraseBytes- DE: ",\357\277\275"-
#6873453	REDUCE cov: 1732 ft: 7867 corp: 1658/503Kb lim: 4096 exec/s: 14056 rss: 550Mb L: 162/4096 MS: 1 EraseBytes-
#6879357	REDUCE cov: 1732 ft: 7867 corp: 1658/503Kb lim: 4096 exec/s: 14039 rss: 550Mb L: 1831/4096 MS: 4 ChangeBit-ChangeBit-ShuffleBytes-EraseBytes-
#6881589	REDUCE cov: 1732 ft: 7867 corp: 1658/503Kb lim: 4096 exec/s: 14044 rss: 550Mb L: 26/4096 MS: 2 EraseBytes-CopyPart-
#6884145	REDUCE cov: 1732 ft: 7867 corp: 1658/503Kb lim: 4096 exec/s: 14020 rss: 550Mb L: 113/4096 MS: 1 EraseBytes-
#6886111	REDUCE cov: 1732 ft: 7867 corp: 1658/503Kb lim: 4096 exec/s: 14024 rss: 550Mb L: 1254/4096 MS: 1 EraseBytes-
#6889177	REDUCE cov: 1732 ft: 7867 corp: 1658/503Kb lim: 4096 exec/s: 14030 rss: 550Mb L: 54/4096 MS: 1 EraseBytes-
#6893238	REDUCE cov: 1732 ft: 7867 corp: 1658/502Kb lim: 4096 exec/s: 14010 rss: 550Mb L: 2455/4096 MS: 1 EraseBytes-
#6895949	REDUCE cov: 1732 ft: 7867 corp: 1658/502Kb lim: 4096 exec/s: 14016 rss: 550Mb L: 551/4096 MS: 1 EraseBytes-
#6896520	REDUCE cov: 1732 ft: 7867 corp: 1658/502Kb lim: 4096 exec/s: 14017 rss: 550Mb L: 114/4096 MS: 1 EraseBytes-
#6899617	REDUCE cov: 1732 ft: 7867 corp: 1658/502Kb lim: 4096 exec/s: 14023 rss: 550Mb L: 144/4096 MS: 2 ShuffleBytes-EraseBytes-
#6902103	REDUCE cov: 1732 ft: 7867 corp: 1658/502Kb lim: 4096 exec/s: 14000 rss: 550Mb L: 90/4096 MS: 1 EraseBytes-
#6902399	REDUCE cov: 1732 ft: 7867 corp: 1658/502Kb lim: 4096 exec/s: 14000 rss: 550Mb L: 1165/4096 MS: 1 EraseBytes-
#6914575	REDUCE cov: 1732 ft: 7867 corp: 1658/502Kb lim: 4096 exec/s: 13997 rss: 550Mb L: 312/4096 MS: 1 EraseBytes-
#6915902	REDUCE cov: 1732 ft: 7867 corp: 1658/502Kb lim: 4096 exec/s: 13999 rss: 550Mb L: 1844/4096 MS: 2 EraseBytes-CopyPart-
#6917598	REDUCE cov: 1732 ft: 7867 corp: 1658/502Kb lim: 4096 exec/s: 14003 rss: 550Mb L: 1715/4096 MS: 1 EraseBytes-
#6920599	REDUCE cov: 1732 ft: 7867 corp: 1658/502Kb lim: 4096 exec/s: 13981 rss: 550Mb L: 50/4096 MS: 1 EraseBytes-
#6926501	REDUCE cov: 1732 ft: 7867 corp: 1658/502Kb lim: 4096 exec/s: 13964 rss: 550Mb L: 931/4096 MS: 1 EraseBytes-
#6927802	REDUCE cov: 1732 ft: 7867 corp: 1658/502Kb lim: 4096 exec/s: 13967 rss: 550Mb L: 58/4096 MS: 1 EraseBytes-
#6929772	REDUCE cov: 1732 ft: 7867 corp: 1658/502Kb lim: 4096 exec/s: 13971 rss: 550Mb L: 480/4096 MS: 5 InsertByte-CrossOver-ShuffleBytes-ChangeASCIIInt-EraseBytes-
#6930353	REDUCE cov: 1732 ft: 7867 corp: 1658/502Kb lim: 4096 exec/s: 13972 rss: 550Mb L: 114/4096 MS: 1 EraseBytes-
#6932054	REDUCE cov: 1732 ft: 7867 corp: 1658/502Kb lim: 4096 exec/s: 13975 rss: 550Mb L: 3681/4096 MS: 1 EraseBytes-
#6932805	REDUCE cov: 1732 ft: 7867 corp: 1658/502Kb lim: 4096 exec/s: 13977 rss: 550Mb L: 570/4096 MS: 1 EraseBytes-
#6933911	REDUCE cov: 1732 ft: 7867 corp: 1658/502Kb lim: 4096 exec/s: 13979 rss: 550Mb L: 1148/4096 MS: 1 EraseBytes-
#6934197	REDUCE cov: 1732 ft: 7867 corp: 1658/502Kb lim: 4096 exec/s: 13980 rss: 550Mb L: 59/4096 MS: 1 EraseBytes-
#6934548	REDUCE cov: 1732 ft: 7867 corp: 1658/502Kb lim: 4096 exec/s: 13980 rss: 550Mb L: 2737/4096 MS: 1 EraseBytes-
#6935734	REDUCE cov: 1732 ft: 7867 corp: 1658/502Kb lim: 4096 exec/s: 13955 rss: 550Mb L: 57/4096 MS: 1 EraseBytes-
#6938730	REDUCE cov: 1732 ft: 7867 corp: 1658/502Kb lim: 4096 exec/s: 13961 rss: 550Mb L: 65/4096 MS: 1 EraseBytes-
#6940946	REDUCE cov: 1732 ft: 7867 corp: 1658/502Kb lim: 4096 exec/s: 13965 rss: 550Mb L: 1798/4096 MS: 1 EraseBytes-
#6944964	REDUCE cov: 1732 ft: 7867 corp: 1658/502Kb lim: 4096 exec/s: 13945 rss: 550Mb L: 3023/4096 MS: 2 EraseBytes-InsertByte-
#6945020	REDUCE cov: 1732 ft: 7867 corp: 1658/502Kb lim: 4096 exec/s: 13945 rss: 550Mb L: 1065/4096 MS: 1 EraseBytes-
#6945261	REDUCE cov: 1732 ft: 7867 corp: 1658/502Kb lim: 4096 exec/s: 13946 rss: 550Mb L: 12/4096 MS: 1 EraseBytes-
#6945752	REDUCE cov: 1732 ft: 7867 corp: 1658/502Kb lim: 4096 exec/s: 13947 rss: 550Mb L: 652/4096 MS: 1 EraseBytes-
#6949858	REDUCE cov: 1732 ft: 7867 corp: 1658/502Kb lim: 4096 exec/s: 13955 rss: 550Mb L: 17/4096 MS: 1 EraseBytes-
#6953699	REDUCE cov: 1732 ft: 7867 corp: 1658/502Kb lim: 4096 exec/s: 13935 rss: 550Mb L: 10/4096 MS: 1 EraseBytes-
#6955906	REDUCE cov: 1732 ft: 7867 corp: 1658/502Kb lim: 4096 exec/s: 13939 rss: 550Mb L: 592/4096 MS: 2 ShuffleBytes-EraseBytes-
#6955997	REDUCE cov: 1732 ft: 7867 corp: 1658/502Kb lim: 4096 exec/s: 13939 rss: 550Mb L: 968/4096 MS: 1 EraseBytes-
#6962285	REDUCE cov: 1732 ft: 7867 corp: 1658/502Kb lim: 4096 exec/s: 13952 rss: 550Mb L: 2222/4096 MS: 3 ChangeBinInt-ChangeASCIIInt-EraseBytes-
#6963256	REDUCE cov: 1732 ft: 7867 corp: 1658/502Kb lim: 4096 exec/s: 13926 rss: 550Mb L: 196/4096 MS: 1 EraseBytes-
#6963756	REDUCE cov: 1732 ft: 7867 corp: 1658/502Kb lim: 4096 exec/s: 13927 rss: 550Mb L: 1801/4096 MS: 5 InsertByte-ChangeASCIIInt-ChangeASCIIInt-InsertRepeatedBytes-EraseBytes-
#6971208	REDUCE cov: 1732 ft: 7867 corp: 1658/502Kb lim: 4096 exec/s: 13942 rss: 550Mb L: 131/4096 MS: 2 ChangeBinInt-EraseBytes-
#6971329	REDUCE cov: 1732 ft: 7867 corp: 1658/502Kb lim: 4096 exec/s: 13942 rss: 550Mb L: 39/4096 MS: 1 EraseBytes-
#6971807	REDUCE cov: 1732 ft: 7867 corp: 1658/502Kb lim: 4096 exec/s: 13915 rss: 550Mb L: 780/4096 MS: 3 ChangeByte-InsertByte-EraseBytes-
#6972168	REDUCE cov: 1732 ft: 7867 corp: 1658/502Kb lim: 4096 exec/s: 13916 rss: 550Mb L: 764/4096 MS: 1 EraseBytes-
#6978375	REDUCE cov: 1732 ft: 7867 corp: 1658/502Kb lim: 4096 exec/s: 13928 rss: 550Mb L: 4061/4096 MS: 2 ShuffleBytes-EraseBytes-
#6980092	REDUCE cov: 1732 ft: 7867 corp: 1658/502Kb lim: 4096 exec/s: 13932 rss: 550Mb L: 1120/4096 MS: 2 ChangeASCIIInt-EraseBytes-
#6982189	REDUCE cov: 1732 ft: 7867 corp: 1658/502Kb lim: 4096 exec/s: 13908 rss: 550Mb L: 920/4096 MS: 1 EraseBytes-
#6982565	REDUCE cov: 1732 ft: 7867 corp: 1658/502Kb lim: 4096 exec/s: 13909 rss: 550Mb L: 100/4096 MS: 1 EraseBytes-
#6988836	REDUCE cov: 1732 ft: 7867 corp: 1658/502Kb lim: 4096 exec/s: 13921 rss: 550Mb L: 12/4096 MS: 1 EraseBytes-
#6991411	REDUCE cov: 1732 ft: 7867 corp: 1658/502Kb lim: 4096 exec/s: 13899 rss: 550Mb L: 795/4096 MS: 5 CMP-EraseBytes-ChangeASCIIInt-ShuffleBytes-InsertRepeatedBytes- DE: "\377\377\377\377\377\377\377\377"-
#6993020	REDUCE cov: 1732 ft: 7867 corp: 1658/502Kb lim: 4096 exec/s: 13902 rss: 550Mb L: 3371/4096 MS: 4 EraseBytes-PersAutoDict-ChangeASCIIInt-CrossOver- DE: "code"-
#6993453	REDUCE cov: 1732 ft: 7867 corp: 1658/501Kb lim: 4096 exec/s: 13903 rss: 550Mb L: 902/4096 MS: 3 ChangeASCIIInt-ChangeBit-EraseBytes-
#6993929	REDUCE cov: 1732 ft: 7867 corp: 1658/501Kb lim: 4096 exec/s: 13904 rss: 550Mb L: 1732/4096 MS: 1 EraseBytes-
#6994636	REDUCE cov: 1732 ft: 7867 corp: 1658/501Kb lim: 4096 exec/s: 13905 rss: 550Mb L: 330/4096 MS: 2 ChangeBinInt-EraseBytes-
#6998718	REDUCE cov: 1732 ft: 7867 corp: 1658/501Kb lim: 4096 exec/s: 13886 rss: 550Mb L: 63/4096 MS: 1 EraseBytes-
#6999314	REDUCE cov: 1732 ft: 7867 corp: 1658/501Kb lim: 4096 exec/s: 13887 rss: 550Mb L: 884/4096 MS: 1 EraseBytes-
#6999417	REDUCE cov: 1732 ft: 7867 corp: 1658/501Kb lim: 4096 exec/s: 13887 rss: 550Mb L: 61/4096 MS: 3 ChangeBinInt-CopyPart-EraseBytes-
#6999588	REDUCE cov: 1732 ft: 7867 corp: 1658/501Kb lim: 4096 exec/s: 13888 rss: 550Mb L: 88/4096 MS: 1 EraseBytes-
#7001314	REDUCE cov: 1732 ft: 7867 corp: 1658/501Kb lim: 4096 exec/s: 13891 rss: 550Mb L: 792/4096 MS: 1 EraseBytes-
#7001810	REDUCE cov: 1732 ft: 7867 corp: 1658/501Kb lim: 4096 exec/s: 13892 rss: 550Mb L: 2936/4096 MS: 1 EraseBytes-
#7002096	REDUCE cov: 1732 ft: 7867 corp: 1658/501Kb lim: 4096 exec/s: 13893 rss: 550Mb L: 1749/4096 MS: 1 EraseBytes-
#7002362	REDUCE cov: 1732 ft: 7867 corp: 1658/501Kb lim: 4096 exec/s: 13893 rss: 550Mb L: 206/4096 MS: 1 EraseBytes-
#7004184	REDUCE cov: 1732 ft: 7867 corp: 1658/501Kb lim: 4096 exec/s: 13897 rss: 550Mb L: 3392/4096 MS: 2 ChangeASCIIInt-EraseBytes-
#7004305	REDUCE cov: 1732 ft: 7867 corp: 1658/501Kb lim: 4096 exec/s: 13897 rss: 550Mb L: 221/4096 MS: 1 EraseBytes-
#7008185	REDUCE cov: 1732 ft: 7867 corp: 1658/501Kb lim: 4096 exec/s: 13877 rss: 550Mb L: 45/4096 MS: 3 CopyPart-ChangeByte-EraseBytes-
#7009017	REDUCE cov: 1732 ft: 7867 corp: 1658/501Kb lim: 4096 exec/s: 13879 rss: 550Mb L: 201/4096 MS: 2 ChangeBit-EraseBytes-
#7009374	REDUCE cov: 1732 ft: 7867 corp: 1658/501Kb lim: 4096 exec/s: 13879 rss: 550Mb L: 322/4096 MS: 2 ChangeASCIIInt-EraseBytes-
#7010527	REDUCE cov: 1732 ft: 7867 corp: 1658/501Kb lim: 4096 exec/s: 13882 rss: 550Mb L: 1113/4096 MS: 3 EraseBytes-ShuffleBytes-CopyPart-
#7011828	REDUCE cov: 1732 ft: 7867 corp: 1658/501Kb lim: 4096 exec/s: 13884 rss: 550Mb L: 19/4096 MS: 1 EraseBytes-
#7019089	REDUCE cov: 1732 ft: 7867 corp: 1658/501Kb lim: 4096 exec/s: 13871 rss: 550Mb L: 14/4096 MS: 1 EraseBytes-
#7020165	REDUCE cov: 1732 ft: 7867 corp: 1658/501Kb lim: 4096 exec/s: 13873 rss: 550Mb L: 275/4096 MS: 1 EraseBytes-
#7022131	REDUCE cov: 1732 ft: 7867 corp: 1658/501Kb lim: 4096 exec/s: 13877 rss: 550Mb L: 882/4096 MS: 1 EraseBytes-
#7024962	REDUCE cov: 1732 ft: 7867 corp: 1658/501Kb lim: 4096 exec/s: 13883 rss: 550Mb L: 858/4096 MS: 1 EraseBytes-
#7027594	REDUCE cov: 1732 ft: 7867 corp: 1658/501Kb lim: 4096 exec/s: 13861 rss: 550Mb L: 62/4096 MS: 2 ChangeASCIIInt-EraseBytes-
#7031510	REDUCE cov: 1732 ft: 7867 corp: 1658/501Kb lim: 4096 exec/s: 13868 rss: 550Mb L: 402/4096 MS: 1 EraseBytes-
#7035351	REDUCE cov: 1732 ft: 7867 corp: 1658/501Kb lim: 4096 exec/s: 13849 rss: 550Mb L: 237/4096 MS: 1 EraseBytes-
#7036412	REDUCE cov: 1732 ft: 7867 corp: 1658/501Kb lim: 4096 exec/s: 13851 rss: 550Mb L: 28/4096 MS: 1 EraseBytes-
#7040409	REDUCE cov: 1732 ft: 7867 corp: 1658/501Kb lim: 4096 exec/s: 13859 rss: 550Mb L: 78/4096 MS: 2 ChangeBinInt-EraseBytes-
#7042295	REDUCE cov: 1732 ft: 7867 corp: 1658/501Kb lim: 4096 exec/s: 13862 rss: 550Mb L: 38/4096 MS: 1 EraseBytes-
#7047652	REDUCE cov: 1732 ft: 7867 corp: 1658/501Kb lim: 4096 exec/s: 13846 rss: 550Mb L: 523/4096 MS: 2 ChangeASCIIInt-EraseBytes-
#7051026	REDUCE cov: 1732 ft: 7867 corp: 1658/501Kb lim: 4096 exec/s: 13852 rss: 550Mb L: 417/4096 MS: 4 ChangeASCIIInt-ChangeASCIIInt-ShuffleBytes-EraseBytes-
#7053104	REDUCE cov: 1732 ft: 7867 corp: 1658/501Kb lim: 4096 exec/s: 13856 rss: 550Mb L: 1920/4096 MS: 3 InsertByte-ChangeASCIIInt-EraseBytes-
#7053107	REDUCE cov: 1732 ft: 7867 corp: 1658/501Kb lim: 4096 exec/s: 13856 rss: 550Mb L: 16/4096 MS: 3 ChangeBit-InsertByte-EraseBytes-
#7054773	REDUCE cov: 1732 ft: 7867 corp: 1658/501Kb lim: 4096 exec/s: 13832 rss: 550Mb L: 1243/4096 MS: 1 EraseBytes-
#7069604	REDUCE cov: 1732 ft: 7867 corp: 1658/501Kb lim: 4096 exec/s: 13834 rss: 550Mb L: 48/4096 MS: 1 EraseBytes-
#7075535	REDUCE cov: 1732 ft: 7867 corp: 1658/501Kb lim: 4096 exec/s: 13819 rss: 550Mb L: 320/4096 MS: 1 EraseBytes-
#7076912	REDUCE cov: 1732 ft: 7867 corp: 1658/501Kb lim: 4096 exec/s: 13822 rss: 550Mb L: 15/4096 MS: 2 ChangeBinInt-EraseBytes-
#7078468	REDUCE cov: 1732 ft: 7867 corp: 1658/501Kb lim: 4096 exec/s: 13825 rss: 550Mb L: 1441/4096 MS: 1 EraseBytes-
#7079999	REDUCE cov: 1732 ft: 7867 corp: 1658/501Kb lim: 4096 exec/s: 13801 rss: 550Mb L: 1368/4096 MS: 1 EraseBytes-
#7083245	REDUCE cov: 1732 ft: 7867 corp: 1658/501Kb lim: 4096 exec/s: 13807 rss: 550Mb L: 719/4096 MS: 1 EraseBytes-
#7084417	REDUCE cov: 1732 ft: 7867 corp: 1658/501Kb lim: 4096 exec/s: 13809 rss: 550Mb L: 46/4096 MS: 2 ChangeByte-EraseBytes-
#7086223	REDUCE cov: 1732 ft: 7867 corp: 1658/501Kb lim: 4096 exec/s: 13813 rss: 550Mb L: 1628/4096 MS: 1 EraseBytes-
#7087984	REDUCE cov: 1732 ft: 7867 corp: 1658/501Kb lim: 4096 exec/s: 13789 rss: 550Mb L: 1669/4096 MS: 1 EraseBytes-
#7089831	REDUCE cov: 1732 ft: 7867 corp: 1658/501Kb lim: 4096 exec/s: 13793 rss: 550Mb L: 246/4096 MS: 2 ChangeASCIIInt-EraseBytes-
#7098308	REDUCE cov: 1732 ft: 7867 corp: 1658/501Kb lim: 4096 exec/s: 13783 rss: 550Mb L: 142/4096 MS: 2 ChangeByte-EraseBytes-
#7098451	REDUCE cov: 1732 ft: 7867 corp: 1658/501Kb lim: 4096 exec/s: 13783 rss: 550Mb L: 3635/4096 MS: 3 ChangeByte-ChangeByte-EraseBytes-
#7100238	REDUCE cov: 1732 ft: 7867 corp: 1658/501Kb lim: 4096 exec/s: 13786 rss: 550Mb L: 14/4096 MS: 2 ShuffleBytes-EraseBytes-
#7106526	REDUCE cov: 1732 ft: 7867 corp: 1658/501Kb lim: 4096 exec/s: 13772 rss: 550Mb L: 2848/4096 MS: 3 ChangeASCIIInt-PersAutoDict-EraseBytes- DE: "#\357\277\275\357\277\275"-
#7118727	REDUCE cov: 1732 ft: 7867 corp: 1658/501Kb lim: 4096 exec/s: 13769 rss: 550Mb L: 59/4096 MS: 1 EraseBytes-
#7124933	REDUCE cov: 1732 ft: 7867 corp: 1658/501Kb lim: 4096 exec/s: 13754 rss: 550Mb L: 1606/4096 MS: 1 EraseBytes-
#7128674	REDUCE cov: 1732 ft: 7867 corp: 1658/501Kb lim: 4096 exec/s: 13761 rss: 550Mb L: 51/4096 MS: 1 EraseBytes-
#7128897	REDUCE cov: 1732 ft: 7867 corp: 1658/501Kb lim: 4096 exec/s: 13762 rss: 550Mb L: 88/4096 MS: 3 CopyPart-ChangeBinInt-EraseBytes-
#7129133	REDUCE cov: 1732 ft: 7867 corp: 1658/501Kb lim: 4096 exec/s: 13762 rss: 550Mb L: 41/4096 MS: 1 EraseBytes-
#7130354	REDUCE cov: 1732 ft: 7867 corp: 1658/500Kb lim: 4096 exec/s: 13765 rss: 550Mb L: 3499/4096 MS: 1 EraseBytes-
#7131770	REDUCE cov: 1732 ft: 7867 corp: 1658/500Kb lim: 4096 exec/s: 13767 rss: 550Mb L: 24/4096 MS: 1 EraseBytes-
#7136536	REDUCE cov: 1732 ft: 7867 corp: 1658/500Kb lim: 4096 exec/s: 13750 rss: 550Mb L: 48/4096 MS: 1 EraseBytes-
#7138232	REDUCE cov: 1732 ft: 7867 corp: 1658/500Kb lim: 4096 exec/s: 13753 rss: 550Mb L: 1476/4096 MS: 1 EraseBytes-
#7139883	REDUCE cov: 1732 ft: 7867 corp: 1658/500Kb lim: 4096 exec/s: 13757 rss: 550Mb L: 1032/4096 MS: 1 EraseBytes-
#7147044	REDUCE cov: 1732 ft: 7867 corp: 1658/500Kb lim: 4096 exec/s: 13744 rss: 550Mb L: 3431/4096 MS: 5 ShuffleBytes-ShuffleBytes-ChangeBinInt-EraseBytes-InsertRepeatedBytes-
#7147212	REDUCE cov: 1732 ft: 7869 corp: 1659/504Kb lim: 4096 exec/s: 13744 rss: 550Mb L: 3713/4096 MS: 3 ShuffleBytes-CopyPart-CopyPart-
#7148208	REDUCE cov: 1732 ft: 7869 corp: 1659/504Kb lim: 4096 exec/s: 13746 rss: 550Mb L: 2673/4096 MS: 1 EraseBytes-
#7149150	REDUCE cov: 1732 ft: 7869 corp: 1659/504Kb lim: 4096 exec/s: 13748 rss: 550Mb L: 378/4096 MS: 2 InsertByte-EraseBytes-
#7149166	REDUCE cov: 1732 ft: 7869 corp: 1659/504Kb lim: 4096 exec/s: 13748 rss: 550Mb L: 56/4096 MS: 1 EraseBytes-
#7149792	REDUCE cov: 1732 ft: 7869 corp: 1659/504Kb lim: 4096 exec/s: 13749 rss: 550Mb L: 39/4096 MS: 1 EraseBytes-
#7153104	REDUCE cov: 1732 ft: 7869 corp: 1659/504Kb lim: 4096 exec/s: 13729 rss: 550Mb L: 3469/4096 MS: 2 ChangeASCIIInt-EraseBytes-
#7156065	NEW    cov: 1734 ft: 7871 corp: 1660/504Kb lim: 4096 exec/s: 13735 rss: 550Mb L: 201/4096 MS: 1 InsertByte-
#7157691	REDUCE cov: 1734 ft: 7871 corp: 1660/504Kb lim: 4096 exec/s: 13738 rss: 550Mb L: 38/4096 MS: 1 EraseBytes-
#7158482	REDUCE cov: 1734 ft: 7871 corp: 1660/504Kb lim: 4096 exec/s: 13739 rss: 550Mb L: 375/4096 MS: 1 EraseBytes-
#7159158	REDUCE cov: 1734 ft: 7871 corp: 1660/504Kb lim: 4096 exec/s: 13741 rss: 550Mb L: 1339/4096 MS: 1 EraseBytes-
#7159565	REDUCE cov: 1734 ft: 7871 corp: 1660/504Kb lim: 4096 exec/s: 13715 rss: 550Mb L: 1487/4096 MS: 2 CopyPart-EraseBytes-
#7161251	REDUCE cov: 1734 ft: 7871 corp: 1660/504Kb lim: 4096 exec/s: 13718 rss: 550Mb L: 34/4096 MS: 1 EraseBytes-
#7165820	REDUCE cov: 1734 ft: 7871 corp: 1660/504Kb lim: 4096 exec/s: 13727 rss: 550Mb L: 1391/4096 MS: 3 ChangeASCIIInt-EraseBytes-CopyPart-
#7170901	REDUCE cov: 1734 ft: 7871 corp: 1660/504Kb lim: 4096 exec/s: 13711 rss: 550Mb L: 3573/4096 MS: 1 EraseBytes-
#7171922	REDUCE cov: 1734 ft: 7871 corp: 1660/504Kb lim: 4096 exec/s: 13713 rss: 550Mb L: 1111/4096 MS: 1 EraseBytes-
#7176788	REDUCE cov: 1734 ft: 7871 corp: 1660/503Kb lim: 4096 exec/s: 13722 rss: 551Mb L: 1027/4096 MS: 1 EraseBytes-
#7182234	REDUCE cov: 1734 ft: 7871 corp: 1660/503Kb lim: 4096 exec/s: 13706 rss: 552Mb L: 1145/4096 MS: 1 EraseBytes-
#7186041	REDUCE cov: 1734 ft: 7871 corp: 1660/503Kb lim: 4096 exec/s: 13687 rss: 552Mb L: 2120/4096 MS: 2 InsertRepeatedBytes-EraseBytes-
#7189132	REDUCE cov: 1734 ft: 7871 corp: 1660/503Kb lim: 4096 exec/s: 13693 rss: 552Mb L: 1280/4096 MS: 1 EraseBytes-
#7190294	REDUCE cov: 1734 ft: 7871 corp: 1660/503Kb lim: 4096 exec/s: 13695 rss: 552Mb L: 1130/4096 MS: 2 ChangeBit-EraseBytes-
#7190826	REDUCE cov: 1734 ft: 7871 corp: 1660/503Kb lim: 4096 exec/s: 13696 rss: 552Mb L: 429/4096 MS: 2 ShuffleBytes-EraseBytes-
#7191604	REDUCE cov: 1734 ft: 7871 corp: 1660/503Kb lim: 4096 exec/s: 13698 rss: 552Mb L: 1024/4096 MS: 3 ShuffleBytes-EraseBytes-CopyPart-
#7197239	REDUCE cov: 1734 ft: 7873 corp: 1661/506Kb lim: 4096 exec/s: 13682 rss: 553Mb L: 2678/4096 MS: 5 CopyPart-InsertByte-ShuffleBytes-ChangeASCIIInt-CrossOver-
#7200002	REDUCE cov: 1734 ft: 7873 corp: 1661/506Kb lim: 4096 exec/s: 13688 rss: 553Mb L: 72/4096 MS: 1 EraseBytes-
#7200108	REDUCE cov: 1734 ft: 7873 corp: 1661/506Kb lim: 4096 exec/s: 13688 rss: 553Mb L: 73/4096 MS: 1 EraseBytes-
#7203109	REDUCE cov: 1734 ft: 7873 corp: 1661/506Kb lim: 4096 exec/s: 13668 rss: 553Mb L: 1127/4096 MS: 1 EraseBytes-
#7205692	REDUCE cov: 1734 ft: 7873 corp: 1661/506Kb lim: 4096 exec/s: 13673 rss: 553Mb L: 89/4096 MS: 3 InsertByte-ChangeBinInt-EraseBytes-
#7209754	REDUCE cov: 1734 ft: 7873 corp: 1661/506Kb lim: 4096 exec/s: 13680 rss: 553Mb L: 3660/4096 MS: 2 ChangeByte-EraseBytes-
#7211796	REDUCE cov: 1734 ft: 7873 corp: 1661/506Kb lim: 4096 exec/s: 13658 rss: 553Mb L: 433/4096 MS: 2 ChangeBinInt-EraseBytes-
#7212984	REDUCE cov: 1734 ft: 7873 corp: 1661/506Kb lim: 4096 exec/s: 13660 rss: 553Mb L: 50/4096 MS: 3 CopyPart-ChangeASCIIInt-EraseBytes-
#7213050	NEW    cov: 1742 ft: 7881 corp: 1662/506Kb lim: 4096 exec/s: 13661 rss: 553Mb L: 25/4096 MS: 1 CrossOver-
#7213966	REDUCE cov: 1742 ft: 7881 corp: 1662/506Kb lim: 4096 exec/s: 13662 rss: 553Mb L: 206/4096 MS: 1 EraseBytes-
#7214037	REDUCE cov: 1742 ft: 7881 corp: 1662/506Kb lim: 4096 exec/s: 13662 rss: 553Mb L: 370/4096 MS: 1 EraseBytes-
#7214113	REDUCE cov: 1742 ft: 7881 corp: 1662/506Kb lim: 4096 exec/s: 13663 rss: 553Mb L: 358/4096 MS: 1 EraseBytes-
#7215520	REDUCE cov: 1742 ft: 7881 corp: 1662/506Kb lim: 4096 exec/s: 13665 rss: 553Mb L: 66/4096 MS: 2 ChangeByte-EraseBytes-
#7218626	REDUCE cov: 1742 ft: 7881 corp: 1662/506Kb lim: 4096 exec/s: 13671 rss: 553Mb L: 1025/4096 MS: 1 EraseBytes-
#7219427	REDUCE cov: 1742 ft: 7881 corp: 1662/506Kb lim: 4096 exec/s: 13673 rss: 553Mb L: 271/4096 MS: 1 EraseBytes-
#7221039	REDUCE cov: 1742 ft: 7881 corp: 1662/505Kb lim: 4096 exec/s: 13650 rss: 553Mb L: 3360/4096 MS: 2 ChangeByte-EraseBytes-
#7226686	REDUCE cov: 1742 ft: 7881 corp: 1662/505Kb lim: 4096 exec/s: 13661 rss: 553Mb L: 1635/4096 MS: 2 ChangeBinInt-EraseBytes-
#7227057	REDUCE cov: 1742 ft: 7881 corp: 1662/505Kb lim: 4096 exec/s: 13661 rss: 553Mb L: 27/4096 MS: 1 EraseBytes-
#7227702	REDUCE cov: 1742 ft: 7881 corp: 1662/505Kb lim: 4096 exec/s: 13662 rss: 553Mb L: 260/4096 MS: 5 PersAutoDict-ChangeBit-ChangeBinInt-ChangeBinInt-EraseBytes- DE: "\325\377\377\377"-
#7229985	REDUCE cov: 1742 ft: 7881 corp: 1662/505Kb lim: 4096 exec/s: 13641 rss: 553Mb L: 361/4096 MS: 3 ChangeASCIIInt-InsertByte-EraseBytes-
#7230833	REDUCE cov: 1742 ft: 7881 corp: 1662/505Kb lim: 4096 exec/s: 13643 rss: 553Mb L: 1916/4096 MS: 3 InsertByte-EraseBytes-ChangeByte-
#7232409	NEW    cov: 1743 ft: 7882 corp: 1663/505Kb lim: 4096 exec/s: 13646 rss: 553Mb L: 26/4096 MS: 1 CopyPart-
#7232915	REDUCE cov: 1743 ft: 7882 corp: 1663/505Kb lim: 4096 exec/s: 13647 rss: 553Mb L: 57/4096 MS: 1 EraseBytes-
#7234001	REDUCE cov: 1743 ft: 7882 corp: 1663/505Kb lim: 4096 exec/s: 13649 rss: 553Mb L: 274/4096 MS: 1 EraseBytes-
#7234669	REDUCE cov: 1743 ft: 7882 corp: 1663/505Kb lim: 4096 exec/s: 13650 rss: 553Mb L: 194/4096 MS: 3 ChangeBit-EraseBytes-CopyPart-
#7237285	REDUCE cov: 1743 ft: 7882 corp: 1663/505Kb lim: 4096 exec/s: 13629 rss: 553Mb L: 88/4096 MS: 1 EraseBytes-
#7248157	REDUCE cov: 1743 ft: 7882 corp: 1663/505Kb lim: 4096 exec/s: 13624 rss: 553Mb L: 1242/4096 MS: 2 ChangeASCIIInt-EraseBytes-
#7249201	REDUCE cov: 1743 ft: 7882 corp: 1663/505Kb lim: 4096 exec/s: 13626 rss: 553Mb L: 12/4096 MS: 4 CrossOver-InsertByte-EraseBytes-CrossOver-
#7250847	REDUCE cov: 1743 ft: 7882 corp: 1663/505Kb lim: 4096 exec/s: 13629 rss: 553Mb L: 1023/4096 MS: 1 EraseBytes-
#7251513	REDUCE cov: 1743 ft: 7882 corp: 1663/505Kb lim: 4096 exec/s: 13630 rss: 553Mb L: 3287/4096 MS: 1 EraseBytes-
#7252307	REDUCE cov: 1743 ft: 7882 corp: 1663/505Kb lim: 4096 exec/s: 13632 rss: 553Mb L: 1251/4096 MS: 4 CrossOver-ChangeASCIIInt-CopyPart-EraseBytes-
#7259718	REDUCE cov: 1743 ft: 7882 corp: 1663/505Kb lim: 4096 exec/s: 13620 rss: 553Mb L: 1132/4096 MS: 1 EraseBytes-
#7262769	REDUCE cov: 1743 ft: 7882 corp: 1663/505Kb lim: 4096 exec/s: 13626 rss: 553Mb L: 360/4096 MS: 1 EraseBytes-
#7263845	REDUCE cov: 1743 ft: 7882 corp: 1663/505Kb lim: 4096 exec/s: 13628 rss: 553Mb L: 1121/4096 MS: 1 EraseBytes-
#7266527	REDUCE cov: 1743 ft: 7882 corp: 1663/505Kb lim: 4096 exec/s: 13607 rss: 553Mb L: 112/4096 MS: 2 ChangeASCIIInt-EraseBytes-
#7267544	NEW    cov: 1743 ft: 7883 corp: 1664/505Kb lim: 4096 exec/s: 13609 rss: 553Mb L: 201/4096 MS: 2 ChangeByte-ChangeByte-
#7269743	REDUCE cov: 1743 ft: 7883 corp: 1664/505Kb lim: 4096 exec/s: 13613 rss: 553Mb L: 712/4096 MS: 3 ChangeBit-PersAutoDict-EraseBytes- DE: "\357\277\275e\357\277\275"-
#7280480	REDUCE cov: 1743 ft: 7883 corp: 1664/505Kb lim: 4096 exec/s: 13608 rss: 553Mb L: 883/4096 MS: 2 EraseBytes-InsertRepeatedBytes-
#7286182	REDUCE cov: 1743 ft: 7883 corp: 1664/505Kb lim: 4096 exec/s: 13593 rss: 553Mb L: 266/4096 MS: 2 ChangeByte-EraseBytes-
#7286734	REDUCE cov: 1743 ft: 7883 corp: 1664/505Kb lim: 4096 exec/s: 13594 rss: 553Mb L: 1620/4096 MS: 2 ChangeByte-EraseBytes-
#7291553	REDUCE cov: 1743 ft: 7883 corp: 1664/505Kb lim: 4096 exec/s: 13578 rss: 553Mb L: 863/4096 MS: 4 PersAutoDict-InsertByte-ChangeASCIIInt-EraseBytes- DE: "mEssage"-
#7298924	REDUCE cov: 1743 ft: 7883 corp: 1664/505Kb lim: 4096 exec/s: 13566 rss: 553Mb L: 75/4096 MS: 1 EraseBytes-
#7299231	REDUCE cov: 1743 ft: 7883 corp: 1664/505Kb lim: 4096 exec/s: 13567 rss: 553Mb L: 21/4096 MS: 2 EraseBytes-CopyPart-
#7302592	REDUCE cov: 1743 ft: 7883 corp: 1664/505Kb lim: 4096 exec/s: 13573 rss: 553Mb L: 24/4096 MS: 1 EraseBytes-
#7303123	REDUCE cov: 1743 ft: 7883 corp: 1664/505Kb lim: 4096 exec/s: 13574 rss: 553Mb L: 2423/4096 MS: 1 EraseBytes-
#7305240	REDUCE cov: 1743 ft: 7883 corp: 1664/505Kb lim: 4096 exec/s: 13578 rss: 553Mb L: 3354/4096 MS: 2 ChangeASCIIInt-EraseBytes-
#7307280	REDUCE cov: 1743 ft: 7883 corp: 1664/505Kb lim: 4096 exec/s: 13557 rss: 553Mb L: 267/4096 MS: 5 ChangeASCIIInt-InsertByte-PersAutoDict-ChangeByte-EraseBytes- DE: "\377\377\377\320"-
#7308996	REDUCE cov: 1743 ft: 7883 corp: 1664/505Kb lim: 4096 exec/s: 13560 rss: 553Mb L: 119/4096 MS: 1 EraseBytes-
#7310402	REDUCE cov: 1743 ft: 7883 corp: 1664/505Kb lim: 4096 exec/s: 13562 rss: 553Mb L: 74/4096 MS: 1 EraseBytes-
#7312303	REDUCE cov: 1743 ft: 7883 corp: 1664/505Kb lim: 4096 exec/s: 13566 rss: 553Mb L: 56/4096 MS: 1 EraseBytes-
#7313524	REDUCE cov: 1743 ft: 7883 corp: 1664/505Kb lim: 4096 exec/s: 13568 rss: 553Mb L: 771/4096 MS: 1 EraseBytes-
#7318326	REDUCE cov: 1743 ft: 7883 corp: 1664/505Kb lim: 4096 exec/s: 13552 rss: 553Mb L: 2830/4096 MS: 2 ChangeByte-EraseBytes-
#7322217	REDUCE cov: 1743 ft: 7883 corp: 1664/505Kb lim: 4096 exec/s: 13559 rss: 553Mb L: 1200/4096 MS: 1 EraseBytes-
#7322791	REDUCE cov: 1743 ft: 7883 corp: 1664/505Kb lim: 4096 exec/s: 13560 rss: 553Mb L: 990/4096 MS: 4 ChangeBit-PersAutoDict-ChangeByte-EraseBytes- DE: "# \357\277\275\357\277"-
#7323064	REDUCE cov: 1743 ft: 7883 corp: 1664/505Kb lim: 4096 exec/s: 13561 rss: 553Mb L: 1211/4096 MS: 3 ShuffleBytes-ChangeASCIIInt-EraseBytes-
#7325170	REDUCE cov: 1743 ft: 7883 corp: 1664/505Kb lim: 4096 exec/s: 13540 rss: 553Mb L: 141/4096 MS: 1 EraseBytes-
#7341506	REDUCE cov: 1743 ft: 7883 corp: 1664/505Kb lim: 4096 exec/s: 13545 rss: 553Mb L: 1904/4096 MS: 1 EraseBytes-
#7354827	REDUCE cov: 1743 ft: 7883 corp: 1664/505Kb lim: 4096 exec/s: 13519 rss: 553Mb L: 2086/4096 MS: 1 EraseBytes-
#7354928	REDUCE cov: 1743 ft: 7883 corp: 1664/505Kb lim: 4096 exec/s: 13520 rss: 553Mb L: 18/4096 MS: 1 EraseBytes-
#7355980	REDUCE cov: 1743 ft: 7883 corp: 1664/505Kb lim: 4096 exec/s: 13522 rss: 553Mb L: 1160/4096 MS: 2 ChangeBit-EraseBytes-
#7359246	REDUCE cov: 1743 ft: 7883 corp: 1664/505Kb lim: 4096 exec/s: 13528 rss: 553Mb L: 1601/4096 MS: 1 EraseBytes-
#7364222	REDUCE cov: 1743 ft: 7883 corp: 1664/505Kb lim: 4096 exec/s: 13512 rss: 553Mb L: 1091/4096 MS: 1 EraseBytes-
#7366757	REDUCE cov: 1743 ft: 7883 corp: 1664/505Kb lim: 4096 exec/s: 13516 rss: 553Mb L: 3290/4096 MS: 5 ShuffleBytes-CopyPart-ChangeByte-InsertRepeatedBytes-EraseBytes-
#7367375	REDUCE cov: 1743 ft: 7883 corp: 1664/505Kb lim: 4096 exec/s: 13518 rss: 553Mb L: 134/4096 MS: 3 ChangeBit-InsertByte-EraseBytes-
#7370961	REDUCE cov: 1743 ft: 7883 corp: 1664/505Kb lim: 4096 exec/s: 13499 rss: 553Mb L: 12/4096 MS: 1 EraseBytes-
#7370978	REDUCE cov: 1743 ft: 7883 corp: 1664/505Kb lim: 4096 exec/s: 13499 rss: 553Mb L: 44/4096 MS: 2 PersAutoDict-EraseBytes- DE: "detail"-
#7376321	REDUCE cov: 1743 ft: 7883 corp: 1664/505Kb lim: 4096 exec/s: 13509 rss: 553Mb L: 3958/4096 MS: 3 ChangeASCIIInt-InsertRepeatedBytes-EraseBytes-
#7381442	REDUCE cov: 1743 ft: 7883 corp: 1664/505Kb lim: 4096 exec/s: 13494 rss: 553Mb L: 275/4096 MS: 1 EraseBytes-
#7383960	REDUCE cov: 1743 ft: 7883 corp: 1664/505Kb lim: 4096 exec/s: 13499 rss: 553Mb L: 82/4096 MS: 3 ChangeBinInt-ChangeASCIIInt-EraseBytes-
#7384521	REDUCE cov: 1743 ft: 7883 corp: 1664/505Kb lim: 4096 exec/s: 13500 rss: 553Mb L: 350/4096 MS: 1 EraseBytes-
#7389967	REDUCE cov: 1743 ft: 7883 corp: 1664/505Kb lim: 4096 exec/s: 13485 rss: 553Mb L: 348/4096 MS: 1 EraseBytes-
#7393763	REDUCE cov: 1743 ft: 7883 corp: 1664/505Kb lim: 4096 exec/s: 13467 rss: 553Mb L: 98/4096 MS: 1 EraseBytes-
#7396009	REDUCE cov: 1743 ft: 7883 corp: 1664/505Kb lim: 4096 exec/s: 13471 rss: 553Mb L: 356/4096 MS: 1 EraseBytes-
#7402145	REDUCE cov: 1743 ft: 7883 corp: 1664/505Kb lim: 4096 exec/s: 13458 rss: 553Mb L: 1585/4096 MS: 1 EraseBytes-
#7409152	REDUCE cov: 1743 ft: 7883 corp: 1664/505Kb lim: 4096 exec/s: 13446 rss: 553Mb L: 2082/4096 MS: 2 ShuffleBytes-EraseBytes-
#7413893	REDUCE cov: 1743 ft: 7883 corp: 1664/504Kb lim: 4096 exec/s: 13455 rss: 553Mb L: 948/4096 MS: 1 EraseBytes-
#7415399	REDUCE cov: 1743 ft: 7883 corp: 1664/504Kb lim: 4096 exec/s: 13458 rss: 553Mb L: 182/4096 MS: 1 EraseBytes-
#7415842	REDUCE cov: 1743 ft: 7883 corp: 1664/504Kb lim: 4096 exec/s: 13458 rss: 553Mb L: 451/4096 MS: 3 CopyPart-InsertRepeatedBytes-EraseBytes-
#7416583	REDUCE cov: 1743 ft: 7883 corp: 1664/504Kb lim: 4096 exec/s: 13435 rss: 553Mb L: 528/4096 MS: 1 EraseBytes-
#7420525	REDUCE cov: 1743 ft: 7883 corp: 1664/504Kb lim: 4096 exec/s: 13442 rss: 553Mb L: 277/4096 MS: 2 ShuffleBytes-EraseBytes-
#7421694	REDUCE cov: 1743 ft: 7883 corp: 1664/504Kb lim: 4096 exec/s: 13445 rss: 553Mb L: 192/4096 MS: 4 ShuffleBytes-ChangeBit-ChangeBit-EraseBytes-
#7422575	REDUCE cov: 1743 ft: 7883 corp: 1664/504Kb lim: 4096 exec/s: 13446 rss: 553Mb L: 1553/4096 MS: 1 EraseBytes-
#7423147	REDUCE cov: 1743 ft: 7883 corp: 1664/504Kb lim: 4096 exec/s: 13447 rss: 553Mb L: 353/4096 MS: 2 ChangeASCIIInt-EraseBytes-
#7426343	REDUCE cov: 1743 ft: 7883 corp: 1664/504Kb lim: 4096 exec/s: 13429 rss: 553Mb L: 125/4096 MS: 1 EraseBytes-
#7426641	REDUCE cov: 1743 ft: 7883 corp: 1664/504Kb lim: 4096 exec/s: 13429 rss: 553Mb L: 17/4096 MS: 3 PersAutoDict-CopyPart-EraseBytes- DE: "\026\000"-
#7426932	REDUCE cov: 1743 ft: 7883 corp: 1664/504Kb lim: 4096 exec/s: 13430 rss: 553Mb L: 2670/4096 MS: 1 EraseBytes-
#7428763	REDUCE cov: 1743 ft: 7883 corp: 1664/504Kb lim: 4096 exec/s: 13433 rss: 553Mb L: 22/4096 MS: 1 EraseBytes-
#7431346	REDUCE cov: 1743 ft: 7883 corp: 1664/504Kb lim: 4096 exec/s: 13438 rss: 553Mb L: 1557/4096 MS: 3 ChangeByte-InsertByte-EraseBytes-
#7433727	REDUCE cov: 1743 ft: 7883 corp: 1664/504Kb lim: 4096 exec/s: 13418 rss: 553Mb L: 1149/4096 MS: 1 EraseBytes-
#7435259	REDUCE cov: 1743 ft: 7883 corp: 1664/504Kb lim: 4096 exec/s: 13421 rss: 553Mb L: 1897/4096 MS: 2 ChangeASCIIInt-EraseBytes-
#7435331	REDUCE cov: 1743 ft: 7883 corp: 1664/504Kb lim: 4096 exec/s: 13421 rss: 553Mb L: 937/4096 MS: 2 ChangeASCIIInt-EraseBytes-
#7436632	REDUCE cov: 1743 ft: 7883 corp: 1664/504Kb lim: 4096 exec/s: 13423 rss: 553Mb L: 1522/4096 MS: 1 EraseBytes-
#7439758	REDUCE cov: 1743 ft: 7883 corp: 1664/504Kb lim: 4096 exec/s: 13429 rss: 553Mb L: 879/4096 MS: 1 EraseBytes-
#7439789	REDUCE cov: 1743 ft: 7883 corp: 1664/504Kb lim: 4096 exec/s: 13429 rss: 553Mb L: 3518/4096 MS: 1 EraseBytes-
#7440610	REDUCE cov: 1743 ft: 7883 corp: 1664/504Kb lim: 4096 exec/s: 13406 rss: 553Mb L: 1109/4096 MS: 1 EraseBytes-
#7445315	REDUCE cov: 1743 ft: 7883 corp: 1664/504Kb lim: 4096 exec/s: 13414 rss: 553Mb L: 1131/4096 MS: 5 ChangeBit-InsertByte-InsertRepeatedBytes-PersAutoDict-EraseBytes- DE: "msesage"-
#7446816	REDUCE cov: 1743 ft: 7883 corp: 1664/504Kb lim: 4096 exec/s: 13417 rss: 553Mb L: 347/4096 MS: 1 EraseBytes-
#7449474	REDUCE cov: 1743 ft: 7883 corp: 1664/504Kb lim: 4096 exec/s: 13398 rss: 553Mb L: 859/4096 MS: 2 ChangeByte-EraseBytes-
#7456957	REDUCE cov: 1743 ft: 7883 corp: 1664/504Kb lim: 4096 exec/s: 13387 rss: 553Mb L: 496/4096 MS: 3 ChangeBinInt-CrossOver-EraseBytes-
#7458131	REDUCE cov: 1743 ft: 7883 corp: 1664/504Kb lim: 4096 exec/s: 13389 rss: 553Mb L: 3306/4096 MS: 4 EraseBytes-CopyPart-CrossOver-EraseBytes-
#7462357	REDUCE cov: 1743 ft: 7883 corp: 1664/504Kb lim: 4096 exec/s: 13397 rss: 553Mb L: 278/4096 MS: 1 EraseBytes-
#7463198	REDUCE cov: 1743 ft: 7883 corp: 1664/504Kb lim: 4096 exec/s: 13398 rss: 553Mb L: 681/4096 MS: 1 EraseBytes-
#7465074	REDUCE cov: 1743 ft: 7883 corp: 1664/504Kb lim: 4096 exec/s: 13378 rss: 553Mb L: 852/4096 MS: 1 EraseBytes-
#7465236	REDUCE cov: 1743 ft: 7883 corp: 1664/504Kb lim: 4096 exec/s: 13378 rss: 553Mb L: 1459/4096 MS: 2 ChangeBit-EraseBytes-
#7473094	REDUCE cov: 1743 ft: 7883 corp: 1664/504Kb lim: 4096 exec/s: 13368 rss: 553Mb L: 2829/4096 MS: 3 ChangeByte-InsertByte-EraseBytes-
#7473360	REDUCE cov: 1743 ft: 7883 corp: 1664/504Kb lim: 4096 exec/s: 13369 rss: 553Mb L: 3465/4096 MS: 1 EraseBytes-
#7476337	REDUCE cov: 1743 ft: 7883 corp: 1664/504Kb lim: 4096 exec/s: 13374 rss: 553Mb L: 10/4096 MS: 2 CopyPart-EraseBytes-
#7478274	REDUCE cov: 1743 ft: 7883 corp: 1664/504Kb lim: 4096 exec/s: 13377 rss: 553Mb L: 181/4096 MS: 2 ShuffleBytes-EraseBytes-
#7479886	REDUCE cov: 1743 ft: 7883 corp: 1664/504Kb lim: 4096 exec/s: 13356 rss: 553Mb L: 18/4096 MS: 2 EraseBytes-CopyPart-
#7481107	REDUCE cov: 1743 ft: 7883 corp: 1664/504Kb lim: 4096 exec/s: 13359 rss: 553Mb L: 704/4096 MS: 1 EraseBytes-
#7486640	REDUCE cov: 1743 ft: 7883 corp: 1664/504Kb lim: 4096 exec/s: 13369 rss: 553Mb L: 39/4096 MS: 3 InsertByte-ChangeBit-EraseBytes-
#7490621	REDUCE cov: 1743 ft: 7883 corp: 1664/504Kb lim: 4096 exec/s: 13352 rss: 553Mb L: 1376/4096 MS: 1 EraseBytes-
#7494122	REDUCE cov: 1743 ft: 7883 corp: 1664/504Kb lim: 4096 exec/s: 13358 rss: 553Mb L: 1556/4096 MS: 1 EraseBytes-
#7494248	REDUCE cov: 1743 ft: 7883 corp: 1664/504Kb lim: 4096 exec/s: 13358 rss: 553Mb L: 1297/4096 MS: 1 EraseBytes-
#7495424	REDUCE cov: 1743 ft: 7883 corp: 1664/504Kb lim: 4096 exec/s: 13337 rss: 553Mb L: 870/4096 MS: 1 EraseBytes-
#7501610	NEW    cov: 1745 ft: 7885 corp: 1665/504Kb lim: 4096 exec/s: 13348 rss: 553Mb L: 201/4096 MS: 1 ChangeASCIIInt-
#7513907	REDUCE cov: 1745 ft: 7885 corp: 1665/504Kb lim: 4096 exec/s: 13322 rss: 553Mb L: 57/4096 MS: 2 ChangeASCIIInt-EraseBytes-
#7519960	REDUCE cov: 1745 ft: 7885 corp: 1665/504Kb lim: 4096 exec/s: 13309 rss: 553Mb L: 3424/4096 MS: 3 ShuffleBytes-PersAutoDict-EraseBytes- DE: "status"-
#7523171	REDUCE cov: 1745 ft: 7885 corp: 1665/504Kb lim: 4096 exec/s: 13315 rss: 553Mb L: 842/4096 MS: 1 EraseBytes-
#7524262	REDUCE cov: 1745 ft: 7885 corp: 1665/504Kb lim: 4096 exec/s: 13317 rss: 553Mb L: 3420/4096 MS: 1 EraseBytes-
#7525754	REDUCE cov: 1745 ft: 7885 corp: 1665/504Kb lim: 4096 exec/s: 13319 rss: 553Mb L: 2204/4096 MS: 2 ChangeBit-EraseBytes-
#7527180	REDUCE cov: 1745 ft: 7885 corp: 1665/504Kb lim: 4096 exec/s: 13298 rss: 553Mb L: 81/4096 MS: 1 EraseBytes-
#7528036	REDUCE cov: 1745 ft: 7885 corp: 1665/504Kb lim: 4096 exec/s: 13300 rss: 553Mb L: 37/4096 MS: 1 EraseBytes-
#7528508	REDUCE cov: 1745 ft: 7885 corp: 1665/503Kb lim: 4096 exec/s: 13301 rss: 553Mb L: 1167/4096 MS: 2 ChangeASCIIInt-EraseBytes-
#7529031	REDUCE cov: 1745 ft: 7885 corp: 1665/503Kb lim: 4096 exec/s: 13302 rss: 553Mb L: 1251/4096 MS: 2 CrossOver-EraseBytes-
#7535507	REDUCE cov: 1745 ft: 7885 corp: 1665/503Kb lim: 4096 exec/s: 13290 rss: 553Mb L: 688/4096 MS: 1 EraseBytes-
#7537118	REDUCE cov: 1745 ft: 7885 corp: 1665/503Kb lim: 4096 exec/s: 13292 rss: 553Mb L: 13/4096 MS: 1 EraseBytes-
#7537649	REDUCE cov: 1745 ft: 7885 corp: 1665/503Kb lim: 4096 exec/s: 13293 rss: 553Mb L: 18/4096 MS: 1 EraseBytes-
#7541315	REDUCE cov: 1745 ft: 7885 corp: 1665/503Kb lim: 4096 exec/s: 13300 rss: 553Mb L: 350/4096 MS: 1 EraseBytes-
#7542126	REDUCE cov: 1745 ft: 7885 corp: 1665/503Kb lim: 4096 exec/s: 13301 rss: 553Mb L: 676/4096 MS: 1 EraseBytes-
#7544212	REDUCE cov: 1745 ft: 7885 corp: 1665/503Kb lim: 4096 exec/s: 13282 rss: 553Mb L: 80/4096 MS: 1 EraseBytes-
#7547848	NEW    cov: 1746 ft: 7886 corp: 1666/503Kb lim: 4096 exec/s: 13288 rss: 553Mb L: 13/4096 MS: 1 EraseBytes-
#7553204	REDUCE cov: 1746 ft: 7886 corp: 1666/503Kb lim: 4096 exec/s: 13274 rss: 553Mb L: 60/4096 MS: 1 EraseBytes-
#7553546	REDUCE cov: 1746 ft: 7886 corp: 1666/503Kb lim: 4096 exec/s: 13275 rss: 553Mb L: 3346/4096 MS: 2 ChangeBit-EraseBytes-
#7556177	REDUCE cov: 1746 ft: 7886 corp: 1666/503Kb lim: 4096 exec/s: 13279 rss: 553Mb L: 26/4096 MS: 1 EraseBytes-
#7556483	REDUCE cov: 1746 ft: 7886 corp: 1666/503Kb lim: 4096 exec/s: 13280 rss: 553Mb L: 1550/4096 MS: 1 EraseBytes-
#7556906	REDUCE cov: 1746 ft: 7886 corp: 1666/503Kb lim: 4096 exec/s: 13281 rss: 553Mb L: 1254/4096 MS: 3 ChangeASCIIInt-CopyPart-EraseBytes-
#7557563	REDUCE cov: 1746 ft: 7886 corp: 1666/503Kb lim: 4096 exec/s: 13282 rss: 553Mb L: 24/4096 MS: 2 ChangeASCIIInt-EraseBytes-
#7557829	REDUCE cov: 1746 ft: 7886 corp: 1666/503Kb lim: 4096 exec/s: 13282 rss: 553Mb L: 3181/4096 MS: 1 EraseBytes-
#7558575	REDUCE cov: 1746 ft: 7886 corp: 1666/503Kb lim: 4096 exec/s: 13283 rss: 553Mb L: 925/4096 MS: 1 EraseBytes-
#7565281	REDUCE cov: 1746 ft: 7886 corp: 1666/503Kb lim: 4096 exec/s: 13272 rss: 553Mb L: 844/4096 MS: 1 EraseBytes-
#7568223	REDUCE cov: 1746 ft: 7886 corp: 1666/503Kb lim: 4096 exec/s: 13277 rss: 553Mb L: 81/4096 MS: 2 InsertByte-EraseBytes-
#7570364	REDUCE cov: 1746 ft: 7886 corp: 1666/503Kb lim: 4096 exec/s: 13258 rss: 553Mb L: 1348/4096 MS: 1 EraseBytes-
#7570877	REDUCE cov: 1746 ft: 7886 corp: 1666/503Kb lim: 4096 exec/s: 13258 rss: 553Mb L: 404/4096 MS: 3 ChangeBit-ChangeBinInt-EraseBytes-
#7571728	REDUCE cov: 1746 ft: 7886 corp: 1666/503Kb lim: 4096 exec/s: 13260 rss: 553Mb L: 35/4096 MS: 1 EraseBytes-
#7574687	REDUCE cov: 1746 ft: 7886 corp: 1666/503Kb lim: 4096 exec/s: 13265 rss: 553Mb L: 1533/4096 MS: 4 InsertByte-ChangeByte-ShuffleBytes-EraseBytes-
#7581053	REDUCE cov: 1746 ft: 7886 corp: 1666/503Kb lim: 4096 exec/s: 13253 rss: 553Mb L: 259/4096 MS: 1 EraseBytes-
#7583160	REDUCE cov: 1746 ft: 7886 corp: 1666/503Kb lim: 4096 exec/s: 13257 rss: 553Mb L: 2610/4096 MS: 2 InsertByte-EraseBytes-
#7584546	REDUCE cov: 1746 ft: 7886 corp: 1666/503Kb lim: 4096 exec/s: 13259 rss: 553Mb L: 26/4096 MS: 1 EraseBytes-
#7585389	REDUCE cov: 1746 ft: 7886 corp: 1666/503Kb lim: 4096 exec/s: 13261 rss: 553Mb L: 2046/4096 MS: 3 ChangeByte-ShuffleBytes-EraseBytes-
#7585656	REDUCE cov: 1746 ft: 7886 corp: 1666/503Kb lim: 4096 exec/s: 13261 rss: 553Mb L: 118/4096 MS: 2 CopyPart-EraseBytes-
#7586387	REDUCE cov: 1746 ft: 7886 corp: 1666/503Kb lim: 4096 exec/s: 13239 rss: 553Mb L: 3281/4096 MS: 1 EraseBytes-
#7603878	REDUCE cov: 1746 ft: 7886 corp: 1666/503Kb lim: 4096 exec/s: 13247 rss: 553Mb L: 327/4096 MS: 1 EraseBytes-
#7607799	REDUCE cov: 1746 ft: 7886 corp: 1666/503Kb lim: 4096 exec/s: 13230 rss: 553Mb L: 21/4096 MS: 1 EraseBytes-
#7611875	REDUCE cov: 1746 ft: 7886 corp: 1666/503Kb lim: 4096 exec/s: 13238 rss: 553Mb L: 259/4096 MS: 1 EraseBytes-
#7616252	REDUCE cov: 1746 ft: 7886 corp: 1666/503Kb lim: 4096 exec/s: 13222 rss: 553Mb L: 265/4096 MS: 2 ChangeBinInt-EraseBytes-
#7616658	REDUCE cov: 1746 ft: 7886 corp: 1666/503Kb lim: 4096 exec/s: 13223 rss: 553Mb L: 19/4096 MS: 1 EraseBytes-
#7619269	REDUCE cov: 1746 ft: 7886 corp: 1666/503Kb lim: 4096 exec/s: 13227 rss: 553Mb L: 1176/4096 MS: 1 EraseBytes-
#7623775	REDUCE cov: 1746 ft: 7886 corp: 1666/503Kb lim: 4096 exec/s: 13212 rss: 553Mb L: 20/4096 MS: 1 EraseBytes-
#7625192	REDUCE cov: 1746 ft: 7886 corp: 1666/503Kb lim: 4096 exec/s: 13215 rss: 553Mb L: 924/4096 MS: 2 PersAutoDict-EraseBytes- DE: ",\357\277\275"-
#7628613	REDUCE cov: 1746 ft: 7886 corp: 1666/503Kb lim: 4096 exec/s: 13221 rss: 553Mb L: 466/4096 MS: 1 EraseBytes-
#7640109	REDUCE cov: 1746 ft: 7886 corp: 1666/503Kb lim: 4096 exec/s: 13195 rss: 553Mb L: 159/4096 MS: 1 EraseBytes-
#7644020	REDUCE cov: 1746 ft: 7886 corp: 1666/503Kb lim: 4096 exec/s: 13202 rss: 553Mb L: 1531/4096 MS: 1 EraseBytes-
#7644571	REDUCE cov: 1746 ft: 7886 corp: 1666/503Kb lim: 4096 exec/s: 13203 rss: 553Mb L: 340/4096 MS: 1 EraseBytes-
#7645643	REDUCE cov: 1746 ft: 7886 corp: 1666/503Kb lim: 4096 exec/s: 13182 rss: 553Mb L: 2030/4096 MS: 2 ChangeASCIIInt-EraseBytes-
#7645789	REDUCE cov: 1746 ft: 7886 corp: 1666/503Kb lim: 4096 exec/s: 13182 rss: 553Mb L: 375/4096 MS: 1 EraseBytes-
#7653635	REDUCE cov: 1746 ft: 7886 corp: 1666/503Kb lim: 4096 exec/s: 13173 rss: 553Mb L: 928/4096 MS: 1 EraseBytes-
#7654476	REDUCE cov: 1746 ft: 7886 corp: 1666/503Kb lim: 4096 exec/s: 13174 rss: 553Mb L: 891/4096 MS: 1 EraseBytes-
#7654623	REDUCE cov: 1746 ft: 7886 corp: 1666/503Kb lim: 4096 exec/s: 13174 rss: 553Mb L: 140/4096 MS: 2 InsertByte-EraseBytes-
#7656064	REDUCE cov: 1746 ft: 7886 corp: 1666/503Kb lim: 4096 exec/s: 13177 rss: 553Mb L: 79/4096 MS: 1 EraseBytes-
#7657850	REDUCE cov: 1746 ft: 7886 corp: 1666/503Kb lim: 4096 exec/s: 13180 rss: 553Mb L: 103/4096 MS: 1 EraseBytes-
#7661487	REDUCE cov: 1746 ft: 7886 corp: 1666/503Kb lim: 4096 exec/s: 13164 rss: 553Mb L: 1161/4096 MS: 2 ChangeASCIIInt-EraseBytes-
#7662654	REDUCE cov: 1746 ft: 7886 corp: 1666/503Kb lim: 4096 exec/s: 13166 rss: 553Mb L: 244/4096 MS: 2 EraseBytes-InsertRepeatedBytes-
#7663155	REDUCE cov: 1746 ft: 7886 corp: 1666/503Kb lim: 4096 exec/s: 13166 rss: 553Mb L: 78/4096 MS: 1 EraseBytes-
#7669237	REDUCE cov: 1746 ft: 7886 corp: 1666/503Kb lim: 4096 exec/s: 13177 rss: 553Mb L: 76/4096 MS: 2 EraseBytes-CopyPart-
#7677193	REDUCE cov: 1746 ft: 7886 corp: 1666/503Kb lim: 4096 exec/s: 13168 rss: 553Mb L: 1524/4096 MS: 1 EraseBytes-
#7682979	REDUCE cov: 1746 ft: 7886 corp: 1666/503Kb lim: 4096 exec/s: 13155 rss: 553Mb L: 55/4096 MS: 1 EraseBytes-
#7683670	REDUCE cov: 1746 ft: 7886 corp: 1666/502Kb lim: 4096 exec/s: 13156 rss: 553Mb L: 561/4096 MS: 1 EraseBytes-
#7689026	REDUCE cov: 1746 ft: 7886 corp: 1666/502Kb lim: 4096 exec/s: 13143 rss: 553Mb L: 3368/4096 MS: 1 EraseBytes-
#7689627	REDUCE cov: 1746 ft: 7886 corp: 1666/502Kb lim: 4096 exec/s: 13144 rss: 553Mb L: 1248/4096 MS: 1 EraseBytes-
#7697668	REDUCE cov: 1746 ft: 7886 corp: 1666/502Kb lim: 4096 exec/s: 13135 rss: 553Mb L: 3393/4096 MS: 1 EraseBytes-
#7698449	REDUCE cov: 1746 ft: 7886 corp: 1666/502Kb lim: 4096 exec/s: 13137 rss: 553Mb L: 377/4096 MS: 1 EraseBytes-
#7702475	REDUCE cov: 1746 ft: 7886 corp: 1666/502Kb lim: 4096 exec/s: 13121 rss: 553Mb L: 19/4096 MS: 1 EraseBytes-
#7703002	REDUCE cov: 1746 ft: 7886 corp: 1666/502Kb lim: 4096 exec/s: 13122 rss: 553Mb L: 9/4096 MS: 2 CopyPart-EraseBytes-
#7708918	REDUCE cov: 1746 ft: 7886 corp: 1666/502Kb lim: 4096 exec/s: 13132 rss: 553Mb L: 73/4096 MS: 1 EraseBytes-
#7710469	REDUCE cov: 1746 ft: 7886 corp: 1666/502Kb lim: 4096 exec/s: 13113 rss: 553Mb L: 648/4096 MS: 1 EraseBytes-
#7710771	REDUCE cov: 1746 ft: 7886 corp: 1666/502Kb lim: 4096 exec/s: 13113 rss: 553Mb L: 137/4096 MS: 2 InsertRepeatedBytes-EraseBytes-
#7712254	REDUCE cov: 1746 ft: 7886 corp: 1666/502Kb lim: 4096 exec/s: 13116 rss: 553Mb L: 618/4096 MS: 3 ChangeBit-ChangeASCIIInt-EraseBytes-
#7714120	REDUCE cov: 1746 ft: 7886 corp: 1666/502Kb lim: 4096 exec/s: 13119 rss: 553Mb L: 432/4096 MS: 1 EraseBytes-
#7714193	REDUCE cov: 1746 ft: 7886 corp: 1666/502Kb lim: 4096 exec/s: 13119 rss: 553Mb L: 437/4096 MS: 3 InsertByte-CrossOver-EraseBytes-
#7720175	REDUCE cov: 1746 ft: 7886 corp: 1666/502Kb lim: 4096 exec/s: 13107 rss: 553Mb L: 422/4096 MS: 1 EraseBytes-
#7727846	REDUCE cov: 1746 ft: 7886 corp: 1666/502Kb lim: 4096 exec/s: 13098 rss: 553Mb L: 54/4096 MS: 1 EraseBytes-
#7728615	REDUCE cov: 1746 ft: 7886 corp: 1666/502Kb lim: 4096 exec/s: 13099 rss: 553Mb L: 1469/4096 MS: 4 InsertByte-InsertByte-ChangeBinInt-EraseBytes-
#7737566	REDUCE cov: 1746 ft: 7886 corp: 1666/502Kb lim: 4096 exec/s: 13092 rss: 553Mb L: 3168/4096 MS: 1 EraseBytes-
#7739087	REDUCE cov: 1746 ft: 7886 corp: 1666/502Kb lim: 4096 exec/s: 13094 rss: 553Mb L: 2730/4096 MS: 1 EraseBytes-
#7741260	REDUCE cov: 1746 ft: 7886 corp: 1666/502Kb lim: 4096 exec/s: 13098 rss: 553Mb L: 654/4096 MS: 3 CopyPart-ChangeBinInt-EraseBytes-
#7742436	REDUCE cov: 1746 ft: 7886 corp: 1666/502Kb lim: 4096 exec/s: 13078 rss: 553Mb L: 262/4096 MS: 1 EraseBytes-
#7745024	REDUCE cov: 1746 ft: 7886 corp: 1666/502Kb lim: 4096 exec/s: 13082 rss: 553Mb L: 287/4096 MS: 3 ChangeBit-ChangeBinInt-EraseBytes-
#7745030	REDUCE cov: 1746 ft: 7886 corp: 1666/502Kb lim: 4096 exec/s: 13082 rss: 553Mb L: 333/4096 MS: 1 EraseBytes-
#7748387	REDUCE cov: 1746 ft: 7886 corp: 1666/502Kb lim: 4096 exec/s: 13088 rss: 553Mb L: 446/4096 MS: 2 CopyPart-EraseBytes-
#7750409	REDUCE cov: 1746 ft: 7886 corp: 1666/502Kb lim: 4096 exec/s: 13069 rss: 553Mb L: 21/4096 MS: 2 InsertByte-EraseBytes-
#7751380	REDUCE cov: 1746 ft: 7886 corp: 1666/502Kb lim: 4096 exec/s: 13071 rss: 553Mb L: 375/4096 MS: 1 EraseBytes-
#7757651	REDUCE cov: 1746 ft: 7886 corp: 1666/502Kb lim: 4096 exec/s: 13082 rss: 553Mb L: 29/4096 MS: 1 EraseBytes-
#7758557	REDUCE cov: 1746 ft: 7886 corp: 1666/502Kb lim: 4096 exec/s: 13061 rss: 553Mb L: 1101/4096 MS: 1 EraseBytes-
#7762223	REDUCE cov: 1746 ft: 7886 corp: 1666/502Kb lim: 4096 exec/s: 13067 rss: 553Mb L: 52/4096 MS: 1 EraseBytes-
#7763185	REDUCE cov: 1746 ft: 7886 corp: 1666/502Kb lim: 4096 exec/s: 13069 rss: 553Mb L: 1393/4096 MS: 2 EraseBytes-CMP- DE: "me`ssage"-
#7768311	REDUCE cov: 1746 ft: 7886 corp: 1666/502Kb lim: 4096 exec/s: 13055 rss: 553Mb L: 322/4096 MS: 1 EraseBytes-
#7768517	REDUCE cov: 1746 ft: 7886 corp: 1666/502Kb lim: 4096 exec/s: 13056 rss: 553Mb L: 47/4096 MS: 1 EraseBytes-
#7772220	REDUCE cov: 1746 ft: 7886 corp: 1666/502Kb lim: 4096 exec/s: 13062 rss: 553Mb L: 615/4096 MS: 3 ShuffleBytes-CrossOver-EraseBytes-
#7774781	REDUCE cov: 1746 ft: 7886 corp: 1666/502Kb lim: 4096 exec/s: 13044 rss: 553Mb L: 900/4096 MS: 1 EraseBytes-
#7779807	REDUCE cov: 1746 ft: 7886 corp: 1666/502Kb lim: 4096 exec/s: 13053 rss: 553Mb L: 1214/4096 MS: 1 EraseBytes-
#7780288	REDUCE cov: 1746 ft: 7886 corp: 1666/502Kb lim: 4096 exec/s: 13054 rss: 553Mb L: 1395/4096 MS: 1 EraseBytes-
#7782369	REDUCE cov: 1746 ft: 7886 corp: 1666/502Kb lim: 4096 exec/s: 13035 rss: 553Mb L: 295/4096 MS: 1 EraseBytes-
#7782755	REDUCE cov: 1746 ft: 7886 corp: 1666/502Kb lim: 4096 exec/s: 13036 rss: 553Mb L: 3320/4096 MS: 1 EraseBytes-
#7783181	REDUCE cov: 1746 ft: 7886 corp: 1666/501Kb lim: 4096 exec/s: 13037 rss: 553Mb L: 1350/4096 MS: 1 EraseBytes-
#7784628	REDUCE cov: 1746 ft: 7886 corp: 1666/501Kb lim: 4096 exec/s: 13039 rss: 553Mb L: 810/4096 MS: 2 ShuffleBytes-EraseBytes-
#7784959	NEW    cov: 1746 ft: 7893 corp: 1667/501Kb lim: 4096 exec/s: 13040 rss: 553Mb L: 25/4096 MS: 1 CopyPart-
#7785409	REDUCE cov: 1746 ft: 7893 corp: 1667/501Kb lim: 4096 exec/s: 13040 rss: 553Mb L: 3740/4096 MS: 5 ChangeBit-PersAutoDict-ChangeBit-ChangeByte-EraseBytes- DE: "\320\007\001\000"-
#7788410	REDUCE cov: 1746 ft: 7893 corp: 1667/501Kb lim: 4096 exec/s: 13045 rss: 553Mb L: 317/4096 MS: 1 EraseBytes-
#7790317	REDUCE cov: 1746 ft: 7893 corp: 1667/501Kb lim: 4096 exec/s: 13049 rss: 553Mb L: 2792/4096 MS: 1 EraseBytes-
#7795533	REDUCE cov: 1746 ft: 7893 corp: 1667/501Kb lim: 4096 exec/s: 13036 rss: 553Mb L: 285/4096 MS: 1 EraseBytes-
#7797024	REDUCE cov: 1746 ft: 7893 corp: 1667/501Kb lim: 4096 exec/s: 13038 rss: 553Mb L: 567/4096 MS: 1 EraseBytes-
#7803836	REDUCE cov: 1746 ft: 7893 corp: 1667/501Kb lim: 4096 exec/s: 13028 rss: 553Mb L: 1255/4096 MS: 2 InsertByte-EraseBytes-
#7804647	REDUCE cov: 1746 ft: 7893 corp: 1667/501Kb lim: 4096 exec/s: 13029 rss: 553Mb L: 1304/4096 MS: 1 EraseBytes-
#7816113	REDUCE cov: 1746 ft: 7893 corp: 1667/501Kb lim: 4096 exec/s: 13005 rss: 553Mb L: 600/4096 MS: 1 EraseBytes-
#7823429	REDUCE cov: 1746 ft: 7893 corp: 1667/501Kb lim: 4096 exec/s: 13017 rss: 553Mb L: 1208/4096 MS: 1 EraseBytes-
#7828655	REDUCE cov: 1746 ft: 7893 corp: 1667/501Kb lim: 4096 exec/s: 13004 rss: 553Mb L: 1089/4096 MS: 1 EraseBytes-
#7830777	REDUCE cov: 1746 ft: 7893 corp: 1667/501Kb lim: 4096 exec/s: 13007 rss: 553Mb L: 2014/4096 MS: 2 ShuffleBytes-EraseBytes-
#7837748	REDUCE cov: 1746 ft: 7893 corp: 1667/501Kb lim: 4096 exec/s: 12997 rss: 553Mb L: 120/4096 MS: 1 EraseBytes-
#7839294	REDUCE cov: 1746 ft: 7893 corp: 1667/501Kb lim: 4096 exec/s: 13000 rss: 553Mb L: 2754/4096 MS: 1 EraseBytes-
#7840555	REDUCE cov: 1746 ft: 7893 corp: 1667/501Kb lim: 4096 exec/s: 13002 rss: 553Mb L: 62/4096 MS: 1 EraseBytes-
#7841546	REDUCE cov: 1746 ft: 7893 corp: 1667/501Kb lim: 4096 exec/s: 12982 rss: 553Mb L: 321/4096 MS: 1 EraseBytes-
#7843662	REDUCE cov: 1746 ft: 7895 corp: 1668/505Kb lim: 4096 exec/s: 12986 rss: 553Mb L: 4093/4096 MS: 1 CopyPart-
#7844643	REDUCE cov: 1746 ft: 7895 corp: 1668/505Kb lim: 4096 exec/s: 12987 rss: 553Mb L: 3840/4096 MS: 1 EraseBytes-
#7848385	REDUCE cov: 1746 ft: 7895 corp: 1668/505Kb lim: 4096 exec/s: 12994 rss: 553Mb L: 1982/4096 MS: 2 InsertByte-EraseBytes-
#7855439	REDUCE cov: 1746 ft: 7895 corp: 1668/505Kb lim: 4096 exec/s: 12984 rss: 553Mb L: 1066/4096 MS: 4 CopyPart-CopyPart-CopyPart-EraseBytes-
#7856392	REDUCE cov: 1746 ft: 7895 corp: 1668/505Kb lim: 4096 exec/s: 12985 rss: 553Mb L: 607/4096 MS: 3 CopyPart-EraseBytes-EraseBytes-
#7857418	REDUCE cov: 1746 ft: 7895 corp: 1668/505Kb lim: 4096 exec/s: 12987 rss: 553Mb L: 20/4096 MS: 1 EraseBytes-
#7859519	REDUCE cov: 1746 ft: 7895 corp: 1668/505Kb lim: 4096 exec/s: 12969 rss: 553Mb L: 374/4096 MS: 1 EraseBytes-
#7862035	REDUCE cov: 1746 ft: 7895 corp: 1668/505Kb lim: 4096 exec/s: 12973 rss: 553Mb L: 900/4096 MS: 1 EraseBytes-
#7862287	REDUCE cov: 1746 ft: 7895 corp: 1668/505Kb lim: 4096 exec/s: 12974 rss: 553Mb L: 1296/4096 MS: 2 CMP-EraseBytes- DE: "message"-
#7867473	REDUCE cov: 1746 ft: 7895 corp: 1668/505Kb lim: 4096 exec/s: 12961 rss: 553Mb L: 602/4096 MS: 1 EraseBytes-
#7872217	REDUCE cov: 1746 ft: 7895 corp: 1668/505Kb lim: 4096 exec/s: 12969 rss: 553Mb L: 16/4096 MS: 4 CopyPart-EraseBytes-ChangeBit-InsertByte-
#7874403	REDUCE cov: 1746 ft: 7895 corp: 1668/505Kb lim: 4096 exec/s: 12951 rss: 553Mb L: 412/4096 MS: 1 EraseBytes-
#7877792	REDUCE cov: 1746 ft: 7895 corp: 1668/505Kb lim: 4096 exec/s: 12956 rss: 553Mb L: 1228/4096 MS: 4 InsertByte-CopyPart-ChangeByte-EraseBytes-
#7879058	REDUCE cov: 1746 ft: 7895 corp: 1668/505Kb lim: 4096 exec/s: 12958 rss: 553Mb L: 50/4096 MS: 1 EraseBytes-
#7879669	REDUCE cov: 1746 ft: 7895 corp: 1668/505Kb lim: 4096 exec/s: 12959 rss: 553Mb L: 20/4096 MS: 1 EraseBytes-
#7889615	REDUCE cov: 1746 ft: 7895 corp: 1668/505Kb lim: 4096 exec/s: 12955 rss: 553Mb L: 582/4096 MS: 1 EraseBytes-
#7895341	REDUCE cov: 1746 ft: 7895 corp: 1668/505Kb lim: 4096 exec/s: 12943 rss: 553Mb L: 3337/4096 MS: 1 EraseBytes-
#7902997	REDUCE cov: 1746 ft: 7895 corp: 1668/505Kb lim: 4096 exec/s: 12934 rss: 553Mb L: 49/4096 MS: 1 EraseBytes-
#7904173	REDUCE cov: 1746 ft: 7895 corp: 1668/505Kb lim: 4096 exec/s: 12936 rss: 553Mb L: 563/4096 MS: 1 EraseBytes-
#7910954	REDUCE cov: 1746 ft: 7895 corp: 1668/505Kb lim: 4096 exec/s: 12926 rss: 553Mb L: 254/4096 MS: 1 EraseBytes-
#7911011	REDUCE cov: 1746 ft: 7895 corp: 1668/505Kb lim: 4096 exec/s: 12926 rss: 553Mb L: 21/4096 MS: 2 CopyPart-EraseBytes-
#7911693	REDUCE cov: 1746 ft: 7895 corp: 1668/505Kb lim: 4096 exec/s: 12927 rss: 553Mb L: 540/4096 MS: 2 ShuffleBytes-EraseBytes-
#7918403	REDUCE cov: 1746 ft: 7895 corp: 1668/505Kb lim: 4096 exec/s: 12917 rss: 553Mb L: 1043/4096 MS: 4 PersAutoDict-ChangeBit-ChangeByte-EraseBytes- DE: "LKKKKKK"-
#7919671	REDUCE cov: 1746 ft: 7895 corp: 1668/505Kb lim: 4096 exec/s: 12919 rss: 553Mb L: 808/4096 MS: 3 ChangeASCIIInt-ShuffleBytes-EraseBytes-
#7922052	REDUCE cov: 1746 ft: 7895 corp: 1668/505Kb lim: 4096 exec/s: 12923 rss: 553Mb L: 896/4096 MS: 1 EraseBytes-
#7924018	REDUCE cov: 1746 ft: 7895 corp: 1668/505Kb lim: 4096 exec/s: 12905 rss: 553Mb L: 1970/4096 MS: 1 EraseBytes-
#7924059	REDUCE cov: 1746 ft: 7895 corp: 1668/505Kb lim: 4096 exec/s: 12905 rss: 553Mb L: 254/4096 MS: 1 EraseBytes-
#7931935	REDUCE cov: 1746 ft: 7895 corp: 1668/505Kb lim: 4096 exec/s: 12918 rss: 553Mb L: 3224/4096 MS: 1 EraseBytes-
#7932498	REDUCE cov: 1746 ft: 7895 corp: 1668/505Kb lim: 4096 exec/s: 12919 rss: 553Mb L: 16/4096 MS: 3 EraseBytes-InsertByte-EraseBytes-
#7940709	REDUCE cov: 1746 ft: 7895 corp: 1668/504Kb lim: 4096 exec/s: 12911 rss: 553Mb L: 1279/4096 MS: 1 EraseBytes-
#7944580	REDUCE cov: 1746 ft: 7895 corp: 1668/504Kb lim: 4096 exec/s: 12897 rss: 553Mb L: 1087/4096 MS: 1 EraseBytes-
#7946097	REDUCE cov: 1746 ft: 7895 corp: 1668/504Kb lim: 4096 exec/s: 12899 rss: 553Mb L: 885/4096 MS: 2 ChangeBinInt-EraseBytes-
#7946520	REDUCE cov: 1746 ft: 7895 corp: 1668/504Kb lim: 4096 exec/s: 12900 rss: 553Mb L: 1578/4096 MS: 3 CopyPart-ShuffleBytes-EraseBytes-
#7950036	REDUCE cov: 1746 ft: 7895 corp: 1668/504Kb lim: 4096 exec/s: 12905 rss: 553Mb L: 59/4096 MS: 1 EraseBytes-
#7960947	REDUCE cov: 1746 ft: 7895 corp: 1668/504Kb lim: 4096 exec/s: 12881 rss: 553Mb L: 798/4096 MS: 1 EraseBytes-
#7967598	REDUCE cov: 1746 ft: 7895 corp: 1668/504Kb lim: 4096 exec/s: 12892 rss: 553Mb L: 1193/4096 MS: 1 EraseBytes-
#7968374	REDUCE cov: 1746 ft: 7895 corp: 1668/504Kb lim: 4096 exec/s: 12893 rss: 553Mb L: 1957/4096 MS: 1 EraseBytes-
#7972886	REDUCE cov: 1746 ft: 7895 corp: 1668/504Kb lim: 4096 exec/s: 12880 rss: 553Mb L: 79/4096 MS: 2 ChangeASCIIInt-EraseBytes-
#7974372	REDUCE cov: 1746 ft: 7895 corp: 1668/504Kb lim: 4096 exec/s: 12882 rss: 553Mb L: 30/4096 MS: 1 EraseBytes-
#7977293	REDUCE cov: 1746 ft: 7895 corp: 1668/504Kb lim: 4096 exec/s: 12887 rss: 553Mb L: 1889/4096 MS: 1 EraseBytes-
#7977564	REDUCE cov: 1746 ft: 7895 corp: 1668/504Kb lim: 4096 exec/s: 12887 rss: 553Mb L: 2327/4096 MS: 1 EraseBytes-
#7980537	REDUCE cov: 1746 ft: 7895 corp: 1668/504Kb lim: 4096 exec/s: 12871 rss: 553Mb L: 36/4096 MS: 3 EraseBytes-ChangeBit-CopyPart-
#7988308	REDUCE cov: 1746 ft: 7895 corp: 1668/504Kb lim: 4096 exec/s: 12863 rss: 553Mb L: 611/4096 MS: 1 EraseBytes-
#7990254	REDUCE cov: 1746 ft: 7895 corp: 1668/504Kb lim: 4096 exec/s: 12866 rss: 553Mb L: 1095/4096 MS: 1 EraseBytes-
#7990355	REDUCE cov: 1746 ft: 7895 corp: 1668/504Kb lim: 4096 exec/s: 12866 rss: 553Mb L: 895/4096 MS: 1 EraseBytes-
#7991182	REDUCE cov: 1746 ft: 7895 corp: 1668/504Kb lim: 4096 exec/s: 12868 rss: 553Mb L: 1446/4096 MS: 2 PersAutoDict-EraseBytes- DE: "mcsage"-
#7991272	REDUCE cov: 1746 ft: 7895 corp: 1668/504Kb lim: 4096 exec/s: 12868 rss: 553Mb L: 3054/4096 MS: 5 PersAutoDict-ChangeBit-CopyPart-ShuffleBytes-EraseBytes- DE: "n\000\000\000"-
#8000739	REDUCE cov: 1746 ft: 7895 corp: 1668/504Kb lim: 4096 exec/s: 12862 rss: 553Mb L: 1078/4096 MS: 2 CrossOver-EraseBytes-
#8003228	REDUCE cov: 1746 ft: 7895 corp: 1668/504Kb lim: 4096 exec/s: 12866 rss: 553Mb L: 1051/4096 MS: 4 ChangeASCIIInt-ChangeByte-ChangeASCIIInt-EraseBytes-
#8007002	REDUCE cov: 1746 ft: 7895 corp: 1668/504Kb lim: 4096 exec/s: 12852 rss: 553Mb L: 1036/4096 MS: 4 ChangeASCIIInt-ChangeByte-InsertByte-EraseBytes-
#8008083	REDUCE cov: 1746 ft: 7895 corp: 1668/504Kb lim: 4096 exec/s: 12854 rss: 553Mb L: 316/4096 MS: 1 EraseBytes-
#8013341	REDUCE cov: 1746 ft: 7895 corp: 1668/504Kb lim: 4096 exec/s: 12862 rss: 553Mb L: 1078/4096 MS: 1 EraseBytes-
#8019282	REDUCE cov: 1746 ft: 7895 corp: 1668/504Kb lim: 4096 exec/s: 12851 rss: 553Mb L: 72/4096 MS: 1 EraseBytes-
#8022418	REDUCE cov: 1746 ft: 7895 corp: 1668/504Kb lim: 4096 exec/s: 12856 rss: 553Mb L: 1027/4096 MS: 1 EraseBytes-
#8040119	REDUCE cov: 1746 ft: 7895 corp: 1668/504Kb lim: 4096 exec/s: 12843 rss: 553Mb L: 47/4096 MS: 1 EraseBytes-
#8050736	REDUCE cov: 1746 ft: 7895 corp: 1668/504Kb lim: 4096 exec/s: 12819 rss: 553Mb L: 1344/4096 MS: 2 EraseBytes-CopyPart-
#8051807	REDUCE cov: 1746 ft: 7895 corp: 1668/504Kb lim: 4096 exec/s: 12821 rss: 553Mb L: 536/4096 MS: 1 EraseBytes-
#8060028	REDUCE cov: 1746 ft: 7895 corp: 1668/504Kb lim: 4096 exec/s: 12814 rss: 553Mb L: 12/4096 MS: 1 EraseBytes-
#8063820	REDUCE cov: 1746 ft: 7895 corp: 1668/504Kb lim: 4096 exec/s: 12820 rss: 553Mb L: 79/4096 MS: 2 InsertByte-EraseBytes-
#8064416	REDUCE cov: 1746 ft: 7895 corp: 1668/504Kb lim: 4096 exec/s: 12821 rss: 553Mb L: 1647/4096 MS: 1 EraseBytes-
#8069678	REDUCE cov: 1746 ft: 7895 corp: 1668/504Kb lim: 4096 exec/s: 12809 rss: 553Mb L: 42/4096 MS: 2 ChangeASCIIInt-EraseBytes-
#8094045	REDUCE cov: 1746 ft: 7895 corp: 1668/504Kb lim: 4096 exec/s: 12786 rss: 553Mb L: 111/4096 MS: 2 ChangeBit-EraseBytes-
#8101986	REDUCE cov: 1746 ft: 7895 corp: 1668/504Kb lim: 4096 exec/s: 12799 rss: 553Mb L: 3156/4096 MS: 1 EraseBytes-
#8101994	REDUCE cov: 1746 ft: 7895 corp: 1668/504Kb lim: 4096 exec/s: 12799 rss: 553Mb L: 766/4096 MS: 3 ChangeBinInt-ChangeBit-EraseBytes-
#8107230	REDUCE cov: 1746 ft: 7895 corp: 1668/504Kb lim: 4096 exec/s: 12787 rss: 553Mb L: 16/4096 MS: 1 EraseBytes-
#8110497	REDUCE cov: 1746 ft: 7895 corp: 1668/504Kb lim: 4096 exec/s: 12792 rss: 553Mb L: 242/4096 MS: 2 ChangeBinInt-EraseBytes-
#8110598	REDUCE cov: 1746 ft: 7901 corp: 1669/506Kb lim: 4096 exec/s: 12792 rss: 553Mb L: 2278/4096 MS: 1 CopyPart-
#8110984	REDUCE cov: 1746 ft: 7901 corp: 1669/506Kb lim: 4096 exec/s: 12793 rss: 553Mb L: 1331/4096 MS: 1 EraseBytes-
#8123565	REDUCE cov: 1746 ft: 7901 corp: 1669/506Kb lim: 4096 exec/s: 12772 rss: 553Mb L: 2695/4096 MS: 1 EraseBytes-
#8123726	REDUCE cov: 1746 ft: 7901 corp: 1669/506Kb lim: 4096 exec/s: 12773 rss: 553Mb L: 1023/4096 MS: 1 EraseBytes-
#8127037	REDUCE cov: 1746 ft: 7901 corp: 1669/506Kb lim: 4096 exec/s: 12778 rss: 553Mb L: 1872/4096 MS: 1 EraseBytes-
#8127278	REDUCE cov: 1746 ft: 7901 corp: 1669/506Kb lim: 4096 exec/s: 12778 rss: 553Mb L: 243/4096 MS: 1 EraseBytes-
#8127339	REDUCE cov: 1746 ft: 7901 corp: 1669/506Kb lim: 4096 exec/s: 12778 rss: 553Mb L: 535/4096 MS: 1 EraseBytes-
#8130537	REDUCE cov: 1746 ft: 7901 corp: 1669/506Kb lim: 4096 exec/s: 12763 rss: 553Mb L: 47/4096 MS: 3 PersAutoDict-InsertByte-EraseBytes- DE: ",\357\277\275"-
#8136785	REDUCE cov: 1746 ft: 7901 corp: 1669/506Kb lim: 4096 exec/s: 12753 rss: 553Mb L: 180/4096 MS: 3 ShuffleBytes-ChangeASCIIInt-EraseBytes-
#8137051	REDUCE cov: 1746 ft: 7901 corp: 1669/506Kb lim: 4096 exec/s: 12753 rss: 553Mb L: 947/4096 MS: 1 EraseBytes-
#8139347	REDUCE cov: 1746 ft: 7901 corp: 1669/506Kb lim: 4096 exec/s: 12757 rss: 553Mb L: 151/4096 MS: 1 EraseBytes-
#8143163	REDUCE cov: 1746 ft: 7901 corp: 1669/506Kb lim: 4096 exec/s: 12743 rss: 553Mb L: 89/4096 MS: 1 EraseBytes-
#8143974	REDUCE cov: 1746 ft: 7901 corp: 1669/506Kb lim: 4096 exec/s: 12744 rss: 553Mb L: 135/4096 MS: 1 EraseBytes-
#8148881	REDUCE cov: 1746 ft: 7901 corp: 1669/505Kb lim: 4096 exec/s: 12752 rss: 553Mb L: 3281/4096 MS: 2 ChangeBit-EraseBytes-
#8152017	REDUCE cov: 1746 ft: 7901 corp: 1669/505Kb lim: 4096 exec/s: 12737 rss: 553Mb L: 795/4096 MS: 1 EraseBytes-
#8152213	REDUCE cov: 1746 ft: 7901 corp: 1669/505Kb lim: 4096 exec/s: 12737 rss: 553Mb L: 250/4096 MS: 1 EraseBytes-
#8155149	REDUCE cov: 1746 ft: 7901 corp: 1669/505Kb lim: 4096 exec/s: 12742 rss: 553Mb L: 722/4096 MS: 1 EraseBytes-
#8156005	REDUCE cov: 1746 ft: 7901 corp: 1669/505Kb lim: 4096 exec/s: 12743 rss: 553Mb L: 403/4096 MS: 1 EraseBytes-
#8160462	REDUCE cov: 1746 ft: 7901 corp: 1669/505Kb lim: 4096 exec/s: 12730 rss: 553Mb L: 1104/4096 MS: 2 ShuffleBytes-EraseBytes-
#8170428	REDUCE cov: 1746 ft: 7901 corp: 1669/505Kb lim: 4096 exec/s: 12726 rss: 553Mb L: 393/4096 MS: 1 EraseBytes-
#8170911	REDUCE cov: 1746 ft: 7901 corp: 1669/505Kb lim: 4096 exec/s: 12727 rss: 553Mb L: 1249/4096 MS: 3 CrossOver-ChangeASCIIInt-EraseBytes-
#8172597	REDUCE cov: 1746 ft: 7901 corp: 1669/505Kb lim: 4096 exec/s: 12729 rss: 553Mb L: 875/4096 MS: 1 EraseBytes-
#8178878	REDUCE cov: 1746 ft: 7901 corp: 1669/505Kb lim: 4096 exec/s: 12719 rss: 553Mb L: 499/4096 MS: 1 EraseBytes-
#8178955	REDUCE cov: 1746 ft: 7901 corp: 1669/505Kb lim: 4096 exec/s: 12719 rss: 553Mb L: 609/4096 MS: 2 ChangeBit-EraseBytes-
#8178987	REDUCE cov: 1746 ft: 7901 corp: 1669/505Kb lim: 4096 exec/s: 12720 rss: 553Mb L: 1314/4096 MS: 2 ChangeBit-EraseBytes-
#8182398	REDUCE cov: 1746 ft: 7901 corp: 1669/505Kb lim: 4096 exec/s: 12705 rss: 553Mb L: 1039/4096 MS: 1 EraseBytes-
#8183924	REDUCE cov: 1746 ft: 7901 corp: 1669/505Kb lim: 4096 exec/s: 12707 rss: 553Mb L: 12/4096 MS: 1 EraseBytes-
#8185427	REDUCE cov: 1746 ft: 7901 corp: 1669/505Kb lim: 4096 exec/s: 12710 rss: 553Mb L: 3642/4096 MS: 3 CMP-ChangeASCIIInt-EraseBytes- DE: "\357\277\275# @\357"-
#8186088	REDUCE cov: 1746 ft: 7901 corp: 1669/505Kb lim: 4096 exec/s: 12711 rss: 553Mb L: 871/4096 MS: 1 EraseBytes-
#8191821	REDUCE cov: 1746 ft: 7901 corp: 1669/505Kb lim: 4096 exec/s: 12700 rss: 553Mb L: 30/4096 MS: 3 InsertByte-InsertByte-EraseBytes-
#8197277	REDUCE cov: 1746 ft: 7901 corp: 1669/505Kb lim: 4096 exec/s: 12689 rss: 553Mb L: 1146/4096 MS: 1 EraseBytes-
#8200913	REDUCE cov: 1746 ft: 7901 corp: 1669/505Kb lim: 4096 exec/s: 12694 rss: 553Mb L: 748/4096 MS: 1 EraseBytes-
#8204230	REDUCE cov: 1746 ft: 7901 corp: 1669/505Kb lim: 4096 exec/s: 12700 rss: 553Mb L: 3088/4096 MS: 2 ChangeASCIIInt-EraseBytes-
#8206148	REDUCE cov: 1746 ft: 7901 corp: 1669/505Kb lim: 4096 exec/s: 12683 rss: 553Mb L: 133/4096 MS: 3 PersAutoDict-ChangeBit-EraseBytes- DE: "\377\377\377\320"-
#8207849	REDUCE cov: 1746 ft: 7901 corp: 1669/505Kb lim: 4096 exec/s: 12686 rss: 553Mb L: 36/4096 MS: 1 EraseBytes-
#8209460	REDUCE cov: 1746 ft: 7901 corp: 1669/505Kb lim: 4096 exec/s: 12688 rss: 553Mb L: 19/4096 MS: 1 EraseBytes-
#8210091	REDUCE cov: 1746 ft: 7901 corp: 1669/505Kb lim: 4096 exec/s: 12689 rss: 553Mb L: 606/4096 MS: 1 EraseBytes-
#8211882	REDUCE cov: 1746 ft: 7901 corp: 1669/505Kb lim: 4096 exec/s: 12692 rss: 553Mb L: 910/4096 MS: 1 EraseBytes-
#8215894	REDUCE cov: 1746 ft: 7901 corp: 1669/505Kb lim: 4096 exec/s: 12678 rss: 553Mb L: 349/4096 MS: 2 ChangeASCIIInt-EraseBytes-
#8216160	REDUCE cov: 1746 ft: 7901 corp: 1669/505Kb lim: 4096 exec/s: 12679 rss: 553Mb L: 344/4096 MS: 1 EraseBytes-
#8223548	REDUCE cov: 1746 ft: 7909 corp: 1670/507Kb lim: 4096 exec/s: 12671 rss: 553Mb L: 1914/4096 MS: 2 ChangeBinInt-CopyPart-
#8223945	REDUCE cov: 1746 ft: 7909 corp: 1670/507Kb lim: 4096 exec/s: 12671 rss: 553Mb L: 3793/4096 MS: 2 ShuffleBytes-EraseBytes-
#8227221	REDUCE cov: 1746 ft: 7909 corp: 1670/507Kb lim: 4096 exec/s: 12676 rss: 553Mb L: 594/4096 MS: 1 EraseBytes-
#8230068	REDUCE cov: 1746 ft: 7909 corp: 1670/507Kb lim: 4096 exec/s: 12661 rss: 553Mb L: 125/4096 MS: 1 EraseBytes-
#8230799	REDUCE cov: 1746 ft: 7909 corp: 1670/507Kb lim: 4096 exec/s: 12662 rss: 553Mb L: 993/4096 MS: 1 EraseBytes-
#8234616	REDUCE cov: 1746 ft: 7909 corp: 1670/507Kb lim: 4096 exec/s: 12668 rss: 553Mb L: 234/4096 MS: 2 EraseBytes-CopyPart-
#8236277	REDUCE cov: 1746 ft: 7909 corp: 1670/507Kb lim: 4096 exec/s: 12671 rss: 553Mb L: 27/4096 MS: 1 EraseBytes-
#8236873	REDUCE cov: 1746 ft: 7909 corp: 1670/507Kb lim: 4096 exec/s: 12652 rss: 553Mb L: 1099/4096 MS: 1 EraseBytes-
#8237723	REDUCE cov: 1746 ft: 7916 corp: 1671/508Kb lim: 4096 exec/s: 12653 rss: 553Mb L: 776/4096 MS: 5 ShuffleBytes-CopyPart-EraseBytes-CrossOver-CopyPart-
#8238674	REDUCE cov: 1746 ft: 7916 corp: 1671/507Kb lim: 4096 exec/s: 12655 rss: 553Mb L: 3589/4096 MS: 1 EraseBytes-
#8241200	REDUCE cov: 1746 ft: 7916 corp: 1671/507Kb lim: 4096 exec/s: 12659 rss: 553Mb L: 342/4096 MS: 1 EraseBytes-
#8243966	REDUCE cov: 1746 ft: 7916 corp: 1671/507Kb lim: 4096 exec/s: 12663 rss: 553Mb L: 1070/4096 MS: 1 EraseBytes-
#8245897	REDUCE cov: 1746 ft: 7916 corp: 1671/507Kb lim: 4096 exec/s: 12647 rss: 553Mb L: 758/4096 MS: 1 EraseBytes-
#8247439	REDUCE cov: 1746 ft: 7916 corp: 1671/507Kb lim: 4096 exec/s: 12649 rss: 554Mb L: 526/4096 MS: 2 ShuffleBytes-EraseBytes-
#8250736	REDUCE cov: 1746 ft: 7916 corp: 1671/507Kb lim: 4096 exec/s: 12654 rss: 554Mb L: 277/4096 MS: 2 ChangeASCIIInt-EraseBytes-
#8251772	REDUCE cov: 1746 ft: 7916 corp: 1671/507Kb lim: 4096 exec/s: 12656 rss: 554Mb L: 55/4096 MS: 1 EraseBytes-
#8252379	REDUCE cov: 1746 ft: 7916 corp: 1671/507Kb lim: 4096 exec/s: 12657 rss: 554Mb L: 267/4096 MS: 2 ChangeASCIIInt-EraseBytes-
#8253975	REDUCE cov: 1746 ft: 7916 corp: 1671/507Kb lim: 4096 exec/s: 12640 rss: 554Mb L: 416/4096 MS: 1 EraseBytes-
#8254902	REDUCE cov: 1746 ft: 7916 corp: 1671/507Kb lim: 4096 exec/s: 12641 rss: 555Mb L: 984/4096 MS: 1 EraseBytes-
#8257925	REDUCE cov: 1746 ft: 7916 corp: 1671/507Kb lim: 4096 exec/s: 12646 rss: 555Mb L: 376/4096 MS: 3 InsertByte-ChangeASCIIInt-EraseBytes-
#8258793	REDUCE cov: 1746 ft: 7916 corp: 1671/507Kb lim: 4096 exec/s: 12647 rss: 555Mb L: 1097/4096 MS: 3 ChangeASCIIInt-ShuffleBytes-EraseBytes-
#8259544	REDUCE cov: 1746 ft: 7916 corp: 1671/507Kb lim: 4096 exec/s: 12648 rss: 555Mb L: 1088/4096 MS: 1 EraseBytes-
#8260306	REDUCE cov: 1746 ft: 7916 corp: 1671/507Kb lim: 4096 exec/s: 12649 rss: 555Mb L: 228/4096 MS: 2 ChangeBit-EraseBytes-
#8261003	REDUCE cov: 1746 ft: 7916 corp: 1671/507Kb lim: 4096 exec/s: 12650 rss: 555Mb L: 437/4096 MS: 2 ChangeASCIIInt-EraseBytes-
#8261814	REDUCE cov: 1746 ft: 7916 corp: 1671/507Kb lim: 4096 exec/s: 12652 rss: 555Mb L: 600/4096 MS: 1 EraseBytes-
#8262567	REDUCE cov: 1746 ft: 7916 corp: 1671/507Kb lim: 4096 exec/s: 12633 rss: 555Mb L: 325/4096 MS: 3 CopyPart-InsertByte-EraseBytes-
#8264744	REDUCE cov: 1746 ft: 7916 corp: 1671/507Kb lim: 4096 exec/s: 12637 rss: 555Mb L: 854/4096 MS: 1 EraseBytes-
#8273300	REDUCE cov: 1746 ft: 7916 corp: 1671/507Kb lim: 4096 exec/s: 12630 rss: 555Mb L: 53/4096 MS: 1 EraseBytes-
#8273986	REDUCE cov: 1746 ft: 7916 corp: 1671/507Kb lim: 4096 exec/s: 12632 rss: 555Mb L: 143/4096 MS: 1 EraseBytes-
#8275684	REDUCE cov: 1746 ft: 7916 corp: 1671/507Kb lim: 4096 exec/s: 12634 rss: 555Mb L: 910/4096 MS: 3 ChangeASCIIInt-ChangeByte-EraseBytes-
#8282865	REDUCE cov: 1746 ft: 7916 corp: 1671/507Kb lim: 4096 exec/s: 12626 rss: 555Mb L: 66/4096 MS: 1 EraseBytes-
#8285553	REDUCE cov: 1746 ft: 7916 corp: 1671/507Kb lim: 4096 exec/s: 12630 rss: 555Mb L: 791/4096 MS: 3 InsertByte-CopyPart-EraseBytes-
#8286104	REDUCE cov: 1746 ft: 7916 corp: 1671/507Kb lim: 4096 exec/s: 12631 rss: 555Mb L: 53/4096 MS: 1 EraseBytes-
#8287261	REDUCE cov: 1746 ft: 7916 corp: 1671/507Kb lim: 4096 exec/s: 12613 rss: 555Mb L: 1926/4096 MS: 2 PersAutoDict-EraseBytes- DE: "\357\277\275e\357\277\275"-
#8288227	REDUCE cov: 1746 ft: 7916 corp: 1671/506Kb lim: 4096 exec/s: 12615 rss: 555Mb L: 186/4096 MS: 1 EraseBytes-
#8288528	REDUCE cov: 1746 ft: 7916 corp: 1671/506Kb lim: 4096 exec/s: 12615 rss: 555Mb L: 1087/4096 MS: 1 EraseBytes-
#8289524	REDUCE cov: 1746 ft: 7916 corp: 1671/506Kb lim: 4096 exec/s: 12617 rss: 555Mb L: 116/4096 MS: 1 EraseBytes-
#8292280	REDUCE cov: 1746 ft: 7916 corp: 1671/506Kb lim: 4096 exec/s: 12621 rss: 555Mb L: 15/4096 MS: 1 EraseBytes-
#8294396	REDUCE cov: 1746 ft: 7916 corp: 1671/506Kb lim: 4096 exec/s: 12624 rss: 555Mb L: 382/4096 MS: 1 EraseBytes-
#8299417	REDUCE cov: 1746 ft: 7916 corp: 1671/506Kb lim: 4096 exec/s: 12613 rss: 555Mb L: 738/4096 MS: 1 EraseBytes-
#8303264	REDUCE cov: 1746 ft: 7916 corp: 1671/506Kb lim: 4096 exec/s: 12599 rss: 555Mb L: 1891/4096 MS: 2 ChangeBit-EraseBytes-
#8303441	REDUCE cov: 1746 ft: 7916 corp: 1671/506Kb lim: 4096 exec/s: 12600 rss: 555Mb L: 893/4096 MS: 2 InsertByte-EraseBytes-
#8304568	REDUCE cov: 1746 ft: 7916 corp: 1671/506Kb lim: 4096 exec/s: 12601 rss: 555Mb L: 1341/4096 MS: 2 ShuffleBytes-EraseBytes-
#8308359	REDUCE cov: 1746 ft: 7916 corp: 1671/506Kb lim: 4096 exec/s: 12607 rss: 555Mb L: 1867/4096 MS: 1 EraseBytes-
#8310520	REDUCE cov: 1746 ft: 7916 corp: 1671/506Kb lim: 4096 exec/s: 12591 rss: 555Mb L: 1082/4096 MS: 1 EraseBytes-
#8310937	REDUCE cov: 1746 ft: 7916 corp: 1671/506Kb lim: 4096 exec/s: 12592 rss: 555Mb L: 2061/4096 MS: 2 ChangeBinInt-EraseBytes-
#8318233	REDUCE cov: 1746 ft: 7916 corp: 1671/506Kb lim: 4096 exec/s: 12584 rss: 555Mb L: 415/4096 MS: 1 EraseBytes-
#8318659	REDUCE cov: 1746 ft: 7916 corp: 1671/506Kb lim: 4096 exec/s: 12584 rss: 555Mb L: 850/4096 MS: 1 EraseBytes-
#8319260	REDUCE cov: 1746 ft: 7916 corp: 1671/506Kb lim: 4096 exec/s: 12585 rss: 555Mb L: 514/4096 MS: 1 EraseBytes-
#8323491	REDUCE cov: 1746 ft: 7916 corp: 1671/506Kb lim: 4096 exec/s: 12592 rss: 555Mb L: 33/4096 MS: 1 EraseBytes-
#8323537	REDUCE cov: 1746 ft: 7916 corp: 1671/506Kb lim: 4096 exec/s: 12592 rss: 555Mb L: 249/4096 MS: 1 EraseBytes-
#8326665	REDUCE cov: 1746 ft: 7916 corp: 1671/506Kb lim: 4096 exec/s: 12578 rss: 555Mb L: 431/4096 MS: 3 InsertByte-ChangeBit-EraseBytes-
#8328881	REDUCE cov: 1746 ft: 7916 corp: 1671/506Kb lim: 4096 exec/s: 12581 rss: 555Mb L: 721/4096 MS: 1 EraseBytes-
#8329919	REDUCE cov: 1746 ft: 7916 corp: 1671/506Kb lim: 4096 exec/s: 12582 rss: 555Mb L: 100/4096 MS: 3 InsertRepeatedBytes-CopyPart-EraseBytes-
#8330507	REDUCE cov: 1746 ft: 7916 corp: 1671/506Kb lim: 4096 exec/s: 12583 rss: 555Mb L: 707/4096 MS: 3 ChangeASCIIInt-InsertByte-EraseBytes-
#8332063	REDUCE cov: 1746 ft: 7916 corp: 1671/506Kb lim: 4096 exec/s: 12586 rss: 555Mb L: 37/4096 MS: 1 EraseBytes-
#8333454	REDUCE cov: 1746 ft: 7916 corp: 1671/506Kb lim: 4096 exec/s: 12588 rss: 555Mb L: 599/4096 MS: 1 EraseBytes-
#8333615	REDUCE cov: 1746 ft: 7916 corp: 1671/506Kb lim: 4096 exec/s: 12588 rss: 555Mb L: 992/4096 MS: 1 EraseBytes-
#8334071	NEW    cov: 1746 ft: 7924 corp: 1672/508Kb lim: 4096 exec/s: 12570 rss: 555Mb L: 1914/4096 MS: 1 CopyPart-
#8335842	REDUCE cov: 1746 ft: 7924 corp: 1672/508Kb lim: 4096 exec/s: 12572 rss: 555Mb L: 236/4096 MS: 1 EraseBytes-
#8339498	REDUCE cov: 1746 ft: 7924 corp: 1672/507Kb lim: 4096 exec/s: 12578 rss: 555Mb L: 1114/4096 MS: 1 EraseBytes-
#8340166	REDUCE cov: 1746 ft: 7924 corp: 1672/507Kb lim: 4096 exec/s: 12579 rss: 555Mb L: 3029/4096 MS: 3 ChangeBinInt-EraseBytes-CMP- DE: "messag%"-
#8342417	REDUCE cov: 1746 ft: 7924 corp: 1672/507Kb lim: 4096 exec/s: 12563 rss: 555Mb L: 202/4096 MS: 1 EraseBytes-
#8344594	REDUCE cov: 1746 ft: 7924 corp: 1672/507Kb lim: 4096 exec/s: 12567 rss: 555Mb L: 1502/4096 MS: 2 ChangeByte-EraseBytes-
#8349910	REDUCE cov: 1746 ft: 7924 corp: 1672/507Kb lim: 4096 exec/s: 12556 rss: 555Mb L: 29/4096 MS: 1 EraseBytes-
#8354086	REDUCE cov: 1746 ft: 7924 corp: 1672/507Kb lim: 4096 exec/s: 12562 rss: 555Mb L: 70/4096 MS: 1 EraseBytes-
#8357962	REDUCE cov: 1746 ft: 7924 corp: 1672/506Kb lim: 4096 exec/s: 12549 rss: 555Mb L: 976/4096 MS: 1 EraseBytes-
#8373984	REDUCE cov: 1746 ft: 7924 corp: 1672/506Kb lim: 4096 exec/s: 12535 rss: 555Mb L: 301/4096 MS: 2 ChangeByte-EraseBytes-
#8384455	REDUCE cov: 1746 ft: 7924 corp: 1672/506Kb lim: 4096 exec/s: 12532 rss: 555Mb L: 687/4096 MS: 1 EraseBytes-
#8386993	REDUCE cov: 1746 ft: 7924 corp: 1672/506Kb lim: 4096 exec/s: 12536 rss: 555Mb L: 327/4096 MS: 3 ChangeBit-ShuffleBytes-EraseBytes-
#8388397	REDUCE cov: 1746 ft: 7924 corp: 1672/506Kb lim: 4096 exec/s: 12538 rss: 555Mb L: 70/4096 MS: 4 ShuffleBytes-ShuffleBytes-CopyPart-EraseBytes-
#8388608	pulse  cov: 1746 ft: 7924 corp: 1672/506Kb lim: 4096 exec/s: 12539 rss: 555Mb
#8388928	REDUCE cov: 1746 ft: 7924 corp: 1672/506Kb lim: 4096 exec/s: 12539 rss: 555Mb L: 53/4096 MS: 1 EraseBytes-
#8390694	REDUCE cov: 1746 ft: 7924 corp: 1672/506Kb lim: 4096 exec/s: 12523 rss: 555Mb L: 67/4096 MS: 1 EraseBytes-
#8393771	REDUCE cov: 1746 ft: 7924 corp: 1672/506Kb lim: 4096 exec/s: 12528 rss: 555Mb L: 265/4096 MS: 2 ChangeBit-EraseBytes-
#8394347	REDUCE cov: 1746 ft: 7924 corp: 1672/506Kb lim: 4096 exec/s: 12528 rss: 555Mb L: 1463/4096 MS: 1 EraseBytes-
#8398759	REDUCE cov: 1746 ft: 7932 corp: 1673/509Kb lim: 4096 exec/s: 12516 rss: 555Mb L: 2887/4096 MS: 2 CopyPart-CopyPart-
#8398826	REDUCE cov: 1746 ft: 7932 corp: 1673/509Kb lim: 4096 exec/s: 12516 rss: 555Mb L: 958/4096 MS: 2 PersAutoDict-EraseBytes- DE: "LKKKKKK"-
#8399667	REDUCE cov: 1746 ft: 7932 corp: 1673/509Kb lim: 4096 exec/s: 12518 rss: 555Mb L: 67/4096 MS: 1 EraseBytes-
#8400828	REDUCE cov: 1746 ft: 7932 corp: 1673/509Kb lim: 4096 exec/s: 12519 rss: 555Mb L: 4003/4096 MS: 1 EraseBytes-
#8401934	REDUCE cov: 1746 ft: 7932 corp: 1673/509Kb lim: 4096 exec/s: 12521 rss: 555Mb L: 339/4096 MS: 1 EraseBytes-
#8403180	NEW    cov: 1746 ft: 7940 corp: 1674/513Kb lim: 4096 exec/s: 12523 rss: 556Mb L: 4009/4096 MS: 1 CopyPart-
#8403381	REDUCE cov: 1746 ft: 7940 corp: 1674/513Kb lim: 4096 exec/s: 12523 rss: 556Mb L: 96/4096 MS: 1 EraseBytes-
#8405012	REDUCE cov: 1746 ft: 7940 corp: 1674/513Kb lim: 4096 exec/s: 12507 rss: 556Mb L: 20/4096 MS: 1 EraseBytes-
#8408954	REDUCE cov: 1746 ft: 7940 corp: 1674/513Kb lim: 4096 exec/s: 12513 rss: 556Mb L: 594/4096 MS: 2 ShuffleBytes-EraseBytes-
#8409530	REDUCE cov: 1746 ft: 7940 corp: 1674/512Kb lim: 4096 exec/s: 12514 rss: 556Mb L: 2321/4096 MS: 1 EraseBytes-
#8411596	REDUCE cov: 1746 ft: 7940 corp: 1674/512Kb lim: 4096 exec/s: 12517 rss: 556Mb L: 92/4096 MS: 1 EraseBytes-
#8416864	REDUCE cov: 1746 ft: 7940 corp: 1674/512Kb lim: 4096 exec/s: 12506 rss: 556Mb L: 1033/4096 MS: 3 ShuffleBytes-ChangeByte-EraseBytes-
#8416910	REDUCE cov: 1746 ft: 7940 corp: 1674/512Kb lim: 4096 exec/s: 12506 rss: 556Mb L: 799/4096 MS: 1 EraseBytes-
#8419956	REDUCE cov: 1746 ft: 7940 corp: 1674/512Kb lim: 4096 exec/s: 12511 rss: 557Mb L: 849/4096 MS: 1 EraseBytes-
#8424412	REDUCE cov: 1746 ft: 7940 corp: 1674/512Kb lim: 4096 exec/s: 12499 rss: 557Mb L: 315/4096 MS: 1 EraseBytes-
#8427728	REDUCE cov: 1746 ft: 7940 corp: 1674/512Kb lim: 4096 exec/s: 12504 rss: 557Mb L: 714/4096 MS: 1 EraseBytes-
#8430869	REDUCE cov: 1746 ft: 7940 corp: 1674/512Kb lim: 4096 exec/s: 12490 rss: 557Mb L: 177/4096 MS: 1 EraseBytes-
#8436540	REDUCE cov: 1746 ft: 7940 corp: 1674/512Kb lim: 4096 exec/s: 12498 rss: 557Mb L: 18/4096 MS: 1 EraseBytes-
#8441392	REDUCE cov: 1746 ft: 7940 corp: 1674/512Kb lim: 4096 exec/s: 12487 rss: 557Mb L: 3233/4096 MS: 2 ShuffleBytes-EraseBytes-
#8442803	REDUCE cov: 1746 ft: 7940 corp: 1674/512Kb lim: 4096 exec/s: 12489 rss: 557Mb L: 184/4096 MS: 1 EraseBytes-
#8443345	REDUCE cov: 1746 ft: 7940 corp: 1674/512Kb lim: 4096 exec/s: 12490 rss: 557Mb L: 1888/4096 MS: 2 ChangeBinInt-EraseBytes-
#8443512	REDUCE cov: 1746 ft: 7940 corp: 1674/512Kb lim: 4096 exec/s: 12490 rss: 557Mb L: 622/4096 MS: 2 CopyPart-EraseBytes-
#8444183	REDUCE cov: 1746 ft: 7940 corp: 1674/512Kb lim: 4096 exec/s: 12491 rss: 557Mb L: 23/4096 MS: 1 EraseBytes-
#8446314	NEW    cov: 1746 ft: 7948 corp: 1675/514Kb lim: 4096 exec/s: 12494 rss: 557Mb L: 2278/4096 MS: 1 CopyPart-
#8448110	REDUCE cov: 1746 ft: 7948 corp: 1675/514Kb lim: 4096 exec/s: 12478 rss: 557Mb L: 64/4096 MS: 1 EraseBytes-
#8449797	REDUCE cov: 1746 ft: 7948 corp: 1675/514Kb lim: 4096 exec/s: 12481 rss: 557Mb L: 3919/4096 MS: 2 ShuffleBytes-EraseBytes-
#8450924	REDUCE cov: 1746 ft: 7948 corp: 1675/514Kb lim: 4096 exec/s: 12482 rss: 557Mb L: 12/4096 MS: 2 CopyPart-EraseBytes-
#8452255	REDUCE cov: 1746 ft: 7948 corp: 1675/514Kb lim: 4096 exec/s: 12484 rss: 558Mb L: 75/4096 MS: 1 EraseBytes-
#8456361	REDUCE cov: 1746 ft: 7948 corp: 1675/514Kb lim: 4096 exec/s: 12472 rss: 558Mb L: 4051/4096 MS: 1 EraseBytes-
#8457803	REDUCE cov: 1746 ft: 7948 corp: 1675/514Kb lim: 4096 exec/s: 12474 rss: 558Mb L: 967/4096 MS: 2 ChangeBit-EraseBytes-
#8463941	REDUCE cov: 1746 ft: 7948 corp: 1675/513Kb lim: 4096 exec/s: 12465 rss: 559Mb L: 648/4096 MS: 3 ChangeBit-PersAutoDict-EraseBytes- DE: "mess"-
#8468032	REDUCE cov: 1746 ft: 7948 corp: 1675/513Kb lim: 4096 exec/s: 12471 rss: 559Mb L: 175/4096 MS: 1 EraseBytes-
#8468529	REDUCE cov: 1746 ft: 7948 corp: 1675/513Kb lim: 4096 exec/s: 12472 rss: 559Mb L: 35/4096 MS: 2 ShuffleBytes-EraseBytes-
#8468771	REDUCE cov: 1746 ft: 7948 corp: 1675/513Kb lim: 4096 exec/s: 12472 rss: 559Mb L: 2685/4096 MS: 2 InsertByte-EraseBytes-
#8471247	REDUCE cov: 1746 ft: 7948 corp: 1675/513Kb lim: 4096 exec/s: 12457 rss: 559Mb L: 33/4096 MS: 1 EraseBytes-
#8471583	REDUCE cov: 1746 ft: 7948 corp: 1675/513Kb lim: 4096 exec/s: 12458 rss: 559Mb L: 494/4096 MS: 1 EraseBytes-
#8472010	REDUCE cov: 1746 ft: 7948 corp: 1675/513Kb lim: 4096 exec/s: 12458 rss: 559Mb L: 1233/4096 MS: 2 ChangeASCIIInt-EraseBytes-
#8477476	REDUCE cov: 1746 ft: 7948 corp: 1675/513Kb lim: 4096 exec/s: 12466 rss: 559Mb L: 829/4096 MS: 1 EraseBytes-
#8481282	REDUCE cov: 1746 ft: 7948 corp: 1675/513Kb lim: 4096 exec/s: 12454 rss: 559Mb L: 369/4096 MS: 1 EraseBytes-
#8483275	REDUCE cov: 1746 ft: 7948 corp: 1675/513Kb lim: 4096 exec/s: 12457 rss: 559Mb L: 408/4096 MS: 3 ChangeASCIIInt-ChangeBinInt-EraseBytes-
#8484536	REDUCE cov: 1746 ft: 7948 corp: 1675/513Kb lim: 4096 exec/s: 12458 rss: 559Mb L: 1159/4096 MS: 1 EraseBytes-
#8490048	REDUCE cov: 1746 ft: 7948 corp: 1675/513Kb lim: 4096 exec/s: 12448 rss: 559Mb L: 1883/4096 MS: 2 ShuffleBytes-EraseBytes-
#8490915	REDUCE cov: 1746 ft: 7948 corp: 1675/513Kb lim: 4096 exec/s: 12450 rss: 559Mb L: 3226/4096 MS: 2 InsertByte-EraseBytes-
#8491011	REDUCE cov: 1746 ft: 7948 corp: 1675/513Kb lim: 4096 exec/s: 12450 rss: 559Mb L: 139/4096 MS: 1 EraseBytes-
#8496478	REDUCE cov: 1746 ft: 7948 corp: 1675/513Kb lim: 4096 exec/s: 12439 rss: 559Mb L: 102/4096 MS: 2 ShuffleBytes-EraseBytes-
#8499755	REDUCE cov: 1746 ft: 7955 corp: 1676/514Kb lim: 4096 exec/s: 12444 rss: 559Mb L: 1091/4096 MS: 2 InsertRepeatedBytes-CopyPart-
#8508626	REDUCE cov: 1746 ft: 7955 corp: 1676/514Kb lim: 4096 exec/s: 12439 rss: 559Mb L: 77/4096 MS: 1 EraseBytes-
#8509872	REDUCE cov: 1746 ft: 7955 corp: 1676/514Kb lim: 4096 exec/s: 12441 rss: 559Mb L: 51/4096 MS: 1 EraseBytes-
#8509999	REDUCE cov: 1746 ft: 7955 corp: 1676/514Kb lim: 4096 exec/s: 12441 rss: 559Mb L: 1203/4096 MS: 2 InsertByte-EraseBytes-
#8510696	REDUCE cov: 1746 ft: 7955 corp: 1676/514Kb lim: 4096 exec/s: 12442 rss: 559Mb L: 155/4096 MS: 2 ChangeByte-EraseBytes-
#8513358	REDUCE cov: 1746 ft: 7955 corp: 1676/514Kb lim: 4096 exec/s: 12428 rss: 559Mb L: 541/4096 MS: 2 CrossOver-EraseBytes-
#8518215	REDUCE cov: 1746 ft: 7955 corp: 1676/514Kb lim: 4096 exec/s: 12435 rss: 559Mb L: 17/4096 MS: 2 ChangeASCIIInt-EraseBytes-
#8519376	REDUCE cov: 1746 ft: 7955 corp: 1676/514Kb lim: 4096 exec/s: 12437 rss: 559Mb L: 24/4096 MS: 1 EraseBytes-
#8523422	REDUCE cov: 1746 ft: 7955 corp: 1676/514Kb lim: 4096 exec/s: 12424 rss: 559Mb L: 2698/4096 MS: 1 EraseBytes-
#8525038	REDUCE cov: 1746 ft: 7955 corp: 1676/514Kb lim: 4096 exec/s: 12427 rss: 559Mb L: 662/4096 MS: 1 EraseBytes-
#8525075	REDUCE cov: 1746 ft: 7955 corp: 1676/514Kb lim: 4096 exec/s: 12427 rss: 559Mb L: 109/4096 MS: 2 ShuffleBytes-EraseBytes-
#8531956	REDUCE cov: 1746 ft: 7955 corp: 1676/514Kb lim: 4096 exec/s: 12419 rss: 559Mb L: 827/4096 MS: 1 EraseBytes-
#8533012	REDUCE cov: 1746 ft: 7955 corp: 1676/514Kb lim: 4096 exec/s: 12420 rss: 559Mb L: 3188/4096 MS: 1 EraseBytes-
#8535983	REDUCE cov: 1746 ft: 7955 corp: 1676/514Kb lim: 4096 exec/s: 12425 rss: 559Mb L: 2010/4096 MS: 1 EraseBytes-
#8537839	REDUCE cov: 1746 ft: 7955 corp: 1676/514Kb lim: 4096 exec/s: 12409 rss: 559Mb L: 1184/4096 MS: 1 EraseBytes-
#8539707	REDUCE cov: 1746 ft: 7955 corp: 1676/514Kb lim: 4096 exec/s: 12412 rss: 559Mb L: 389/4096 MS: 3 ShuffleBytes-ChangeASCIIInt-EraseBytes-
#8543574	REDUCE cov: 1746 ft: 7955 corp: 1676/514Kb lim: 4096 exec/s: 12417 rss: 559Mb L: 1082/4096 MS: 2 InsertByte-EraseBytes-
#8546560	NEW    cov: 1746 ft: 7957 corp: 1677/516Kb lim: 4096 exec/s: 12422 rss: 559Mb L: 2278/4096 MS: 1 CopyPart-
#8548301	REDUCE cov: 1746 ft: 7957 corp: 1677/516Kb lim: 4096 exec/s: 12406 rss: 559Mb L: 1076/4096 MS: 1 EraseBytes-
#8548303	REDUCE cov: 1746 ft: 7957 corp: 1677/516Kb lim: 4096 exec/s: 12406 rss: 559Mb L: 2377/4096 MS: 2 ShuffleBytes-EraseBytes-
#8549214	REDUCE cov: 1746 ft: 7957 corp: 1677/516Kb lim: 4096 exec/s: 12408 rss: 559Mb L: 300/4096 MS: 1 EraseBytes-
#8550125	REDUCE cov: 1746 ft: 7957 corp: 1677/516Kb lim: 4096 exec/s: 12409 rss: 559Mb L: 1055/4096 MS: 1 EraseBytes-
#8550747	REDUCE cov: 1746 ft: 7957 corp: 1677/516Kb lim: 4096 exec/s: 12410 rss: 559Mb L: 1049/4096 MS: 2 ShuffleBytes-EraseBytes-
#8556292	REDUCE cov: 1746 ft: 7957 corp: 1677/516Kb lim: 4096 exec/s: 12400 rss: 559Mb L: 3165/4096 MS: 3 ChangeBit-ChangeByte-EraseBytes-
#8556348	REDUCE cov: 1746 ft: 7957 corp: 1677/516Kb lim: 4096 exec/s: 12400 rss: 559Mb L: 3638/4096 MS: 1 EraseBytes-
#8559024	REDUCE cov: 1746 ft: 7957 corp: 1677/516Kb lim: 4096 exec/s: 12404 rss: 559Mb L: 544/4096 MS: 1 EraseBytes-
#8561305	REDUCE cov: 1746 ft: 7957 corp: 1677/516Kb lim: 4096 exec/s: 12407 rss: 559Mb L: 299/4096 MS: 1 EraseBytes-
#8562282	REDUCE cov: 1746 ft: 7957 corp: 1677/516Kb lim: 4096 exec/s: 12409 rss: 559Mb L: 3764/4096 MS: 2 PersAutoDict-EraseBytes- DE: "# \357\277\275\357\277"-
#8565596	REDUCE cov: 1746 ft: 7957 corp: 1677/515Kb lim: 4096 exec/s: 12395 rss: 559Mb L: 800/4096 MS: 2 ChangeASCIIInt-EraseBytes-
#8565742	REDUCE cov: 1746 ft: 7957 corp: 1677/515Kb lim: 4096 exec/s: 12396 rss: 559Mb L: 29/4096 MS: 1 EraseBytes-
#8566608	REDUCE cov: 1746 ft: 7957 corp: 1677/515Kb lim: 4096 exec/s: 12397 rss: 559Mb L: 595/4096 MS: 1 EraseBytes-
#8570239	REDUCE cov: 1746 ft: 7957 corp: 1677/515Kb lim: 4096 exec/s: 12402 rss: 559Mb L: 448/4096 MS: 1 CrossOver-
#8572800	REDUCE cov: 1746 ft: 7957 corp: 1677/515Kb lim: 4096 exec/s: 12388 rss: 559Mb L: 488/4096 MS: 1 EraseBytes-
#8573451	REDUCE cov: 1746 ft: 7957 corp: 1677/515Kb lim: 4096 exec/s: 12389 rss: 559Mb L: 937/4096 MS: 1 EraseBytes-
#8573798	REDUCE cov: 1746 ft: 7957 corp: 1677/515Kb lim: 4096 exec/s: 12389 rss: 559Mb L: 91/4096 MS: 2 CopyPart-EraseBytes-
#8577792	REDUCE cov: 1746 ft: 7957 corp: 1677/515Kb lim: 4096 exec/s: 12395 rss: 559Mb L: 133/4096 MS: 4 ChangeASCIIInt-ChangeByte-ChangeBit-EraseBytes-
#8578783	REDUCE cov: 1746 ft: 7957 corp: 1677/515Kb lim: 4096 exec/s: 12397 rss: 559Mb L: 533/4096 MS: 1 EraseBytes-
#8583155	REDUCE cov: 1746 ft: 7957 corp: 1677/515Kb lim: 4096 exec/s: 12385 rss: 559Mb L: 405/4096 MS: 1 EraseBytes-
#8583916	REDUCE cov: 1746 ft: 7957 corp: 1677/515Kb lim: 4096 exec/s: 12386 rss: 559Mb L: 48/4096 MS: 1 EraseBytes-
#8585152	REDUCE cov: 1746 ft: 7957 corp: 1677/515Kb lim: 4096 exec/s: 12388 rss: 559Mb L: 17/4096 MS: 1 EraseBytes-
#8591438	REDUCE cov: 1746 ft: 7957 corp: 1677/515Kb lim: 4096 exec/s: 12379 rss: 559Mb L: 3157/4096 MS: 1 EraseBytes-
#8592159	REDUCE cov: 1746 ft: 7957 corp: 1677/515Kb lim: 4096 exec/s: 12380 rss: 559Mb L: 948/4096 MS: 1 EraseBytes-
#8593860	REDUCE cov: 1746 ft: 7957 corp: 1677/515Kb lim: 4096 exec/s: 12383 rss: 559Mb L: 1822/4096 MS: 1 EraseBytes-
#8593986	REDUCE cov: 1746 ft: 7957 corp: 1677/515Kb lim: 4096 exec/s: 12383 rss: 559Mb L: 299/4096 MS: 1 EraseBytes-
#8593987	REDUCE cov: 1746 ft: 7957 corp: 1677/515Kb lim: 4096 exec/s: 12383 rss: 559Mb L: 90/4096 MS: 1 EraseBytes-
#8597003	REDUCE cov: 1746 ft: 7957 corp: 1677/515Kb lim: 4096 exec/s: 12369 rss: 559Mb L: 2692/4096 MS: 1 EraseBytes-
#8597014	REDUCE cov: 1746 ft: 7957 corp: 1677/515Kb lim: 4096 exec/s: 12369 rss: 559Mb L: 1398/4096 MS: 1 EraseBytes-
#8598602	REDUCE cov: 1746 ft: 7957 corp: 1677/515Kb lim: 4096 exec/s: 12372 rss: 559Mb L: 1311/4096 MS: 3 CMP-ChangeASCIIInt-EraseBytes- DE: "message"-
#8606733	REDUCE cov: 1746 ft: 7957 corp: 1677/515Kb lim: 4096 exec/s: 12365 rss: 559Mb L: 1045/4096 MS: 1 EraseBytes-
#8612789	REDUCE cov: 1746 ft: 7957 corp: 1677/515Kb lim: 4096 exec/s: 12356 rss: 559Mb L: 86/4096 MS: 1 EraseBytes-
#8615025	REDUCE cov: 1746 ft: 7957 corp: 1677/515Kb lim: 4096 exec/s: 12360 rss: 559Mb L: 415/4096 MS: 1 EraseBytes-
#8617421	REDUCE cov: 1746 ft: 7957 corp: 1677/515Kb lim: 4096 exec/s: 12363 rss: 559Mb L: 160/4096 MS: 1 EraseBytes-
#8619557	REDUCE cov: 1746 ft: 7957 corp: 1677/515Kb lim: 4096 exec/s: 12366 rss: 559Mb L: 3763/4096 MS: 1 EraseBytes-
#8621265	REDUCE cov: 1746 ft: 7957 corp: 1677/515Kb lim: 4096 exec/s: 12351 rss: 559Mb L: 1847/4096 MS: 3 ChangeASCIIInt-ChangeASCIIInt-EraseBytes-
#8621946	REDUCE cov: 1746 ft: 7957 corp: 1677/515Kb lim: 4096 exec/s: 12352 rss: 559Mb L: 1858/4096 MS: 1 EraseBytes-
#8622492	REDUCE cov: 1746 ft: 7957 corp: 1677/515Kb lim: 4096 exec/s: 12353 rss: 559Mb L: 297/4096 MS: 1 EraseBytes-
#8627233	REDUCE cov: 1746 ft: 7957 corp: 1677/515Kb lim: 4096 exec/s: 12359 rss: 559Mb L: 21/4096 MS: 1 EraseBytes-
#8630579	REDUCE cov: 1746 ft: 7957 corp: 1677/515Kb lim: 4096 exec/s: 12347 rss: 559Mb L: 1857/4096 MS: 1 EraseBytes-
#8633070	REDUCE cov: 1746 ft: 7957 corp: 1677/515Kb lim: 4096 exec/s: 12350 rss: 559Mb L: 145/4096 MS: 1 EraseBytes-
#8636492	REDUCE cov: 1746 ft: 7957 corp: 1677/515Kb lim: 4096 exec/s: 12355 rss: 559Mb L: 481/4096 MS: 2 ChangeByte-EraseBytes-
#8637213	REDUCE cov: 1746 ft: 7957 corp: 1677/514Kb lim: 4096 exec/s: 12356 rss: 559Mb L: 1781/4096 MS: 1 EraseBytes-
#8643014	REDUCE cov: 1746 ft: 7957 corp: 1677/514Kb lim: 4096 exec/s: 12347 rss: 559Mb L: 786/4096 MS: 1 EraseBytes-
#8644457	REDUCE cov: 1746 ft: 7957 corp: 1677/514Kb lim: 4096 exec/s: 12349 rss: 559Mb L: 108/4096 MS: 3 ChangeBit-ChangeASCIIInt-EraseBytes-
#8645750	REDUCE cov: 1746 ft: 7957 corp: 1677/514Kb lim: 4096 exec/s: 12351 rss: 559Mb L: 715/4096 MS: 3 ChangeBit-PersAutoDict-EraseBytes- DE: "\357\377\377\377"-
#8648701	NEW    cov: 1746 ft: 7964 corp: 1678/516Kb lim: 4096 exec/s: 12337 rss: 559Mb L: 1929/4096 MS: 1 CopyPart-
#8650052	REDUCE cov: 1746 ft: 7964 corp: 1678/516Kb lim: 4096 exec/s: 12339 rss: 559Mb L: 833/4096 MS: 1 EraseBytes-
#8651623	REDUCE cov: 1746 ft: 7964 corp: 1678/516Kb lim: 4096 exec/s: 12341 rss: 559Mb L: 59/4096 MS: 1 EraseBytes-
#8652481	REDUCE cov: 1746 ft: 7964 corp: 1678/516Kb lim: 4096 exec/s: 12343 rss: 559Mb L: 573/4096 MS: 3 ChangeASCIIInt-ChangeASCIIInt-EraseBytes-
#8662207	REDUCE cov: 1746 ft: 7964 corp: 1678/516Kb lim: 4096 exec/s: 12339 rss: 559Mb L: 191/4096 MS: 1 EraseBytes-
#8664683	REDUCE cov: 1746 ft: 7964 corp: 1678/516Kb lim: 4096 exec/s: 12342 rss: 559Mb L: 1167/4096 MS: 1 EraseBytes-
#8667024	REDUCE cov: 1746 ft: 7964 corp: 1678/516Kb lim: 4096 exec/s: 12328 rss: 559Mb L: 2646/4096 MS: 1 EraseBytes-
#8667187	REDUCE cov: 1746 ft: 7964 corp: 1678/516Kb lim: 4096 exec/s: 12328 rss: 559Mb L: 1270/4096 MS: 3 ChangeASCIIInt-EraseBytes-CopyPart-
#8670373	NEW    cov: 1746 ft: 7965 corp: 1679/518Kb lim: 4096 exec/s: 12333 rss: 559Mb L: 2278/4096 MS: 1 CopyPart-
#8679039	REDUCE cov: 1746 ft: 7965 corp: 1679/518Kb lim: 4096 exec/s: 12328 rss: 559Mb L: 1028/4096 MS: 1 EraseBytes-
#8681899	REDUCE cov: 1746 ft: 7965 corp: 1679/518Kb lim: 4096 exec/s: 12332 rss: 559Mb L: 944/4096 MS: 5 ChangeBit-ChangeBit-ChangeBinInt-ChangeBit-EraseBytes-
#8683870	REDUCE cov: 1746 ft: 7965 corp: 1679/518Kb lim: 4096 exec/s: 12317 rss: 559Mb L: 87/4096 MS: 1 EraseBytes-
#8685386	REDUCE cov: 1746 ft: 7965 corp: 1679/518Kb lim: 4096 exec/s: 12319 rss: 559Mb L: 352/4096 MS: 1 EraseBytes-
#8688117	NEW    cov: 1746 ft: 7966 corp: 1680/521Kb lim: 4096 exec/s: 12323 rss: 559Mb L: 2282/4096 MS: 1 PersAutoDict- DE: "mess"-
#8691689	REDUCE cov: 1746 ft: 7966 corp: 1680/521Kb lim: 4096 exec/s: 12311 rss: 559Mb L: 26/4096 MS: 2 ChangeBit-EraseBytes-
#8692495	REDUCE cov: 1746 ft: 7966 corp: 1680/521Kb lim: 4096 exec/s: 12312 rss: 559Mb L: 3415/4096 MS: 1 EraseBytes-
#8697601	REDUCE cov: 1746 ft: 7966 corp: 1680/521Kb lim: 4096 exec/s: 12319 rss: 559Mb L: 295/4096 MS: 1 EraseBytes-
#8702412	REDUCE cov: 1746 ft: 7966 corp: 1680/521Kb lim: 4096 exec/s: 12308 rss: 559Mb L: 325/4096 MS: 1 EraseBytes-
#8706028	REDUCE cov: 1746 ft: 7966 corp: 1680/521Kb lim: 4096 exec/s: 12314 rss: 559Mb L: 20/4096 MS: 1 EraseBytes-
#8708744	REDUCE cov: 1746 ft: 7966 corp: 1680/520Kb lim: 4096 exec/s: 12317 rss: 559Mb L: 1779/4096 MS: 1 EraseBytes-
#8711915	REDUCE cov: 1746 ft: 7966 corp: 1680/520Kb lim: 4096 exec/s: 12304 rss: 559Mb L: 3008/4096 MS: 1 EraseBytes-
#8714621	REDUCE cov: 1746 ft: 7966 corp: 1680/520Kb lim: 4096 exec/s: 12308 rss: 559Mb L: 852/4096 MS: 1 EraseBytes-
#8723857	REDUCE cov: 1746 ft: 7966 corp: 1680/520Kb lim: 4096 exec/s: 12304 rss: 559Mb L: 3608/4096 MS: 1 EraseBytes-
#8724483	REDUCE cov: 1746 ft: 7966 corp: 1680/520Kb lim: 4096 exec/s: 12305 rss: 559Mb L: 1845/4096 MS: 1 EraseBytes-
#8728188	REDUCE cov: 1746 ft: 7966 corp: 1680/520Kb lim: 4096 exec/s: 12293 rss: 559Mb L: 58/4096 MS: 5 CopyPart-CopyPart-ShuffleBytes-ChangeBinInt-EraseBytes-
#8728594	REDUCE cov: 1746 ft: 7966 corp: 1680/520Kb lim: 4096 exec/s: 12293 rss: 559Mb L: 1361/4096 MS: 1 EraseBytes-
#8735912	REDUCE cov: 1746 ft: 7966 corp: 1680/520Kb lim: 4096 exec/s: 12304 rss: 559Mb L: 1264/4096 MS: 3 InsertByte-ChangeByte-EraseBytes-
#8736628	REDUCE cov: 1746 ft: 7966 corp: 1680/520Kb lim: 4096 exec/s: 12287 rss: 559Mb L: 201/4096 MS: 1 EraseBytes-
#8738261	REDUCE cov: 1746 ft: 7966 corp: 1680/520Kb lim: 4096 exec/s: 12290 rss: 559Mb L: 53/4096 MS: 3 CopyPart-ShuffleBytes-EraseBytes-
#8739733	REDUCE cov: 1746 ft: 7966 corp: 1680/520Kb lim: 4096 exec/s: 12292 rss: 559Mb L: 1252/4096 MS: 2 InsertByte-EraseBytes-
#8743884	REDUCE cov: 1746 ft: 7966 corp: 1680/520Kb lim: 4096 exec/s: 12298 rss: 559Mb L: 2361/4096 MS: 1 EraseBytes-
#8746285	REDUCE cov: 1746 ft: 7966 corp: 1680/520Kb lim: 4096 exec/s: 12284 rss: 559Mb L: 3734/4096 MS: 1 EraseBytes-
#8754486	REDUCE cov: 1746 ft: 7966 corp: 1680/520Kb lim: 4096 exec/s: 12278 rss: 559Mb L: 785/4096 MS: 1 EraseBytes-
#8760312	REDUCE cov: 1746 ft: 7966 corp: 1680/520Kb lim: 4096 exec/s: 12286 rss: 559Mb L: 20/4096 MS: 1 EraseBytes-
#8762319	REDUCE cov: 1746 ft: 7966 corp: 1680/520Kb lim: 4096 exec/s: 12272 rss: 559Mb L: 796/4096 MS: 2 InsertByte-EraseBytes-
#8765345	REDUCE cov: 1746 ft: 7966 corp: 1680/520Kb lim: 4096 exec/s: 12276 rss: 559Mb L: 462/4096 MS: 1 EraseBytes-
#8768914	REDUCE cov: 1746 ft: 7966 corp: 1680/520Kb lim: 4096 exec/s: 12281 rss: 559Mb L: 201/4096 MS: 4 ChangeByte-ShuffleBytes-ChangeASCIIInt-EraseBytes-
#8769836	REDUCE cov: 1746 ft: 7966 corp: 1680/520Kb lim: 4096 exec/s: 12265 rss: 559Mb L: 911/4096 MS: 2 PersAutoDict-EraseBytes- DE: "\377\377\377\377\377\377\377\377"-
#8771282	REDUCE cov: 1746 ft: 7966 corp: 1680/520Kb lim: 4096 exec/s: 12267 rss: 559Mb L: 390/4096 MS: 1 EraseBytes-
#8772348	REDUCE cov: 1746 ft: 7966 corp: 1680/520Kb lim: 4096 exec/s: 12269 rss: 559Mb L: 1096/4096 MS: 1 EraseBytes-
#8776265	REDUCE cov: 1746 ft: 7966 corp: 1680/520Kb lim: 4096 exec/s: 12274 rss: 559Mb L: 348/4096 MS: 2 CopyPart-EraseBytes-
#8780207	REDUCE cov: 1746 ft: 7966 corp: 1680/520Kb lim: 4096 exec/s: 12262 rss: 559Mb L: 195/4096 MS: 2 ChangeBit-EraseBytes-
#8780928	REDUCE cov: 1746 ft: 7966 corp: 1680/520Kb lim: 4096 exec/s: 12263 rss: 559Mb L: 47/4096 MS: 1 EraseBytes-
#8781004	REDUCE cov: 1746 ft: 7966 corp: 1680/520Kb lim: 4096 exec/s: 12263 rss: 559Mb L: 22/4096 MS: 1 EraseBytes-
#8781640	REDUCE cov: 1746 ft: 7966 corp: 1680/520Kb lim: 4096 exec/s: 12264 rss: 559Mb L: 1199/4096 MS: 1 EraseBytes-
#8784966	REDUCE cov: 1746 ft: 7966 corp: 1680/520Kb lim: 4096 exec/s: 12269 rss: 559Mb L: 1187/4096 MS: 1 EraseBytes-
#8786613	REDUCE cov: 1746 ft: 7966 corp: 1680/520Kb lim: 4096 exec/s: 12271 rss: 559Mb L: 253/4096 MS: 2 CopyPart-EraseBytes-
#8799854	REDUCE cov: 1746 ft: 7966 corp: 1680/520Kb lim: 4096 exec/s: 12256 rss: 559Mb L: 478/4096 MS: 1 EraseBytes-
#8800556	REDUCE cov: 1746 ft: 7966 corp: 1680/520Kb lim: 4096 exec/s: 12257 rss: 559Mb L: 3832/4096 MS: 1 EraseBytes-
#8802943	REDUCE cov: 1746 ft: 7966 corp: 1680/520Kb lim: 4096 exec/s: 12260 rss: 559Mb L: 3144/4096 MS: 2 ChangeByte-EraseBytes-
#8803974	REDUCE cov: 1746 ft: 7966 corp: 1680/520Kb lim: 4096 exec/s: 12244 rss: 559Mb L: 714/4096 MS: 1 EraseBytes-
#8804320	REDUCE cov: 1746 ft: 7966 corp: 1680/520Kb lim: 4096 exec/s: 12245 rss: 559Mb L: 1023/4096 MS: 1 EraseBytes-
#8806191	REDUCE cov: 1746 ft: 7966 corp: 1680/519Kb lim: 4096 exec/s: 12247 rss: 559Mb L: 2570/4096 MS: 1 EraseBytes-
#8810112	REDUCE cov: 1746 ft: 7966 corp: 1680/519Kb lim: 4096 exec/s: 12253 rss: 559Mb L: 2377/4096 MS: 1 EraseBytes-
#8811959	REDUCE cov: 1746 ft: 7966 corp: 1680/519Kb lim: 4096 exec/s: 12255 rss: 559Mb L: 242/4096 MS: 2 ChangeBit-EraseBytes-
#8816445	REDUCE cov: 1746 ft: 7966 corp: 1680/519Kb lim: 4096 exec/s: 12245 rss: 559Mb L: 897/4096 MS: 1 EraseBytes-
#8824246	REDUCE cov: 1746 ft: 7966 corp: 1680/519Kb lim: 4096 exec/s: 12238 rss: 559Mb L: 24/4096 MS: 1 EraseBytes-
#8829012	REDUCE cov: 1746 ft: 7966 corp: 1680/519Kb lim: 4096 exec/s: 12245 rss: 559Mb L: 594/4096 MS: 1 EraseBytes-
#8829523	REDUCE cov: 1746 ft: 7966 corp: 1680/519Kb lim: 4096 exec/s: 12229 rss: 559Mb L: 100/4096 MS: 1 EraseBytes-
#8830420	REDUCE cov: 1746 ft: 7966 corp: 1680/519Kb lim: 4096 exec/s: 12230 rss: 559Mb L: 794/4096 MS: 2 ShuffleBytes-EraseBytes-
#8830608	REDUCE cov: 1746 ft: 7966 corp: 1680/519Kb lim: 4096 exec/s: 12230 rss: 559Mb L: 1484/4096 MS: 3 ChangeByte-ChangeASCIIInt-EraseBytes-
#8830724	REDUCE cov: 1746 ft: 7966 corp: 1680/519Kb lim: 4096 exec/s: 12230 rss: 559Mb L: 17/4096 MS: 1 EraseBytes-
#8835010	REDUCE cov: 1746 ft: 7966 corp: 1680/519Kb lim: 4096 exec/s: 12236 rss: 559Mb L: 891/4096 MS: 1 EraseBytes-
#8837446	REDUCE cov: 1746 ft: 7966 corp: 1680/519Kb lim: 4096 exec/s: 12240 rss: 559Mb L: 1054/4096 MS: 1 EraseBytes-
#8839997	REDUCE cov: 1746 ft: 7966 corp: 1680/519Kb lim: 4096 exec/s: 12226 rss: 559Mb L: 14/4096 MS: 1 EraseBytes-
#8841173	REDUCE cov: 1746 ft: 7966 corp: 1680/519Kb lim: 4096 exec/s: 12228 rss: 559Mb L: 1859/4096 MS: 1 EraseBytes-
#8845074	REDUCE cov: 1746 ft: 7966 corp: 1680/519Kb lim: 4096 exec/s: 12233 rss: 559Mb L: 503/4096 MS: 1 EraseBytes-
#8847137	REDUCE cov: 1746 ft: 7966 corp: 1680/519Kb lim: 4096 exec/s: 12219 rss: 559Mb L: 29/4096 MS: 3 EraseBytes-CopyPart-EraseBytes-
#8848593	REDUCE cov: 1746 ft: 7966 corp: 1680/519Kb lim: 4096 exec/s: 12221 rss: 559Mb L: 878/4096 MS: 1 EraseBytes-
#8849899	REDUCE cov: 1746 ft: 7966 corp: 1680/519Kb lim: 4096 exec/s: 12223 rss: 559Mb L: 1037/4096 MS: 1 EraseBytes-
#8850792	REDUCE cov: 1746 ft: 7966 corp: 1680/519Kb lim: 4096 exec/s: 12224 rss: 559Mb L: 24/4096 MS: 3 ChangeBinInt-CopyPart-EraseBytes-
#8852363	REDUCE cov: 1746 ft: 7966 corp: 1680/519Kb lim: 4096 exec/s: 12227 rss: 559Mb L: 877/4096 MS: 1 EraseBytes-
#8853855	REDUCE cov: 1746 ft: 7966 corp: 1680/519Kb lim: 4096 exec/s: 12229 rss: 559Mb L: 235/4096 MS: 1 EraseBytes-
#8853934	REDUCE cov: 1746 ft: 7966 corp: 1680/519Kb lim: 4096 exec/s: 12229 rss: 559Mb L: 105/4096 MS: 4 EraseBytes-ChangeBit-CopyPart-EraseBytes-
#8855265	REDUCE cov: 1746 ft: 7966 corp: 1680/519Kb lim: 4096 exec/s: 12231 rss: 559Mb L: 236/4096 MS: 1 EraseBytes-
#8858577	REDUCE cov: 1746 ft: 7966 corp: 1680/519Kb lim: 4096 exec/s: 12218 rss: 559Mb L: 1685/4096 MS: 2 CopyPart-EraseBytes-
#8858979	REDUCE cov: 1746 ft: 7966 corp: 1680/519Kb lim: 4096 exec/s: 12219 rss: 559Mb L: 1132/4096 MS: 2 ShuffleBytes-EraseBytes-
#8874486	REDUCE cov: 1746 ft: 7966 corp: 1680/519Kb lim: 4096 exec/s: 12206 rss: 559Mb L: 109/4096 MS: 1 EraseBytes-
#8879432	REDUCE cov: 1746 ft: 7966 corp: 1680/519Kb lim: 4096 exec/s: 12213 rss: 559Mb L: 982/4096 MS: 1 EraseBytes-
#8886253	REDUCE cov: 1746 ft: 7966 corp: 1680/519Kb lim: 4096 exec/s: 12206 rss: 559Mb L: 3125/4096 MS: 1 EraseBytes-
#8894589	REDUCE cov: 1746 ft: 7966 corp: 1680/519Kb lim: 4096 exec/s: 12201 rss: 559Mb L: 508/4096 MS: 1 EraseBytes-
#8900310	REDUCE cov: 1746 ft: 7966 corp: 1680/519Kb lim: 4096 exec/s: 12192 rss: 559Mb L: 88/4096 MS: 1 EraseBytes-
#8901539	REDUCE cov: 1746 ft: 7966 corp: 1680/519Kb lim: 4096 exec/s: 12193 rss: 559Mb L: 872/4096 MS: 4 InsertByte-ShuffleBytes-ChangeASCIIInt-EraseBytes-
#8902096	REDUCE cov: 1746 ft: 7966 corp: 1680/519Kb lim: 4096 exec/s: 12194 rss: 559Mb L: 11/4096 MS: 2 ChangeASCIIInt-EraseBytes-
#8905942	REDUCE cov: 1746 ft: 7966 corp: 1680/519Kb lim: 4096 exec/s: 12199 rss: 559Mb L: 2202/4096 MS: 1 EraseBytes-
#8909598	REDUCE cov: 1746 ft: 7966 corp: 1680/519Kb lim: 4096 exec/s: 12188 rss: 559Mb L: 294/4096 MS: 1 EraseBytes-
#8913465	REDUCE cov: 1746 ft: 7966 corp: 1680/519Kb lim: 4096 exec/s: 12193 rss: 559Mb L: 1327/4096 MS: 2 ChangeByte-EraseBytes-
#8914866	REDUCE cov: 1746 ft: 7966 corp: 1680/519Kb lim: 4096 exec/s: 12195 rss: 559Mb L: 31/4096 MS: 1 EraseBytes-
#8917825	REDUCE cov: 1746 ft: 7966 corp: 1680/519Kb lim: 4096 exec/s: 12182 rss: 559Mb L: 276/4096 MS: 4 ShuffleBytes-PersAutoDict-CopyPart-EraseBytes- DE: "\357\277\275e\357\277\275"-
#8922621	NEW    cov: 1746 ft: 7969 corp: 1681/521Kb lim: 4096 exec/s: 12189 rss: 559Mb L: 2278/4096 MS: 1 CopyPart-
#8923023	REDUCE cov: 1746 ft: 7969 corp: 1681/521Kb lim: 4096 exec/s: 12189 rss: 559Mb L: 588/4096 MS: 2 ChangeBinInt-EraseBytes-
#8923209	REDUCE cov: 1746 ft: 7969 corp: 1681/521Kb lim: 4096 exec/s: 12190 rss: 559Mb L: 19/4096 MS: 1 EraseBytes-
#8925391	REDUCE cov: 1746 ft: 7969 corp: 1681/521Kb lim: 4096 exec/s: 12193 rss: 559Mb L: 227/4096 MS: 2 InsertByte-EraseBytes-
#8931917	REDUCE cov: 1746 ft: 7969 corp: 1681/521Kb lim: 4096 exec/s: 12185 rss: 559Mb L: 101/4096 MS: 1 EraseBytes-
#8934791	REDUCE cov: 1746 ft: 7969 corp: 1681/521Kb lim: 4096 exec/s: 12189 rss: 559Mb L: 3625/4096 MS: 4 ChangeASCIIInt-PersAutoDict-ChangeByte-EraseBytes- DE: "\357\277\275e\357\277\275"-
#8935817	REDUCE cov: 1746 ft: 7969 corp: 1681/521Kb lim: 4096 exec/s: 12174 rss: 559Mb L: 244/4096 MS: 1 EraseBytes-
#8936040	REDUCE cov: 1746 ft: 7969 corp: 1681/521Kb lim: 4096 exec/s: 12174 rss: 559Mb L: 466/4096 MS: 3 ShuffleBytes-EraseBytes-CopyPart-
#8943216	REDUCE cov: 1746 ft: 7969 corp: 1681/521Kb lim: 4096 exec/s: 12184 rss: 559Mb L: 1827/4096 MS: 1 EraseBytes-
#8946802	REDUCE cov: 1746 ft: 7969 corp: 1681/521Kb lim: 4096 exec/s: 12172 rss: 559Mb L: 784/4096 MS: 1 EraseBytes-
#8951020	REDUCE cov: 1746 ft: 7969 corp: 1681/521Kb lim: 4096 exec/s: 12178 rss: 559Mb L: 760/4096 MS: 3 ChangeBinInt-ChangeASCIIInt-EraseBytes-
#8957197	REDUCE cov: 1746 ft: 7969 corp: 1681/521Kb lim: 4096 exec/s: 12170 rss: 559Mb L: 788/4096 MS: 1 EraseBytes-
#8961834	REDUCE cov: 1746 ft: 7969 corp: 1681/521Kb lim: 4096 exec/s: 12159 rss: 559Mb L: 1025/4096 MS: 1 EraseBytes-
#8963772	REDUCE cov: 1746 ft: 7969 corp: 1681/520Kb lim: 4096 exec/s: 12162 rss: 559Mb L: 1702/4096 MS: 3 InsertByte-InsertRepeatedBytes-EraseBytes-
#8964658	REDUCE cov: 1746 ft: 7969 corp: 1681/520Kb lim: 4096 exec/s: 12163 rss: 559Mb L: 1024/4096 MS: 1 EraseBytes-
#8965264	REDUCE cov: 1746 ft: 7969 corp: 1681/520Kb lim: 4096 exec/s: 12164 rss: 559Mb L: 1015/4096 MS: 1 EraseBytes-
#8967230	REDUCE cov: 1746 ft: 7969 corp: 1681/520Kb lim: 4096 exec/s: 12167 rss: 559Mb L: 394/4096 MS: 1 EraseBytes-
#8969466	REDUCE cov: 1746 ft: 7969 corp: 1681/520Kb lim: 4096 exec/s: 12170 rss: 559Mb L: 291/4096 MS: 1 EraseBytes-
#8973435	REDUCE cov: 1746 ft: 7969 corp: 1681/520Kb lim: 4096 exec/s: 12159 rss: 559Mb L: 779/4096 MS: 3 InsertByte-ChangeBit-EraseBytes-
#8973576	REDUCE cov: 1746 ft: 7969 corp: 1681/520Kb lim: 4096 exec/s: 12159 rss: 559Mb L: 1021/4096 MS: 1 EraseBytes-
#8982638	REDUCE cov: 1746 ft: 7969 corp: 1681/520Kb lim: 4096 exec/s: 12155 rss: 559Mb L: 21/4096 MS: 1 EraseBytes-
#8988784	REDUCE cov: 1746 ft: 7969 corp: 1681/520Kb lim: 4096 exec/s: 12147 rss: 559Mb L: 3350/4096 MS: 1 EraseBytes-
#8989972	REDUCE cov: 1746 ft: 7969 corp: 1681/520Kb lim: 4096 exec/s: 12148 rss: 559Mb L: 376/4096 MS: 3 ShuffleBytes-InsertByte-EraseBytes-
#8992260	REDUCE cov: 1746 ft: 7969 corp: 1681/520Kb lim: 4096 exec/s: 12151 rss: 559Mb L: 1567/4096 MS: 3 ChangeByte-PersAutoDict-EraseBytes- DE: "\357\277\275# @\357"-
#8993056	REDUCE cov: 1746 ft: 7969 corp: 1681/520Kb lim: 4096 exec/s: 12152 rss: 559Mb L: 373/4096 MS: 1 EraseBytes-
#8993562	REDUCE cov: 1746 ft: 7969 corp: 1681/520Kb lim: 4096 exec/s: 12153 rss: 559Mb L: 1178/4096 MS: 1 EraseBytes-
#8994878	REDUCE cov: 1746 ft: 7969 corp: 1681/520Kb lim: 4096 exec/s: 12155 rss: 559Mb L: 447/4096 MS: 1 EraseBytes-
#9001179	REDUCE cov: 1746 ft: 7969 corp: 1681/520Kb lim: 4096 exec/s: 12147 rss: 559Mb L: 3130/4096 MS: 1 EraseBytes-
#9002160	REDUCE cov: 1746 ft: 7969 corp: 1681/520Kb lim: 4096 exec/s: 12148 rss: 559Mb L: 1891/4096 MS: 1 EraseBytes-
#9003507	REDUCE cov: 1746 ft: 7969 corp: 1681/520Kb lim: 4096 exec/s: 12150 rss: 559Mb L: 3069/4096 MS: 2 ChangeByte-EraseBytes-
#9005640	REDUCE cov: 1746 ft: 7969 corp: 1681/520Kb lim: 4096 exec/s: 12136 rss: 559Mb L: 739/4096 MS: 3 InsertByte-CMP-EraseBytes- DE: "messgae"-
#9010557	REDUCE cov: 1746 ft: 7969 corp: 1681/520Kb lim: 4096 exec/s: 12143 rss: 559Mb L: 1266/4096 MS: 2 CopyPart-EraseBytes-
#9012458	REDUCE cov: 1746 ft: 7969 corp: 1681/520Kb lim: 4096 exec/s: 12129 rss: 559Mb L: 1019/4096 MS: 1 EraseBytes-
#9013324	REDUCE cov: 1746 ft: 7969 corp: 1681/520Kb lim: 4096 exec/s: 12130 rss: 559Mb L: 1120/4096 MS: 1 EraseBytes-
#9014341	REDUCE cov: 1746 ft: 7969 corp: 1681/519Kb lim: 4096 exec/s: 12132 rss: 559Mb L: 268/4096 MS: 2 PersAutoDict-EraseBytes- DE: "\3772"-
#9014592	REDUCE cov: 1746 ft: 7969 corp: 1681/519Kb lim: 4096 exec/s: 12132 rss: 559Mb L: 97/4096 MS: 1 EraseBytes-
#9016744	REDUCE cov: 1746 ft: 7969 corp: 1681/519Kb lim: 4096 exec/s: 12135 rss: 559Mb L: 53/4096 MS: 2 ChangeASCIIInt-EraseBytes-
#9019192	REDUCE cov: 1746 ft: 7969 corp: 1681/519Kb lim: 4096 exec/s: 12138 rss: 559Mb L: 1003/4096 MS: 3 ChangeBit-ChangeASCIIInt-EraseBytes-
#9023745	REDUCE cov: 1746 ft: 7969 corp: 1681/519Kb lim: 4096 exec/s: 12128 rss: 559Mb L: 128/4096 MS: 2 ChangeBit-EraseBytes-
#9025596	REDUCE cov: 1746 ft: 7969 corp: 1681/519Kb lim: 4096 exec/s: 12131 rss: 559Mb L: 289/4096 MS: 1 EraseBytes-
#9029718	REDUCE cov: 1746 ft: 7969 corp: 1681/519Kb lim: 4096 exec/s: 12120 rss: 559Mb L: 362/4096 MS: 2 ChangeASCIIInt-EraseBytes-
#9030092	REDUCE cov: 1746 ft: 7969 corp: 1681/519Kb lim: 4096 exec/s: 12120 rss: 559Mb L: 224/4096 MS: 4 EraseBytes-ChangeByte-ShuffleBytes-CopyPart-
#9031543	REDUCE cov: 1746 ft: 7973 corp: 1682/519Kb lim: 4096 exec/s: 12122 rss: 559Mb L: 18/4096 MS: 1 CopyPart-
#9032060	REDUCE cov: 1746 ft: 7973 corp: 1682/519Kb lim: 4096 exec/s: 12123 rss: 559Mb L: 1769/4096 MS: 2 InsertByte-EraseBytes-
#9032112	REDUCE cov: 1746 ft: 7973 corp: 1682/519Kb lim: 4096 exec/s: 12123 rss: 559Mb L: 7/4096 MS: 2 ChangeByte-EraseBytes-
#9032398	REDUCE cov: 1746 ft: 7973 corp: 1682/519Kb lim: 4096 exec/s: 12124 rss: 559Mb L: 29/4096 MS: 1 EraseBytes-
#9034254	REDUCE cov: 1746 ft: 7973 corp: 1682/519Kb lim: 4096 exec/s: 12126 rss: 559Mb L: 351/4096 MS: 1 EraseBytes-
#9037195	REDUCE cov: 1746 ft: 7973 corp: 1682/519Kb lim: 4096 exec/s: 12114 rss: 559Mb L: 578/4096 MS: 1 EraseBytes-
#9037536	REDUCE cov: 1746 ft: 7973 corp: 1682/519Kb lim: 4096 exec/s: 12114 rss: 559Mb L: 69/4096 MS: 1 EraseBytes-
#9038732	REDUCE cov: 1746 ft: 7973 corp: 1682/519Kb lim: 4096 exec/s: 12116 rss: 559Mb L: 570/4096 MS: 1 EraseBytes-
#9049609	REDUCE cov: 1746 ft: 7973 corp: 1682/519Kb lim: 4096 exec/s: 12114 rss: 559Mb L: 850/4096 MS: 2 CopyPart-EraseBytes-
#9051620	REDUCE cov: 1746 ft: 7973 corp: 1682/519Kb lim: 4096 exec/s: 12101 rss: 559Mb L: 338/4096 MS: 1 EraseBytes-
#9052541	REDUCE cov: 1746 ft: 7973 corp: 1682/519Kb lim: 4096 exec/s: 12102 rss: 559Mb L: 971/4096 MS: 1 EraseBytes-
#9052707	REDUCE cov: 1746 ft: 7973 corp: 1682/519Kb lim: 4096 exec/s: 12102 rss: 559Mb L: 477/4096 MS: 1 EraseBytes-
#9052893	REDUCE cov: 1746 ft: 7973 corp: 1682/519Kb lim: 4096 exec/s: 12102 rss: 559Mb L: 374/4096 MS: 1 EraseBytes-
#9053779	REDUCE cov: 1746 ft: 7973 corp: 1682/519Kb lim: 4096 exec/s: 12103 rss: 559Mb L: 308/4096 MS: 1 EraseBytes-
#9067730	REDUCE cov: 1746 ft: 7973 corp: 1682/519Kb lim: 4096 exec/s: 12090 rss: 559Mb L: 726/4096 MS: 1 EraseBytes-
#9074711	REDUCE cov: 1746 ft: 7973 corp: 1682/519Kb lim: 4096 exec/s: 12099 rss: 559Mb L: 125/4096 MS: 1 EraseBytes-
#9076207	REDUCE cov: 1746 ft: 7973 corp: 1682/519Kb lim: 4096 exec/s: 12085 rss: 559Mb L: 283/4096 MS: 1 EraseBytes-
#9076449	REDUCE cov: 1746 ft: 7973 corp: 1682/519Kb lim: 4096 exec/s: 12085 rss: 559Mb L: 960/4096 MS: 2 ChangeBit-EraseBytes-
#9077835	REDUCE cov: 1746 ft: 7973 corp: 1682/519Kb lim: 4096 exec/s: 12087 rss: 559Mb L: 20/4096 MS: 1 EraseBytes-
#9079846	REDUCE cov: 1746 ft: 7973 corp: 1682/519Kb lim: 4096 exec/s: 12090 rss: 559Mb L: 847/4096 MS: 1 EraseBytes-
#9080207	NEW    cov: 1746 ft: 7977 corp: 1683/521Kb lim: 4096 exec/s: 12090 rss: 559Mb L: 2278/4096 MS: 1 CMP- DE: "messag\357"-
#9080868	REDUCE cov: 1746 ft: 7977 corp: 1683/521Kb lim: 4096 exec/s: 12091 rss: 559Mb L: 177/4096 MS: 1 EraseBytes-
#9081910	REDUCE cov: 1746 ft: 7977 corp: 1683/521Kb lim: 4096 exec/s: 12093 rss: 559Mb L: 23/4096 MS: 2 InsertByte-EraseBytes-
#9084006	REDUCE cov: 1746 ft: 7977 corp: 1683/521Kb lim: 4096 exec/s: 12079 rss: 559Mb L: 240/4096 MS: 1 EraseBytes-
#9084597	REDUCE cov: 1746 ft: 7977 corp: 1683/521Kb lim: 4096 exec/s: 12080 rss: 559Mb L: 2496/4096 MS: 1 EraseBytes-
#9084803	REDUCE cov: 1746 ft: 7977 corp: 1683/521Kb lim: 4096 exec/s: 12080 rss: 559Mb L: 1853/4096 MS: 1 EraseBytes-
#9085208	REDUCE cov: 1746 ft: 7977 corp: 1683/521Kb lim: 4096 exec/s: 12081 rss: 559Mb L: 171/4096 MS: 5 ChangeBinInt-ShuffleBytes-ChangeByte-ChangeASCIIInt-EraseBytes-
#9091354	REDUCE cov: 1746 ft: 7977 corp: 1683/521Kb lim: 4096 exec/s: 12073 rss: 559Mb L: 68/4096 MS: 1 EraseBytes-
#9092340	REDUCE cov: 1746 ft: 7977 corp: 1683/521Kb lim: 4096 exec/s: 12074 rss: 559Mb L: 1014/4096 MS: 1 EraseBytes-
#9096786	REDUCE cov: 1746 ft: 7977 corp: 1683/521Kb lim: 4096 exec/s: 12080 rss: 559Mb L: 1593/4096 MS: 1 EraseBytes-
#9097867	REDUCE cov: 1746 ft: 7977 corp: 1683/521Kb lim: 4096 exec/s: 12082 rss: 559Mb L: 139/4096 MS: 1 EraseBytes-
#9099258	REDUCE cov: 1746 ft: 7977 corp: 1683/521Kb lim: 4096 exec/s: 12067 rss: 559Mb L: 903/4096 MS: 1 EraseBytes-
#9104444	REDUCE cov: 1746 ft: 7977 corp: 1683/521Kb lim: 4096 exec/s: 12074 rss: 559Mb L: 448/4096 MS: 1 EraseBytes-
#9108565	REDUCE cov: 1746 ft: 7977 corp: 1683/521Kb lim: 4096 exec/s: 12064 rss: 559Mb L: 1764/4096 MS: 1 EraseBytes-
#9109506	REDUCE cov: 1746 ft: 7977 corp: 1683/521Kb lim: 4096 exec/s: 12065 rss: 559Mb L: 107/4096 MS: 1 EraseBytes-
#9113647	REDUCE cov: 1746 ft: 7977 corp: 1683/521Kb lim: 4096 exec/s: 12071 rss: 559Mb L: 63/4096 MS: 1 EraseBytes-
#9117608	REDUCE cov: 1746 ft: 7977 corp: 1683/521Kb lim: 4096 exec/s: 12060 rss: 559Mb L: 1058/4096 MS: 1 EraseBytes-
#9120915	REDUCE cov: 1746 ft: 7977 corp: 1683/521Kb lim: 4096 exec/s: 12064 rss: 559Mb L: 71/4096 MS: 2 EraseBytes-CopyPart-
#9121842	REDUCE cov: 1746 ft: 7977 corp: 1683/521Kb lim: 4096 exec/s: 12065 rss: 559Mb L: 1796/4096 MS: 2 ChangeASCIIInt-EraseBytes-
#9132713	REDUCE cov: 1746 ft: 7977 corp: 1683/521Kb lim: 4096 exec/s: 12048 rss: 559Mb L: 28/4096 MS: 1 EraseBytes-
#9134164	REDUCE cov: 1746 ft: 7977 corp: 1683/521Kb lim: 4096 exec/s: 12050 rss: 559Mb L: 708/4096 MS: 1 EraseBytes-
#9134397	REDUCE cov: 1746 ft: 7977 corp: 1683/521Kb lim: 4096 exec/s: 12050 rss: 559Mb L: 12/4096 MS: 3 InsertByte-EraseBytes-CopyPart-
#9137408	REDUCE cov: 1746 ft: 7977 corp: 1683/521Kb lim: 4096 exec/s: 12054 rss: 559Mb L: 3636/4096 MS: 1 EraseBytes-
#9140679	REDUCE cov: 1746 ft: 7977 corp: 1683/521Kb lim: 4096 exec/s: 12043 rss: 559Mb L: 365/4096 MS: 1 EraseBytes-
#9142765	REDUCE cov: 1746 ft: 7977 corp: 1683/521Kb lim: 4096 exec/s: 12045 rss: 559Mb L: 362/4096 MS: 1 EraseBytes-
#9144431	REDUCE cov: 1746 ft: 7977 corp: 1683/521Kb lim: 4096 exec/s: 12047 rss: 561Mb L: 238/4096 MS: 1 EraseBytes-
#9146298	REDUCE cov: 1746 ft: 7977 corp: 1683/521Kb lim: 4096 exec/s: 12050 rss: 561Mb L: 950/4096 MS: 2 ShuffleBytes-EraseBytes-
#9149894	REDUCE cov: 1746 ft: 7977 corp: 1683/521Kb lim: 4096 exec/s: 12039 rss: 561Mb L: 995/4096 MS: 1 EraseBytes-
#9154285	REDUCE cov: 1746 ft: 7977 corp: 1683/521Kb lim: 4096 exec/s: 12045 rss: 561Mb L: 537/4096 MS: 1 EraseBytes-
#9157868	REDUCE cov: 1746 ft: 7977 corp: 1683/521Kb lim: 4096 exec/s: 12033 rss: 561Mb L: 2458/4096 MS: 3 ChangeBit-ChangeASCIIInt-EraseBytes-
#9160269	REDUCE cov: 1746 ft: 7977 corp: 1683/521Kb lim: 4096 exec/s: 12037 rss: 561Mb L: 1293/4096 MS: 1 EraseBytes-
#9161512	REDUCE cov: 1746 ft: 7977 corp: 1683/521Kb lim: 4096 exec/s: 12038 rss: 561Mb L: 1618/4096 MS: 3 ChangeBit-CopyPart-EraseBytes-
#9163091	REDUCE cov: 1746 ft: 7977 corp: 1683/520Kb lim: 4096 exec/s: 12040 rss: 561Mb L: 1573/4096 MS: 4 ChangeBit-ChangeASCIIInt-ChangeBit-EraseBytes-
#9164227	REDUCE cov: 1746 ft: 7977 corp: 1683/520Kb lim: 4096 exec/s: 12042 rss: 561Mb L: 3063/4096 MS: 1 EraseBytes-
#9169908	REDUCE cov: 1746 ft: 7977 corp: 1683/520Kb lim: 4096 exec/s: 12034 rss: 561Mb L: 1826/4096 MS: 1 EraseBytes-
#9170691	REDUCE cov: 1746 ft: 7977 corp: 1683/520Kb lim: 4096 exec/s: 12035 rss: 561Mb L: 773/4096 MS: 3 ChangeByte-ChangeBit-EraseBytes-
#9178863	REDUCE cov: 1746 ft: 7977 corp: 1683/520Kb lim: 4096 exec/s: 12029 rss: 561Mb L: 1036/4096 MS: 2 ChangeASCIIInt-EraseBytes-
#9187974	REDUCE cov: 1746 ft: 7977 corp: 1683/520Kb lim: 4096 exec/s: 12026 rss: 561Mb L: 281/4096 MS: 1 EraseBytes-
#9194762	REDUCE cov: 1746 ft: 7977 corp: 1683/520Kb lim: 4096 exec/s: 12019 rss: 561Mb L: 89/4096 MS: 3 CopyPart-CopyPart-EraseBytes-
#9195754	REDUCE cov: 1746 ft: 7977 corp: 1683/520Kb lim: 4096 exec/s: 12020 rss: 561Mb L: 72/4096 MS: 2 CMP-EraseBytes- DE: "\000\000\001r"-
#9197365	REDUCE cov: 1746 ft: 7977 corp: 1683/520Kb lim: 4096 exec/s: 12022 rss: 561Mb L: 689/4096 MS: 1 EraseBytes-
#9202781	REDUCE cov: 1746 ft: 7977 corp: 1683/520Kb lim: 4096 exec/s: 12014 rss: 561Mb L: 854/4096 MS: 1 EraseBytes-
#9209897	REDUCE cov: 1746 ft: 7977 corp: 1683/520Kb lim: 4096 exec/s: 12007 rss: 561Mb L: 1470/4096 MS: 1 EraseBytes-
#9213243	REDUCE cov: 1746 ft: 7977 corp: 1683/520Kb lim: 4096 exec/s: 12012 rss: 561Mb L: 68/4096 MS: 1 EraseBytes-
#9214464	REDUCE cov: 1746 ft: 7977 corp: 1683/520Kb lim: 4096 exec/s: 12013 rss: 561Mb L: 290/4096 MS: 1 EraseBytes-
#9216155	REDUCE cov: 1746 ft: 7977 corp: 1683/520Kb lim: 4096 exec/s: 12015 rss: 561Mb L: 8/4096 MS: 1 EraseBytes-
#9216846	REDUCE cov: 1746 ft: 7977 corp: 1683/520Kb lim: 4096 exec/s: 12001 rss: 561Mb L: 347/4096 MS: 1 EraseBytes-
#9218287	REDUCE cov: 1746 ft: 7977 corp: 1683/520Kb lim: 4096 exec/s: 12002 rss: 561Mb L: 161/4096 MS: 1 EraseBytes-
#9222329	REDUCE cov: 1746 ft: 7977 corp: 1683/520Kb lim: 4096 exec/s: 12008 rss: 561Mb L: 1268/4096 MS: 2 CopyPart-EraseBytes-
#9224861	REDUCE cov: 1746 ft: 7977 corp: 1683/520Kb lim: 4096 exec/s: 12011 rss: 561Mb L: 839/4096 MS: 2 ChangeByte-EraseBytes-
#9226263	REDUCE cov: 1746 ft: 7977 corp: 1683/520Kb lim: 4096 exec/s: 11997 rss: 561Mb L: 1820/4096 MS: 2 ChangeBinInt-EraseBytes-
#9231555	REDUCE cov: 1746 ft: 7977 corp: 1683/520Kb lim: 4096 exec/s: 12004 rss: 561Mb L: 969/4096 MS: 2 InsertByte-EraseBytes-
#9236586	REDUCE cov: 1746 ft: 7977 corp: 1683/520Kb lim: 4096 exec/s: 11995 rss: 561Mb L: 98/4096 MS: 1 EraseBytes-
#9237632	REDUCE cov: 1746 ft: 7977 corp: 1683/520Kb lim: 4096 exec/s: 11996 rss: 561Mb L: 88/4096 MS: 1 EraseBytes-
#9238594	REDUCE cov: 1746 ft: 7977 corp: 1683/520Kb lim: 4096 exec/s: 11998 rss: 561Mb L: 3060/4096 MS: 2 ChangeByte-EraseBytes-
#9246895	REDUCE cov: 1746 ft: 7977 corp: 1683/520Kb lim: 4096 exec/s: 11993 rss: 561Mb L: 1001/4096 MS: 1 EraseBytes-
#9251921	REDUCE cov: 1746 ft: 7977 corp: 1683/520Kb lim: 4096 exec/s: 11999 rss: 561Mb L: 797/4096 MS: 1 EraseBytes-
#9258387	REDUCE cov: 1746 ft: 7977 corp: 1683/520Kb lim: 4096 exec/s: 11992 rss: 561Mb L: 23/4096 MS: 1 EraseBytes-
#9260249	REDUCE cov: 1746 ft: 7977 corp: 1683/520Kb lim: 4096 exec/s: 11995 rss: 561Mb L: 1169/4096 MS: 2 CopyPart-EraseBytes-
#9261581	REDUCE cov: 1746 ft: 7977 corp: 1683/520Kb lim: 4096 exec/s: 11981 rss: 561Mb L: 336/4096 MS: 2 ChangeBit-EraseBytes-
#9263337	REDUCE cov: 1746 ft: 7977 corp: 1683/520Kb lim: 4096 exec/s: 11983 rss: 561Mb L: 398/4096 MS: 1 EraseBytes-
#9272314	REDUCE cov: 1746 ft: 7977 corp: 1683/520Kb lim: 4096 exec/s: 11979 rss: 561Mb L: 931/4096 MS: 2 ChangeASCIIInt-EraseBytes-
#9276485	REDUCE cov: 1746 ft: 7977 corp: 1683/520Kb lim: 4096 exec/s: 11985 rss: 561Mb L: 505/4096 MS: 1 EraseBytes-
#9279051	REDUCE cov: 1746 ft: 7977 corp: 1683/520Kb lim: 4096 exec/s: 11972 rss: 561Mb L: 2434/4096 MS: 1 EraseBytes-
#9282628	REDUCE cov: 1746 ft: 7977 corp: 1683/520Kb lim: 4096 exec/s: 11977 rss: 561Mb L: 588/4096 MS: 2 CMP-EraseBytes- DE: "# \357\277\275 "-
#9291759	REDUCE cov: 1746 ft: 7977 corp: 1683/520Kb lim: 4096 exec/s: 11973 rss: 561Mb L: 946/4096 MS: 1 EraseBytes-
#9299585	REDUCE cov: 1746 ft: 7977 corp: 1683/520Kb lim: 4096 exec/s: 11968 rss: 561Mb L: 817/4096 MS: 1 EraseBytes-
#9301276	REDUCE cov: 1746 ft: 7977 corp: 1683/520Kb lim: 4096 exec/s: 11970 rss: 561Mb L: 340/4096 MS: 1 EraseBytes-
#9305417	REDUCE cov: 1746 ft: 7977 corp: 1683/520Kb lim: 4096 exec/s: 11960 rss: 561Mb L: 2976/4096 MS: 1 EraseBytes-
#9308838	REDUCE cov: 1746 ft: 7977 corp: 1683/520Kb lim: 4096 exec/s: 11965 rss: 561Mb L: 18/4096 MS: 1 EraseBytes-
#9313519	REDUCE cov: 1746 ft: 7977 corp: 1683/520Kb lim: 4096 exec/s: 11955 rss: 561Mb L: 105/4096 MS: 1 EraseBytes-
#9314057	REDUCE cov: 1746 ft: 7977 corp: 1683/520Kb lim: 4096 exec/s: 11956 rss: 561Mb L: 2939/4096 MS: 3 PersAutoDict-ChangeBit-EraseBytes- DE: "messgae"-
#9314623	NEW    cov: 1746 ft: 7983 corp: 1684/522Kb lim: 4096 exec/s: 11957 rss: 561Mb L: 2278/4096 MS: 1 CMP- DE: "message"-
#9315474	REDUCE cov: 1746 ft: 7983 corp: 1684/522Kb lim: 4096 exec/s: 11958 rss: 561Mb L: 59/4096 MS: 1 EraseBytes-
#9315678	REDUCE cov: 1746 ft: 7983 corp: 1684/522Kb lim: 4096 exec/s: 11958 rss: 561Mb L: 58/4096 MS: 4 ChangeBit-CopyPart-EraseBytes-CopyPart-
#9324689	REDUCE cov: 1746 ft: 7983 corp: 1684/522Kb lim: 4096 exec/s: 11954 rss: 561Mb L: 24/4096 MS: 1 EraseBytes-
#9328440	REDUCE cov: 1746 ft: 7983 corp: 1684/522Kb lim: 4096 exec/s: 11959 rss: 561Mb L: 27/4096 MS: 1 EraseBytes-
#9336126	REDUCE cov: 1746 ft: 7983 corp: 1684/522Kb lim: 4096 exec/s: 11954 rss: 561Mb L: 130/4096 MS: 1 EraseBytes-
#9338082	REDUCE cov: 1746 ft: 7983 corp: 1684/522Kb lim: 4096 exec/s: 11956 rss: 561Mb L: 238/4096 MS: 1 EraseBytes-
#9341673	REDUCE cov: 1746 ft: 7983 corp: 1684/522Kb lim: 4096 exec/s: 11945 rss: 561Mb L: 74/4096 MS: 1 EraseBytes-
#9344053	REDUCE cov: 1746 ft: 7983 corp: 1684/522Kb lim: 4096 exec/s: 11948 rss: 561Mb L: 177/4096 MS: 5 ChangeByte-ChangeByte-InsertByte-ChangeByte-EraseBytes-
#9344239	REDUCE cov: 1746 ft: 7983 corp: 1684/522Kb lim: 4096 exec/s: 11949 rss: 561Mb L: 791/4096 MS: 1 EraseBytes-
#9353140	REDUCE cov: 1746 ft: 7983 corp: 1684/522Kb lim: 4096 exec/s: 11945 rss: 561Mb L: 533/4096 MS: 1 EraseBytes-
#9360451	REDUCE cov: 1746 ft: 7983 corp: 1684/522Kb lim: 4096 exec/s: 11939 rss: 561Mb L: 306/4096 MS: 1 EraseBytes-
#9360497	REDUCE cov: 1746 ft: 7983 corp: 1684/522Kb lim: 4096 exec/s: 11939 rss: 561Mb L: 1780/4096 MS: 1 EraseBytes-
#9362109	REDUCE cov: 1746 ft: 7983 corp: 1684/522Kb lim: 4096 exec/s: 11941 rss: 561Mb L: 65/4096 MS: 2 ChangeASCIIInt-EraseBytes-
#9368190	REDUCE cov: 1746 ft: 7983 corp: 1684/522Kb lim: 4096 exec/s: 11934 rss: 561Mb L: 402/4096 MS: 1 EraseBytes-
#9389827	REDUCE cov: 1746 ft: 7983 corp: 1684/522Kb lim: 4096 exec/s: 11931 rss: 561Mb L: 230/4096 MS: 2 InsertByte-EraseBytes-
#9392064	REDUCE cov: 1746 ft: 7983 corp: 1684/522Kb lim: 4096 exec/s: 11934 rss: 561Mb L: 172/4096 MS: 2 CMP-EraseBytes- DE: "\000\000\000\000\000\000\000\026"-
#9394404	REDUCE cov: 1746 ft: 7983 corp: 1684/522Kb lim: 4096 exec/s: 11921 rss: 561Mb L: 3818/4096 MS: 5 PersAutoDict-ChangeBit-ChangeByte-ChangeBinInt-EraseBytes- DE: "mms  ge"-
#9399670	REDUCE cov: 1746 ft: 7983 corp: 1684/522Kb lim: 4096 exec/s: 11928 rss: 561Mb L: 280/4096 MS: 1 EraseBytes-
#9413831	REDUCE cov: 1746 ft: 7983 corp: 1684/521Kb lim: 4096 exec/s: 11916 rss: 561Mb L: 3454/4096 MS: 1 EraseBytes-
#9414937	REDUCE cov: 1746 ft: 7983 corp: 1684/521Kb lim: 4096 exec/s: 11917 rss: 561Mb L: 104/4096 MS: 1 EraseBytes-
#9418358	REDUCE cov: 1746 ft: 7983 corp: 1684/521Kb lim: 4096 exec/s: 11921 rss: 561Mb L: 25/4096 MS: 1 EraseBytes-
#9426174	REDUCE cov: 1746 ft: 7983 corp: 1684/521Kb lim: 4096 exec/s: 11916 rss: 561Mb L: 472/4096 MS: 1 EraseBytes-
#9429512	REDUCE cov: 1746 ft: 7983 corp: 1684/521Kb lim: 4096 exec/s: 11905 rss: 561Mb L: 690/4096 MS: 3 InsertRepeatedBytes-ChangeASCIIInt-EraseBytes-
#9442379	REDUCE cov: 1746 ft: 7983 corp: 1684/521Kb lim: 4096 exec/s: 11907 rss: 561Mb L: 40/4096 MS: 2 ShuffleBytes-EraseBytes-
#9445200	REDUCE cov: 1746 ft: 7983 corp: 1684/521Kb lim: 4096 exec/s: 11910 rss: 561Mb L: 297/4096 MS: 1 EraseBytes-
#9445511	REDUCE cov: 1746 ft: 7983 corp: 1684/521Kb lim: 4096 exec/s: 11911 rss: 561Mb L: 59/4096 MS: 1 EraseBytes-
#9447992	REDUCE cov: 1746 ft: 7983 corp: 1684/521Kb lim: 4096 exec/s: 11899 rss: 561Mb L: 527/4096 MS: 1 EraseBytes-
#9452151	REDUCE cov: 1746 ft: 7983 corp: 1684/521Kb lim: 4096 exec/s: 11904 rss: 561Mb L: 39/4096 MS: 4 ShuffleBytes-EraseBytes-ChangeBit-CopyPart-
#9455952	REDUCE cov: 1746 ft: 7983 corp: 1684/521Kb lim: 4096 exec/s: 11894 rss: 561Mb L: 471/4096 MS: 1 EraseBytes-
#9466108	REDUCE cov: 1746 ft: 7983 corp: 1684/521Kb lim: 4096 exec/s: 11892 rss: 561Mb L: 69/4096 MS: 1 EraseBytes-
#9466294	REDUCE cov: 1746 ft: 7983 corp: 1684/521Kb lim: 4096 exec/s: 11892 rss: 561Mb L: 1150/4096 MS: 1 EraseBytes-
#9470082	REDUCE cov: 1746 ft: 7983 corp: 1684/521Kb lim: 4096 exec/s: 11897 rss: 561Mb L: 162/4096 MS: 3 PersAutoDict-CrossOver-EraseBytes- DE: "A\357\277\275"-
#9472798	REDUCE cov: 1746 ft: 7983 corp: 1684/521Kb lim: 4096 exec/s: 11885 rss: 561Mb L: 25/4096 MS: 1 EraseBytes-
#9473020	NEW    cov: 1746 ft: 7989 corp: 1685/523Kb lim: 4096 exec/s: 11885 rss: 561Mb L: 2278/4096 MS: 2 ChangeASCIIInt-PersAutoDict- DE: "mcsage"-
#9473972	REDUCE cov: 1746 ft: 7989 corp: 1685/523Kb lim: 4096 exec/s: 11887 rss: 561Mb L: 790/4096 MS: 2 ChangeBit-EraseBytes-
#9476508	REDUCE cov: 1746 ft: 7989 corp: 1685/523Kb lim: 4096 exec/s: 11890 rss: 561Mb L: 2625/4096 MS: 1 EraseBytes-
#9478580	REDUCE cov: 1746 ft: 7989 corp: 1685/523Kb lim: 4096 exec/s: 11892 rss: 561Mb L: 625/4096 MS: 2 ShuffleBytes-EraseBytes-
#9483951	REDUCE cov: 1746 ft: 7989 corp: 1685/523Kb lim: 4096 exec/s: 11884 rss: 561Mb L: 911/4096 MS: 1 EraseBytes-
#9484773	REDUCE cov: 1746 ft: 7989 corp: 1685/523Kb lim: 4096 exec/s: 11885 rss: 561Mb L: 509/4096 MS: 2 ChangeASCIIInt-EraseBytes-
#9494958	REDUCE cov: 1746 ft: 7989 corp: 1685/523Kb lim: 4096 exec/s: 11883 rss: 561Mb L: 946/4096 MS: 5 InsertByte-ChangeBinInt-PersAutoDict-EraseBytes-CopyPart- DE: "\361\377\377\377"-
#9497214	REDUCE cov: 1746 ft: 7989 corp: 1685/523Kb lim: 4096 exec/s: 11886 rss: 561Mb L: 2322/4096 MS: 1 EraseBytes-
#9505025	REDUCE cov: 1746 ft: 7989 corp: 1685/523Kb lim: 4096 exec/s: 11881 rss: 561Mb L: 3278/4096 MS: 1 EraseBytes-
#9507562	REDUCE cov: 1746 ft: 7989 corp: 1685/523Kb lim: 4096 exec/s: 11884 rss: 561Mb L: 1670/4096 MS: 2 ShuffleBytes-EraseBytes-
#9508948	REDUCE cov: 1746 ft: 7989 corp: 1685/523Kb lim: 4096 exec/s: 11871 rss: 561Mb L: 469/4096 MS: 1 EraseBytes-
#9514404	REDUCE cov: 1746 ft: 7989 corp: 1685/523Kb lim: 4096 exec/s: 11878 rss: 561Mb L: 1288/4096 MS: 1 EraseBytes-
#9519456	REDUCE cov: 1746 ft: 7989 corp: 1685/523Kb lim: 4096 exec/s: 11869 rss: 561Mb L: 939/4096 MS: 2 ChangeByte-EraseBytes-
#9519832	REDUCE cov: 1746 ft: 7989 corp: 1685/523Kb lim: 4096 exec/s: 11870 rss: 561Mb L: 1166/4096 MS: 1 EraseBytes-
#9522729	REDUCE cov: 1746 ft: 7989 corp: 1685/523Kb lim: 4096 exec/s: 11873 rss: 561Mb L: 922/4096 MS: 2 InsertByte-EraseBytes-
#9522991	REDUCE cov: 1746 ft: 7989 corp: 1685/523Kb lim: 4096 exec/s: 11874 rss: 561Mb L: 1050/4096 MS: 2 PersAutoDict-EraseBytes- DE: "messag\357"-
#9526342	REDUCE cov: 1746 ft: 7989 corp: 1685/523Kb lim: 4096 exec/s: 11878 rss: 561Mb L: 114/4096 MS: 1 EraseBytes-
#9528663	REDUCE cov: 1746 ft: 7989 corp: 1685/523Kb lim: 4096 exec/s: 11866 rss: 561Mb L: 989/4096 MS: 1 EraseBytes-
#9529351	REDUCE cov: 1746 ft: 7989 corp: 1685/523Kb lim: 4096 exec/s: 11867 rss: 561Mb L: 1025/4096 MS: 3 EraseBytes-ShuffleBytes-CopyPart-
#9530367	REDUCE cov: 1746 ft: 7989 corp: 1685/523Kb lim: 4096 exec/s: 11868 rss: 561Mb L: 927/4096 MS: 1 EraseBytes-
#9533953	REDUCE cov: 1746 ft: 7989 corp: 1685/522Kb lim: 4096 exec/s: 11872 rss: 561Mb L: 113/4096 MS: 1 EraseBytes-
#9534229	REDUCE cov: 1746 ft: 7989 corp: 1685/522Kb lim: 4096 exec/s: 11873 rss: 561Mb L: 458/4096 MS: 1 EraseBytes-
#9557041	REDUCE cov: 1746 ft: 7989 corp: 1685/522Kb lim: 4096 exec/s: 11857 rss: 561Mb L: 768/4096 MS: 2 ShuffleBytes-EraseBytes-
#9560582	REDUCE cov: 1746 ft: 7989 corp: 1685/522Kb lim: 4096 exec/s: 11861 rss: 561Mb L: 94/4096 MS: 1 EraseBytes-
#9569838	REDUCE cov: 1746 ft: 7989 corp: 1685/522Kb lim: 4096 exec/s: 11858 rss: 561Mb L: 92/4096 MS: 1 EraseBytes-
#9571655	REDUCE cov: 1746 ft: 7989 corp: 1685/522Kb lim: 4096 exec/s: 11846 rss: 561Mb L: 972/4096 MS: 2 CopyPart-EraseBytes-
#9585896	REDUCE cov: 1746 ft: 7989 corp: 1685/522Kb lim: 4096 exec/s: 11849 rss: 561Mb L: 367/4096 MS: 1 EraseBytes-
#9586257	REDUCE cov: 1746 ft: 7989 corp: 1685/522Kb lim: 4096 exec/s: 11849 rss: 561Mb L: 1639/4096 MS: 1 EraseBytes-
#9590853	REDUCE cov: 1746 ft: 7989 corp: 1685/522Kb lim: 4096 exec/s: 11840 rss: 561Mb L: 565/4096 MS: 1 EraseBytes-
#9590895	REDUCE cov: 1746 ft: 7989 corp: 1685/522Kb lim: 4096 exec/s: 11840 rss: 561Mb L: 1074/4096 MS: 2 ChangeByte-EraseBytes-
#9604186	REDUCE cov: 1746 ft: 7989 corp: 1685/522Kb lim: 4096 exec/s: 11842 rss: 561Mb L: 17/4096 MS: 1 EraseBytes-
#9605087	REDUCE cov: 1746 ft: 7989 corp: 1685/522Kb lim: 4096 exec/s: 11843 rss: 561Mb L: 77/4096 MS: 1 EraseBytes-
#9607188	REDUCE cov: 1746 ft: 7989 corp: 1685/522Kb lim: 4096 exec/s: 11831 rss: 561Mb L: 90/4096 MS: 1 EraseBytes-
#9614479	REDUCE cov: 1746 ft: 7989 corp: 1685/522Kb lim: 4096 exec/s: 11840 rss: 561Mb L: 900/4096 MS: 1 EraseBytes-
#9616790	REDUCE cov: 1746 ft: 7989 corp: 1685/522Kb lim: 4096 exec/s: 11828 rss: 561Mb L: 3026/4096 MS: 1 EraseBytes-
#9617291	REDUCE cov: 1746 ft: 7989 corp: 1685/522Kb lim: 4096 exec/s: 11829 rss: 561Mb L: 92/4096 MS: 1 EraseBytes-
#9618967	REDUCE cov: 1746 ft: 7989 corp: 1685/522Kb lim: 4096 exec/s: 11831 rss: 561Mb L: 985/4096 MS: 1 EraseBytes-
#9621973	REDUCE cov: 1746 ft: 7989 corp: 1685/522Kb lim: 4096 exec/s: 11835 rss: 561Mb L: 279/4096 MS: 1 EraseBytes-
#9624045	REDUCE cov: 1746 ft: 7989 corp: 1685/522Kb lim: 4096 exec/s: 11837 rss: 561Mb L: 276/4096 MS: 2 ChangeByte-EraseBytes-
#9632111	REDUCE cov: 1746 ft: 7989 corp: 1685/522Kb lim: 4096 exec/s: 11833 rss: 561Mb L: 17/4096 MS: 1 EraseBytes-
#9634073	REDUCE cov: 1746 ft: 7989 corp: 1685/522Kb lim: 4096 exec/s: 11820 rss: 561Mb L: 3025/4096 MS: 2 ShuffleBytes-EraseBytes-
#9638399	REDUCE cov: 1746 ft: 7989 corp: 1685/522Kb lim: 4096 exec/s: 11826 rss: 561Mb L: 1230/4096 MS: 1 EraseBytes-
#9648347	REDUCE cov: 1746 ft: 7989 corp: 1685/522Kb lim: 4096 exec/s: 11823 rss: 561Mb L: 82/4096 MS: 1 EraseBytes-
#9650673	REDUCE cov: 1746 ft: 7989 corp: 1685/522Kb lim: 4096 exec/s: 11826 rss: 561Mb L: 2276/4096 MS: 1 EraseBytes-
#9651984	REDUCE cov: 1746 ft: 7989 corp: 1685/522Kb lim: 4096 exec/s: 11813 rss: 561Mb L: 906/4096 MS: 1 EraseBytes-
#9655235	REDUCE cov: 1746 ft: 7989 corp: 1685/522Kb lim: 4096 exec/s: 11817 rss: 561Mb L: 28/4096 MS: 1 EraseBytes-
#9657221	REDUCE cov: 1746 ft: 7989 corp: 1685/522Kb lim: 4096 exec/s: 11820 rss: 561Mb L: 322/4096 MS: 1 EraseBytes-
#9662457	REDUCE cov: 1746 ft: 7989 corp: 1685/522Kb lim: 4096 exec/s: 11812 rss: 561Mb L: 96/4096 MS: 1 EraseBytes-
#9664203	REDUCE cov: 1746 ft: 7989 corp: 1685/522Kb lim: 4096 exec/s: 11814 rss: 561Mb L: 75/4096 MS: 1 EraseBytes-
#9664795	REDUCE cov: 1746 ft: 7989 corp: 1685/522Kb lim: 4096 exec/s: 11815 rss: 561Mb L: 335/4096 MS: 2 ChangeBit-EraseBytes-
#9665237	REDUCE cov: 1746 ft: 7989 corp: 1685/522Kb lim: 4096 exec/s: 11815 rss: 561Mb L: 752/4096 MS: 2 ChangeBit-EraseBytes-
#9671545	REDUCE cov: 1746 ft: 7989 corp: 1685/522Kb lim: 4096 exec/s: 11808 rss: 561Mb L: 1597/4096 MS: 3 ChangeASCIIInt-ShuffleBytes-EraseBytes-
#9675871	REDUCE cov: 1746 ft: 7989 corp: 1685/522Kb lim: 4096 exec/s: 11814 rss: 561Mb L: 2918/4096 MS: 1 EraseBytes-
#9678595	REDUCE cov: 1746 ft: 7989 corp: 1685/522Kb lim: 4096 exec/s: 11803 rss: 561Mb L: 1583/4096 MS: 4 PersAutoDict-CopyPart-EraseBytes-ChangeByte- DE: "\325\377\377\377"-
#9683096	REDUCE cov: 1746 ft: 7989 corp: 1685/522Kb lim: 4096 exec/s: 11808 rss: 561Mb L: 2432/4096 MS: 1 EraseBytes-
#9683812	REDUCE cov: 1746 ft: 7989 corp: 1685/522Kb lim: 4096 exec/s: 11809 rss: 561Mb L: 58/4096 MS: 1 EraseBytes-
#9696418	REDUCE cov: 1746 ft: 7989 corp: 1685/522Kb lim: 4096 exec/s: 11796 rss: 561Mb L: 1575/4096 MS: 1 EraseBytes-
#9697159	REDUCE cov: 1746 ft: 7989 corp: 1685/522Kb lim: 4096 exec/s: 11797 rss: 561Mb L: 1582/4096 MS: 1 EraseBytes-
#9698556	REDUCE cov: 1746 ft: 7989 corp: 1685/522Kb lim: 4096 exec/s: 11798 rss: 561Mb L: 238/4096 MS: 2 ChangeASCIIInt-EraseBytes-
#9704528	REDUCE cov: 1746 ft: 7989 corp: 1685/522Kb lim: 4096 exec/s: 11791 rss: 561Mb L: 594/4096 MS: 1 EraseBytes-
#9707889	REDUCE cov: 1746 ft: 7989 corp: 1685/522Kb lim: 4096 exec/s: 11795 rss: 561Mb L: 983/4096 MS: 1 EraseBytes-
#9708980	REDUCE cov: 1746 ft: 7989 corp: 1685/522Kb lim: 4096 exec/s: 11797 rss: 561Mb L: 793/4096 MS: 1 EraseBytes-
#9709663	REDUCE cov: 1746 ft: 7989 corp: 1685/522Kb lim: 4096 exec/s: 11797 rss: 561Mb L: 98/4096 MS: 3 ShuffleBytes-ShuffleBytes-EraseBytes-
#9713034	REDUCE cov: 1746 ft: 7989 corp: 1685/521Kb lim: 4096 exec/s: 11801 rss: 561Mb L: 2491/4096 MS: 1 EraseBytes-
#9714030	REDUCE cov: 1746 ft: 7989 corp: 1685/521Kb lim: 4096 exec/s: 11788 rss: 561Mb L: 1114/4096 MS: 1 EraseBytes-
#9725537	REDUCE cov: 1746 ft: 7989 corp: 1685/521Kb lim: 4096 exec/s: 11788 rss: 561Mb L: 62/4096 MS: 2 ChangeByte-EraseBytes-
#9730468	REDUCE cov: 1746 ft: 7989 corp: 1685/521Kb lim: 4096 exec/s: 11794 rss: 561Mb L: 65/4096 MS: 1 EraseBytes-
#9731732	NEW    cov: 1746 ft: 7990 corp: 1686/522Kb lim: 4096 exec/s: 11796 rss: 561Mb L: 650/4096 MS: 4 ChangeASCIIInt-PersAutoDict-PersAutoDict-InsertByte- DE: " \377\377\377\377\377\377\377"-" \377\377\377\377\377\377\377"-
#9733660	REDUCE cov: 1746 ft: 7990 corp: 1686/522Kb lim: 4096 exec/s: 11784 rss: 561Mb L: 957/4096 MS: 3 ChangeBinInt-InsertRepeatedBytes-EraseBytes-
#9734391	REDUCE cov: 1746 ft: 7990 corp: 1686/522Kb lim: 4096 exec/s: 11784 rss: 561Mb L: 1110/4096 MS: 1 EraseBytes-
#9737579	REDUCE cov: 1746 ft: 7991 corp: 1687/523Kb lim: 4096 exec/s: 11788 rss: 561Mb L: 1533/4096 MS: 3 CopyPart-CopyPart-CopyPart-
#9740675	REDUCE cov: 1746 ft: 7991 corp: 1687/523Kb lim: 4096 exec/s: 11778 rss: 561Mb L: 30/4096 MS: 1 EraseBytes-
#9743641	REDUCE cov: 1746 ft: 7991 corp: 1687/523Kb lim: 4096 exec/s: 11781 rss: 561Mb L: 1138/4096 MS: 1 EraseBytes-
#9744037	REDUCE cov: 1746 ft: 7991 corp: 1687/523Kb lim: 4096 exec/s: 11782 rss: 561Mb L: 16/4096 MS: 1 EraseBytes-
#9750719	REDUCE cov: 1746 ft: 7991 corp: 1687/523Kb lim: 4096 exec/s: 11776 rss: 561Mb L: 50/4096 MS: 2 ChangeBit-EraseBytes-
#9751091	REDUCE cov: 1746 ft: 7991 corp: 1687/523Kb lim: 4096 exec/s: 11776 rss: 561Mb L: 271/4096 MS: 2 ChangeBit-EraseBytes-
#9752710	REDUCE cov: 1746 ft: 7991 corp: 1687/523Kb lim: 4096 exec/s: 11778 rss: 561Mb L: 542/4096 MS: 4 ChangeByte-ChangeByte-ChangeASCIIInt-EraseBytes-
#9756260	REDUCE cov: 1746 ft: 7991 corp: 1687/523Kb lim: 4096 exec/s: 11782 rss: 561Mb L: 903/4096 MS: 5 ChangeASCIIInt-ShuffleBytes-CopyPart-InsertRepeatedBytes-EraseBytes-
#9758371	REDUCE cov: 1746 ft: 7991 corp: 1687/523Kb lim: 4096 exec/s: 11771 rss: 561Mb L: 867/4096 MS: 1 EraseBytes-
#9776893	REDUCE cov: 1746 ft: 7991 corp: 1687/523Kb lim: 4096 exec/s: 11765 rss: 561Mb L: 900/4096 MS: 2 ShuffleBytes-EraseBytes-
#9779894	REDUCE cov: 1746 ft: 7991 corp: 1687/523Kb lim: 4096 exec/s: 11768 rss: 561Mb L: 16/4096 MS: 1 EraseBytes-
#9791165	REDUCE cov: 1746 ft: 7991 corp: 1687/523Kb lim: 4096 exec/s: 11768 rss: 561Mb L: 291/4096 MS: 1 EraseBytes-
#9791256	REDUCE cov: 1746 ft: 7991 corp: 1687/523Kb lim: 4096 exec/s: 11768 rss: 561Mb L: 964/4096 MS: 1 EraseBytes-
#9793919	REDUCE cov: 1746 ft: 7991 corp: 1687/523Kb lim: 4096 exec/s: 11757 rss: 561Mb L: 174/4096 MS: 3 EraseBytes-ChangeASCIIInt-CopyPart-
#9796902	REDUCE cov: 1746 ft: 7991 corp: 1687/523Kb lim: 4096 exec/s: 11760 rss: 561Mb L: 934/4096 MS: 3 ChangeASCIIInt-ChangeBit-EraseBytes-
#9796908	REDUCE cov: 1746 ft: 7991 corp: 1687/523Kb lim: 4096 exec/s: 11760 rss: 561Mb L: 87/4096 MS: 1 EraseBytes-
#9797090	REDUCE cov: 1746 ft: 7991 corp: 1687/523Kb lim: 4096 exec/s: 11761 rss: 561Mb L: 959/4096 MS: 2 ShuffleBytes-EraseBytes-
#9797291	REDUCE cov: 1746 ft: 7991 corp: 1687/523Kb lim: 4096 exec/s: 11761 rss: 561Mb L: 2595/4096 MS: 1 EraseBytes-
#9800017	REDUCE cov: 1746 ft: 7991 corp: 1687/523Kb lim: 4096 exec/s: 11764 rss: 561Mb L: 56/4096 MS: 1 EraseBytes-
#9801363	REDUCE cov: 1746 ft: 7991 corp: 1687/523Kb lim: 4096 exec/s: 11766 rss: 561Mb L: 84/4096 MS: 1 EraseBytes-
#9807240	REDUCE cov: 1746 ft: 7991 corp: 1687/523Kb lim: 4096 exec/s: 11759 rss: 561Mb L: 70/4096 MS: 1 EraseBytes-
#9825896	REDUCE cov: 1746 ft: 7991 corp: 1687/523Kb lim: 4096 exec/s: 11753 rss: 561Mb L: 127/4096 MS: 1 EraseBytes-
#9827972	REDUCE cov: 1746 ft: 7991 corp: 1687/523Kb lim: 4096 exec/s: 11755 rss: 561Mb L: 55/4096 MS: 1 EraseBytes-
#9831768	REDUCE cov: 1746 ft: 7991 corp: 1687/523Kb lim: 4096 exec/s: 11746 rss: 561Mb L: 871/4096 MS: 1 EraseBytes-
#9836679	REDUCE cov: 1746 ft: 7991 corp: 1687/523Kb lim: 4096 exec/s: 11752 rss: 561Mb L: 32/4096 MS: 1 EraseBytes-
#9846215	REDUCE cov: 1746 ft: 7991 corp: 1687/523Kb lim: 4096 exec/s: 11749 rss: 561Mb L: 292/4096 MS: 1 EraseBytes-
#9846637	REDUCE cov: 1746 ft: 7991 corp: 1687/523Kb lim: 4096 exec/s: 11750 rss: 561Mb L: 46/4096 MS: 2 ChangeASCIIInt-EraseBytes-
#9846889	REDUCE cov: 1746 ft: 7991 corp: 1687/523Kb lim: 4096 exec/s: 11736 rss: 561Mb L: 846/4096 MS: 2 CopyPart-EraseBytes-
#9849063	REDUCE cov: 1746 ft: 7991 corp: 1687/523Kb lim: 4096 exec/s: 11739 rss: 561Mb L: 231/4096 MS: 3 EraseBytes-CopyPart-InsertRepeatedBytes-
#9850594	REDUCE cov: 1746 ft: 7991 corp: 1687/522Kb lim: 4096 exec/s: 11740 rss: 561Mb L: 3452/4096 MS: 1 EraseBytes-
#9856435	REDUCE cov: 1746 ft: 7991 corp: 1687/522Kb lim: 4096 exec/s: 11733 rss: 561Mb L: 915/4096 MS: 1 EraseBytes-
#9859941	REDUCE cov: 1746 ft: 7991 corp: 1687/522Kb lim: 4096 exec/s: 11738 rss: 561Mb L: 335/4096 MS: 1 EraseBytes-
#9860022	REDUCE cov: 1746 ft: 7991 corp: 1687/522Kb lim: 4096 exec/s: 11738 rss: 561Mb L: 236/4096 MS: 1 EraseBytes-
#9869293	REDUCE cov: 1746 ft: 7991 corp: 1687/522Kb lim: 4096 exec/s: 11735 rss: 561Mb L: 288/4096 MS: 1 EraseBytes-
#9872654	REDUCE cov: 1746 ft: 7991 corp: 1687/522Kb lim: 4096 exec/s: 11739 rss: 561Mb L: 2990/4096 MS: 1 EraseBytes-
#9875460	REDUCE cov: 1746 ft: 7991 corp: 1687/522Kb lim: 4096 exec/s: 11728 rss: 561Mb L: 286/4096 MS: 1 EraseBytes-
#9878586	REDUCE cov: 1746 ft: 7991 corp: 1687/522Kb lim: 4096 exec/s: 11732 rss: 561Mb L: 18/4096 MS: 1 EraseBytes-
#9879157	REDUCE cov: 1746 ft: 7991 corp: 1687/522Kb lim: 4096 exec/s: 11732 rss: 561Mb L: 83/4096 MS: 1 EraseBytes-
#9881303	REDUCE cov: 1746 ft: 7991 corp: 1687/522Kb lim: 4096 exec/s: 11735 rss: 561Mb L: 102/4096 MS: 1 EraseBytes-
#9883009	REDUCE cov: 1746 ft: 7991 corp: 1687/522Kb lim: 4096 exec/s: 11723 rss: 561Mb L: 284/4096 MS: 1 EraseBytes-
#9890707	REDUCE cov: 1746 ft: 7991 corp: 1687/522Kb lim: 4096 exec/s: 11732 rss: 561Mb L: 277/4096 MS: 1 EraseBytes-
#9896934	REDUCE cov: 1746 ft: 7991 corp: 1687/522Kb lim: 4096 exec/s: 11726 rss: 561Mb L: 159/4096 MS: 1 EraseBytes-
#9897310	REDUCE cov: 1746 ft: 7991 corp: 1687/522Kb lim: 4096 exec/s: 11726 rss: 561Mb L: 333/4096 MS: 1 EraseBytes-
#9899348	REDUCE cov: 1746 ft: 7991 corp: 1687/522Kb lim: 4096 exec/s: 11729 rss: 561Mb L: 66/4096 MS: 3 ChangeBit-PersAutoDict-EraseBytes- DE: "\377\377\377\377"-
#9903814	REDUCE cov: 1746 ft: 7991 corp: 1687/522Kb lim: 4096 exec/s: 11720 rss: 561Mb L: 71/4096 MS: 1 EraseBytes-
#9905750	REDUCE cov: 1746 ft: 7991 corp: 1687/522Kb lim: 4096 exec/s: 11722 rss: 561Mb L: 1581/4096 MS: 1 EraseBytes-

thread '<unnamed>' (1786214) panicked at fuzz_targets/codec_encoders.rs:104:13:
assertion `left == right` failed: problem status must be the declared one
  left: Object {}
 right: 422
note: run with `RUST_BACKTRACE=1` environment variable to display a backtrace
==1786214== ERROR: libFuzzer: deadly signal
    #0 0x5bb3d242f821  (/home/ther12k/Workspace/Learning/velqu/fuzz/target/x86_64-unknown-linux-gnu/release/codec_encoders+0x4d2821) (BuildId: ffbab5315636f10f79c36e1592fe877e09efe821)
    #1 0x5bb3d289ba5d  (/home/ther12k/Workspace/Learning/velqu/fuzz/target/x86_64-unknown-linux-gnu/release/codec_encoders+0x93ea5d) (BuildId: ffbab5315636f10f79c36e1592fe877e09efe821)
    #2 0x5bb3d28c4d99  (/home/ther12k/Workspace/Learning/velqu/fuzz/target/x86_64-unknown-linux-gnu/release/codec_encoders+0x967d99) (BuildId: ffbab5315636f10f79c36e1592fe877e09efe821)
    #3 0x7614a164532f  (/lib/x86_64-linux-gnu/libc.so.6+0x4532f) (BuildId: a4a7992a8e66555c8141ab2a08a8465ff6e0ea65)
    #4 0x7614a169ec0b  (/lib/x86_64-linux-gnu/libc.so.6+0x9ec0b) (BuildId: a4a7992a8e66555c8141ab2a08a8465ff6e0ea65)
    #5 0x7614a164527d  (/lib/x86_64-linux-gnu/libc.so.6+0x4527d) (BuildId: a4a7992a8e66555c8141ab2a08a8465ff6e0ea65)
    #6 0x7614a16288fe  (/lib/x86_64-linux-gnu/libc.so.6+0x288fe) (BuildId: a4a7992a8e66555c8141ab2a08a8465ff6e0ea65)
    #7 0x5bb3d28f8469  (/home/ther12k/Workspace/Learning/velqu/fuzz/target/x86_64-unknown-linux-gnu/release/codec_encoders+0x99b469) (BuildId: ffbab5315636f10f79c36e1592fe877e09efe821)
    #8 0x5bb3d28f5738  (/home/ther12k/Workspace/Learning/velqu/fuzz/target/x86_64-unknown-linux-gnu/release/codec_encoders+0x998738) (BuildId: ffbab5315636f10f79c36e1592fe877e09efe821)
    #9 0x5bb3d2877ac4  (/home/ther12k/Workspace/Learning/velqu/fuzz/target/x86_64-unknown-linux-gnu/release/codec_encoders+0x91aac4) (BuildId: ffbab5315636f10f79c36e1592fe877e09efe821)
    #10 0x5bb3d28f59c1  (/home/ther12k/Workspace/Learning/velqu/fuzz/target/x86_64-unknown-linux-gnu/release/codec_encoders+0x9989c1) (BuildId: ffbab5315636f10f79c36e1592fe877e09efe821)
    #11 0x5bb3d28e3051  (/home/ther12k/Workspace/Learning/velqu/fuzz/target/x86_64-unknown-linux-gnu/release/codec_encoders+0x986051) (BuildId: ffbab5315636f10f79c36e1592fe877e09efe821)
    #12 0x5bb3d28dbf28  (/home/ther12k/Workspace/Learning/velqu/fuzz/target/x86_64-unknown-linux-gnu/release/codec_encoders+0x97ef28) (BuildId: ffbab5315636f10f79c36e1592fe877e09efe821)
    #13 0x5bb3d28e3b1c  (/home/ther12k/Workspace/Learning/velqu/fuzz/target/x86_64-unknown-linux-gnu/release/codec_encoders+0x986b1c) (BuildId: ffbab5315636f10f79c36e1592fe877e09efe821)
    #14 0x5bb3d290e7db  (/home/ther12k/Workspace/Learning/velqu/fuzz/target/x86_64-unknown-linux-gnu/release/codec_encoders+0x9b17db) (BuildId: ffbab5315636f10f79c36e1592fe877e09efe821)
    #15 0x5bb3d290e6d2  (/home/ther12k/Workspace/Learning/velqu/fuzz/target/x86_64-unknown-linux-gnu/release/codec_encoders+0x9b16d2) (BuildId: ffbab5315636f10f79c36e1592fe877e09efe821)
    #16 0x5bb3d24603ac  (/home/ther12k/Workspace/Learning/velqu/fuzz/target/x86_64-unknown-linux-gnu/release/codec_encoders+0x5033ac) (BuildId: ffbab5315636f10f79c36e1592fe877e09efe821)
    #17 0x5bb3d247b9e7  (/home/ther12k/Workspace/Learning/velqu/fuzz/target/x86_64-unknown-linux-gnu/release/codec_encoders+0x51e9e7) (BuildId: ffbab5315636f10f79c36e1592fe877e09efe821)
    #18 0x5bb3d2482675  (/home/ther12k/Workspace/Learning/velqu/fuzz/target/x86_64-unknown-linux-gnu/release/codec_encoders+0x525675) (BuildId: ffbab5315636f10f79c36e1592fe877e09efe821)
    #19 0x5bb3d2877654  (/home/ther12k/Workspace/Learning/velqu/fuzz/target/x86_64-unknown-linux-gnu/release/codec_encoders+0x91a654) (BuildId: ffbab5315636f10f79c36e1592fe877e09efe821)
    #20 0x5bb3d2878298  (/home/ther12k/Workspace/Learning/velqu/fuzz/target/x86_64-unknown-linux-gnu/release/codec_encoders+0x91b298) (BuildId: ffbab5315636f10f79c36e1592fe877e09efe821)
    #21 0x5bb3d2876d4d  (/home/ther12k/Workspace/Learning/velqu/fuzz/target/x86_64-unknown-linux-gnu/release/codec_encoders+0x919d4d) (BuildId: ffbab5315636f10f79c36e1592fe877e09efe821)
    #22 0x5bb3d28c52f8  (/home/ther12k/Workspace/Learning/velqu/fuzz/target/x86_64-unknown-linux-gnu/release/codec_encoders+0x9682f8) (BuildId: ffbab5315636f10f79c36e1592fe877e09efe821)
    #23 0x5bb3d28cbdb9  (/home/ther12k/Workspace/Learning/velqu/fuzz/target/x86_64-unknown-linux-gnu/release/codec_encoders+0x96edb9) (BuildId: ffbab5315636f10f79c36e1592fe877e09efe821)
    #24 0x5bb3d28cceca  (/home/ther12k/Workspace/Learning/velqu/fuzz/target/x86_64-unknown-linux-gnu/release/codec_encoders+0x96feca) (BuildId: ffbab5315636f10f79c36e1592fe877e09efe821)
    #25 0x5bb3d28cde37  (/home/ther12k/Workspace/Learning/velqu/fuzz/target/x86_64-unknown-linux-gnu/release/codec_encoders+0x970e37) (BuildId: ffbab5315636f10f79c36e1592fe877e09efe821)
    #26 0x5bb3d288ae57  (/home/ther12k/Workspace/Learning/velqu/fuzz/target/x86_64-unknown-linux-gnu/release/codec_encoders+0x92de57) (BuildId: ffbab5315636f10f79c36e1592fe877e09efe821)
    #27 0x5bb3d28782c6  (/home/ther12k/Workspace/Learning/velqu/fuzz/target/x86_64-unknown-linux-gnu/release/codec_encoders+0x91b2c6) (BuildId: ffbab5315636f10f79c36e1592fe877e09efe821)
    #28 0x7614a162a1c9  (/lib/x86_64-linux-gnu/libc.so.6+0x2a1c9) (BuildId: a4a7992a8e66555c8141ab2a08a8465ff6e0ea65)
    #29 0x7614a162a28a  (/lib/x86_64-linux-gnu/libc.so.6+0x2a28a) (BuildId: a4a7992a8e66555c8141ab2a08a8465ff6e0ea65)
    #30 0x5bb3d23903c4  (/home/ther12k/Workspace/Learning/velqu/fuzz/target/x86_64-unknown-linux-gnu/release/codec_encoders+0x4333c4) (BuildId: ffbab5315636f10f79c36e1592fe877e09efe821)

NOTE: libFuzzer has rudimentary signal handlers.
      Combine libFuzzer with AddressSanitizer or similar for better crash reports.
SUMMARY: libFuzzer: deadly signal
MS: 1 PersAutoDict- DE: "status"-; base unit: 43d3b047547cdcb7f153adca1443179e70f3e572
0x7b,0x22,0xff,0x22,0x3a,0x20,0x30,0x2c,0x20,0x22,0x73,0x74,0x61,0x74,0x75,0x73,0x22,0x3a,0x7b,0x7d,0x7d,
{\"\377\": 0, \"status\":{}}
artifact_prefix='/home/ther12k/Workspace/Learning/velqu/fuzz/artifacts/codec_encoders/'; Test unit written to /home/ther12k/Workspace/Learning/velqu/fuzz/artifacts/codec_encoders/crash-d370c25c69550dca3034052889f73fd2560a5a9e
Base64: eyL/IjogMCwgInN0YXR1cyI6e319
stat::number_of_executed_units: 9908416
stat::average_exec_per_sec:     11712
stat::new_units_added:          3916
stat::slowest_unit_time_sec:    0
stat::peak_rss_mb:              561

────────────────────────────────────────────────────────────────────────────────

Failing input:

	fuzz/artifacts/codec_encoders/crash-d370c25c69550dca3034052889f73fd2560a5a9e

Output of `std::fmt::Debug`:

	[123, 34, 255, 34, 58, 32, 48, 44, 32, 34, 115, 116, 97, 116, 117, 115, 34, 58, 123, 125, 125]

Reproduce with:

	cargo fuzz run codec_encoders fuzz/artifacts/codec_encoders/crash-d370c25c69550dca3034052889f73fd2560a5a9e

Minimize test case with:

	cargo fuzz tmin codec_encoders fuzz/artifacts/codec_encoders/crash-d370c25c69550dca3034052889f73fd2560a5a9e

────────────────────────────────────────────────────────────────────────────────

Error: Fuzz target exited with exit status: 77
