warning: binary `bridge_handles` should have a kebab-case name
   |
 1 | /home/ther12k/Workspace/Learning/velqu-worktrees/rc1-qual-a/fuzz/target/.../bridge_handles
   |                                                                             ^^^^^^^^^^^^^^
   |
   = note: `cargo::non_kebab_case_bins` is set to `warn` by default
help: to change the binary name to `bridge-handles`, convert `bin.name`
  --> Cargo.toml:60:8
   |
60 - name = "bridge_handles"
60 + name = "bridge-handles"
   |
warning: binary `capabilities_policy` should have a kebab-case name
   |
 1 | /home/ther12k/Workspace/Learning/velqu-worktrees/rc1-qual-a/fuzz/target/.../capabilities_policy
   |                                                                             ^^^^^^^^^^^^^^^^^^^
   |
help: to change the binary name to `capabilities-policy`, convert `bin.name`
  --> Cargo.toml:74:8
   |
74 - name = "capabilities_policy"
74 + name = "capabilities-policy"
   |
warning: binary `codec_encoders` should have a kebab-case name
   |
 1 | /home/ther12k/Workspace/Learning/velqu-worktrees/rc1-qual-a/fuzz/target/.../codec_encoders
   |                                                                             ^^^^^^^^^^^^^^
   |
help: to change the binary name to `codec-encoders`, convert `bin.name`
  --> Cargo.toml:67:8
   |
67 - name = "codec_encoders"
67 + name = "codec-encoders"
   |
warning: binary `http_decode` should have a kebab-case name
   |
 1 | /home/ther12k/Workspace/Learning/velqu-worktrees/rc1-qual-a/fuzz/target/.../http_decode
   |                                                                             ^^^^^^^^^^^
   |
help: to change the binary name to `http-decode`, convert `bin.name`
  --> Cargo.toml:46:8
   |
46 - name = "http_decode"
46 + name = "http-decode"
   |
warning: binary `pack_verify` should have a kebab-case name
   |
 1 | /home/ther12k/Workspace/Learning/velqu-worktrees/rc1-qual-a/fuzz/target/.../pack_verify
   |                                                                             ^^^^^^^^^^^
   |
help: to change the binary name to `pack-verify`, convert `bin.name`
  --> Cargo.toml:32:8
   |
32 - name = "pack_verify"
32 + name = "pack-verify"
   |
warning: binary `router_match` should have a kebab-case name
   |
 1 | /home/ther12k/Workspace/Learning/velqu-worktrees/rc1-qual-a/fuzz/target/.../router_match
   |                                                                             ^^^^^^^^^^^^
   |
help: to change the binary name to `router-match`, convert `bin.name`
  --> Cargo.toml:39:8
   |
39 - name = "router_match"
39 + name = "router-match"
   |
warning: binary `schema_validate` should have a kebab-case name
   |
 1 | /home/ther12k/Workspace/Learning/velqu-worktrees/rc1-qual-a/fuzz/target/.../schema_validate
   |                                                                             ^^^^^^^^^^^^^^^
   |
help: to change the binary name to `schema-validate`, convert `bin.name`
  --> Cargo.toml:53:8
   |
53 - name = "schema_validate"
53 + name = "schema-validate"
   |
warning: `velqu-runtime-fuzz` (manifest) generated 7 warnings
warning: use of deprecated method `std::sync::atomic::Atomic::<u64>::fetch_update`: renamed to `try_update` for consistency
  --> /home/ther12k/Workspace/Learning/velqu-worktrees/rc1-qual-a/crates/q-capabilities/src/drain.rs:77:18
   |
77 |                 .fetch_update(Ordering::Relaxed, Ordering::Relaxed, |v| v.checked_add(1));
   |                  ^^^^^^^^^^^^
   |
   = note: `#[warn(deprecated)]` on by default
help: replace the use of the deprecated method
   |
77 -                 .fetch_update(Ordering::Relaxed, Ordering::Relaxed, |v| v.checked_add(1));
77 +                 .try_update(Ordering::Relaxed, Ordering::Relaxed, |v| v.checked_add(1));
   |

warning: use of deprecated method `std::sync::atomic::Atomic::<u64>::fetch_update`: renamed to `try_update` for consistency
   --> /home/ther12k/Workspace/Learning/velqu-worktrees/rc1-qual-a/crates/q-capabilities/src/load_shed.rs:199:14
    |
199 |             .fetch_update(Ordering::Relaxed, Ordering::Relaxed, |v| v.checked_add(1))
    |              ^^^^^^^^^^^^
    |
help: replace the use of the deprecated method
    |
199 -             .fetch_update(Ordering::Relaxed, Ordering::Relaxed, |v| v.checked_add(1))
199 +             .try_update(Ordering::Relaxed, Ordering::Relaxed, |v| v.checked_add(1))
    |

warning: `q-capabilities` (lib) generated 2 warnings (run `cargo fix --lib -p q-capabilities` to apply 2 suggestions)
warning: unused import: `TrustMode`
  --> fuzz_targets/capabilities_policy.rs:16:5
   |
16 |     TrustMode,
   |     ^^^^^^^^^
   |
   = note: `#[warn(unused_imports)]` (part of `#[warn(unused)]`) on by default

warning: `velqu-runtime-fuzz` (bin "capabilities_policy") generated 1 warning (run `cargo fix --bin "capabilities_policy" -p velqu-runtime-fuzz` to apply 1 suggestion)
    Finished `release` profile [optimized + debuginfo] target(s) in 0.05s
warning: binary `bridge_handles` should have a kebab-case name
   |
 1 | /home/ther12k/Workspace/Learning/velqu-worktrees/rc1-qual-a/fuzz/target/.../bridge_handles
   |                                                                             ^^^^^^^^^^^^^^
   |
   = note: `cargo::non_kebab_case_bins` is set to `warn` by default
help: to change the binary name to `bridge-handles`, convert `bin.name`
  --> Cargo.toml:60:8
   |
60 - name = "bridge_handles"
60 + name = "bridge-handles"
   |
warning: binary `capabilities_policy` should have a kebab-case name
   |
 1 | /home/ther12k/Workspace/Learning/velqu-worktrees/rc1-qual-a/fuzz/target/.../capabilities_policy
   |                                                                             ^^^^^^^^^^^^^^^^^^^
   |
help: to change the binary name to `capabilities-policy`, convert `bin.name`
  --> Cargo.toml:74:8
   |
74 - name = "capabilities_policy"
74 + name = "capabilities-policy"
   |
warning: binary `codec_encoders` should have a kebab-case name
   |
 1 | /home/ther12k/Workspace/Learning/velqu-worktrees/rc1-qual-a/fuzz/target/.../codec_encoders
   |                                                                             ^^^^^^^^^^^^^^
   |
help: to change the binary name to `codec-encoders`, convert `bin.name`
  --> Cargo.toml:67:8
   |
67 - name = "codec_encoders"
67 + name = "codec-encoders"
   |
warning: binary `http_decode` should have a kebab-case name
   |
 1 | /home/ther12k/Workspace/Learning/velqu-worktrees/rc1-qual-a/fuzz/target/.../http_decode
   |                                                                             ^^^^^^^^^^^
   |
help: to change the binary name to `http-decode`, convert `bin.name`
  --> Cargo.toml:46:8
   |
46 - name = "http_decode"
46 + name = "http-decode"
   |
warning: binary `pack_verify` should have a kebab-case name
   |
 1 | /home/ther12k/Workspace/Learning/velqu-worktrees/rc1-qual-a/fuzz/target/.../pack_verify
   |                                                                             ^^^^^^^^^^^
   |
help: to change the binary name to `pack-verify`, convert `bin.name`
  --> Cargo.toml:32:8
   |
32 - name = "pack_verify"
32 + name = "pack-verify"
   |
warning: binary `router_match` should have a kebab-case name
   |
 1 | /home/ther12k/Workspace/Learning/velqu-worktrees/rc1-qual-a/fuzz/target/.../router_match
   |                                                                             ^^^^^^^^^^^^
   |
help: to change the binary name to `router-match`, convert `bin.name`
  --> Cargo.toml:39:8
   |
39 - name = "router_match"
39 + name = "router-match"
   |
warning: binary `schema_validate` should have a kebab-case name
   |
 1 | /home/ther12k/Workspace/Learning/velqu-worktrees/rc1-qual-a/fuzz/target/.../schema_validate
   |                                                                             ^^^^^^^^^^^^^^^
   |
help: to change the binary name to `schema-validate`, convert `bin.name`
  --> Cargo.toml:53:8
   |
53 - name = "schema_validate"
53 + name = "schema-validate"
   |
warning: `velqu-runtime-fuzz` (manifest) generated 7 warnings
warning: use of deprecated method `std::sync::atomic::Atomic::<u64>::fetch_update`: renamed to `try_update` for consistency
  --> /home/ther12k/Workspace/Learning/velqu-worktrees/rc1-qual-a/crates/q-capabilities/src/drain.rs:77:18
   |
77 |                 .fetch_update(Ordering::Relaxed, Ordering::Relaxed, |v| v.checked_add(1));
   |                  ^^^^^^^^^^^^
   |
   = note: `#[warn(deprecated)]` on by default
help: replace the use of the deprecated method
   |
77 -                 .fetch_update(Ordering::Relaxed, Ordering::Relaxed, |v| v.checked_add(1));
77 +                 .try_update(Ordering::Relaxed, Ordering::Relaxed, |v| v.checked_add(1));
   |

warning: use of deprecated method `std::sync::atomic::Atomic::<u64>::fetch_update`: renamed to `try_update` for consistency
   --> /home/ther12k/Workspace/Learning/velqu-worktrees/rc1-qual-a/crates/q-capabilities/src/load_shed.rs:199:14
    |
199 |             .fetch_update(Ordering::Relaxed, Ordering::Relaxed, |v| v.checked_add(1))
    |              ^^^^^^^^^^^^
    |
help: replace the use of the deprecated method
    |
199 -             .fetch_update(Ordering::Relaxed, Ordering::Relaxed, |v| v.checked_add(1))
199 +             .try_update(Ordering::Relaxed, Ordering::Relaxed, |v| v.checked_add(1))
    |

warning: `q-capabilities` (lib) generated 2 warnings (run `cargo fix --lib -p q-capabilities` to apply 2 suggestions)
warning: unused import: `TrustMode`
  --> fuzz_targets/capabilities_policy.rs:16:5
   |
16 |     TrustMode,
   |     ^^^^^^^^^
   |
   = note: `#[warn(unused_imports)]` (part of `#[warn(unused)]`) on by default

warning: `velqu-runtime-fuzz` (bin "capabilities_policy") generated 1 warning (run `cargo fix --bin "capabilities_policy" -p velqu-runtime-fuzz` to apply 1 suggestion)
    Finished `release` profile [optimized + debuginfo] target(s) in 0.04s
     Running `fuzz/target/x86_64-unknown-linux-gnu/release/capabilities_policy -artifact_prefix=/home/ther12k/Workspace/Learning/velqu-worktrees/rc1-qual-a/fuzz/artifacts/capabilities_policy/ -max_total_time=900 -rss_limit_mb=4096 -seed=1790971405 -print_final_stats=1 /home/ther12k/Workspace/Learning/velqu-worktrees/rc1-qual-a/fuzz/corpus/capabilities_policy`
INFO: Running with entropic power schedule (0xFF, 100).
INFO: Seed: 1790971405
INFO: Loaded 1 modules   (5371 inline 8-bit counters): 5371 [0x60184d1bccf0, 0x60184d1be1eb), 
INFO: Loaded 1 PC tables (5371 PCs): 5371 [0x60184d1be1f0,0x60184d1d31a0), 
INFO:      704 files found in /home/ther12k/Workspace/Learning/velqu-worktrees/rc1-qual-a/fuzz/corpus/capabilities_policy
INFO: -max_len is not provided; libFuzzer will not generate inputs larger than 4096 bytes
INFO: seed corpus: files: 704 min: 1b max: 3880b total: 108269b rss: 37Mb
#705	INITED cov: 1080 ft: 3023 corp: 609/93Kb exec/s: 0 rss: 63Mb
#1671	REDUCE cov: 1080 ft: 3023 corp: 609/93Kb lim: 3891 exec/s: 0 rss: 80Mb L: 35/3880 MS: 1 EraseBytes-
#1885	NEW    cov: 1080 ft: 3024 corp: 610/93Kb lim: 3891 exec/s: 0 rss: 84Mb L: 322/3880 MS: 4 CopyPart-ChangeBit-CrossOver-ShuffleBytes-
#3871	REDUCE cov: 1080 ft: 3024 corp: 610/93Kb lim: 3902 exec/s: 0 rss: 115Mb L: 205/3880 MS: 1 EraseBytes-
#5696	REDUCE cov: 1080 ft: 3024 corp: 610/93Kb lim: 3913 exec/s: 0 rss: 148Mb L: 286/3880 MS: 5 CopyPart-ShuffleBytes-ShuffleBytes-ChangeBit-EraseBytes-
#6548	REDUCE cov: 1080 ft: 3024 corp: 610/93Kb lim: 3913 exec/s: 0 rss: 162Mb L: 21/3880 MS: 2 CopyPart-EraseBytes-
#6781	REDUCE cov: 1080 ft: 3024 corp: 610/93Kb lim: 3913 exec/s: 0 rss: 167Mb L: 3656/3880 MS: 3 CopyPart-EraseBytes-CopyPart-
#7696	REDUCE cov: 1080 ft: 3024 corp: 610/93Kb lim: 3913 exec/s: 0 rss: 186Mb L: 35/3880 MS: 5 ChangeASCIIInt-CopyPart-ChangeBinInt-ChangeBinInt-EraseBytes-
#7807	REDUCE cov: 1080 ft: 3024 corp: 610/93Kb lim: 3913 exec/s: 0 rss: 188Mb L: 134/3880 MS: 1 EraseBytes-
#8268	REDUCE cov: 1080 ft: 3024 corp: 610/93Kb lim: 3913 exec/s: 0 rss: 198Mb L: 63/3880 MS: 1 EraseBytes-
#9672	REDUCE cov: 1080 ft: 3024 corp: 610/93Kb lim: 3924 exec/s: 9672 rss: 226Mb L: 195/3880 MS: 4 ChangeByte-InsertByte-ChangeBit-EraseBytes-
#14143	REDUCE cov: 1080 ft: 3024 corp: 610/93Kb lim: 3968 exec/s: 14143 rss: 309Mb L: 193/3880 MS: 1 EraseBytes-
#14480	REDUCE cov: 1080 ft: 3024 corp: 610/93Kb lim: 3968 exec/s: 14480 rss: 316Mb L: 280/3880 MS: 2 ChangeByte-EraseBytes-
#14481	NEW    cov: 1080 ft: 3025 corp: 611/93Kb lim: 3968 exec/s: 14481 rss: 316Mb L: 661/3880 MS: 1 ChangeBit-
#16803	REDUCE cov: 1080 ft: 3025 corp: 611/93Kb lim: 3990 exec/s: 16803 rss: 357Mb L: 66/3880 MS: 2 InsertByte-EraseBytes-
#19634	REDUCE cov: 1080 ft: 3025 corp: 611/93Kb lim: 4012 exec/s: 9817 rss: 411Mb L: 90/3880 MS: 1 EraseBytes-
#20860	REDUCE cov: 1080 ft: 3025 corp: 611/93Kb lim: 4023 exec/s: 10430 rss: 434Mb L: 253/3880 MS: 1 EraseBytes-
#22118	REDUCE cov: 1080 ft: 3025 corp: 611/93Kb lim: 4034 exec/s: 11059 rss: 437Mb L: 362/3880 MS: 3 ChangeBit-ChangeByte-EraseBytes-
#23104	REDUCE cov: 1080 ft: 3025 corp: 611/93Kb lim: 4034 exec/s: 11552 rss: 443Mb L: 200/3880 MS: 1 EraseBytes-
#23990	REDUCE cov: 1080 ft: 3025 corp: 611/93Kb lim: 4034 exec/s: 11995 rss: 444Mb L: 255/3880 MS: 1 EraseBytes-
#24112	REDUCE cov: 1080 ft: 3025 corp: 611/93Kb lim: 4034 exec/s: 12056 rss: 444Mb L: 70/3880 MS: 2 CMP-EraseBytes- DE: "runtime:cap71"-
#29443	REDUCE cov: 1080 ft: 3025 corp: 611/93Kb lim: 4078 exec/s: 9814 rss: 448Mb L: 23/3880 MS: 1 EraseBytes-
#30826	REDUCE cov: 1080 ft: 3025 corp: 611/93Kb lim: 4089 exec/s: 10275 rss: 448Mb L: 60/3880 MS: 1 EraseBytes-
#31631	NEW    cov: 1080 ft: 3026 corp: 612/95Kb lim: 4089 exec/s: 10543 rss: 449Mb L: 2106/3880 MS: 5 ChangeByte-PersAutoDict-ChangeByte-CopyPart-CopyPart- DE: "runtime:cap71"-
#32768	pulse  cov: 1080 ft: 3026 corp: 612/95Kb lim: 4096 exec/s: 10922 rss: 449Mb
#34324	REDUCE cov: 1080 ft: 3026 corp: 612/95Kb lim: 4096 exec/s: 11441 rss: 451Mb L: 16/3880 MS: 3 ChangeBinInt-ChangeBit-EraseBytes-
#40095	REDUCE cov: 1080 ft: 3026 corp: 612/95Kb lim: 4096 exec/s: 10023 rss: 454Mb L: 55/3880 MS: 1 EraseBytes-
#41989	REDUCE cov: 1080 ft: 3026 corp: 612/95Kb lim: 4096 exec/s: 10497 rss: 455Mb L: 288/3880 MS: 4 InsertByte-EraseBytes-ChangeASCIIInt-ChangeByte-
#43921	REDUCE cov: 1080 ft: 3026 corp: 612/95Kb lim: 4096 exec/s: 10980 rss: 456Mb L: 280/3880 MS: 2 ChangeBinInt-EraseBytes-
#52257	REDUCE cov: 1080 ft: 3026 corp: 612/95Kb lim: 4096 exec/s: 10451 rss: 458Mb L: 146/3880 MS: 1 EraseBytes-
#52558	REDUCE cov: 1080 ft: 3026 corp: 612/95Kb lim: 4096 exec/s: 10511 rss: 458Mb L: 143/3880 MS: 1 EraseBytes-
#56110	REDUCE cov: 1080 ft: 3026 corp: 612/95Kb lim: 4096 exec/s: 11222 rss: 458Mb L: 254/3880 MS: 2 ChangeByte-EraseBytes-
#58157	REDUCE cov: 1080 ft: 3026 corp: 612/95Kb lim: 4096 exec/s: 11631 rss: 458Mb L: 192/3880 MS: 2 ChangeByte-EraseBytes-
#59909	REDUCE cov: 1080 ft: 3026 corp: 612/95Kb lim: 4096 exec/s: 9984 rss: 458Mb L: 33/3880 MS: 2 ShuffleBytes-EraseBytes-
#60030	REDUCE cov: 1080 ft: 3026 corp: 612/95Kb lim: 4096 exec/s: 10005 rss: 458Mb L: 14/3880 MS: 1 EraseBytes-
#62164	REDUCE cov: 1080 ft: 3026 corp: 612/95Kb lim: 4096 exec/s: 10360 rss: 458Mb L: 493/3880 MS: 4 CrossOver-ChangeByte-InsertByte-InsertByte-
#65536	pulse  cov: 1080 ft: 3026 corp: 612/95Kb lim: 4096 exec/s: 10922 rss: 458Mb
#66933	REDUCE cov: 1080 ft: 3026 corp: 612/95Kb lim: 4096 exec/s: 11155 rss: 458Mb L: 144/3880 MS: 4 InsertByte-ChangeBit-ChangeBinInt-EraseBytes-
#68671	REDUCE cov: 1080 ft: 3026 corp: 612/95Kb lim: 4096 exec/s: 9810 rss: 458Mb L: 58/3880 MS: 3 ChangeByte-ChangeByte-EraseBytes-
#69262	REDUCE cov: 1080 ft: 3026 corp: 612/95Kb lim: 4096 exec/s: 9894 rss: 458Mb L: 187/3880 MS: 1 EraseBytes-
#70649	REDUCE cov: 1080 ft: 3026 corp: 612/95Kb lim: 4096 exec/s: 10092 rss: 458Mb L: 77/3880 MS: 1 EraseBytes-
#73350	REDUCE cov: 1080 ft: 3026 corp: 612/95Kb lim: 4096 exec/s: 10478 rss: 458Mb L: 60/3880 MS: 1 EraseBytes-
#73751	REDUCE cov: 1080 ft: 3026 corp: 612/95Kb lim: 4096 exec/s: 10535 rss: 458Mb L: 38/3880 MS: 1 EraseBytes-
#75667	REDUCE cov: 1080 ft: 3026 corp: 612/95Kb lim: 4096 exec/s: 10809 rss: 458Mb L: 185/3880 MS: 1 EraseBytes-
#88828	REDUCE cov: 1080 ft: 3026 corp: 612/95Kb lim: 4096 exec/s: 9869 rss: 458Mb L: 898/3880 MS: 1 EraseBytes-
#89366	REDUCE cov: 1080 ft: 3026 corp: 612/95Kb lim: 4096 exec/s: 9929 rss: 459Mb L: 37/3880 MS: 3 CopyPart-EraseBytes-ChangeByte-
#91929	REDUCE cov: 1080 ft: 3026 corp: 612/95Kb lim: 4096 exec/s: 10214 rss: 459Mb L: 1333/3880 MS: 3 ChangeBit-ChangeASCIIInt-EraseBytes-
#92171	REDUCE cov: 1080 ft: 3026 corp: 612/95Kb lim: 4096 exec/s: 10241 rss: 459Mb L: 221/3880 MS: 2 ChangeASCIIInt-EraseBytes-
#92553	REDUCE cov: 1080 ft: 3026 corp: 612/95Kb lim: 4096 exec/s: 10283 rss: 459Mb L: 10/3880 MS: 2 CopyPart-EraseBytes-
#100728	REDUCE cov: 1080 ft: 3026 corp: 612/95Kb lim: 4096 exec/s: 10072 rss: 460Mb L: 29/3880 MS: 5 ShuffleBytes-InsertByte-CopyPart-InsertByte-EraseBytes-
#103382	REDUCE cov: 1080 ft: 3026 corp: 612/95Kb lim: 4096 exec/s: 10338 rss: 460Mb L: 1053/3880 MS: 4 InsertRepeatedBytes-EraseBytes-ChangeByte-CopyPart-
#107353	REDUCE cov: 1080 ft: 3026 corp: 612/95Kb lim: 4096 exec/s: 10735 rss: 460Mb L: 743/3880 MS: 1 EraseBytes-
#107913	REDUCE cov: 1080 ft: 3026 corp: 612/95Kb lim: 4096 exec/s: 9810 rss: 460Mb L: 48/3880 MS: 5 EraseBytes-InsertByte-CopyPart-ChangeBit-InsertByte-
#108224	REDUCE cov: 1080 ft: 3026 corp: 612/95Kb lim: 4096 exec/s: 9838 rss: 460Mb L: 36/3880 MS: 1 EraseBytes-
#115667	REDUCE cov: 1080 ft: 3026 corp: 612/95Kb lim: 4096 exec/s: 10515 rss: 460Mb L: 1624/3880 MS: 3 CopyPart-PersAutoDict-EraseBytes- DE: "runtime:cap71"-
#118639	REDUCE cov: 1080 ft: 3026 corp: 612/95Kb lim: 4096 exec/s: 9886 rss: 460Mb L: 2/3880 MS: 2 ChangeBit-EraseBytes-
#119850	REDUCE cov: 1080 ft: 3026 corp: 612/95Kb lim: 4096 exec/s: 9987 rss: 460Mb L: 20/3880 MS: 1 EraseBytes-
#125047	REDUCE cov: 1080 ft: 3026 corp: 612/95Kb lim: 4096 exec/s: 10420 rss: 460Mb L: 770/3880 MS: 2 InsertByte-EraseBytes-
#125589	REDUCE cov: 1080 ft: 3026 corp: 612/95Kb lim: 4096 exec/s: 10465 rss: 460Mb L: 32/3880 MS: 2 ChangeBit-EraseBytes-
#125650	REDUCE cov: 1080 ft: 3026 corp: 612/95Kb lim: 4096 exec/s: 10470 rss: 460Mb L: 142/3880 MS: 1 EraseBytes-
#126484	REDUCE cov: 1080 ft: 3026 corp: 612/95Kb lim: 4096 exec/s: 10540 rss: 460Mb L: 691/3880 MS: 4 EraseBytes-CMP-ChangeByte-CopyPart- DE: "\000\000\000`"-
#131072	pulse  cov: 1080 ft: 3026 corp: 612/95Kb lim: 4096 exec/s: 10082 rss: 461Mb
#131725	REDUCE cov: 1080 ft: 3026 corp: 612/95Kb lim: 4096 exec/s: 10132 rss: 461Mb L: 182/3880 MS: 1 EraseBytes-
#136799	REDUCE cov: 1080 ft: 3026 corp: 612/95Kb lim: 4096 exec/s: 10523 rss: 462Mb L: 47/3880 MS: 4 ChangeByte-ChangeBit-ChangeBinInt-EraseBytes-
#139900	REDUCE cov: 1080 ft: 3026 corp: 612/95Kb lim: 4096 exec/s: 9992 rss: 463Mb L: 57/3880 MS: 1 EraseBytes-
#140116	REDUCE cov: 1080 ft: 3026 corp: 612/95Kb lim: 4096 exec/s: 10008 rss: 463Mb L: 32/3880 MS: 1 EraseBytes-
#143242	REDUCE cov: 1080 ft: 3026 corp: 612/95Kb lim: 4096 exec/s: 10231 rss: 465Mb L: 100/3880 MS: 1 EraseBytes-
#143642	REDUCE cov: 1080 ft: 3026 corp: 612/95Kb lim: 4096 exec/s: 10260 rss: 465Mb L: 2563/3880 MS: 5 ChangeASCIIInt-InsertByte-CopyPart-CopyPart-EraseBytes-
#143843	REDUCE cov: 1080 ft: 3026 corp: 612/95Kb lim: 4096 exec/s: 10274 rss: 465Mb L: 16/3880 MS: 1 EraseBytes-
#155849	REDUCE cov: 1080 ft: 3026 corp: 612/95Kb lim: 4096 exec/s: 10389 rss: 466Mb L: 30/3880 MS: 1 EraseBytes-
#160135	REDUCE cov: 1080 ft: 3026 corp: 612/95Kb lim: 4096 exec/s: 10008 rss: 466Mb L: 19/3880 MS: 1 EraseBytes-
#161432	REDUCE cov: 1080 ft: 3026 corp: 612/95Kb lim: 4096 exec/s: 10089 rss: 466Mb L: 172/3880 MS: 2 InsertRepeatedBytes-EraseBytes-
#164820	REDUCE cov: 1080 ft: 3026 corp: 612/95Kb lim: 4096 exec/s: 10301 rss: 466Mb L: 54/3880 MS: 3 CopyPart-ChangeBit-EraseBytes-
#167360	REDUCE cov: 1080 ft: 3026 corp: 612/95Kb lim: 4096 exec/s: 10460 rss: 466Mb L: 1051/3880 MS: 5 ChangeByte-ChangeBit-ShuffleBytes-ChangeByte-EraseBytes-
#171537	REDUCE cov: 1080 ft: 3026 corp: 612/95Kb lim: 4096 exec/s: 10090 rss: 466Mb L: 55/3880 MS: 2 CrossOver-EraseBytes-
#175478	REDUCE cov: 1080 ft: 3026 corp: 612/95Kb lim: 4096 exec/s: 10322 rss: 466Mb L: 68/3880 MS: 1 EraseBytes-
#176464	REDUCE cov: 1080 ft: 3026 corp: 612/95Kb lim: 4096 exec/s: 10380 rss: 466Mb L: 81/3880 MS: 1 EraseBytes-
#182691	REDUCE cov: 1080 ft: 3026 corp: 612/95Kb lim: 4096 exec/s: 10149 rss: 466Mb L: 528/3880 MS: 2 ChangeASCIIInt-EraseBytes-
#192244	REDUCE cov: 1080 ft: 3026 corp: 612/95Kb lim: 4096 exec/s: 10118 rss: 468Mb L: 30/3880 MS: 3 ChangeBit-EraseBytes-CrossOver-
#194970	REDUCE cov: 1080 ft: 3026 corp: 612/95Kb lim: 4096 exec/s: 10261 rss: 468Mb L: 14/3880 MS: 1 EraseBytes-
#196517	REDUCE cov: 1080 ft: 3026 corp: 612/95Kb lim: 4096 exec/s: 10343 rss: 468Mb L: 2073/3880 MS: 2 CMP-EraseBytes- DE: "\001\000\000\000\000\000\000\026"-
#197409	REDUCE cov: 1080 ft: 3026 corp: 612/95Kb lim: 4096 exec/s: 10389 rss: 468Mb L: 76/3880 MS: 2 ChangeASCIIInt-EraseBytes-
#200273	REDUCE cov: 1080 ft: 3027 corp: 613/96Kb lim: 4096 exec/s: 10013 rss: 469Mb L: 1453/3880 MS: 4 EraseBytes-ShuffleBytes-InsertRepeatedBytes-CrossOver-
#200295	REDUCE cov: 1080 ft: 3027 corp: 613/96Kb lim: 4096 exec/s: 10014 rss: 469Mb L: 157/3880 MS: 2 ChangeByte-EraseBytes-
#200427	REDUCE cov: 1080 ft: 3027 corp: 613/96Kb lim: 4096 exec/s: 10021 rss: 469Mb L: 181/3880 MS: 2 InsertByte-EraseBytes-
#204628	REDUCE cov: 1080 ft: 3027 corp: 613/96Kb lim: 4096 exec/s: 10231 rss: 469Mb L: 179/3880 MS: 1 EraseBytes-
#206666	REDUCE cov: 1080 ft: 3027 corp: 613/96Kb lim: 4096 exec/s: 10333 rss: 469Mb L: 1611/3880 MS: 3 InsertRepeatedBytes-InsertByte-EraseBytes-
#206802	REDUCE cov: 1080 ft: 3027 corp: 613/96Kb lim: 4096 exec/s: 10340 rss: 469Mb L: 532/3880 MS: 1 EraseBytes-
#207248	REDUCE cov: 1080 ft: 3027 corp: 613/96Kb lim: 4096 exec/s: 10362 rss: 469Mb L: 16/3880 MS: 1 EraseBytes-
#207939	REDUCE cov: 1080 ft: 3027 corp: 613/96Kb lim: 4096 exec/s: 10396 rss: 469Mb L: 54/3880 MS: 1 EraseBytes-
#208341	REDUCE cov: 1080 ft: 3027 corp: 613/96Kb lim: 4096 exec/s: 10417 rss: 469Mb L: 19/3880 MS: 2 ChangeBit-EraseBytes-
#212222	REDUCE cov: 1080 ft: 3027 corp: 613/96Kb lim: 4096 exec/s: 10105 rss: 469Mb L: 58/3880 MS: 1 EraseBytes-
#213708	REDUCE cov: 1080 ft: 3027 corp: 613/96Kb lim: 4096 exec/s: 10176 rss: 469Mb L: 81/3880 MS: 1 EraseBytes-
#219351	REDUCE cov: 1080 ft: 3027 corp: 613/96Kb lim: 4096 exec/s: 10445 rss: 469Mb L: 75/3880 MS: 3 InsertByte-CMP-EraseBytes- DE: "\000\000\000`"-
#222522	REDUCE cov: 1080 ft: 3027 corp: 613/96Kb lim: 4096 exec/s: 10114 rss: 469Mb L: 22/3880 MS: 1 EraseBytes-
#222540	REDUCE cov: 1080 ft: 3027 corp: 613/96Kb lim: 4096 exec/s: 10115 rss: 469Mb L: 360/3880 MS: 3 ChangeASCIIInt-ShuffleBytes-EraseBytes-
#225562	NEW    cov: 1080 ft: 3028 corp: 614/99Kb lim: 4096 exec/s: 10252 rss: 469Mb L: 2843/3880 MS: 2 ChangeASCIIInt-CopyPart-
#229379	REDUCE cov: 1080 ft: 3028 corp: 614/99Kb lim: 4096 exec/s: 9973 rss: 469Mb L: 243/3880 MS: 2 ChangeBinInt-EraseBytes-
#230255	REDUCE cov: 1080 ft: 3028 corp: 614/99Kb lim: 4096 exec/s: 10011 rss: 469Mb L: 343/3880 MS: 1 EraseBytes-
#231727	REDUCE cov: 1080 ft: 3028 corp: 614/99Kb lim: 4096 exec/s: 10075 rss: 469Mb L: 33/3880 MS: 1 EraseBytes-
#237263	REDUCE cov: 1080 ft: 3028 corp: 614/99Kb lim: 4096 exec/s: 10315 rss: 469Mb L: 28/3880 MS: 1 EraseBytes-
#237420	REDUCE cov: 1080 ft: 3028 corp: 614/99Kb lim: 4096 exec/s: 10322 rss: 469Mb L: 71/3880 MS: 2 ChangeBinInt-EraseBytes-
#238966	REDUCE cov: 1080 ft: 3028 corp: 614/99Kb lim: 4096 exec/s: 10389 rss: 469Mb L: 507/3880 MS: 1 EraseBytes-
#250001	REDUCE cov: 1080 ft: 3028 corp: 614/99Kb lim: 4096 exec/s: 10000 rss: 469Mb L: 242/3880 MS: 5 PersAutoDict-ChangeASCIIInt-CrossOver-EraseBytes-CopyPart- DE: "runtime:cap71"-
#252594	REDUCE cov: 1080 ft: 3028 corp: 614/99Kb lim: 4096 exec/s: 10103 rss: 469Mb L: 1259/3880 MS: 3 EraseBytes-ChangeBit-CopyPart-
#252726	REDUCE cov: 1080 ft: 3028 corp: 614/99Kb lim: 4096 exec/s: 10109 rss: 469Mb L: 14/3880 MS: 2 EraseBytes-ChangeByte-
#254835	REDUCE cov: 1080 ft: 3028 corp: 614/99Kb lim: 4096 exec/s: 10193 rss: 469Mb L: 1571/3880 MS: 4 PersAutoDict-ChangeBinInt-PersAutoDict-EraseBytes- DE: "\000\000\000`"-"runtime:cap71"-
#256169	REDUCE cov: 1080 ft: 3028 corp: 614/99Kb lim: 4096 exec/s: 10246 rss: 469Mb L: 122/3880 MS: 4 CopyPart-ChangeBit-InsertByte-EraseBytes-
#260706	REDUCE cov: 1080 ft: 3028 corp: 614/99Kb lim: 4096 exec/s: 10027 rss: 469Mb L: 11/3880 MS: 2 CopyPart-EraseBytes-
#262144	pulse  cov: 1080 ft: 3028 corp: 614/99Kb lim: 4096 exec/s: 10082 rss: 469Mb
#266885	REDUCE cov: 1080 ft: 3028 corp: 614/99Kb lim: 4096 exec/s: 10264 rss: 469Mb L: 334/3880 MS: 4 PersAutoDict-CMP-ChangeBit-EraseBytes- DE: "\001\000\000\000\000\000\000\026"-"runtime:cap70"-
#267475	REDUCE cov: 1080 ft: 3028 corp: 614/99Kb lim: 4096 exec/s: 10287 rss: 469Mb L: 369/3880 MS: 5 InsertByte-ChangeBit-ChangeByte-ChangeBit-EraseBytes-
#267794	REDUCE cov: 1080 ft: 3028 corp: 614/99Kb lim: 4096 exec/s: 10299 rss: 469Mb L: 524/3880 MS: 4 EraseBytes-ChangeBit-CopyPart-CopyPart-
#271510	REDUCE cov: 1080 ft: 3028 corp: 614/99Kb lim: 4096 exec/s: 10055 rss: 469Mb L: 361/3880 MS: 1 EraseBytes-
#273622	REDUCE cov: 1080 ft: 3028 corp: 614/99Kb lim: 4096 exec/s: 10134 rss: 469Mb L: 73/3880 MS: 1 EraseBytes-
#277578	REDUCE cov: 1080 ft: 3028 corp: 614/99Kb lim: 4096 exec/s: 10280 rss: 469Mb L: 20/3880 MS: 1 EraseBytes-
#287655	REDUCE cov: 1080 ft: 3028 corp: 614/99Kb lim: 4096 exec/s: 10273 rss: 470Mb L: 71/3880 MS: 2 EraseBytes-CopyPart-
#287686	REDUCE cov: 1080 ft: 3028 corp: 614/99Kb lim: 4096 exec/s: 10274 rss: 470Mb L: 188/3880 MS: 1 EraseBytes-
#289116	REDUCE cov: 1080 ft: 3028 corp: 614/98Kb lim: 4096 exec/s: 9969 rss: 471Mb L: 2606/3880 MS: 5 ChangeASCIIInt-ChangeASCIIInt-ChangeBit-ShuffleBytes-EraseBytes-
#290767	REDUCE cov: 1080 ft: 3028 corp: 614/98Kb lim: 4096 exec/s: 10026 rss: 471Mb L: 517/3880 MS: 1 EraseBytes-
#291038	REDUCE cov: 1080 ft: 3028 corp: 614/98Kb lim: 4096 exec/s: 10035 rss: 471Mb L: 44/3880 MS: 1 EraseBytes-
#296789	REDUCE cov: 1080 ft: 3028 corp: 614/98Kb lim: 4096 exec/s: 10234 rss: 472Mb L: 515/3880 MS: 1 EraseBytes-
#298601	REDUCE cov: 1080 ft: 3028 corp: 614/98Kb lim: 4096 exec/s: 9953 rss: 472Mb L: 44/3880 MS: 2 CopyPart-EraseBytes-
#306069	REDUCE cov: 1080 ft: 3028 corp: 614/98Kb lim: 4096 exec/s: 10202 rss: 472Mb L: 487/3880 MS: 3 PersAutoDict-ShuffleBytes-EraseBytes- DE: "runtime:cap70"-
#311716	REDUCE cov: 1080 ft: 3028 corp: 614/98Kb lim: 4096 exec/s: 10055 rss: 472Mb L: 34/3880 MS: 1 EraseBytes-
#312367	REDUCE cov: 1080 ft: 3028 corp: 614/98Kb lim: 4096 exec/s: 10076 rss: 472Mb L: 1062/3880 MS: 1 EraseBytes-
#313273	REDUCE cov: 1080 ft: 3028 corp: 614/98Kb lim: 4096 exec/s: 10105 rss: 472Mb L: 83/3880 MS: 1 EraseBytes-
#316699	REDUCE cov: 1080 ft: 3028 corp: 614/98Kb lim: 4096 exec/s: 10216 rss: 472Mb L: 35/3880 MS: 1 EraseBytes-
#317115	REDUCE cov: 1080 ft: 3028 corp: 614/98Kb lim: 4096 exec/s: 10229 rss: 472Mb L: 95/3880 MS: 1 EraseBytes-
#320087	REDUCE cov: 1080 ft: 3028 corp: 614/98Kb lim: 4096 exec/s: 10002 rss: 472Mb L: 16/3880 MS: 2 ChangeASCIIInt-EraseBytes-
#322323	REDUCE cov: 1080 ft: 3028 corp: 614/98Kb lim: 4096 exec/s: 10072 rss: 472Mb L: 26/3880 MS: 1 EraseBytes-
#323954	REDUCE cov: 1080 ft: 3028 corp: 614/98Kb lim: 4096 exec/s: 10123 rss: 472Mb L: 36/3880 MS: 1 EraseBytes-
#337605	REDUCE cov: 1080 ft: 3028 corp: 614/98Kb lim: 4096 exec/s: 9929 rss: 472Mb L: 63/3880 MS: 1 EraseBytes-
#341248	REDUCE cov: 1080 ft: 3028 corp: 614/98Kb lim: 4096 exec/s: 10036 rss: 472Mb L: 1564/3880 MS: 3 ChangeByte-ShuffleBytes-EraseBytes-
#347752	REDUCE cov: 1080 ft: 3028 corp: 614/98Kb lim: 4096 exec/s: 9935 rss: 472Mb L: 55/3880 MS: 4 CrossOver-CrossOver-InsertByte-EraseBytes-
#348750	REDUCE cov: 1080 ft: 3028 corp: 614/98Kb lim: 4096 exec/s: 9964 rss: 472Mb L: 2379/3880 MS: 3 InsertByte-InsertByte-CrossOver-
#350397	REDUCE cov: 1080 ft: 3028 corp: 614/98Kb lim: 4096 exec/s: 10011 rss: 472Mb L: 467/3880 MS: 2 ChangeBinInt-EraseBytes-
#351848	REDUCE cov: 1080 ft: 3028 corp: 614/98Kb lim: 4096 exec/s: 10052 rss: 472Mb L: 13/3880 MS: 1 EraseBytes-
#352765	REDUCE cov: 1080 ft: 3028 corp: 614/98Kb lim: 4096 exec/s: 10079 rss: 472Mb L: 104/3880 MS: 2 PersAutoDict-EraseBytes- DE: "\000\000\000`"-
#353597	REDUCE cov: 1080 ft: 3028 corp: 614/98Kb lim: 4096 exec/s: 10102 rss: 472Mb L: 380/3880 MS: 2 CMP-EraseBytes- DE: "runtime:cap75"-
#354484	REDUCE cov: 1080 ft: 3028 corp: 614/98Kb lim: 4096 exec/s: 10128 rss: 472Mb L: 450/3880 MS: 2 EraseBytes-CopyPart-
#354548	REDUCE cov: 1080 ft: 3028 corp: 614/98Kb lim: 4096 exec/s: 10129 rss: 472Mb L: 56/3880 MS: 4 ChangeBinInt-CMP-ShuffleBytes-EraseBytes- DE: "\000\000"-
#354842	REDUCE cov: 1080 ft: 3028 corp: 614/98Kb lim: 4096 exec/s: 10138 rss: 472Mb L: 2520/3880 MS: 4 ChangeByte-ChangeBit-PersAutoDict-EraseBytes- DE: "\000\000"-
#358889	REDUCE cov: 1080 ft: 3028 corp: 614/98Kb lim: 4096 exec/s: 9969 rss: 472Mb L: 84/3880 MS: 2 ChangeASCIIInt-EraseBytes-
#361688	REDUCE cov: 1080 ft: 3028 corp: 614/98Kb lim: 4096 exec/s: 10046 rss: 472Mb L: 2063/3880 MS: 4 ChangeBinInt-CopyPart-ChangeASCIIInt-EraseBytes-
#366700	REDUCE cov: 1080 ft: 3028 corp: 614/98Kb lim: 4096 exec/s: 9910 rss: 472Mb L: 86/3880 MS: 2 ChangeBinInt-EraseBytes-
#370153	REDUCE cov: 1080 ft: 3028 corp: 614/98Kb lim: 4096 exec/s: 10004 rss: 472Mb L: 1719/3880 MS: 3 CopyPart-ChangeBit-EraseBytes-
#371399	REDUCE cov: 1080 ft: 3028 corp: 614/98Kb lim: 4096 exec/s: 10037 rss: 472Mb L: 10/3880 MS: 1 EraseBytes-
#375031	REDUCE cov: 1080 ft: 3028 corp: 614/98Kb lim: 4096 exec/s: 10135 rss: 472Mb L: 222/3880 MS: 2 ChangeByte-EraseBytes-
#377819	REDUCE cov: 1080 ft: 3028 corp: 614/98Kb lim: 4096 exec/s: 9942 rss: 472Mb L: 239/3880 MS: 3 ChangeByte-ChangeBinInt-EraseBytes-
#378150	REDUCE cov: 1080 ft: 3028 corp: 614/98Kb lim: 4096 exec/s: 9951 rss: 472Mb L: 2493/3880 MS: 1 EraseBytes-
#387656	REDUCE cov: 1080 ft: 3028 corp: 614/98Kb lim: 4096 exec/s: 9939 rss: 472Mb L: 34/3880 MS: 1 EraseBytes-
#388109	REDUCE cov: 1080 ft: 3028 corp: 614/98Kb lim: 4096 exec/s: 9951 rss: 472Mb L: 40/3880 MS: 3 CopyPart-ChangeByte-EraseBytes-
#392770	REDUCE cov: 1080 ft: 3028 corp: 614/98Kb lim: 4096 exec/s: 10071 rss: 472Mb L: 219/3880 MS: 1 EraseBytes-
#397357	REDUCE cov: 1080 ft: 3028 corp: 614/98Kb lim: 4096 exec/s: 9933 rss: 472Mb L: 30/3880 MS: 2 ShuffleBytes-EraseBytes-
#397473	NEW    cov: 1080 ft: 3029 corp: 615/100Kb lim: 4096 exec/s: 9936 rss: 472Mb L: 2429/3880 MS: 1 CrossOver-
#397522	REDUCE cov: 1080 ft: 3029 corp: 615/100Kb lim: 4096 exec/s: 9938 rss: 472Mb L: 2517/3880 MS: 4 ChangeByte-ShuffleBytes-ChangeByte-EraseBytes-
#398992	REDUCE cov: 1080 ft: 3029 corp: 615/100Kb lim: 4096 exec/s: 9974 rss: 472Mb L: 58/3880 MS: 5 ChangeBinInt-ChangeBinInt-ChangeBit-CrossOver-EraseBytes-
#402449	REDUCE cov: 1080 ft: 3029 corp: 615/100Kb lim: 4096 exec/s: 10061 rss: 472Mb L: 2453/3880 MS: 2 CopyPart-EraseBytes-
#403725	REDUCE cov: 1080 ft: 3029 corp: 615/100Kb lim: 4096 exec/s: 10093 rss: 472Mb L: 18/3880 MS: 1 EraseBytes-
#407408	REDUCE cov: 1080 ft: 3029 corp: 615/100Kb lim: 4096 exec/s: 9936 rss: 472Mb L: 1828/3880 MS: 3 CrossOver-ChangeBit-EraseBytes-
#410039	REDUCE cov: 1080 ft: 3029 corp: 615/100Kb lim: 4096 exec/s: 10000 rss: 472Mb L: 454/3880 MS: 1 EraseBytes-
#421956	REDUCE cov: 1080 ft: 3029 corp: 615/100Kb lim: 4096 exec/s: 10046 rss: 472Mb L: 43/3880 MS: 2 ChangeByte-EraseBytes-
#426125	REDUCE cov: 1080 ft: 3029 corp: 615/100Kb lim: 4096 exec/s: 9909 rss: 473Mb L: 40/3880 MS: 4 CopyPart-EraseBytes-ChangeBit-CopyPart-
#427118	REDUCE cov: 1080 ft: 3029 corp: 615/100Kb lim: 4096 exec/s: 9932 rss: 473Mb L: 1605/3880 MS: 3 InsertByte-ShuffleBytes-EraseBytes-
#428325	REDUCE cov: 1080 ft: 3029 corp: 615/100Kb lim: 4096 exec/s: 9961 rss: 473Mb L: 49/3880 MS: 2 PersAutoDict-EraseBytes- DE: "runtime:cap70"-
#430971	REDUCE cov: 1080 ft: 3029 corp: 615/100Kb lim: 4096 exec/s: 10022 rss: 474Mb L: 19/3880 MS: 1 EraseBytes-
#436698	REDUCE cov: 1080 ft: 3029 corp: 615/100Kb lim: 4096 exec/s: 9924 rss: 474Mb L: 28/3880 MS: 2 ChangeByte-EraseBytes-
#439709	REDUCE cov: 1080 ft: 3029 corp: 615/100Kb lim: 4096 exec/s: 9993 rss: 475Mb L: 70/3880 MS: 1 EraseBytes-
#441861	REDUCE cov: 1080 ft: 3029 corp: 615/100Kb lim: 4096 exec/s: 10042 rss: 475Mb L: 203/3880 MS: 2 EraseBytes-CopyPart-
#442492	REDUCE cov: 1080 ft: 3029 corp: 615/100Kb lim: 4096 exec/s: 9833 rss: 475Mb L: 212/3880 MS: 1 EraseBytes-
#447243	REDUCE cov: 1080 ft: 3029 corp: 615/100Kb lim: 4096 exec/s: 9938 rss: 475Mb L: 58/3880 MS: 1 EraseBytes-
#449266	REDUCE cov: 1080 ft: 3029 corp: 615/100Kb lim: 4096 exec/s: 9983 rss: 475Mb L: 524/3880 MS: 3 ChangeByte-CrossOver-EraseBytes-
#449665	REDUCE cov: 1080 ft: 3029 corp: 615/99Kb lim: 4096 exec/s: 9992 rss: 475Mb L: 1950/3880 MS: 4 PersAutoDict-ChangeByte-PersAutoDict-EraseBytes- DE: "\001\000\000\000\000\000\000\026"-"\000\000\000`"-
#455617	REDUCE cov: 1080 ft: 3029 corp: 615/99Kb lim: 4096 exec/s: 9904 rss: 475Mb L: 179/3880 MS: 2 CMP-EraseBytes- DE: "\000\000\000\000\000\000\000\000"-
#457844	REDUCE cov: 1080 ft: 3029 corp: 615/99Kb lim: 4096 exec/s: 9953 rss: 475Mb L: 2434/3880 MS: 2 InsertByte-EraseBytes-
#464578	REDUCE cov: 1080 ft: 3029 corp: 615/99Kb lim: 4096 exec/s: 9884 rss: 475Mb L: 2446/3880 MS: 4 EraseBytes-ChangeBit-ChangeASCIIInt-CopyPart-
#467904	REDUCE cov: 1080 ft: 3029 corp: 615/99Kb lim: 4096 exec/s: 9955 rss: 475Mb L: 1443/3880 MS: 1 EraseBytes-
#470386	REDUCE cov: 1080 ft: 3029 corp: 615/99Kb lim: 4096 exec/s: 10008 rss: 475Mb L: 67/3880 MS: 2 ChangeASCIIInt-EraseBytes-
#479547	REDUCE cov: 1080 ft: 3029 corp: 615/99Kb lim: 4096 exec/s: 9990 rss: 475Mb L: 14/3880 MS: 1 EraseBytes-
#480898	REDUCE cov: 1080 ft: 3029 corp: 615/99Kb lim: 4096 exec/s: 9814 rss: 475Mb L: 104/3880 MS: 1 EraseBytes-
#483424	REDUCE cov: 1080 ft: 3029 corp: 615/99Kb lim: 4096 exec/s: 9865 rss: 475Mb L: 33/3880 MS: 1 EraseBytes-
#490616	REDUCE cov: 1080 ft: 3029 corp: 615/99Kb lim: 4096 exec/s: 9812 rss: 475Mb L: 74/3880 MS: 2 EraseBytes-CopyPart-
#493127	REDUCE cov: 1080 ft: 3029 corp: 615/99Kb lim: 4096 exec/s: 9862 rss: 475Mb L: 134/3880 MS: 1 EraseBytes-
#493163	REDUCE cov: 1080 ft: 3029 corp: 615/99Kb lim: 4096 exec/s: 9863 rss: 475Mb L: 314/3880 MS: 1 EraseBytes-
#498209	REDUCE cov: 1080 ft: 3029 corp: 615/99Kb lim: 4096 exec/s: 9964 rss: 475Mb L: 103/3880 MS: 1 EraseBytes-
#499615	REDUCE cov: 1080 ft: 3029 corp: 615/99Kb lim: 4096 exec/s: 9796 rss: 475Mb L: 33/3880 MS: 1 EraseBytes-
#500625	REDUCE cov: 1080 ft: 3034 corp: 616/100Kb lim: 4096 exec/s: 9816 rss: 475Mb L: 902/3880 MS: 5 ChangeBinInt-CrossOver-ChangeBit-InsertByte-ChangeByte-
#501027	REDUCE cov: 1080 ft: 3034 corp: 616/100Kb lim: 4096 exec/s: 9824 rss: 475Mb L: 36/3880 MS: 2 ChangeByte-EraseBytes-
#504853	REDUCE cov: 1080 ft: 3034 corp: 616/100Kb lim: 4096 exec/s: 9899 rss: 475Mb L: 97/3880 MS: 1 EraseBytes-
#506889	REDUCE cov: 1080 ft: 3034 corp: 616/100Kb lim: 4096 exec/s: 9939 rss: 475Mb L: 32/3880 MS: 1 EraseBytes-
#520955	REDUCE cov: 1080 ft: 3034 corp: 616/100Kb lim: 4096 exec/s: 9829 rss: 475Mb L: 18/3880 MS: 1 EraseBytes-
#523522	REDUCE cov: 1080 ft: 3034 corp: 616/100Kb lim: 4096 exec/s: 9877 rss: 475Mb L: 213/3880 MS: 2 ShuffleBytes-EraseBytes-
#524288	pulse  cov: 1080 ft: 3034 corp: 616/100Kb lim: 4096 exec/s: 9892 rss: 475Mb
#524787	REDUCE cov: 1080 ft: 3034 corp: 616/100Kb lim: 4096 exec/s: 9901 rss: 475Mb L: 49/3880 MS: 5 CopyPart-CopyPart-CMP-ChangeByte-EraseBytes- DE: "\000\000\000\000"-
#525999	REDUCE cov: 1080 ft: 3034 corp: 616/100Kb lim: 4096 exec/s: 9924 rss: 475Mb L: 36/3880 MS: 2 PersAutoDict-EraseBytes- DE: "\000\000\000`"-
#527517	REDUCE cov: 1080 ft: 3034 corp: 616/100Kb lim: 4096 exec/s: 9953 rss: 475Mb L: 510/3880 MS: 3 ChangeASCIIInt-ShuffleBytes-EraseBytes-
#528853	REDUCE cov: 1080 ft: 3034 corp: 616/100Kb lim: 4096 exec/s: 9793 rss: 475Mb L: 80/3880 MS: 1 EraseBytes-
#529939	REDUCE cov: 1080 ft: 3034 corp: 616/100Kb lim: 4096 exec/s: 9813 rss: 475Mb L: 110/3880 MS: 1 EraseBytes-
#530181	REDUCE cov: 1080 ft: 3034 corp: 616/100Kb lim: 4096 exec/s: 9818 rss: 475Mb L: 221/3880 MS: 2 ChangeBinInt-EraseBytes-
#530586	REDUCE cov: 1080 ft: 3034 corp: 616/100Kb lim: 4096 exec/s: 9825 rss: 475Mb L: 1033/3880 MS: 4 CopyPart-PersAutoDict-ChangeBit-EraseBytes- DE: "runtime:cap71"-
#533227	REDUCE cov: 1080 ft: 3034 corp: 616/100Kb lim: 4096 exec/s: 9874 rss: 475Mb L: 11/3880 MS: 1 EraseBytes-
#533228	REDUCE cov: 1080 ft: 3034 corp: 616/100Kb lim: 4096 exec/s: 9874 rss: 475Mb L: 766/3880 MS: 1 EraseBytes-
#533824	REDUCE cov: 1080 ft: 3034 corp: 616/100Kb lim: 4096 exec/s: 9885 rss: 475Mb L: 34/3880 MS: 1 EraseBytes-
#535291	REDUCE cov: 1080 ft: 3034 corp: 616/100Kb lim: 4096 exec/s: 9912 rss: 475Mb L: 735/3880 MS: 2 PersAutoDict-EraseBytes- DE: "\001\000\000\000\000\000\000\026"-
#536313	REDUCE cov: 1080 ft: 3034 corp: 616/100Kb lim: 4096 exec/s: 9931 rss: 475Mb L: 88/3880 MS: 2 ChangeASCIIInt-EraseBytes-
#538357	REDUCE cov: 1080 ft: 3034 corp: 616/100Kb lim: 4096 exec/s: 9788 rss: 475Mb L: 1061/3880 MS: 4 CMP-ChangeBit-PersAutoDict-EraseBytes- DE: "_\000\000\000"-"runtime:cap75"-
#538740	REDUCE cov: 1080 ft: 3034 corp: 616/100Kb lim: 4096 exec/s: 9795 rss: 475Mb L: 48/3880 MS: 3 EraseBytes-InsertByte-CopyPart-
#540817	REDUCE cov: 1080 ft: 3034 corp: 616/100Kb lim: 4096 exec/s: 9833 rss: 475Mb L: 504/3880 MS: 2 CrossOver-EraseBytes-
#541013	REDUCE cov: 1080 ft: 3034 corp: 616/100Kb lim: 4096 exec/s: 9836 rss: 475Mb L: 208/3880 MS: 1 EraseBytes-
#543409	REDUCE cov: 1080 ft: 3034 corp: 616/100Kb lim: 4096 exec/s: 9880 rss: 475Mb L: 69/3880 MS: 1 EraseBytes-
#545435	REDUCE cov: 1080 ft: 3034 corp: 616/100Kb lim: 4096 exec/s: 9917 rss: 475Mb L: 206/3880 MS: 1 EraseBytes-
#546617	REDUCE cov: 1080 ft: 3034 corp: 616/100Kb lim: 4096 exec/s: 9761 rss: 475Mb L: 781/3880 MS: 2 CMP-EraseBytes- DE: "`\000"-
#550644	REDUCE cov: 1080 ft: 3034 corp: 616/100Kb lim: 4096 exec/s: 9832 rss: 475Mb L: 90/3880 MS: 2 ShuffleBytes-EraseBytes-
#551545	REDUCE cov: 1080 ft: 3034 corp: 616/100Kb lim: 4096 exec/s: 9849 rss: 475Mb L: 1556/3880 MS: 1 EraseBytes-
#551617	REDUCE cov: 1080 ft: 3034 corp: 616/100Kb lim: 4096 exec/s: 9850 rss: 475Mb L: 47/3880 MS: 2 InsertByte-EraseBytes-
#552218	REDUCE cov: 1080 ft: 3034 corp: 616/100Kb lim: 4096 exec/s: 9861 rss: 475Mb L: 302/3880 MS: 1 EraseBytes-
#552354	REDUCE cov: 1080 ft: 3034 corp: 616/100Kb lim: 4096 exec/s: 9863 rss: 475Mb L: 21/3880 MS: 1 EraseBytes-
#553216	REDUCE cov: 1080 ft: 3034 corp: 616/100Kb lim: 4096 exec/s: 9878 rss: 475Mb L: 135/3880 MS: 2 ChangeBit-EraseBytes-
#556652	REDUCE cov: 1080 ft: 3034 corp: 616/100Kb lim: 4096 exec/s: 9765 rss: 475Mb L: 194/3880 MS: 1 EraseBytes-
#558054	REDUCE cov: 1080 ft: 3034 corp: 616/100Kb lim: 4096 exec/s: 9790 rss: 475Mb L: 1920/3880 MS: 2 CMP-EraseBytes- DE: "0\000"-
#559600	REDUCE cov: 1080 ft: 3034 corp: 616/100Kb lim: 4096 exec/s: 9817 rss: 475Mb L: 91/3880 MS: 1 EraseBytes-
#560176	REDUCE cov: 1080 ft: 3034 corp: 616/100Kb lim: 4096 exec/s: 9827 rss: 475Mb L: 130/3880 MS: 1 EraseBytes-
#564880	REDUCE cov: 1080 ft: 3034 corp: 616/100Kb lim: 4096 exec/s: 9739 rss: 475Mb L: 25/3880 MS: 4 ChangeBit-CopyPart-EraseBytes-CrossOver-
#565076	REDUCE cov: 1080 ft: 3034 corp: 616/100Kb lim: 4096 exec/s: 9742 rss: 475Mb L: 65/3880 MS: 1 EraseBytes-
#565143	REDUCE cov: 1080 ft: 3034 corp: 616/100Kb lim: 4096 exec/s: 9743 rss: 475Mb L: 1603/3880 MS: 2 ChangeByte-EraseBytes-
#565164	REDUCE cov: 1080 ft: 3034 corp: 616/100Kb lim: 4096 exec/s: 9744 rss: 475Mb L: 187/3880 MS: 1 EraseBytes-
#568077	REDUCE cov: 1080 ft: 3034 corp: 616/100Kb lim: 4096 exec/s: 9794 rss: 475Mb L: 32/3880 MS: 3 ChangeBinInt-ChangeBinInt-EraseBytes-
#576838	REDUCE cov: 1080 ft: 3034 corp: 616/100Kb lim: 4096 exec/s: 9776 rss: 475Mb L: 42/3880 MS: 1 EraseBytes-
#577137	REDUCE cov: 1080 ft: 3034 corp: 616/100Kb lim: 4096 exec/s: 9781 rss: 475Mb L: 1692/3880 MS: 4 InsertByte-ChangeASCIIInt-ChangeBinInt-EraseBytes-
#581764	REDUCE cov: 1080 ft: 3034 corp: 616/100Kb lim: 4096 exec/s: 9696 rss: 476Mb L: 50/3880 MS: 2 CopyPart-EraseBytes-
#586654	REDUCE cov: 1080 ft: 3034 corp: 616/100Kb lim: 4096 exec/s: 9777 rss: 476Mb L: 732/3880 MS: 5 ShuffleBytes-ChangeBit-ChangeByte-CrossOver-EraseBytes-
#589266	REDUCE cov: 1080 ft: 3034 corp: 616/100Kb lim: 4096 exec/s: 9821 rss: 476Mb L: 979/3880 MS: 2 EraseBytes-CopyPart-
#593777	REDUCE cov: 1080 ft: 3034 corp: 616/100Kb lim: 4096 exec/s: 9734 rss: 476Mb L: 201/3880 MS: 1 EraseBytes-
#596868	REDUCE cov: 1080 ft: 3034 corp: 616/100Kb lim: 4096 exec/s: 9784 rss: 476Mb L: 15/3880 MS: 1 EraseBytes-
#605293	REDUCE cov: 1080 ft: 3034 corp: 616/100Kb lim: 4096 exec/s: 9762 rss: 476Mb L: 163/3880 MS: 5 InsertRepeatedBytes-ChangeByte-CMP-CopyPart-EraseBytes- DE: "\001\000\000\004"-
#606318	REDUCE cov: 1080 ft: 3034 corp: 616/100Kb lim: 4096 exec/s: 9779 rss: 476Mb L: 38/3880 MS: 5 ChangeBinInt-CrossOver-ChangeBit-InsertByte-EraseBytes-
#614733	REDUCE cov: 1080 ft: 3034 corp: 616/100Kb lim: 4096 exec/s: 9757 rss: 476Mb L: 134/3880 MS: 5 PersAutoDict-CMP-EraseBytes-CopyPart-ChangeBit- DE: "\000\000"-"\000\000\000\000"-
#616714	REDUCE cov: 1080 ft: 3034 corp: 616/100Kb lim: 4096 exec/s: 9636 rss: 476Mb L: 64/3880 MS: 1 EraseBytes-
#620325	REDUCE cov: 1080 ft: 3034 corp: 616/100Kb lim: 4096 exec/s: 9692 rss: 476Mb L: 93/3880 MS: 1 EraseBytes-
#621226	REDUCE cov: 1080 ft: 3034 corp: 616/100Kb lim: 4096 exec/s: 9706 rss: 476Mb L: 70/3880 MS: 1 EraseBytes-
#623862	REDUCE cov: 1080 ft: 3034 corp: 616/100Kb lim: 4096 exec/s: 9747 rss: 476Mb L: 47/3880 MS: 1 EraseBytes-
#627132	NEW    cov: 1080 ft: 3035 corp: 617/101Kb lim: 4096 exec/s: 9648 rss: 476Mb L: 917/3880 MS: 5 ChangeByte-ChangeASCIIInt-CMP-ShuffleBytes-CrossOver- DE: "\000\000\000\000\000\000\000\002"-
#627224	REDUCE cov: 1080 ft: 3035 corp: 617/101Kb lim: 4096 exec/s: 9649 rss: 476Mb L: 31/3880 MS: 2 ChangeBinInt-EraseBytes-
#629662	REDUCE cov: 1080 ft: 3035 corp: 617/101Kb lim: 4096 exec/s: 9687 rss: 476Mb L: 507/3880 MS: 3 ChangeASCIIInt-ChangeASCIIInt-EraseBytes-
#630163	NEW    cov: 1080 ft: 3037 corp: 618/102Kb lim: 4096 exec/s: 9694 rss: 476Mb L: 917/3880 MS: 1 ChangeBinInt-
#635234	REDUCE cov: 1080 ft: 3037 corp: 618/102Kb lim: 4096 exec/s: 9624 rss: 477Mb L: 1709/3880 MS: 1 EraseBytes-
#644269	REDUCE cov: 1080 ft: 3037 corp: 618/102Kb lim: 4096 exec/s: 9615 rss: 477Mb L: 763/3880 MS: 5 ChangeASCIIInt-ChangeBinInt-ChangeByte-ChangeASCIIInt-EraseBytes-
#646085	REDUCE cov: 1080 ft: 3037 corp: 618/102Kb lim: 4096 exec/s: 9643 rss: 477Mb L: 32/3880 MS: 1 EraseBytes-
#646364	REDUCE cov: 1080 ft: 3037 corp: 618/101Kb lim: 4096 exec/s: 9647 rss: 477Mb L: 686/3880 MS: 4 InsertRepeatedBytes-InsertRepeatedBytes-EraseBytes-CopyPart-
#648742	REDUCE cov: 1080 ft: 3037 corp: 618/101Kb lim: 4096 exec/s: 9682 rss: 477Mb L: 1918/3880 MS: 3 ChangeBit-PersAutoDict-EraseBytes- DE: "\000\000\000`"-
#653613	REDUCE cov: 1080 ft: 3037 corp: 618/101Kb lim: 4096 exec/s: 9611 rss: 477Mb L: 688/3880 MS: 1 EraseBytes-
#654814	REDUCE cov: 1080 ft: 3037 corp: 618/101Kb lim: 4096 exec/s: 9629 rss: 477Mb L: 64/3880 MS: 1 EraseBytes-
#665490	REDUCE cov: 1080 ft: 3037 corp: 618/101Kb lim: 4096 exec/s: 9644 rss: 478Mb L: 52/3880 MS: 1 EraseBytes-
#677591	REDUCE cov: 1080 ft: 3037 corp: 618/101Kb lim: 4096 exec/s: 9679 rss: 481Mb L: 93/3880 MS: 1 EraseBytes-
#678632	REDUCE cov: 1080 ft: 3037 corp: 618/101Kb lim: 4096 exec/s: 9558 rss: 481Mb L: 68/3880 MS: 1 EraseBytes-
#679475	REDUCE cov: 1080 ft: 3037 corp: 618/101Kb lim: 4096 exec/s: 9570 rss: 481Mb L: 57/3880 MS: 3 ShuffleBytes-PersAutoDict-EraseBytes- DE: "\000\000"-
#680027	REDUCE cov: 1080 ft: 3037 corp: 618/101Kb lim: 4096 exec/s: 9577 rss: 481Mb L: 85/3880 MS: 2 ShuffleBytes-EraseBytes-
#682273	REDUCE cov: 1080 ft: 3037 corp: 618/101Kb lim: 4096 exec/s: 9609 rss: 481Mb L: 50/3880 MS: 1 EraseBytes-
#684679	REDUCE cov: 1080 ft: 3037 corp: 618/101Kb lim: 4096 exec/s: 9643 rss: 481Mb L: 911/3880 MS: 1 EraseBytes-
#687135	REDUCE cov: 1080 ft: 3037 corp: 618/101Kb lim: 4096 exec/s: 9543 rss: 481Mb L: 303/3880 MS: 1 EraseBytes-
#689061	REDUCE cov: 1080 ft: 3037 corp: 618/101Kb lim: 4096 exec/s: 9570 rss: 481Mb L: 201/3880 MS: 1 EraseBytes-
#691433	REDUCE cov: 1080 ft: 3037 corp: 618/101Kb lim: 4096 exec/s: 9603 rss: 481Mb L: 1006/3880 MS: 2 ShuffleBytes-EraseBytes-
#701289	REDUCE cov: 1080 ft: 3037 corp: 618/101Kb lim: 4096 exec/s: 9606 rss: 481Mb L: 87/3880 MS: 1 EraseBytes-
#702355	REDUCE cov: 1080 ft: 3037 corp: 618/101Kb lim: 4096 exec/s: 9621 rss: 481Mb L: 17/3880 MS: 1 EraseBytes-
#704946	REDUCE cov: 1080 ft: 3037 corp: 618/101Kb lim: 4096 exec/s: 9526 rss: 481Mb L: 100/3880 MS: 1 EraseBytes-
#706622	REDUCE cov: 1080 ft: 3037 corp: 618/101Kb lim: 4096 exec/s: 9548 rss: 481Mb L: 55/3880 MS: 1 EraseBytes-
#707028	REDUCE cov: 1080 ft: 3037 corp: 618/101Kb lim: 4096 exec/s: 9554 rss: 481Mb L: 57/3880 MS: 1 EraseBytes-
#707700	REDUCE cov: 1080 ft: 3037 corp: 618/101Kb lim: 4096 exec/s: 9563 rss: 481Mb L: 162/3880 MS: 2 ShuffleBytes-EraseBytes-
#707712	REDUCE cov: 1080 ft: 3037 corp: 618/101Kb lim: 4096 exec/s: 9563 rss: 481Mb L: 999/3880 MS: 2 InsertByte-EraseBytes-
#711391	REDUCE cov: 1080 ft: 3037 corp: 618/101Kb lim: 4096 exec/s: 9613 rss: 481Mb L: 218/3880 MS: 3 ChangeBinInt-ChangeBinInt-EraseBytes-
#713808	REDUCE cov: 1080 ft: 3037 corp: 618/101Kb lim: 4096 exec/s: 9517 rss: 481Mb L: 18/3880 MS: 2 CopyPart-EraseBytes-
#720469	REDUCE cov: 1080 ft: 3037 corp: 618/101Kb lim: 4096 exec/s: 9606 rss: 483Mb L: 476/3880 MS: 1 EraseBytes-
#722567	NEW    cov: 1080 ft: 3039 corp: 619/102Kb lim: 4096 exec/s: 9507 rss: 484Mb L: 906/3880 MS: 3 PersAutoDict-ChangeBinInt-CMP- DE: "_\000\000\000"-"\000\000\000\000"-
#723161	REDUCE cov: 1080 ft: 3040 corp: 620/103Kb lim: 4096 exec/s: 9515 rss: 484Mb L: 987/3880 MS: 4 CrossOver-ChangeASCIIInt-ChangeByte-ChangeBit-
#725464	REDUCE cov: 1080 ft: 3040 corp: 620/103Kb lim: 4096 exec/s: 9545 rss: 486Mb L: 1701/3880 MS: 3 CrossOver-InsertByte-EraseBytes-
#725485	REDUCE cov: 1080 ft: 3040 corp: 620/103Kb lim: 4096 exec/s: 9545 rss: 486Mb L: 15/3880 MS: 1 EraseBytes-
#726926	REDUCE cov: 1080 ft: 3040 corp: 620/103Kb lim: 4096 exec/s: 9564 rss: 486Mb L: 48/3880 MS: 1 EraseBytes-
#728298	REDUCE cov: 1080 ft: 3040 corp: 620/103Kb lim: 4096 exec/s: 9582 rss: 486Mb L: 47/3880 MS: 2 ChangeBit-EraseBytes-
#736039	REDUCE cov: 1080 ft: 3040 corp: 620/103Kb lim: 4096 exec/s: 9558 rss: 486Mb L: 145/3880 MS: 1 EraseBytes-
#738600	REDUCE cov: 1080 ft: 3040 corp: 620/103Kb lim: 4096 exec/s: 9592 rss: 486Mb L: 194/3880 MS: 1 EraseBytes-
#739906	REDUCE cov: 1080 ft: 3040 corp: 620/103Kb lim: 4096 exec/s: 9485 rss: 486Mb L: 88/3880 MS: 1 EraseBytes-
#739925	REDUCE cov: 1080 ft: 3040 corp: 620/103Kb lim: 4096 exec/s: 9486 rss: 486Mb L: 905/3880 MS: 4 EraseBytes-ShuffleBytes-EraseBytes-InsertRepeatedBytes-
#742112	REDUCE cov: 1080 ft: 3040 corp: 620/103Kb lim: 4096 exec/s: 9514 rss: 486Mb L: 499/3880 MS: 2 ChangeBit-EraseBytes-
#743194	REDUCE cov: 1080 ft: 3040 corp: 620/103Kb lim: 4096 exec/s: 9528 rss: 486Mb L: 204/3880 MS: 1 EraseBytes-
#748416	REDUCE cov: 1080 ft: 3040 corp: 620/103Kb lim: 4096 exec/s: 9473 rss: 486Mb L: 148/3880 MS: 2 ChangeBit-EraseBytes-
#752792	REDUCE cov: 1080 ft: 3040 corp: 620/103Kb lim: 4096 exec/s: 9529 rss: 486Mb L: 42/3880 MS: 1 EraseBytes-
#755264	REDUCE cov: 1080 ft: 3040 corp: 620/103Kb lim: 4096 exec/s: 9560 rss: 486Mb L: 904/3880 MS: 2 PersAutoDict-EraseBytes- DE: "runtime:cap75"-
#758946	REDUCE cov: 1080 ft: 3040 corp: 620/103Kb lim: 4096 exec/s: 9486 rss: 486Mb L: 356/3880 MS: 2 EraseBytes-CopyPart-
#762608	REDUCE cov: 1080 ft: 3040 corp: 620/103Kb lim: 4096 exec/s: 9532 rss: 486Mb L: 1453/3880 MS: 2 ChangeBit-CrossOver-
#768471	REDUCE cov: 1080 ft: 3040 corp: 620/103Kb lim: 4096 exec/s: 9487 rss: 486Mb L: 310/3880 MS: 3 EraseBytes-ChangeBit-CMP- DE: "\377\377\377\377\377\377\377\007"-
#769773	REDUCE cov: 1080 ft: 3040 corp: 620/103Kb lim: 4096 exec/s: 9503 rss: 486Mb L: 83/3880 MS: 2 ChangeBit-EraseBytes-
#770724	REDUCE cov: 1080 ft: 3040 corp: 620/103Kb lim: 4096 exec/s: 9515 rss: 486Mb L: 80/3880 MS: 1 EraseBytes-
#771057	REDUCE cov: 1080 ft: 3040 corp: 620/103Kb lim: 4096 exec/s: 9519 rss: 486Mb L: 160/3880 MS: 3 CopyPart-ChangeBinInt-EraseBytes-
#771069	REDUCE cov: 1080 ft: 3040 corp: 620/103Kb lim: 4096 exec/s: 9519 rss: 486Mb L: 354/3880 MS: 2 CopyPart-EraseBytes-
#771840	REDUCE cov: 1080 ft: 3040 corp: 620/103Kb lim: 4096 exec/s: 9528 rss: 486Mb L: 1394/3880 MS: 1 EraseBytes-
#771996	REDUCE cov: 1080 ft: 3040 corp: 620/103Kb lim: 4096 exec/s: 9530 rss: 486Mb L: 189/3880 MS: 1 EraseBytes-
#774344	REDUCE cov: 1080 ft: 3040 corp: 620/103Kb lim: 4096 exec/s: 9443 rss: 486Mb L: 30/3880 MS: 3 ShuffleBytes-ChangeBinInt-EraseBytes-
#774845	REDUCE cov: 1080 ft: 3040 corp: 620/103Kb lim: 4096 exec/s: 9449 rss: 486Mb L: 75/3880 MS: 1 EraseBytes-
#775482	REDUCE cov: 1080 ft: 3040 corp: 620/103Kb lim: 4096 exec/s: 9457 rss: 486Mb L: 1345/3880 MS: 2 CMP-EraseBytes- DE: "\001\000\000\000\000\000\000:"-
#776273	REDUCE cov: 1080 ft: 3040 corp: 620/103Kb lim: 4096 exec/s: 9466 rss: 486Mb L: 252/3880 MS: 1 EraseBytes-
#780601	REDUCE cov: 1080 ft: 3040 corp: 620/103Kb lim: 4096 exec/s: 9519 rss: 486Mb L: 20/3880 MS: 2 CopyPart-EraseBytes-
#786387	REDUCE cov: 1080 ft: 3040 corp: 620/103Kb lim: 4096 exec/s: 9474 rss: 486Mb L: 36/3880 MS: 1 EraseBytes-
#788723	REDUCE cov: 1080 ft: 3040 corp: 620/103Kb lim: 4096 exec/s: 9502 rss: 486Mb L: 86/3880 MS: 1 EraseBytes-
#796030	REDUCE cov: 1080 ft: 3040 corp: 620/103Kb lim: 4096 exec/s: 9476 rss: 486Mb L: 41/3880 MS: 2 EraseBytes-CopyPart-
#800696	REDUCE cov: 1080 ft: 3040 corp: 620/103Kb lim: 4096 exec/s: 9419 rss: 486Mb L: 248/3880 MS: 1 EraseBytes-
#801168	REDUCE cov: 1080 ft: 3040 corp: 620/103Kb lim: 4096 exec/s: 9425 rss: 486Mb L: 81/3880 MS: 2 ChangeBinInt-EraseBytes-
#803154	REDUCE cov: 1080 ft: 3040 corp: 620/103Kb lim: 4096 exec/s: 9448 rss: 486Mb L: 150/3880 MS: 1 EraseBytes-
#803580	REDUCE cov: 1080 ft: 3040 corp: 620/103Kb lim: 4096 exec/s: 9453 rss: 486Mb L: 54/3880 MS: 1 EraseBytes-
#805996	REDUCE cov: 1080 ft: 3040 corp: 620/103Kb lim: 4096 exec/s: 9482 rss: 486Mb L: 31/3880 MS: 1 EraseBytes-
#806517	REDUCE cov: 1080 ft: 3040 corp: 620/103Kb lim: 4096 exec/s: 9488 rss: 486Mb L: 611/3880 MS: 1 EraseBytes-
#808279	REDUCE cov: 1080 ft: 3040 corp: 620/103Kb lim: 4096 exec/s: 9509 rss: 486Mb L: 77/3880 MS: 2 ChangeByte-EraseBytes-
#808830	REDUCE cov: 1080 ft: 3040 corp: 620/103Kb lim: 4096 exec/s: 9515 rss: 486Mb L: 73/3880 MS: 1 EraseBytes-
#809231	REDUCE cov: 1080 ft: 3040 corp: 620/103Kb lim: 4096 exec/s: 9520 rss: 486Mb L: 205/3880 MS: 1 EraseBytes-
#809377	REDUCE cov: 1080 ft: 3040 corp: 620/103Kb lim: 4096 exec/s: 9411 rss: 486Mb L: 24/3880 MS: 1 EraseBytes-
#810098	REDUCE cov: 1080 ft: 3040 corp: 620/103Kb lim: 4096 exec/s: 9419 rss: 486Mb L: 3778/3778 MS: 1 EraseBytes-
#812300	REDUCE cov: 1080 ft: 3040 corp: 620/103Kb lim: 4096 exec/s: 9445 rss: 486Mb L: 74/3778 MS: 2 ChangeByte-EraseBytes-
#812613	REDUCE cov: 1080 ft: 3040 corp: 620/102Kb lim: 4096 exec/s: 9448 rss: 486Mb L: 1118/3778 MS: 3 ChangeBinInt-CopyPart-EraseBytes-
#817395	REDUCE cov: 1080 ft: 3040 corp: 620/102Kb lim: 4096 exec/s: 9504 rss: 486Mb L: 1330/3778 MS: 1 EraseBytes-
#824761	REDUCE cov: 1080 ft: 3040 corp: 620/102Kb lim: 4096 exec/s: 9480 rss: 486Mb L: 202/3778 MS: 1 EraseBytes-
#827389	REDUCE cov: 1080 ft: 3040 corp: 620/102Kb lim: 4096 exec/s: 9402 rss: 486Mb L: 440/3778 MS: 3 InsertByte-InsertByte-EraseBytes-
#828505	REDUCE cov: 1080 ft: 3040 corp: 620/102Kb lim: 4096 exec/s: 9414 rss: 486Mb L: 63/3778 MS: 1 EraseBytes-
#830441	REDUCE cov: 1080 ft: 3040 corp: 620/102Kb lim: 4096 exec/s: 9436 rss: 486Mb L: 199/3778 MS: 1 EraseBytes-
#831356	REDUCE cov: 1080 ft: 3040 corp: 620/102Kb lim: 4096 exec/s: 9447 rss: 486Mb L: 277/3778 MS: 5 EraseBytes-ChangeBinInt-InsertByte-InsertByte-InsertByte-
#831412	REDUCE cov: 1080 ft: 3040 corp: 620/102Kb lim: 4096 exec/s: 9447 rss: 486Mb L: 186/3778 MS: 1 EraseBytes-
#831425	REDUCE cov: 1080 ft: 3040 corp: 620/102Kb lim: 4096 exec/s: 9448 rss: 486Mb L: 31/3778 MS: 3 ChangeBit-ChangeBinInt-EraseBytes-
#841260	REDUCE cov: 1080 ft: 3040 corp: 620/102Kb lim: 4096 exec/s: 9452 rss: 486Mb L: 82/3778 MS: 5 EraseBytes-ChangeByte-CopyPart-CopyPart-InsertByte-
#842176	REDUCE cov: 1080 ft: 3040 corp: 620/102Kb lim: 4096 exec/s: 9462 rss: 486Mb L: 891/3778 MS: 1 EraseBytes-
#842270	REDUCE cov: 1080 ft: 3040 corp: 620/102Kb lim: 4096 exec/s: 9463 rss: 486Mb L: 498/3778 MS: 4 ChangeBit-ChangeBit-ChangeByte-EraseBytes-
#844631	REDUCE cov: 1080 ft: 3040 corp: 620/102Kb lim: 4096 exec/s: 9490 rss: 486Mb L: 49/3778 MS: 1 EraseBytes-
#849668	REDUCE cov: 1080 ft: 3040 corp: 620/102Kb lim: 4096 exec/s: 9440 rss: 486Mb L: 355/3778 MS: 2 ShuffleBytes-EraseBytes-
#855950	REDUCE cov: 1080 ft: 3040 corp: 620/102Kb lim: 4096 exec/s: 9406 rss: 486Mb L: 319/3778 MS: 2 CMP-EraseBytes- DE: "\000{"-
#859152	REDUCE cov: 1080 ft: 3040 corp: 620/102Kb lim: 4096 exec/s: 9441 rss: 486Mb L: 898/3778 MS: 2 ChangeBinInt-EraseBytes-
#859205	REDUCE cov: 1080 ft: 3040 corp: 620/102Kb lim: 4096 exec/s: 9441 rss: 486Mb L: 51/3778 MS: 3 CopyPart-ChangeByte-EraseBytes-
#866230	REDUCE cov: 1080 ft: 3040 corp: 620/102Kb lim: 4096 exec/s: 9415 rss: 486Mb L: 603/3778 MS: 5 CMP-ChangeBit-EraseBytes-EraseBytes-CopyPart- DE: "0\000"-
#867284	REDUCE cov: 1080 ft: 3040 corp: 620/102Kb lim: 4096 exec/s: 9427 rss: 486Mb L: 62/3778 MS: 4 ChangeBinInt-EraseBytes-ChangeByte-CrossOver-
#876650	REDUCE cov: 1080 ft: 3040 corp: 620/102Kb lim: 4096 exec/s: 9426 rss: 486Mb L: 19/3778 MS: 1 EraseBytes-
#878080	REDUCE cov: 1080 ft: 3040 corp: 620/102Kb lim: 4096 exec/s: 9441 rss: 486Mb L: 3720/3720 MS: 5 EraseBytes-ShuffleBytes-ChangeByte-ShuffleBytes-CopyPart-
#880872	NEW    cov: 1080 ft: 3041 corp: 621/103Kb lim: 4096 exec/s: 9370 rss: 486Mb L: 988/3720 MS: 2 ShuffleBytes-InsertByte-
#889933	REDUCE cov: 1080 ft: 3041 corp: 621/103Kb lim: 4096 exec/s: 9367 rss: 486Mb L: 675/3720 MS: 1 EraseBytes-
#890880	REDUCE cov: 1080 ft: 3041 corp: 621/103Kb lim: 4096 exec/s: 9377 rss: 486Mb L: 846/3720 MS: 2 InsertRepeatedBytes-EraseBytes-
#893576	REDUCE cov: 1080 ft: 3041 corp: 621/103Kb lim: 4096 exec/s: 9406 rss: 486Mb L: 31/3720 MS: 1 EraseBytes-
#893932	REDUCE cov: 1080 ft: 3041 corp: 621/103Kb lim: 4096 exec/s: 9409 rss: 486Mb L: 178/3720 MS: 1 EraseBytes-
#895438	REDUCE cov: 1080 ft: 3041 corp: 621/103Kb lim: 4096 exec/s: 9425 rss: 486Mb L: 586/3720 MS: 1 EraseBytes-
#899748	REDUCE cov: 1080 ft: 3041 corp: 621/103Kb lim: 4096 exec/s: 9372 rss: 486Mb L: 3668/3677 MS: 5 ShuffleBytes-ChangeByte-EraseBytes-CopyPart-CopyPart-
#901964	REDUCE cov: 1080 ft: 3041 corp: 621/103Kb lim: 4096 exec/s: 9395 rss: 486Mb L: 376/3677 MS: 1 EraseBytes-
#908122	REDUCE cov: 1080 ft: 3041 corp: 621/103Kb lim: 4096 exec/s: 9362 rss: 486Mb L: 23/3677 MS: 3 CopyPart-ChangeBit-EraseBytes-
#918244	REDUCE cov: 1080 ft: 3041 corp: 621/103Kb lim: 4096 exec/s: 9369 rss: 486Mb L: 122/3677 MS: 2 EraseBytes-CopyPart-
#920501	REDUCE cov: 1080 ft: 3041 corp: 621/103Kb lim: 4096 exec/s: 9392 rss: 486Mb L: 46/3677 MS: 2 ShuffleBytes-EraseBytes-
#923282	REDUCE cov: 1080 ft: 3041 corp: 621/103Kb lim: 4096 exec/s: 9421 rss: 486Mb L: 31/3677 MS: 1 EraseBytes-
#923346	REDUCE cov: 1080 ft: 3041 corp: 621/103Kb lim: 4096 exec/s: 9421 rss: 486Mb L: 60/3677 MS: 4 ChangeByte-ChangeBit-ChangeByte-EraseBytes-
#925978	REDUCE cov: 1080 ft: 3041 corp: 621/103Kb lim: 4096 exec/s: 9353 rss: 486Mb L: 45/3677 MS: 2 EraseBytes-CrossOver-
#926631	REDUCE cov: 1080 ft: 3041 corp: 621/103Kb lim: 4096 exec/s: 9359 rss: 486Mb L: 185/3677 MS: 3 CMP-ShuffleBytes-EraseBytes- DE: "runtime:cap24"-
#927653	REDUCE cov: 1080 ft: 3041 corp: 621/103Kb lim: 4096 exec/s: 9370 rss: 486Mb L: 99/3677 MS: 2 ChangeBinInt-EraseBytes-
#928946	REDUCE cov: 1080 ft: 3041 corp: 621/103Kb lim: 4096 exec/s: 9383 rss: 486Mb L: 1114/3677 MS: 3 CrossOver-ChangeBit-EraseBytes-
#937098	REDUCE cov: 1080 ft: 3041 corp: 621/103Kb lim: 4096 exec/s: 9370 rss: 486Mb L: 219/3677 MS: 2 CrossOver-EraseBytes-
#938060	REDUCE cov: 1080 ft: 3041 corp: 621/103Kb lim: 4096 exec/s: 9380 rss: 486Mb L: 84/3677 MS: 2 CopyPart-EraseBytes-
#940743	REDUCE cov: 1080 ft: 3041 corp: 621/103Kb lim: 4096 exec/s: 9314 rss: 486Mb L: 43/3677 MS: 3 InsertByte-ChangeByte-EraseBytes-
#941609	REDUCE cov: 1080 ft: 3041 corp: 621/103Kb lim: 4096 exec/s: 9322 rss: 486Mb L: 494/3677 MS: 1 EraseBytes-
#942345	REDUCE cov: 1080 ft: 3041 corp: 621/103Kb lim: 4096 exec/s: 9330 rss: 486Mb L: 331/3677 MS: 1 EraseBytes-
#943386	REDUCE cov: 1080 ft: 3041 corp: 621/103Kb lim: 4096 exec/s: 9340 rss: 486Mb L: 206/3677 MS: 1 EraseBytes-
#945778	REDUCE cov: 1080 ft: 3041 corp: 621/103Kb lim: 4096 exec/s: 9364 rss: 486Mb L: 81/3677 MS: 1 EraseBytes-
#946705	REDUCE cov: 1080 ft: 3041 corp: 621/103Kb lim: 4096 exec/s: 9373 rss: 486Mb L: 176/3677 MS: 2 EraseBytes-CrossOver-
#949296	REDUCE cov: 1080 ft: 3041 corp: 621/103Kb lim: 4096 exec/s: 9306 rss: 486Mb L: 250/3677 MS: 1 EraseBytes-
#953497	REDUCE cov: 1080 ft: 3041 corp: 621/103Kb lim: 4096 exec/s: 9348 rss: 486Mb L: 68/3677 MS: 1 EraseBytes-
#958289	REDUCE cov: 1080 ft: 3041 corp: 621/103Kb lim: 4096 exec/s: 9303 rss: 486Mb L: 2335/3677 MS: 2 EraseBytes-CopyPart-
#961585	REDUCE cov: 1080 ft: 3041 corp: 621/103Kb lim: 4096 exec/s: 9335 rss: 486Mb L: 121/3677 MS: 1 EraseBytes-
#974663	REDUCE cov: 1080 ft: 3041 corp: 621/103Kb lim: 4096 exec/s: 9371 rss: 486Mb L: 353/3677 MS: 3 InsertByte-ChangeBinInt-EraseBytes-
#981151	REDUCE cov: 1080 ft: 3041 corp: 621/103Kb lim: 4096 exec/s: 9344 rss: 486Mb L: 144/3677 MS: 3 CopyPart-CopyPart-EraseBytes-
#982338	REDUCE cov: 1080 ft: 3041 corp: 621/103Kb lim: 4096 exec/s: 9355 rss: 486Mb L: 2309/3677 MS: 2 ShuffleBytes-EraseBytes-
#985515	REDUCE cov: 1080 ft: 3041 corp: 621/103Kb lim: 4096 exec/s: 9385 rss: 486Mb L: 174/3677 MS: 2 InsertByte-EraseBytes-
#993121	REDUCE cov: 1080 ft: 3041 corp: 621/103Kb lim: 4096 exec/s: 9369 rss: 486Mb L: 189/3677 MS: 1 EraseBytes-
#994972	REDUCE cov: 1080 ft: 3041 corp: 621/103Kb lim: 4096 exec/s: 9298 rss: 486Mb L: 30/3677 MS: 1 EraseBytes-
#995104	REDUCE cov: 1080 ft: 3041 corp: 621/103Kb lim: 4096 exec/s: 9300 rss: 486Mb L: 57/3677 MS: 2 ShuffleBytes-EraseBytes-
#1001839	REDUCE cov: 1080 ft: 3041 corp: 621/103Kb lim: 4096 exec/s: 9362 rss: 486Mb L: 662/3677 MS: 5 PersAutoDict-InsertRepeatedBytes-CMP-EraseBytes-CopyPart- DE: "\001\000\000\004"-"runtime:cap75"-
#1003491	REDUCE cov: 1080 ft: 3041 corp: 621/103Kb lim: 4096 exec/s: 9378 rss: 486Mb L: 65/3677 MS: 2 ChangeByte-EraseBytes-
#1006799	REDUCE cov: 1080 ft: 3041 corp: 621/103Kb lim: 4096 exec/s: 9322 rss: 486Mb L: 55/3677 MS: 3 CopyPart-ChangeBinInt-EraseBytes-
#1010285	REDUCE cov: 1080 ft: 3041 corp: 621/103Kb lim: 4096 exec/s: 9354 rss: 486Mb L: 481/3677 MS: 5 ShuffleBytes-CopyPart-ChangeASCIIInt-ShuffleBytes-EraseBytes-
#1024321	REDUCE cov: 1080 ft: 3041 corp: 621/103Kb lim: 4096 exec/s: 9312 rss: 486Mb L: 84/3677 MS: 1 EraseBytes-
#1025472	REDUCE cov: 1080 ft: 3041 corp: 621/103Kb lim: 4096 exec/s: 9322 rss: 486Mb L: 60/3677 MS: 1 EraseBytes-
#1026534	REDUCE cov: 1080 ft: 3041 corp: 621/103Kb lim: 4096 exec/s: 9332 rss: 486Mb L: 27/3677 MS: 2 CopyPart-EraseBytes-
#1029895	REDUCE cov: 1080 ft: 3041 corp: 621/103Kb lim: 4096 exec/s: 9362 rss: 486Mb L: 88/3677 MS: 1 EraseBytes-
#1030783	REDUCE cov: 1080 ft: 3041 corp: 621/103Kb lim: 4096 exec/s: 9370 rss: 486Mb L: 363/3677 MS: 3 ChangeASCIIInt-ChangeASCIIInt-EraseBytes-
#1032399	REDUCE cov: 1080 ft: 3041 corp: 621/103Kb lim: 4096 exec/s: 9300 rss: 486Mb L: 29/3677 MS: 1 EraseBytes-
#1032638	REDUCE cov: 1080 ft: 3041 corp: 621/103Kb lim: 4096 exec/s: 9303 rss: 486Mb L: 66/3677 MS: 4 ShuffleBytes-EraseBytes-ChangeBit-CopyPart-
#1033099	REDUCE cov: 1080 ft: 3041 corp: 621/103Kb lim: 4096 exec/s: 9307 rss: 486Mb L: 174/3677 MS: 1 EraseBytes-
#1033411	REDUCE cov: 1080 ft: 3041 corp: 621/103Kb lim: 4096 exec/s: 9310 rss: 486Mb L: 1438/3677 MS: 2 ChangeASCIIInt-EraseBytes-
#1035150	REDUCE cov: 1080 ft: 3041 corp: 621/103Kb lim: 4096 exec/s: 9325 rss: 486Mb L: 2247/3677 MS: 4 PersAutoDict-ChangeBit-ShuffleBytes-CrossOver- DE: "`\000"-
#1035471	REDUCE cov: 1080 ft: 3041 corp: 621/103Kb lim: 4096 exec/s: 9328 rss: 486Mb L: 319/3677 MS: 1 EraseBytes-
#1036278	REDUCE cov: 1080 ft: 3041 corp: 621/103Kb lim: 4096 exec/s: 9335 rss: 486Mb L: 70/3677 MS: 2 InsertByte-EraseBytes-
#1042614	REDUCE cov: 1080 ft: 3041 corp: 621/103Kb lim: 4096 exec/s: 9309 rss: 486Mb L: 313/3677 MS: 1 EraseBytes-
#1044461	REDUCE cov: 1080 ft: 3041 corp: 621/103Kb lim: 4096 exec/s: 9325 rss: 486Mb L: 3468/3677 MS: 2 PersAutoDict-EraseBytes- DE: "\000\000"-
#1045273	REDUCE cov: 1080 ft: 3041 corp: 621/103Kb lim: 4096 exec/s: 9332 rss: 486Mb L: 79/3677 MS: 2 PersAutoDict-EraseBytes- DE: "\000{"-
#1048576	pulse  cov: 1080 ft: 3041 corp: 621/103Kb lim: 4096 exec/s: 9362 rss: 486Mb
#1052954	REDUCE cov: 1080 ft: 3041 corp: 621/103Kb lim: 4096 exec/s: 9318 rss: 486Mb L: 32/3677 MS: 1 EraseBytes-
#1053145	REDUCE cov: 1080 ft: 3041 corp: 621/103Kb lim: 4096 exec/s: 9319 rss: 486Mb L: 186/3677 MS: 1 EraseBytes-
#1056272	REDUCE cov: 1080 ft: 3041 corp: 621/103Kb lim: 4096 exec/s: 9347 rss: 486Mb L: 1683/3677 MS: 2 ChangeByte-EraseBytes-
#1066608	REDUCE cov: 1080 ft: 3041 corp: 621/103Kb lim: 4096 exec/s: 9274 rss: 486Mb L: 24/3677 MS: 1 EraseBytes-
#1071390	REDUCE cov: 1080 ft: 3041 corp: 621/103Kb lim: 4096 exec/s: 9316 rss: 486Mb L: 510/3677 MS: 2 ChangeASCIIInt-EraseBytes-
#1076277	REDUCE cov: 1080 ft: 3041 corp: 621/103Kb lim: 4096 exec/s: 9278 rss: 486Mb L: 445/3677 MS: 2 CrossOver-EraseBytes-
#1079899	REDUCE cov: 1080 ft: 3041 corp: 621/103Kb lim: 4096 exec/s: 9309 rss: 486Mb L: 30/3677 MS: 2 ShuffleBytes-EraseBytes-
#1080779	REDUCE cov: 1080 ft: 3041 corp: 621/103Kb lim: 4096 exec/s: 9317 rss: 486Mb L: 129/3677 MS: 5 InsertByte-CopyPart-ChangeBit-ShuffleBytes-EraseBytes-
#1085666	REDUCE cov: 1080 ft: 3041 corp: 621/103Kb lim: 4096 exec/s: 9279 rss: 486Mb L: 156/3677 MS: 2 PersAutoDict-EraseBytes- DE: "0\000"-
#1091047	REDUCE cov: 1080 ft: 3041 corp: 621/103Kb lim: 4096 exec/s: 9325 rss: 486Mb L: 25/3677 MS: 1 EraseBytes-
#1091534	REDUCE cov: 1080 ft: 3041 corp: 621/102Kb lim: 4096 exec/s: 9329 rss: 486Mb L: 2425/3677 MS: 2 CopyPart-EraseBytes-
#1097493	REDUCE cov: 1080 ft: 3041 corp: 621/102Kb lim: 4096 exec/s: 9300 rss: 486Mb L: 84/3677 MS: 4 InsertByte-InsertByte-EraseBytes-CopyPart-
#1097975	REDUCE cov: 1080 ft: 3041 corp: 621/102Kb lim: 4096 exec/s: 9304 rss: 486Mb L: 18/3677 MS: 2 ChangeByte-EraseBytes-
#1100606	REDUCE cov: 1080 ft: 3041 corp: 621/102Kb lim: 4096 exec/s: 9248 rss: 486Mb L: 156/3677 MS: 1 EraseBytes-
#1100796	REDUCE cov: 1080 ft: 3041 corp: 621/102Kb lim: 4096 exec/s: 9250 rss: 486Mb L: 307/3677 MS: 5 ChangeASCIIInt-ChangeByte-PersAutoDict-CopyPart-EraseBytes- DE: "\000\000\000\000"-
#1100797	REDUCE cov: 1080 ft: 3041 corp: 621/102Kb lim: 4096 exec/s: 9250 rss: 486Mb L: 1031/3677 MS: 1 EraseBytes-
#1105282	NEW    cov: 1080 ft: 3042 corp: 622/103Kb lim: 4096 exec/s: 9288 rss: 486Mb L: 918/3677 MS: 5 ChangeBit-ChangeBinInt-InsertByte-CopyPart-ChangeByte-
#1108338	REDUCE cov: 1080 ft: 3042 corp: 622/103Kb lim: 4096 exec/s: 9313 rss: 486Mb L: 759/3677 MS: 1 EraseBytes-
#1108729	REDUCE cov: 1080 ft: 3042 corp: 622/103Kb lim: 4096 exec/s: 9317 rss: 486Mb L: 48/3677 MS: 1 EraseBytes-
#1119845	REDUCE cov: 1080 ft: 3042 corp: 622/103Kb lim: 4096 exec/s: 9254 rss: 486Mb L: 26/3677 MS: 1 EraseBytes-
#1120241	REDUCE cov: 1080 ft: 3042 corp: 622/103Kb lim: 4096 exec/s: 9258 rss: 486Mb L: 118/3677 MS: 1 EraseBytes-
#1121332	REDUCE cov: 1080 ft: 3042 corp: 622/103Kb lim: 4096 exec/s: 9267 rss: 486Mb L: 148/3677 MS: 1 EraseBytes-
#1127564	REDUCE cov: 1080 ft: 3042 corp: 622/103Kb lim: 4096 exec/s: 9242 rss: 486Mb L: 40/3677 MS: 2 ChangeBinInt-EraseBytes-
#1131678	REDUCE cov: 1080 ft: 3042 corp: 622/103Kb lim: 4096 exec/s: 9276 rss: 486Mb L: 44/3677 MS: 4 EraseBytes-ChangeBit-CopyPart-ShuffleBytes-
#1132824	REDUCE cov: 1080 ft: 3042 corp: 622/103Kb lim: 4096 exec/s: 9285 rss: 486Mb L: 10/3677 MS: 1 EraseBytes-
#1135047	REDUCE cov: 1080 ft: 3042 corp: 622/103Kb lim: 4096 exec/s: 9228 rss: 486Mb L: 177/3677 MS: 3 ChangeByte-ChangeASCIIInt-EraseBytes-
#1137419	REDUCE cov: 1080 ft: 3042 corp: 622/103Kb lim: 4096 exec/s: 9247 rss: 486Mb L: 2133/3677 MS: 2 EraseBytes-CopyPart-
#1137450	REDUCE cov: 1080 ft: 3042 corp: 622/103Kb lim: 4096 exec/s: 9247 rss: 486Mb L: 1250/3677 MS: 1 EraseBytes-
#1139021	REDUCE cov: 1080 ft: 3042 corp: 622/103Kb lim: 4096 exec/s: 9260 rss: 486Mb L: 917/3677 MS: 1 EraseBytes-
#1140224	REDUCE cov: 1080 ft: 3042 corp: 622/103Kb lim: 4096 exec/s: 9270 rss: 486Mb L: 309/3677 MS: 3 InsertByte-ChangeBit-EraseBytes-
#1144890	REDUCE cov: 1080 ft: 3042 corp: 622/103Kb lim: 4096 exec/s: 9232 rss: 486Mb L: 507/3677 MS: 1 EraseBytes-
#1147077	REDUCE cov: 1080 ft: 3042 corp: 622/103Kb lim: 4096 exec/s: 9250 rss: 486Mb L: 90/3677 MS: 2 InsertByte-EraseBytes-
#1147532	REDUCE cov: 1080 ft: 3042 corp: 622/103Kb lim: 4096 exec/s: 9254 rss: 486Mb L: 1096/3677 MS: 5 ShuffleBytes-ChangeBit-InsertByte-CrossOver-EraseBytes-
#1153593	REDUCE cov: 1080 ft: 3042 corp: 622/103Kb lim: 4096 exec/s: 9228 rss: 486Mb L: 753/3677 MS: 1 EraseBytes-
#1157149	REDUCE cov: 1080 ft: 3042 corp: 622/103Kb lim: 4096 exec/s: 9257 rss: 486Mb L: 103/3677 MS: 1 EraseBytes-
#1160196	REDUCE cov: 1080 ft: 3042 corp: 622/103Kb lim: 4096 exec/s: 9207 rss: 486Mb L: 1548/3677 MS: 2 ChangeASCIIInt-EraseBytes-
#1163149	REDUCE cov: 1080 ft: 3042 corp: 622/103Kb lim: 4096 exec/s: 9231 rss: 486Mb L: 1068/3677 MS: 3 InsertRepeatedBytes-ChangeByte-EraseBytes-
#1169840	REDUCE cov: 1080 ft: 3042 corp: 622/103Kb lim: 4096 exec/s: 9211 rss: 487Mb L: 64/3677 MS: 1 EraseBytes-
#1172562	REDUCE cov: 1080 ft: 3042 corp: 622/103Kb lim: 4096 exec/s: 9232 rss: 487Mb L: 2421/3677 MS: 2 CopyPart-EraseBytes-
#1175998	REDUCE cov: 1080 ft: 3042 corp: 622/103Kb lim: 4096 exec/s: 9259 rss: 487Mb L: 17/3677 MS: 1 EraseBytes-
#1176284	REDUCE cov: 1080 ft: 3042 corp: 622/103Kb lim: 4096 exec/s: 9262 rss: 487Mb L: 27/3677 MS: 1 EraseBytes-
#1178515	REDUCE cov: 1080 ft: 3042 corp: 622/103Kb lim: 4096 exec/s: 9207 rss: 487Mb L: 1044/3677 MS: 1 EraseBytes-
#1179471	REDUCE cov: 1080 ft: 3042 corp: 622/103Kb lim: 4096 exec/s: 9214 rss: 487Mb L: 660/3677 MS: 1 EraseBytes-
#1188082	REDUCE cov: 1080 ft: 3042 corp: 622/103Kb lim: 4096 exec/s: 9209 rss: 487Mb L: 66/3677 MS: 1 EraseBytes-
#1198403	REDUCE cov: 1080 ft: 3042 corp: 622/103Kb lim: 4096 exec/s: 9218 rss: 487Mb L: 200/3677 MS: 1 EraseBytes-
#1200320	REDUCE cov: 1080 ft: 3042 corp: 622/103Kb lim: 4096 exec/s: 9233 rss: 487Mb L: 556/3677 MS: 2 ChangeBit-EraseBytes-
#1208077	REDUCE cov: 1080 ft: 3042 corp: 622/103Kb lim: 4096 exec/s: 9221 rss: 487Mb L: 146/3677 MS: 2 ChangeBit-EraseBytes-
#1208146	REDUCE cov: 1080 ft: 3042 corp: 622/103Kb lim: 4096 exec/s: 9222 rss: 487Mb L: 555/3677 MS: 4 EraseBytes-CopyPart-ChangeBit-EraseBytes-
#1208451	REDUCE cov: 1080 ft: 3042 corp: 622/103Kb lim: 4096 exec/s: 9224 rss: 487Mb L: 17/3677 MS: 5 InsertByte-CopyPart-EraseBytes-CopyPart-InsertByte-
#1208558	REDUCE cov: 1080 ft: 3042 corp: 622/103Kb lim: 4096 exec/s: 9225 rss: 487Mb L: 116/3677 MS: 2 ChangeBinInt-EraseBytes-
#1213887	REDUCE cov: 1080 ft: 3042 corp: 622/103Kb lim: 4096 exec/s: 9196 rss: 487Mb L: 709/3677 MS: 3 ChangeByte-CrossOver-EraseBytes-
#1226720	REDUCE cov: 1080 ft: 3042 corp: 622/103Kb lim: 4096 exec/s: 9223 rss: 487Mb L: 2390/3677 MS: 3 ChangeBit-EraseBytes-CopyPart-
#1233241	REDUCE cov: 1080 ft: 3042 corp: 622/103Kb lim: 4096 exec/s: 9203 rss: 487Mb L: 245/3677 MS: 1 EraseBytes-
#1238797	REDUCE cov: 1080 ft: 3042 corp: 622/103Kb lim: 4096 exec/s: 9176 rss: 487Mb L: 310/3677 MS: 1 EraseBytes-
#1239838	REDUCE cov: 1080 ft: 3042 corp: 622/103Kb lim: 4096 exec/s: 9183 rss: 487Mb L: 86/3677 MS: 1 EraseBytes-
#1245986	REDUCE cov: 1080 ft: 3042 corp: 622/103Kb lim: 4096 exec/s: 9161 rss: 487Mb L: 552/3677 MS: 3 ChangeASCIIInt-PersAutoDict-EraseBytes- DE: "\000\000"-
#1258713	REDUCE cov: 1080 ft: 3042 corp: 622/103Kb lim: 4096 exec/s: 9187 rss: 487Mb L: 393/3677 MS: 2 ChangeBit-EraseBytes-
#1259141	REDUCE cov: 1080 ft: 3042 corp: 622/103Kb lim: 4096 exec/s: 9190 rss: 487Mb L: 67/3677 MS: 3 CopyPart-PersAutoDict-EraseBytes- DE: "\001\000\000\000\000\000\000:"-
#1267832	REDUCE cov: 1080 ft: 3042 corp: 622/103Kb lim: 4096 exec/s: 9187 rss: 487Mb L: 497/3677 MS: 1 EraseBytes-
#1268448	REDUCE cov: 1080 ft: 3042 corp: 622/103Kb lim: 4096 exec/s: 9191 rss: 487Mb L: 415/3677 MS: 1 EraseBytes-
#1275549	REDUCE cov: 1080 ft: 3042 corp: 622/103Kb lim: 4096 exec/s: 9176 rss: 487Mb L: 695/3677 MS: 1 EraseBytes-
#1277737	REDUCE cov: 1080 ft: 3042 corp: 622/103Kb lim: 4096 exec/s: 9192 rss: 487Mb L: 517/3677 MS: 3 CMP-ChangeBinInt-EraseBytes- DE: ".meta"-
#1281584	REDUCE cov: 1080 ft: 3042 corp: 622/103Kb lim: 4096 exec/s: 9154 rss: 487Mb L: 670/3677 MS: 2 InsertRepeatedBytes-EraseBytes-
#1282340	REDUCE cov: 1080 ft: 3042 corp: 622/103Kb lim: 4096 exec/s: 9159 rss: 487Mb L: 26/3677 MS: 1 EraseBytes-
#1285375	REDUCE cov: 1080 ft: 3042 corp: 622/103Kb lim: 4096 exec/s: 9181 rss: 487Mb L: 1675/3677 MS: 4 ChangeBit-InsertByte-InsertByte-EraseBytes-
#1291752	REDUCE cov: 1080 ft: 3042 corp: 622/103Kb lim: 4096 exec/s: 9161 rss: 487Mb L: 306/3677 MS: 2 ShuffleBytes-EraseBytes-
#1292764	REDUCE cov: 1080 ft: 3042 corp: 622/103Kb lim: 4096 exec/s: 9168 rss: 487Mb L: 63/3677 MS: 2 ChangeASCIIInt-EraseBytes-
#1293978	REDUCE cov: 1080 ft: 3042 corp: 622/103Kb lim: 4096 exec/s: 9177 rss: 487Mb L: 19/3677 MS: 4 PersAutoDict-EraseBytes-PersAutoDict-PersAutoDict- DE: "\000\000"-"_\000\000\000"-"_\000\000\000"-
#1299454	REDUCE cov: 1080 ft: 3042 corp: 622/103Kb lim: 4096 exec/s: 9151 rss: 487Mb L: 54/3677 MS: 1 EraseBytes-
#1302617	REDUCE cov: 1080 ft: 3042 corp: 622/103Kb lim: 4096 exec/s: 9173 rss: 487Mb L: 197/3677 MS: 3 ChangeASCIIInt-EraseBytes-CopyPart-
#1303569	REDUCE cov: 1080 ft: 3042 corp: 622/103Kb lim: 4096 exec/s: 9180 rss: 487Mb L: 639/3677 MS: 2 PersAutoDict-EraseBytes- DE: ".meta"-
#1309366	REDUCE cov: 1080 ft: 3042 corp: 622/103Kb lim: 4096 exec/s: 9156 rss: 487Mb L: 39/3677 MS: 2 EraseBytes-CopyPart-
#1311742	REDUCE cov: 1080 ft: 3042 corp: 622/103Kb lim: 4096 exec/s: 9173 rss: 487Mb L: 40/3677 MS: 1 EraseBytes-
#1315110	REDUCE cov: 1080 ft: 3042 corp: 622/103Kb lim: 4096 exec/s: 9132 rss: 487Mb L: 1664/3677 MS: 3 InsertByte-EraseBytes-CopyPart-
#1316041	REDUCE cov: 1080 ft: 3042 corp: 622/103Kb lim: 4096 exec/s: 9139 rss: 487Mb L: 35/3677 MS: 1 EraseBytes-
#1317758	REDUCE cov: 1080 ft: 3042 corp: 622/103Kb lim: 4096 exec/s: 9151 rss: 487Mb L: 144/3677 MS: 2 ChangeASCIIInt-EraseBytes-
#1321876	REDUCE cov: 1080 ft: 3042 corp: 622/103Kb lim: 4096 exec/s: 9179 rss: 487Mb L: 451/3677 MS: 3 ChangeBit-ChangeByte-EraseBytes-
#1326083	REDUCE cov: 1080 ft: 3042 corp: 622/103Kb lim: 4096 exec/s: 9145 rss: 487Mb L: 23/3677 MS: 2 CMP-EraseBytes- DE: "runtime:cap11"-
#1329889	REDUCE cov: 1080 ft: 3047 corp: 623/103Kb lim: 4096 exec/s: 9171 rss: 487Mb L: 48/3677 MS: 1 CopyPart-
#1336610	REDUCE cov: 1080 ft: 3047 corp: 623/103Kb lim: 4096 exec/s: 9154 rss: 487Mb L: 18/3677 MS: 1 EraseBytes-
#1347184	REDUCE cov: 1080 ft: 3047 corp: 623/103Kb lim: 4096 exec/s: 9164 rss: 487Mb L: 161/3677 MS: 4 InsertRepeatedBytes-ChangeBit-ChangeByte-EraseBytes-
#1348202	REDUCE cov: 1080 ft: 3047 corp: 623/103Kb lim: 4096 exec/s: 9171 rss: 487Mb L: 190/3677 MS: 3 EraseBytes-ChangeBit-CopyPart-
#1348443	REDUCE cov: 1080 ft: 3047 corp: 623/103Kb lim: 4096 exec/s: 9173 rss: 487Mb L: 51/3677 MS: 1 EraseBytes-
#1349659	REDUCE cov: 1080 ft: 3047 corp: 623/103Kb lim: 4096 exec/s: 9181 rss: 487Mb L: 164/3677 MS: 1 EraseBytes-
#1354748	REDUCE cov: 1080 ft: 3047 corp: 623/103Kb lim: 4096 exec/s: 9153 rss: 487Mb L: 27/3677 MS: 4 ShuffleBytes-InsertByte-ChangeBinInt-EraseBytes-
#1357581	REDUCE cov: 1080 ft: 3047 corp: 623/103Kb lim: 4096 exec/s: 9172 rss: 487Mb L: 196/3677 MS: 3 CrossOver-EraseBytes-CopyPart-
#1357782	REDUCE cov: 1080 ft: 3047 corp: 623/103Kb lim: 4096 exec/s: 9174 rss: 487Mb L: 37/3677 MS: 1 EraseBytes-
#1358363	REDUCE cov: 1080 ft: 3047 corp: 623/103Kb lim: 4096 exec/s: 9178 rss: 487Mb L: 328/3677 MS: 1 EraseBytes-
#1363874	REDUCE cov: 1080 ft: 3047 corp: 623/103Kb lim: 4096 exec/s: 9153 rss: 487Mb L: 15/3677 MS: 1 EraseBytes-
#1366897	REDUCE cov: 1080 ft: 3047 corp: 623/103Kb lim: 4096 exec/s: 9173 rss: 487Mb L: 186/3677 MS: 3 ChangeASCIIInt-ChangeASCIIInt-EraseBytes-
#1366905	REDUCE cov: 1080 ft: 3047 corp: 623/103Kb lim: 4096 exec/s: 9173 rss: 487Mb L: 238/3677 MS: 3 ChangeBit-ChangeBinInt-EraseBytes-
#1367277	REDUCE cov: 1080 ft: 3047 corp: 623/103Kb lim: 4096 exec/s: 9176 rss: 487Mb L: 442/3677 MS: 2 CopyPart-EraseBytes-
#1369373	REDUCE cov: 1080 ft: 3047 corp: 623/103Kb lim: 4096 exec/s: 9129 rss: 487Mb L: 1023/3677 MS: 1 EraseBytes-
#1369623	REDUCE cov: 1080 ft: 3047 corp: 623/103Kb lim: 4096 exec/s: 9130 rss: 487Mb L: 108/3677 MS: 5 EraseBytes-ChangeBit-EraseBytes-CrossOver-CopyPart-
#1370694	REDUCE cov: 1080 ft: 3047 corp: 623/103Kb lim: 4096 exec/s: 9137 rss: 487Mb L: 116/3677 MS: 1 EraseBytes-
#1372565	REDUCE cov: 1080 ft: 3047 corp: 623/103Kb lim: 4096 exec/s: 9150 rss: 487Mb L: 66/3677 MS: 1 EraseBytes-
#1374717	REDUCE cov: 1080 ft: 3047 corp: 623/103Kb lim: 4096 exec/s: 9164 rss: 487Mb L: 946/3677 MS: 2 EraseBytes-CMP- DE: "runtime:cap80"-
#1381353	REDUCE cov: 1080 ft: 3047 corp: 623/103Kb lim: 4096 exec/s: 9148 rss: 487Mb L: 1531/3677 MS: 1 EraseBytes-
#1385065	REDUCE cov: 1080 ft: 3047 corp: 623/103Kb lim: 4096 exec/s: 9172 rss: 487Mb L: 168/3677 MS: 2 ChangeBit-EraseBytes-
#1386896	REDUCE cov: 1080 ft: 3047 corp: 623/103Kb lim: 4096 exec/s: 9184 rss: 487Mb L: 46/3677 MS: 1 EraseBytes-
#1388570	REDUCE cov: 1080 ft: 3047 corp: 623/103Kb lim: 4096 exec/s: 9135 rss: 487Mb L: 997/3677 MS: 4 ShuffleBytes-CMP-ChangeBinInt-EraseBytes- DE: "\001`"-
#1393234	REDUCE cov: 1080 ft: 3047 corp: 623/103Kb lim: 4096 exec/s: 9166 rss: 487Mb L: 120/3677 MS: 4 ShuffleBytes-CopyPart-ChangeBinInt-EraseBytes-
#1397440	REDUCE cov: 1080 ft: 3047 corp: 623/103Kb lim: 4096 exec/s: 9133 rss: 487Mb L: 28/3677 MS: 1 EraseBytes-
#1401856	REDUCE cov: 1080 ft: 3047 corp: 623/103Kb lim: 4096 exec/s: 9162 rss: 487Mb L: 18/3677 MS: 1 EraseBytes-
#1406257	REDUCE cov: 1080 ft: 3047 corp: 623/103Kb lim: 4096 exec/s: 9131 rss: 487Mb L: 26/3677 MS: 1 EraseBytes-
#1413965	REDUCE cov: 1080 ft: 3047 corp: 623/103Kb lim: 4096 exec/s: 9181 rss: 487Mb L: 656/3677 MS: 3 PersAutoDict-EraseBytes-PersAutoDict- DE: "\000\000\000\000"-"\000\000\000\000\000\000\000\002"-
#1415752	REDUCE cov: 1080 ft: 3047 corp: 623/103Kb lim: 4096 exec/s: 9133 rss: 487Mb L: 29/3677 MS: 2 EraseBytes-CopyPart-
#1424443	REDUCE cov: 1080 ft: 3047 corp: 623/103Kb lim: 4096 exec/s: 9189 rss: 487Mb L: 45/3677 MS: 1 EraseBytes-
#1425199	REDUCE cov: 1080 ft: 3047 corp: 623/103Kb lim: 4096 exec/s: 9135 rss: 487Mb L: 10/3677 MS: 1 EraseBytes-
#1436173	REDUCE cov: 1080 ft: 3047 corp: 623/103Kb lim: 4096 exec/s: 9147 rss: 487Mb L: 198/3677 MS: 4 CrossOver-CrossOver-CopyPart-EraseBytes-
#1437178	REDUCE cov: 1080 ft: 3047 corp: 623/103Kb lim: 4096 exec/s: 9154 rss: 487Mb L: 1056/3677 MS: 5 EraseBytes-ShuffleBytes-InsertByte-ChangeASCIIInt-CMP- DE: "runtime:cap53"-
#1439089	REDUCE cov: 1080 ft: 3047 corp: 623/103Kb lim: 4096 exec/s: 9166 rss: 487Mb L: 22/3677 MS: 1 EraseBytes-
#1439621	REDUCE cov: 1080 ft: 3047 corp: 623/103Kb lim: 4096 exec/s: 9169 rss: 487Mb L: 114/3677 MS: 2 ChangeASCIIInt-EraseBytes-
#1447005	REDUCE cov: 1080 ft: 3047 corp: 623/103Kb lim: 4096 exec/s: 9158 rss: 487Mb L: 65/3677 MS: 4 InsertByte-InsertByte-InsertRepeatedBytes-EraseBytes-
#1448301	REDUCE cov: 1080 ft: 3047 corp: 623/103Kb lim: 4096 exec/s: 9166 rss: 487Mb L: 303/3677 MS: 1 EraseBytes-
#1449650	REDUCE cov: 1080 ft: 3047 corp: 623/103Kb lim: 4096 exec/s: 9117 rss: 487Mb L: 283/3677 MS: 4 ChangeBinInt-ChangeBinInt-ChangeBit-EraseBytes-
#1451311	REDUCE cov: 1080 ft: 3047 corp: 623/103Kb lim: 4096 exec/s: 9127 rss: 487Mb L: 1410/3677 MS: 1 EraseBytes-
#1459909	REDUCE cov: 1080 ft: 3047 corp: 623/103Kb lim: 4096 exec/s: 9124 rss: 487Mb L: 502/3677 MS: 3 CrossOver-CMP-EraseBytes- DE: "\377\377\377\377\377\377\377\004"-
#1460254	REDUCE cov: 1080 ft: 3047 corp: 623/103Kb lim: 4096 exec/s: 9126 rss: 487Mb L: 497/3677 MS: 5 InsertByte-InsertByte-CopyPart-InsertByte-EraseBytes-
#1460680	REDUCE cov: 1080 ft: 3047 corp: 623/103Kb lim: 4096 exec/s: 9129 rss: 487Mb L: 19/3677 MS: 1 EraseBytes-
#1460866	REDUCE cov: 1080 ft: 3047 corp: 623/102Kb lim: 4096 exec/s: 9130 rss: 487Mb L: 264/3677 MS: 1 EraseBytes-
#1471148	REDUCE cov: 1080 ft: 3047 corp: 623/102Kb lim: 4096 exec/s: 9137 rss: 487Mb L: 29/3677 MS: 2 ChangeByte-EraseBytes-
#1472055	REDUCE cov: 1080 ft: 3047 corp: 623/102Kb lim: 4096 exec/s: 9143 rss: 487Mb L: 647/3677 MS: 2 ChangeBit-EraseBytes-
#1479401	REDUCE cov: 1080 ft: 3047 corp: 623/102Kb lim: 4096 exec/s: 9132 rss: 487Mb L: 93/3677 MS: 1 EraseBytes-
#1484716	REDUCE cov: 1080 ft: 3047 corp: 623/102Kb lim: 4096 exec/s: 9164 rss: 487Mb L: 1569/3677 MS: 5 CrossOver-CopyPart-ChangeASCIIInt-ChangeASCIIInt-EraseBytes-
#1485016	REDUCE cov: 1080 ft: 3047 corp: 623/102Kb lim: 4096 exec/s: 9166 rss: 487Mb L: 649/3677 MS: 5 CopyPart-CopyPart-ChangeByte-CopyPart-EraseBytes-
#1485769	REDUCE cov: 1080 ft: 3047 corp: 623/102Kb lim: 4096 exec/s: 9115 rss: 487Mb L: 825/3677 MS: 3 InsertRepeatedBytes-EraseBytes-InsertRepeatedBytes-
#1488874	REDUCE cov: 1080 ft: 3047 corp: 623/102Kb lim: 4096 exec/s: 9134 rss: 487Mb L: 362/3677 MS: 5 ChangeASCIIInt-PersAutoDict-ChangeASCIIInt-ChangeBit-EraseBytes- DE: "\001\000\000\004"-
#1497815	REDUCE cov: 1080 ft: 3047 corp: 623/102Kb lim: 4096 exec/s: 9133 rss: 487Mb L: 494/3677 MS: 1 EraseBytes-
#1500217	REDUCE cov: 1080 ft: 3047 corp: 623/102Kb lim: 4096 exec/s: 9147 rss: 487Mb L: 216/3677 MS: 2 InsertByte-EraseBytes-
#1500533	REDUCE cov: 1080 ft: 3047 corp: 623/102Kb lim: 4096 exec/s: 9149 rss: 487Mb L: 34/3677 MS: 1 EraseBytes-
#1501580	REDUCE cov: 1080 ft: 3047 corp: 623/102Kb lim: 4096 exec/s: 9155 rss: 487Mb L: 115/3677 MS: 2 EraseBytes-ChangeBinInt-
#1503665	REDUCE cov: 1080 ft: 3047 corp: 623/102Kb lim: 4096 exec/s: 9113 rss: 487Mb L: 80/3677 MS: 5 ChangeByte-ChangeASCIIInt-ChangeBinInt-EraseBytes-CopyPart-
#1508102	REDUCE cov: 1080 ft: 3047 corp: 623/102Kb lim: 4096 exec/s: 9140 rss: 487Mb L: 128/3677 MS: 2 ChangeByte-EraseBytes-
#1512714	REDUCE cov: 1080 ft: 3047 corp: 623/102Kb lim: 4096 exec/s: 9112 rss: 487Mb L: 2424/3677 MS: 2 CopyPart-EraseBytes-
#1515475	REDUCE cov: 1080 ft: 3047 corp: 623/102Kb lim: 4096 exec/s: 9129 rss: 487Mb L: 11/3677 MS: 1 EraseBytes-
#1518677	REDUCE cov: 1080 ft: 3047 corp: 623/102Kb lim: 4096 exec/s: 9148 rss: 487Mb L: 188/3677 MS: 2 ChangeByte-EraseBytes-
#1521183	REDUCE cov: 1080 ft: 3047 corp: 623/102Kb lim: 4096 exec/s: 9108 rss: 487Mb L: 108/3677 MS: 1 EraseBytes-
#1523105	REDUCE cov: 1080 ft: 3047 corp: 623/102Kb lim: 4096 exec/s: 9120 rss: 487Mb L: 13/3677 MS: 2 EraseBytes-CopyPart-
#1529078	REDUCE cov: 1080 ft: 3047 corp: 623/102Kb lim: 4096 exec/s: 9156 rss: 487Mb L: 234/3677 MS: 3 ChangeBinInt-ChangeBit-EraseBytes-
#1537844	REDUCE cov: 1080 ft: 3047 corp: 623/102Kb lim: 4096 exec/s: 9153 rss: 487Mb L: 178/3677 MS: 1 EraseBytes-
#1537988	REDUCE cov: 1080 ft: 3047 corp: 623/102Kb lim: 4096 exec/s: 9154 rss: 487Mb L: 3430/3677 MS: 4 PersAutoDict-ChangeBit-ChangeBit-CrossOver- DE: "\000\000\000\000"-
#1553040	REDUCE cov: 1080 ft: 3047 corp: 623/102Kb lim: 4096 exec/s: 9135 rss: 487Mb L: 50/3677 MS: 2 InsertByte-EraseBytes-
#1553626	REDUCE cov: 1080 ft: 3048 corp: 624/102Kb lim: 4096 exec/s: 9138 rss: 487Mb L: 26/3677 MS: 1 CopyPart-
#1557999	REDUCE cov: 1080 ft: 3048 corp: 624/102Kb lim: 4096 exec/s: 9111 rss: 487Mb L: 104/3677 MS: 3 ChangeByte-InsertByte-EraseBytes-
#1561601	REDUCE cov: 1080 ft: 3048 corp: 624/102Kb lim: 4096 exec/s: 9132 rss: 487Mb L: 48/3677 MS: 2 ShuffleBytes-EraseBytes-
#1562932	REDUCE cov: 1080 ft: 3048 corp: 624/102Kb lim: 4096 exec/s: 9139 rss: 487Mb L: 32/3677 MS: 1 EraseBytes-
#1566334	REDUCE cov: 1080 ft: 3048 corp: 624/102Kb lim: 4096 exec/s: 9159 rss: 487Mb L: 73/3677 MS: 2 InsertRepeatedBytes-EraseBytes-
#1567910	REDUCE cov: 1080 ft: 3048 corp: 624/102Kb lim: 4096 exec/s: 9115 rss: 487Mb L: 12/3677 MS: 1 EraseBytes-
#1569476	REDUCE cov: 1080 ft: 3048 corp: 624/102Kb lim: 4096 exec/s: 9124 rss: 487Mb L: 16/3677 MS: 1 EraseBytes-
#1570017	REDUCE cov: 1080 ft: 3048 corp: 624/102Kb lim: 4096 exec/s: 9128 rss: 487Mb L: 230/3677 MS: 1 EraseBytes-
#1573655	REDUCE cov: 1080 ft: 3048 corp: 624/102Kb lim: 4096 exec/s: 9149 rss: 487Mb L: 492/3677 MS: 3 ShuffleBytes-CMP-EraseBytes- DE: "\001`"-
#1574304	REDUCE cov: 1080 ft: 3048 corp: 624/102Kb lim: 4096 exec/s: 9152 rss: 487Mb L: 1238/3677 MS: 4 InsertByte-ChangeByte-ChangeByte-EraseBytes-
#1576816	REDUCE cov: 1080 ft: 3048 corp: 624/102Kb lim: 4096 exec/s: 9114 rss: 487Mb L: 28/3677 MS: 2 ChangeBinInt-EraseBytes-
#1580687	REDUCE cov: 1080 ft: 3048 corp: 624/102Kb lim: 4096 exec/s: 9136 rss: 487Mb L: 632/3677 MS: 1 EraseBytes-
#1587473	REDUCE cov: 1080 ft: 3048 corp: 624/102Kb lim: 4096 exec/s: 9123 rss: 487Mb L: 639/3677 MS: 1 EraseBytes-
#1588252	REDUCE cov: 1080 ft: 3048 corp: 624/102Kb lim: 4096 exec/s: 9127 rss: 487Mb L: 940/3677 MS: 4 InsertRepeatedBytes-EraseBytes-ChangeASCIIInt-CopyPart-
#1593204	REDUCE cov: 1080 ft: 3048 corp: 624/102Kb lim: 4096 exec/s: 9104 rss: 487Mb L: 57/3677 MS: 2 ChangeByte-EraseBytes-
#1599591	REDUCE cov: 1080 ft: 3048 corp: 624/102Kb lim: 4096 exec/s: 9140 rss: 487Mb L: 610/3677 MS: 2 CrossOver-EraseBytes-
#1600352	REDUCE cov: 1080 ft: 3048 corp: 624/102Kb lim: 4096 exec/s: 9144 rss: 487Mb L: 71/3677 MS: 1 EraseBytes-
#1603591	REDUCE cov: 1080 ft: 3048 corp: 624/102Kb lim: 4096 exec/s: 9111 rss: 487Mb L: 465/3677 MS: 4 CopyPart-EraseBytes-CopyPart-EraseBytes-
#1605689	REDUCE cov: 1080 ft: 3048 corp: 624/102Kb lim: 4096 exec/s: 9123 rss: 487Mb L: 2115/3677 MS: 3 ChangeBit-ChangeBit-EraseBytes-
#1609564	REDUCE cov: 1080 ft: 3048 corp: 624/102Kb lim: 4096 exec/s: 9145 rss: 487Mb L: 547/3677 MS: 5 CMP-ChangeBit-CrossOver-CMP-EraseBytes- DE: "\377x"-"m\000\000\000"-
#1610038	REDUCE cov: 1080 ft: 3048 corp: 624/102Kb lim: 4096 exec/s: 9096 rss: 487Mb L: 921/3677 MS: 4 PersAutoDict-PersAutoDict-ShuffleBytes-EraseBytes- DE: "runtime:cap11"-"runtime:cap11"-
#1612027	REDUCE cov: 1080 ft: 3048 corp: 624/102Kb lim: 4096 exec/s: 9107 rss: 487Mb L: 2380/3677 MS: 4 ChangeBinInt-ShuffleBytes-CMP-EraseBytes- DE: "runtime:cap96"-
#1621403	REDUCE cov: 1080 ft: 3048 corp: 624/102Kb lim: 4096 exec/s: 9109 rss: 487Mb L: 102/3677 MS: 1 EraseBytes-
#1621948	REDUCE cov: 1080 ft: 3048 corp: 624/102Kb lim: 4096 exec/s: 9112 rss: 487Mb L: 258/3677 MS: 5 ChangeBinInt-CrossOver-CopyPart-ChangeByte-EraseBytes-
#1626254	REDUCE cov: 1080 ft: 3048 corp: 624/102Kb lim: 4096 exec/s: 9136 rss: 487Mb L: 44/3677 MS: 1 EraseBytes-
#1626370	REDUCE cov: 1080 ft: 3048 corp: 624/102Kb lim: 4096 exec/s: 9136 rss: 487Mb L: 824/3677 MS: 1 EraseBytes-
#1636811	REDUCE cov: 1080 ft: 3048 corp: 624/102Kb lim: 4096 exec/s: 9093 rss: 487Mb L: 88/3677 MS: 1 EraseBytes-
#1637172	REDUCE cov: 1080 ft: 3048 corp: 624/102Kb lim: 4096 exec/s: 9095 rss: 487Mb L: 352/3677 MS: 1 EraseBytes-
#1639288	REDUCE cov: 1080 ft: 3048 corp: 624/102Kb lim: 4096 exec/s: 9107 rss: 487Mb L: 3651/3677 MS: 1 EraseBytes-
#1640844	REDUCE cov: 1080 ft: 3048 corp: 624/102Kb lim: 4096 exec/s: 9115 rss: 487Mb L: 45/3677 MS: 1 EraseBytes-
#1643777	REDUCE cov: 1080 ft: 3048 corp: 624/102Kb lim: 4096 exec/s: 9132 rss: 487Mb L: 92/3677 MS: 3 ShuffleBytes-EraseBytes-CopyPart-
#1646128	REDUCE cov: 1080 ft: 3048 corp: 624/102Kb lim: 4096 exec/s: 9094 rss: 487Mb L: 85/3677 MS: 1 EraseBytes-
#1651097	REDUCE cov: 1080 ft: 3048 corp: 624/102Kb lim: 4096 exec/s: 9122 rss: 487Mb L: 2307/3677 MS: 4 ShuffleBytes-ChangeASCIIInt-ShuffleBytes-EraseBytes-
#1657147	REDUCE cov: 1080 ft: 3048 corp: 624/102Kb lim: 4096 exec/s: 9105 rss: 487Mb L: 97/3677 MS: 4 ChangeASCIIInt-ChangeASCIIInt-CrossOver-EraseBytes-
#1658491	REDUCE cov: 1080 ft: 3048 corp: 624/102Kb lim: 4096 exec/s: 9112 rss: 487Mb L: 911/3677 MS: 4 ChangeByte-ShuffleBytes-CopyPart-EraseBytes-
#1661072	REDUCE cov: 1080 ft: 3048 corp: 624/102Kb lim: 4096 exec/s: 9126 rss: 487Mb L: 2288/3677 MS: 1 EraseBytes-
#1662429	REDUCE cov: 1080 ft: 3048 corp: 624/102Kb lim: 4096 exec/s: 9134 rss: 487Mb L: 308/3677 MS: 2 CopyPart-EraseBytes-
#1667290	REDUCE cov: 1080 ft: 3048 corp: 624/102Kb lim: 4096 exec/s: 9110 rss: 487Mb L: 53/3677 MS: 1 EraseBytes-
#1670796	REDUCE cov: 1080 ft: 3048 corp: 624/102Kb lim: 4096 exec/s: 9130 rss: 487Mb L: 79/3677 MS: 1 EraseBytes-
#1676779	REDUCE cov: 1080 ft: 3048 corp: 624/102Kb lim: 4096 exec/s: 9112 rss: 487Mb L: 109/3677 MS: 3 ChangeASCIIInt-EraseBytes-PersAutoDict- DE: "\001\000\000\000\000\000\000:"-
#1680161	REDUCE cov: 1080 ft: 3048 corp: 624/102Kb lim: 4096 exec/s: 9131 rss: 487Mb L: 33/3677 MS: 2 ChangeByte-EraseBytes-
#1681127	REDUCE cov: 1080 ft: 3048 corp: 624/102Kb lim: 4096 exec/s: 9087 rss: 487Mb L: 441/3677 MS: 1 EraseBytes-
#1681883	REDUCE cov: 1080 ft: 3048 corp: 624/102Kb lim: 4096 exec/s: 9091 rss: 487Mb L: 355/3677 MS: 1 EraseBytes-
#1685379	NEW    cov: 1080 ft: 3049 corp: 625/102Kb lim: 4096 exec/s: 9110 rss: 487Mb L: 423/3677 MS: 1 CrossOver-
#1686065	REDUCE cov: 1080 ft: 3049 corp: 625/102Kb lim: 4096 exec/s: 9113 rss: 487Mb L: 69/3677 MS: 1 EraseBytes-
#1686311	REDUCE cov: 1080 ft: 3049 corp: 625/102Kb lim: 4096 exec/s: 9115 rss: 487Mb L: 113/3677 MS: 1 EraseBytes-
#1688574	REDUCE cov: 1080 ft: 3049 corp: 625/102Kb lim: 4096 exec/s: 9078 rss: 487Mb L: 133/3677 MS: 3 PersAutoDict-EraseBytes-CopyPart- DE: "\001\000\000\004"-
#1689134	NEW    cov: 1081 ft: 3058 corp: 626/103Kb lim: 4096 exec/s: 9081 rss: 487Mb L: 433/3677 MS: 5 ShuffleBytes-ChangeASCIIInt-ChangeByte-CrossOver-ChangeByte-
#1690120	REDUCE cov: 1081 ft: 3058 corp: 626/103Kb lim: 4096 exec/s: 9086 rss: 487Mb L: 62/3677 MS: 1 EraseBytes-
#1694797	NEW    cov: 1081 ft: 3059 corp: 627/103Kb lim: 4096 exec/s: 9111 rss: 487Mb L: 434/3677 MS: 2 InsertByte-PersAutoDict- DE: "\001\000\000\004"-
#1696038	REDUCE cov: 1081 ft: 3059 corp: 627/103Kb lim: 4096 exec/s: 9118 rss: 487Mb L: 47/3677 MS: 1 EraseBytes-
#1701010	REDUCE cov: 1081 ft: 3059 corp: 627/103Kb lim: 4096 exec/s: 9096 rss: 487Mb L: 634/3677 MS: 2 ChangeASCIIInt-EraseBytes-
#1701222	REDUCE cov: 1081 ft: 3059 corp: 627/103Kb lim: 4096 exec/s: 9097 rss: 487Mb L: 775/3677 MS: 2 EraseBytes-CopyPart-
#1701753	REDUCE cov: 1081 ft: 3059 corp: 627/103Kb lim: 4096 exec/s: 9100 rss: 487Mb L: 156/3677 MS: 1 EraseBytes-
#1706540	REDUCE cov: 1081 ft: 3059 corp: 627/103Kb lim: 4096 exec/s: 9077 rss: 488Mb L: 65/3677 MS: 2 EraseBytes-InsertByte-
#1710651	REDUCE cov: 1081 ft: 3059 corp: 627/103Kb lim: 4096 exec/s: 9099 rss: 488Mb L: 26/3677 MS: 1 EraseBytes-
#1715112	REDUCE cov: 1081 ft: 3059 corp: 627/103Kb lim: 4096 exec/s: 9074 rss: 488Mb L: 896/3677 MS: 1 EraseBytes-
#1722480	REDUCE cov: 1081 ft: 3059 corp: 627/103Kb lim: 4096 exec/s: 9065 rss: 488Mb L: 502/3677 MS: 3 ChangeBit-InsertByte-EraseBytes-
#1724985	REDUCE cov: 1081 ft: 3059 corp: 627/103Kb lim: 4096 exec/s: 9078 rss: 488Mb L: 174/3677 MS: 5 InsertRepeatedBytes-PersAutoDict-EraseBytes-InsertByte-EraseBytes- DE: "runtime:cap53"-
#1729022	REDUCE cov: 1081 ft: 3059 corp: 627/103Kb lim: 4096 exec/s: 9052 rss: 488Mb L: 83/3677 MS: 2 ChangeBit-EraseBytes-
#1737083	REDUCE cov: 1081 ft: 3059 corp: 627/103Kb lim: 4096 exec/s: 9094 rss: 488Mb L: 492/3677 MS: 1 EraseBytes-
#1738671	REDUCE cov: 1081 ft: 3059 corp: 627/103Kb lim: 4096 exec/s: 9055 rss: 488Mb L: 21/3677 MS: 3 ShuffleBytes-ShuffleBytes-EraseBytes-
#1739485	REDUCE cov: 1081 ft: 3059 corp: 627/103Kb lim: 4096 exec/s: 9059 rss: 488Mb L: 241/3677 MS: 4 ChangeASCIIInt-ChangeASCIIInt-InsertByte-EraseBytes-
#1739782	REDUCE cov: 1081 ft: 3059 corp: 627/103Kb lim: 4096 exec/s: 9061 rss: 488Mb L: 33/3677 MS: 2 CopyPart-EraseBytes-
#1743604	REDUCE cov: 1081 ft: 3059 corp: 627/103Kb lim: 4096 exec/s: 9081 rss: 488Mb L: 72/3677 MS: 2 ChangeBit-EraseBytes-
#1748311	REDUCE cov: 1081 ft: 3059 corp: 627/103Kb lim: 4096 exec/s: 9058 rss: 488Mb L: 11/3677 MS: 2 EraseBytes-ChangeBit-
#1757143	REDUCE cov: 1081 ft: 3059 corp: 627/103Kb lim: 4096 exec/s: 9057 rss: 488Mb L: 588/3677 MS: 2 InsertByte-EraseBytes-
#1758375	REDUCE cov: 1081 ft: 3059 corp: 627/103Kb lim: 4096 exec/s: 9063 rss: 488Mb L: 107/3677 MS: 2 ChangeASCIIInt-EraseBytes-
#1763202	REDUCE cov: 1081 ft: 3059 corp: 627/103Kb lim: 4096 exec/s: 9042 rss: 488Mb L: 64/3677 MS: 2 CopyPart-EraseBytes-
#1767244	REDUCE cov: 1081 ft: 3059 corp: 627/103Kb lim: 4096 exec/s: 9062 rss: 488Mb L: 182/3677 MS: 2 ChangeByte-EraseBytes-
#1771920	REDUCE cov: 1081 ft: 3059 corp: 627/103Kb lim: 4096 exec/s: 9040 rss: 488Mb L: 15/3677 MS: 1 EraseBytes-
#1773667	REDUCE cov: 1081 ft: 3059 corp: 627/103Kb lim: 4096 exec/s: 9049 rss: 488Mb L: 194/3677 MS: 2 ChangeByte-EraseBytes-
#1773834	REDUCE cov: 1081 ft: 3059 corp: 627/103Kb lim: 4096 exec/s: 9050 rss: 488Mb L: 974/3677 MS: 2 ShuffleBytes-EraseBytes-
#1774840	REDUCE cov: 1081 ft: 3059 corp: 627/103Kb lim: 4096 exec/s: 9055 rss: 488Mb L: 215/3677 MS: 1 EraseBytes-
#1796953	REDUCE cov: 1081 ft: 3059 corp: 627/103Kb lim: 4096 exec/s: 9029 rss: 488Mb L: 177/3677 MS: 3 EraseBytes-ChangeByte-CopyPart-
#1799769	REDUCE cov: 1081 ft: 3059 corp: 627/103Kb lim: 4096 exec/s: 9044 rss: 488Mb L: 413/3677 MS: 1 EraseBytes-
#1812142	REDUCE cov: 1081 ft: 3059 corp: 627/103Kb lim: 4096 exec/s: 9015 rss: 488Mb L: 51/3677 MS: 3 InsertByte-CopyPart-EraseBytes-
#1812812	REDUCE cov: 1081 ft: 3059 corp: 627/103Kb lim: 4096 exec/s: 9018 rss: 488Mb L: 601/3677 MS: 5 InsertByte-InsertRepeatedBytes-ChangeBit-PersAutoDict-EraseBytes- DE: "\377x"-
#1814858	REDUCE cov: 1081 ft: 3059 corp: 627/103Kb lim: 4096 exec/s: 9029 rss: 488Mb L: 85/3677 MS: 1 EraseBytes-
#1816209	REDUCE cov: 1081 ft: 3059 corp: 627/103Kb lim: 4096 exec/s: 9035 rss: 488Mb L: 229/3677 MS: 1 EraseBytes-
#1823234	REDUCE cov: 1081 ft: 3059 corp: 627/103Kb lim: 4096 exec/s: 9025 rss: 488Mb L: 1317/3677 MS: 5 ChangeASCIIInt-InsertByte-CopyPart-ChangeBinInt-CrossOver-
#1829661	REDUCE cov: 1081 ft: 3059 corp: 627/103Kb lim: 4096 exec/s: 9013 rss: 489Mb L: 89/3677 MS: 2 ChangeASCIIInt-EraseBytes-
#1830417	REDUCE cov: 1081 ft: 3059 corp: 627/103Kb lim: 4096 exec/s: 9016 rss: 489Mb L: 21/3677 MS: 1 EraseBytes-
#1833700	REDUCE cov: 1081 ft: 3059 corp: 627/103Kb lim: 4096 exec/s: 9033 rss: 489Mb L: 73/3677 MS: 3 CrossOver-ChangeBit-EraseBytes-
#1839946	REDUCE cov: 1081 ft: 3059 corp: 627/103Kb lim: 4096 exec/s: 9019 rss: 490Mb L: 10/3677 MS: 1 EraseBytes-
#1848841	REDUCE cov: 1081 ft: 3059 corp: 627/103Kb lim: 4096 exec/s: 9018 rss: 490Mb L: 186/3677 MS: 5 ChangeByte-ChangeASCIIInt-CopyPart-InsertByte-EraseBytes-
#1851228	REDUCE cov: 1081 ft: 3059 corp: 627/103Kb lim: 4096 exec/s: 9030 rss: 490Mb L: 19/3677 MS: 2 InsertByte-EraseBytes-
#1853120	REDUCE cov: 1081 ft: 3059 corp: 627/103Kb lim: 4096 exec/s: 9039 rss: 490Mb L: 657/3677 MS: 2 EraseBytes-EraseBytes-
#1858484	REDUCE cov: 1081 ft: 3059 corp: 627/103Kb lim: 4096 exec/s: 9021 rss: 490Mb L: 616/3677 MS: 4 ChangeByte-CMP-EraseBytes-ChangeBit- DE: "\000\000\000\000"-
#1864544	REDUCE cov: 1081 ft: 3059 corp: 627/103Kb lim: 4096 exec/s: 9007 rss: 490Mb L: 158/3677 MS: 4 ChangeBit-PersAutoDict-ShuffleBytes-EraseBytes- DE: "runtime:cap11"-
#1866051	REDUCE cov: 1081 ft: 3059 corp: 627/103Kb lim: 4096 exec/s: 9014 rss: 490Mb L: 178/3677 MS: 2 CopyPart-EraseBytes-
#1868496	REDUCE cov: 1081 ft: 3059 corp: 627/103Kb lim: 4096 exec/s: 9026 rss: 490Mb L: 903/3677 MS: 5 InsertRepeatedBytes-ShuffleBytes-EraseBytes-ChangeBit-CopyPart-
#1873300	REDUCE cov: 1081 ft: 3059 corp: 627/103Kb lim: 4096 exec/s: 9006 rss: 490Mb L: 78/3677 MS: 4 ShuffleBytes-EraseBytes-ChangeByte-CopyPart-
#1876539	REDUCE cov: 1081 ft: 3059 corp: 627/103Kb lim: 4096 exec/s: 9021 rss: 490Mb L: 305/3677 MS: 4 ChangeBinInt-ChangeBit-EraseBytes-CopyPart-
#1877807	REDUCE cov: 1081 ft: 3059 corp: 627/103Kb lim: 4096 exec/s: 9027 rss: 490Mb L: 174/3677 MS: 3 CopyPart-ShuffleBytes-EraseBytes-
#1878318	REDUCE cov: 1081 ft: 3059 corp: 627/103Kb lim: 4096 exec/s: 9030 rss: 490Mb L: 20/3677 MS: 1 EraseBytes-
#1883939	REDUCE cov: 1081 ft: 3059 corp: 627/103Kb lim: 4096 exec/s: 9014 rss: 490Mb L: 487/3677 MS: 1 EraseBytes-
#1888671	REDUCE cov: 1081 ft: 3059 corp: 627/103Kb lim: 4096 exec/s: 8993 rss: 490Mb L: 243/3677 MS: 2 PersAutoDict-EraseBytes- DE: "\377\377\377\377\377\377\377\004"-
#1894592	REDUCE cov: 1081 ft: 3059 corp: 627/103Kb lim: 4096 exec/s: 9021 rss: 490Mb L: 27/3677 MS: 1 EraseBytes-
#1900005	REDUCE cov: 1081 ft: 3059 corp: 627/103Kb lim: 4096 exec/s: 9004 rss: 490Mb L: 885/3677 MS: 3 ChangeASCIIInt-InsertByte-EraseBytes-
#1903530	REDUCE cov: 1081 ft: 3059 corp: 627/103Kb lim: 4096 exec/s: 9021 rss: 490Mb L: 470/3677 MS: 5 EraseBytes-InsertByte-ChangeBinInt-ShuffleBytes-CopyPart-
#1904606	REDUCE cov: 1081 ft: 3059 corp: 627/103Kb lim: 4096 exec/s: 9026 rss: 490Mb L: 474/3677 MS: 1 EraseBytes-
#1907079	REDUCE cov: 1081 ft: 3059 corp: 627/103Kb lim: 4096 exec/s: 8995 rss: 490Mb L: 705/3677 MS: 3 InsertByte-EraseBytes-CopyPart-
#1907580	REDUCE cov: 1081 ft: 3059 corp: 627/103Kb lim: 4096 exec/s: 8998 rss: 490Mb L: 43/3677 MS: 1 EraseBytes-
#1909318	REDUCE cov: 1081 ft: 3059 corp: 627/103Kb lim: 4096 exec/s: 9006 rss: 490Mb L: 175/3677 MS: 3 ShuffleBytes-ChangeBit-EraseBytes-
#1910645	REDUCE cov: 1081 ft: 3059 corp: 627/103Kb lim: 4096 exec/s: 9012 rss: 490Mb L: 799/3677 MS: 2 CrossOver-EraseBytes-
#1911316	REDUCE cov: 1081 ft: 3059 corp: 627/103Kb lim: 4096 exec/s: 9015 rss: 490Mb L: 21/3677 MS: 1 EraseBytes-
#1919033	REDUCE cov: 1081 ft: 3059 corp: 627/103Kb lim: 4096 exec/s: 9009 rss: 490Mb L: 179/3677 MS: 2 ShuffleBytes-EraseBytes-
#1919789	REDUCE cov: 1081 ft: 3059 corp: 627/103Kb lim: 4096 exec/s: 9013 rss: 490Mb L: 291/3677 MS: 1 EraseBytes-
#1931240	REDUCE cov: 1081 ft: 3059 corp: 627/103Kb lim: 4096 exec/s: 8982 rss: 490Mb L: 252/3677 MS: 1 EraseBytes-
#1933472	REDUCE cov: 1081 ft: 3059 corp: 627/103Kb lim: 4096 exec/s: 8992 rss: 490Mb L: 776/3677 MS: 2 ShuffleBytes-EraseBytes-
#1936299	REDUCE cov: 1081 ft: 3059 corp: 627/103Kb lim: 4096 exec/s: 9006 rss: 490Mb L: 290/3677 MS: 2 ChangeBinInt-EraseBytes-
#1938760	REDUCE cov: 1081 ft: 3059 corp: 627/103Kb lim: 4096 exec/s: 9017 rss: 490Mb L: 14/3677 MS: 1 EraseBytes-
#1946171	REDUCE cov: 1081 ft: 3059 corp: 627/103Kb lim: 4096 exec/s: 9010 rss: 490Mb L: 102/3677 MS: 1 EraseBytes-
#1954214	REDUCE cov: 1081 ft: 3059 corp: 627/103Kb lim: 4096 exec/s: 9005 rss: 490Mb L: 67/3677 MS: 3 EraseBytes-ShuffleBytes-ShuffleBytes-
#1955201	REDUCE cov: 1081 ft: 3059 corp: 627/103Kb lim: 4096 exec/s: 9010 rss: 490Mb L: 86/3677 MS: 2 InsertByte-EraseBytes-
#1961697	REDUCE cov: 1081 ft: 3059 corp: 627/103Kb lim: 4096 exec/s: 8998 rss: 490Mb L: 182/3677 MS: 1 EraseBytes-
#1962794	REDUCE cov: 1081 ft: 3059 corp: 627/103Kb lim: 4096 exec/s: 9003 rss: 490Mb L: 82/3677 MS: 2 ChangeASCIIInt-EraseBytes-
#1963307	REDUCE cov: 1081 ft: 3059 corp: 627/103Kb lim: 4096 exec/s: 9005 rss: 490Mb L: 161/3677 MS: 3 EraseBytes-ChangeByte-CrossOver-
#1966748	REDUCE cov: 1081 ft: 3059 corp: 627/103Kb lim: 4096 exec/s: 8980 rss: 490Mb L: 443/3677 MS: 1 EraseBytes-
#1976711	REDUCE cov: 1081 ft: 3059 corp: 627/103Kb lim: 4096 exec/s: 8985 rss: 490Mb L: 244/3677 MS: 3 ChangeByte-CopyPart-EraseBytes-
#1979739	REDUCE cov: 1081 ft: 3059 corp: 627/103Kb lim: 4096 exec/s: 8998 rss: 490Mb L: 400/3677 MS: 3 ShuffleBytes-InsertByte-EraseBytes-
#1983960	REDUCE cov: 1081 ft: 3059 corp: 627/103Kb lim: 4096 exec/s: 8977 rss: 490Mb L: 62/3677 MS: 1 EraseBytes-
#1985261	REDUCE cov: 1081 ft: 3059 corp: 627/103Kb lim: 4096 exec/s: 8983 rss: 490Mb L: 119/3677 MS: 1 EraseBytes-
#1986948	REDUCE cov: 1081 ft: 3059 corp: 627/103Kb lim: 4096 exec/s: 8990 rss: 490Mb L: 2285/3677 MS: 2 CopyPart-EraseBytes-
#1987129	REDUCE cov: 1081 ft: 3059 corp: 627/103Kb lim: 4096 exec/s: 8991 rss: 490Mb L: 584/3677 MS: 1 EraseBytes-
#1988676	REDUCE cov: 1081 ft: 3059 corp: 627/103Kb lim: 4096 exec/s: 8998 rss: 490Mb L: 983/3677 MS: 2 CMP-EraseBytes- DE: "\001\000\000{"-
#1992633	REDUCE cov: 1081 ft: 3059 corp: 627/103Kb lim: 4096 exec/s: 8975 rss: 490Mb L: 29/3677 MS: 2 ShuffleBytes-EraseBytes-
#2011389	REDUCE cov: 1081 ft: 3059 corp: 627/103Kb lim: 4096 exec/s: 8979 rss: 490Mb L: 181/3677 MS: 1 EraseBytes-
#2015956	REDUCE cov: 1081 ft: 3059 corp: 627/102Kb lim: 4096 exec/s: 8999 rss: 490Mb L: 864/3677 MS: 2 ShuffleBytes-EraseBytes-
#2016867	REDUCE cov: 1081 ft: 3059 corp: 627/102Kb lim: 4096 exec/s: 9003 rss: 490Mb L: 32/3677 MS: 1 EraseBytes-
#2019033	REDUCE cov: 1081 ft: 3059 corp: 627/102Kb lim: 4096 exec/s: 9013 rss: 490Mb L: 240/3677 MS: 1 EraseBytes-
#2026644	REDUCE cov: 1081 ft: 3059 corp: 627/102Kb lim: 4096 exec/s: 9007 rss: 490Mb L: 82/3677 MS: 1 EraseBytes-
#2027720	REDUCE cov: 1081 ft: 3059 corp: 627/102Kb lim: 4096 exec/s: 9012 rss: 490Mb L: 486/3677 MS: 1 EraseBytes-
#2033321	REDUCE cov: 1081 ft: 3059 corp: 627/102Kb lim: 4096 exec/s: 8996 rss: 490Mb L: 2241/3677 MS: 1 EraseBytes-
#2033589	REDUCE cov: 1081 ft: 3059 corp: 627/102Kb lim: 4096 exec/s: 8998 rss: 490Mb L: 3385/3677 MS: 3 ChangeByte-PersAutoDict-EraseBytes- DE: "\001\000\000{"-
#2041853	REDUCE cov: 1081 ft: 3059 corp: 627/102Kb lim: 4096 exec/s: 8994 rss: 490Mb L: 579/3677 MS: 4 PersAutoDict-ChangeBit-ChangeBinInt-EraseBytes- DE: "m\000\000\000"-
#2047594	REDUCE cov: 1081 ft: 3059 corp: 627/102Kb lim: 4096 exec/s: 8980 rss: 490Mb L: 48/3677 MS: 1 EraseBytes-
#2051659	REDUCE cov: 1081 ft: 3059 corp: 627/102Kb lim: 4096 exec/s: 8998 rss: 490Mb L: 398/3677 MS: 5 EraseBytes-ShuffleBytes-ChangeByte-InsertByte-ChangeBinInt-
#2052660	REDUCE cov: 1081 ft: 3059 corp: 627/102Kb lim: 4096 exec/s: 9002 rss: 490Mb L: 863/3677 MS: 1 EraseBytes-
#2064349	REDUCE cov: 1081 ft: 3059 corp: 627/102Kb lim: 4096 exec/s: 9014 rss: 490Mb L: 608/3677 MS: 4 ChangeBinInt-ShuffleBytes-ChangeByte-EraseBytes-
#2066851	REDUCE cov: 1081 ft: 3059 corp: 627/102Kb lim: 4096 exec/s: 8986 rss: 490Mb L: 66/3677 MS: 2 ShuffleBytes-EraseBytes-
#2069752	REDUCE cov: 1081 ft: 3059 corp: 627/102Kb lim: 4096 exec/s: 8998 rss: 490Mb L: 141/3677 MS: 1 EraseBytes-
#2082546	REDUCE cov: 1081 ft: 3059 corp: 627/102Kb lim: 4096 exec/s: 9015 rss: 490Mb L: 434/3677 MS: 4 EraseBytes-ShuffleBytes-InsertByte-ChangeByte-
#2086157	REDUCE cov: 1081 ft: 3059 corp: 627/102Kb lim: 4096 exec/s: 8992 rss: 490Mb L: 1436/3677 MS: 1 EraseBytes-
#2087241	REDUCE cov: 1081 ft: 3059 corp: 627/102Kb lim: 4096 exec/s: 8996 rss: 490Mb L: 568/3677 MS: 4 EraseBytes-ShuffleBytes-ShuffleBytes-CopyPart-
#2093132	REDUCE cov: 1081 ft: 3059 corp: 627/102Kb lim: 4096 exec/s: 9022 rss: 490Mb L: 312/3677 MS: 1 EraseBytes-
#2094438	REDUCE cov: 1081 ft: 3059 corp: 627/102Kb lim: 4096 exec/s: 9027 rss: 490Mb L: 171/3677 MS: 1 EraseBytes-
#2096912	REDUCE cov: 1081 ft: 3059 corp: 627/102Kb lim: 4096 exec/s: 8999 rss: 490Mb L: 1315/3677 MS: 4 ChangeASCIIInt-ShuffleBytes-ChangeASCIIInt-EraseBytes-
#2097152	pulse  cov: 1081 ft: 3059 corp: 627/102Kb lim: 4096 exec/s: 9000 rss: 490Mb
#2097458	REDUCE cov: 1081 ft: 3059 corp: 627/102Kb lim: 4096 exec/s: 9001 rss: 490Mb L: 66/3677 MS: 1 EraseBytes-
#2101940	REDUCE cov: 1081 ft: 3059 corp: 627/102Kb lim: 4096 exec/s: 9021 rss: 490Mb L: 484/3677 MS: 2 ChangeBit-EraseBytes-
#2105148	REDUCE cov: 1081 ft: 3059 corp: 627/102Kb lim: 4096 exec/s: 8996 rss: 490Mb L: 1221/3677 MS: 3 ChangeASCIIInt-EraseBytes-CopyPart-
#2109291	REDUCE cov: 1081 ft: 3059 corp: 627/102Kb lim: 4096 exec/s: 9014 rss: 490Mb L: 115/3677 MS: 3 InsertByte-ChangeBit-EraseBytes-
#2110541	REDUCE cov: 1081 ft: 3059 corp: 627/102Kb lim: 4096 exec/s: 9019 rss: 490Mb L: 254/3677 MS: 5 EraseBytes-PersAutoDict-InsertByte-ChangeByte-CopyPart- DE: "0\000"-
#2110557	REDUCE cov: 1081 ft: 3059 corp: 627/102Kb lim: 4096 exec/s: 9019 rss: 490Mb L: 435/3677 MS: 1 EraseBytes-
#2110804	REDUCE cov: 1081 ft: 3059 corp: 627/102Kb lim: 4096 exec/s: 9020 rss: 490Mb L: 42/3677 MS: 2 ChangeByte-EraseBytes-
#2123889	REDUCE cov: 1081 ft: 3059 corp: 627/102Kb lim: 4096 exec/s: 8999 rss: 490Mb L: 397/3677 MS: 5 EraseBytes-ChangeASCIIInt-ShuffleBytes-ChangeBinInt-PersAutoDict- DE: "\000\000\000`"-
#2130030	REDUCE cov: 1081 ft: 3059 corp: 627/102Kb lim: 4096 exec/s: 9025 rss: 490Mb L: 1901/3677 MS: 1 EraseBytes-
#2140738	REDUCE cov: 1081 ft: 3059 corp: 627/102Kb lim: 4096 exec/s: 9032 rss: 490Mb L: 476/3677 MS: 3 ChangeASCIIInt-CopyPart-EraseBytes-
#2140866	REDUCE cov: 1081 ft: 3059 corp: 627/102Kb lim: 4096 exec/s: 9033 rss: 490Mb L: 112/3677 MS: 3 ChangeASCIIInt-PersAutoDict-EraseBytes- DE: ".meta"-
#2141642	REDUCE cov: 1081 ft: 3059 corp: 627/102Kb lim: 4096 exec/s: 9036 rss: 490Mb L: 2061/3677 MS: 1 EraseBytes-
#2161358	REDUCE cov: 1081 ft: 3059 corp: 627/102Kb lim: 4096 exec/s: 9005 rss: 490Mb L: 26/3677 MS: 1 EraseBytes-
#2162672	REDUCE cov: 1081 ft: 3059 corp: 627/102Kb lim: 4096 exec/s: 9011 rss: 490Mb L: 938/3677 MS: 4 ChangeBinInt-InsertByte-ChangeBit-EraseBytes-
#2169794	REDUCE cov: 1081 ft: 3059 corp: 627/102Kb lim: 4096 exec/s: 9040 rss: 490Mb L: 1301/3677 MS: 2 ChangeBinInt-EraseBytes-
#2175255	REDUCE cov: 1081 ft: 3059 corp: 627/102Kb lim: 4096 exec/s: 9025 rss: 490Mb L: 38/3677 MS: 1 EraseBytes-
#2187231	REDUCE cov: 1081 ft: 3059 corp: 627/102Kb lim: 4096 exec/s: 9038 rss: 490Mb L: 63/3677 MS: 1 EraseBytes-
#2187807	REDUCE cov: 1081 ft: 3059 corp: 627/102Kb lim: 4096 exec/s: 9040 rss: 490Mb L: 182/3677 MS: 1 EraseBytes-
#2202084	REDUCE cov: 1081 ft: 3059 corp: 627/102Kb lim: 4096 exec/s: 9062 rss: 490Mb L: 69/3677 MS: 2 CopyPart-EraseBytes-
#2202935	REDUCE cov: 1081 ft: 3059 corp: 627/102Kb lim: 4096 exec/s: 9065 rss: 490Mb L: 239/3677 MS: 1 EraseBytes-
#2205663	REDUCE cov: 1081 ft: 3059 corp: 627/102Kb lim: 4096 exec/s: 9039 rss: 491Mb L: 100/3677 MS: 3 ChangeByte-InsertRepeatedBytes-EraseBytes-
#2206597	REDUCE cov: 1081 ft: 3059 corp: 627/102Kb lim: 4096 exec/s: 9043 rss: 491Mb L: 81/3677 MS: 4 CopyPart-ChangeASCIIInt-ChangeBinInt-EraseBytes-
#2207025	REDUCE cov: 1081 ft: 3059 corp: 627/102Kb lim: 4096 exec/s: 9045 rss: 491Mb L: 160/3677 MS: 3 ShuffleBytes-InsertRepeatedBytes-EraseBytes-
#2214446	REDUCE cov: 1081 ft: 3059 corp: 627/102Kb lim: 4096 exec/s: 9038 rss: 492Mb L: 956/3677 MS: 1 EraseBytes-
#2222631	REDUCE cov: 1081 ft: 3059 corp: 627/102Kb lim: 4096 exec/s: 9071 rss: 492Mb L: 187/3677 MS: 5 ChangeBinInt-EraseBytes-ShuffleBytes-ShuffleBytes-CopyPart-
#2223613	REDUCE cov: 1081 ft: 3059 corp: 627/102Kb lim: 4096 exec/s: 9075 rss: 492Mb L: 433/3677 MS: 2 CrossOver-EraseBytes-
#2225280	REDUCE cov: 1081 ft: 3059 corp: 627/102Kb lim: 4096 exec/s: 9045 rss: 492Mb L: 351/3677 MS: 2 ChangeBit-EraseBytes-
#2226483	REDUCE cov: 1081 ft: 3059 corp: 627/102Kb lim: 4096 exec/s: 9050 rss: 492Mb L: 172/3677 MS: 3 EraseBytes-ChangeByte-CopyPart-
#2230879	REDUCE cov: 1081 ft: 3059 corp: 627/102Kb lim: 4096 exec/s: 9068 rss: 492Mb L: 173/3677 MS: 1 EraseBytes-
#2231329	REDUCE cov: 1081 ft: 3059 corp: 627/102Kb lim: 4096 exec/s: 9070 rss: 492Mb L: 1281/3677 MS: 5 CrossOver-ShuffleBytes-ChangeASCIIInt-CMP-EraseBytes- DE: "\006\000"-
#2232056	REDUCE cov: 1081 ft: 3059 corp: 627/102Kb lim: 4096 exec/s: 9073 rss: 492Mb L: 467/3677 MS: 2 EraseBytes-CopyPart-
#2237380	REDUCE cov: 1081 ft: 3059 corp: 627/102Kb lim: 4096 exec/s: 9058 rss: 492Mb L: 19/3677 MS: 3 ChangeASCIIInt-EraseBytes-CopyPart-
#2237996	REDUCE cov: 1081 ft: 3059 corp: 627/102Kb lim: 4096 exec/s: 9060 rss: 492Mb L: 475/3677 MS: 1 EraseBytes-
#2242958	REDUCE cov: 1081 ft: 3059 corp: 627/102Kb lim: 4096 exec/s: 9080 rss: 492Mb L: 210/3677 MS: 2 ChangeByte-EraseBytes-
#2245869	REDUCE cov: 1081 ft: 3059 corp: 627/102Kb lim: 4096 exec/s: 9055 rss: 492Mb L: 1514/3677 MS: 1 EraseBytes-
#2247296	REDUCE cov: 1081 ft: 3059 corp: 627/102Kb lim: 4096 exec/s: 9061 rss: 492Mb L: 93/3677 MS: 2 CopyPart-EraseBytes-
#2248489	REDUCE cov: 1081 ft: 3059 corp: 627/102Kb lim: 4096 exec/s: 9066 rss: 492Mb L: 2407/3677 MS: 3 EraseBytes-CopyPart-CopyPart-
#2255772	REDUCE cov: 1081 ft: 3059 corp: 627/102Kb lim: 4096 exec/s: 9095 rss: 492Mb L: 38/3677 MS: 3 ChangeBinInt-PersAutoDict-EraseBytes- DE: "\006\000"-
#2257203	REDUCE cov: 1081 ft: 3059 corp: 627/102Kb lim: 4096 exec/s: 9101 rss: 492Mb L: 244/3677 MS: 1 EraseBytes-
#2261039	REDUCE cov: 1081 ft: 3059 corp: 627/102Kb lim: 4096 exec/s: 9080 rss: 492Mb L: 21/3677 MS: 1 EraseBytes-
#2263321	REDUCE cov: 1081 ft: 3059 corp: 627/102Kb lim: 4096 exec/s: 9089 rss: 492Mb L: 248/3677 MS: 2 ChangeByte-EraseBytes-
#2273952	REDUCE cov: 1081 ft: 3059 corp: 627/102Kb lim: 4096 exec/s: 9095 rss: 494Mb L: 60/3677 MS: 1 EraseBytes-
#2274642	REDUCE cov: 1081 ft: 3059 corp: 627/102Kb lim: 4096 exec/s: 9098 rss: 494Mb L: 1260/3677 MS: 5 ChangeBinInt-ChangeASCIIInt-EraseBytes-ChangeASCIIInt-CopyPart-
#2286514	REDUCE cov: 1081 ft: 3059 corp: 627/102Kb lim: 4096 exec/s: 9109 rss: 494Mb L: 458/3677 MS: 2 ChangeBit-EraseBytes-
#2288389	REDUCE cov: 1081 ft: 3059 corp: 627/102Kb lim: 4096 exec/s: 9117 rss: 494Mb L: 170/3677 MS: 5 ChangeBinInt-CopyPart-ChangeBit-ChangeBinInt-EraseBytes-
#2288547	REDUCE cov: 1081 ft: 3059 corp: 627/102Kb lim: 4096 exec/s: 9117 rss: 494Mb L: 58/3677 MS: 3 InsertByte-EraseBytes-CopyPart-
#2292628	REDUCE cov: 1081 ft: 3059 corp: 627/102Kb lim: 4096 exec/s: 9097 rss: 494Mb L: 37/3677 MS: 1 EraseBytes-
#2293989	REDUCE cov: 1081 ft: 3059 corp: 627/102Kb lim: 4096 exec/s: 9103 rss: 494Mb L: 27/3677 MS: 1 EraseBytes-
#2294365	REDUCE cov: 1081 ft: 3059 corp: 627/102Kb lim: 4096 exec/s: 9104 rss: 494Mb L: 157/3677 MS: 1 EraseBytes-
#2314172	REDUCE cov: 1081 ft: 3059 corp: 627/102Kb lim: 4096 exec/s: 9146 rss: 494Mb L: 703/3677 MS: 2 ShuffleBytes-EraseBytes-
#2318002	REDUCE cov: 1081 ft: 3059 corp: 627/102Kb lim: 4096 exec/s: 9125 rss: 494Mb L: 396/3677 MS: 5 ChangeBinInt-ChangeBit-ChangeByte-InsertByte-EraseBytes-
#2321896	REDUCE cov: 1081 ft: 3059 corp: 627/102Kb lim: 4096 exec/s: 9141 rss: 494Mb L: 583/3677 MS: 4 ShuffleBytes-CrossOver-EraseBytes-CopyPart-
#2323098	REDUCE cov: 1081 ft: 3059 corp: 627/102Kb lim: 4096 exec/s: 9146 rss: 494Mb L: 457/3677 MS: 2 CrossOver-EraseBytes-
#2334895	REDUCE cov: 1081 ft: 3059 corp: 627/102Kb lim: 4096 exec/s: 9156 rss: 494Mb L: 82/3677 MS: 2 ChangeBinInt-EraseBytes-
#2336809	REDUCE cov: 1081 ft: 3059 corp: 627/102Kb lim: 4096 exec/s: 9163 rss: 494Mb L: 420/3677 MS: 4 ChangeASCIIInt-ShuffleBytes-ChangeBit-EraseBytes-
#2352047	REDUCE cov: 1081 ft: 3059 corp: 627/102Kb lim: 4096 exec/s: 9151 rss: 494Mb L: 794/3677 MS: 3 ShuffleBytes-EraseBytes-ChangeByte-
#2363118	REDUCE cov: 1081 ft: 3059 corp: 627/102Kb lim: 4096 exec/s: 9159 rss: 494Mb L: 253/3677 MS: 1 EraseBytes-
#2364099	REDUCE cov: 1081 ft: 3059 corp: 627/102Kb lim: 4096 exec/s: 9163 rss: 494Mb L: 158/3677 MS: 1 EraseBytes-
#2369600	REDUCE cov: 1081 ft: 3059 corp: 627/102Kb lim: 4096 exec/s: 9184 rss: 494Mb L: 179/3677 MS: 1 EraseBytes-
#2371691	REDUCE cov: 1081 ft: 3059 corp: 627/102Kb lim: 4096 exec/s: 9192 rss: 494Mb L: 175/3677 MS: 1 EraseBytes-
#2372683	REDUCE cov: 1081 ft: 3059 corp: 627/102Kb lim: 4096 exec/s: 9160 rss: 494Mb L: 405/3677 MS: 2 ChangeByte-EraseBytes-
#2393974	REDUCE cov: 1081 ft: 3059 corp: 627/102Kb lim: 4096 exec/s: 9207 rss: 495Mb L: 440/3677 MS: 1 EraseBytes-
#2409875	REDUCE cov: 1081 ft: 3059 corp: 627/102Kb lim: 4096 exec/s: 9197 rss: 495Mb L: 9/3677 MS: 1 EraseBytes-
#2413344	REDUCE cov: 1081 ft: 3059 corp: 627/102Kb lim: 4096 exec/s: 9211 rss: 495Mb L: 672/3677 MS: 4 EraseBytes-ChangeASCIIInt-ChangeASCIIInt-CopyPart-
#2413923	REDUCE cov: 1081 ft: 3059 corp: 627/102Kb lim: 4096 exec/s: 9213 rss: 495Mb L: 653/3677 MS: 4 ShuffleBytes-ChangeBit-CopyPart-EraseBytes-
#2418769	REDUCE cov: 1081 ft: 3059 corp: 627/102Kb lim: 4096 exec/s: 9196 rss: 495Mb L: 1198/3677 MS: 5 ChangeByte-EraseBytes-CMP-PersAutoDict-CopyPart- DE: "\377\377\377\377"-"\000\000\000\000\000\000\000\000"-
#2421795	REDUCE cov: 1081 ft: 3059 corp: 627/102Kb lim: 4096 exec/s: 9208 rss: 495Mb L: 452/3677 MS: 1 EraseBytes-
#2440172	REDUCE cov: 1081 ft: 3059 corp: 627/102Kb lim: 4096 exec/s: 9243 rss: 495Mb L: 83/3677 MS: 1 EraseBytes-
#2442937	REDUCE cov: 1081 ft: 3059 corp: 627/102Kb lim: 4096 exec/s: 9218 rss: 495Mb L: 61/3677 MS: 5 InsertByte-ChangeByte-CopyPart-EraseBytes-EraseBytes-
#2445794	REDUCE cov: 1081 ft: 3059 corp: 627/102Kb lim: 4096 exec/s: 9229 rss: 495Mb L: 916/3677 MS: 2 ShuffleBytes-EraseBytes-
#2446385	REDUCE cov: 1081 ft: 3059 corp: 627/102Kb lim: 4096 exec/s: 9231 rss: 495Mb L: 84/3677 MS: 1 EraseBytes-
#2464046	REDUCE cov: 1081 ft: 3059 corp: 627/102Kb lim: 4096 exec/s: 9263 rss: 495Mb L: 28/3677 MS: 1 EraseBytes-
#2465154	REDUCE cov: 1081 ft: 3059 corp: 627/102Kb lim: 4096 exec/s: 9267 rss: 495Mb L: 236/3677 MS: 3 InsertByte-ChangeBinInt-EraseBytes-
#2468155	REDUCE cov: 1081 ft: 3059 corp: 627/102Kb lim: 4096 exec/s: 9244 rss: 495Mb L: 158/3677 MS: 1 EraseBytes-
#2474146	REDUCE cov: 1081 ft: 3059 corp: 627/102Kb lim: 4096 exec/s: 9266 rss: 495Mb L: 48/3677 MS: 1 EraseBytes-
#2480237	REDUCE cov: 1081 ft: 3059 corp: 627/102Kb lim: 4096 exec/s: 9254 rss: 495Mb L: 13/3677 MS: 1 EraseBytes-
#2485684	REDUCE cov: 1081 ft: 3059 corp: 627/102Kb lim: 4096 exec/s: 9274 rss: 495Mb L: 51/3677 MS: 2 ChangeASCIIInt-EraseBytes-
#2487407	REDUCE cov: 1081 ft: 3059 corp: 627/102Kb lim: 4096 exec/s: 9281 rss: 495Mb L: 23/3677 MS: 3 CopyPart-EraseBytes-PersAutoDict- DE: "\000\000"-
#2512794	REDUCE cov: 1081 ft: 3059 corp: 627/102Kb lim: 4096 exec/s: 9306 rss: 500Mb L: 180/3677 MS: 2 InsertByte-EraseBytes-
#2517945	REDUCE cov: 1081 ft: 3059 corp: 627/101Kb lim: 4096 exec/s: 9325 rss: 500Mb L: 3330/3677 MS: 1 EraseBytes-
#2542682	REDUCE cov: 1081 ft: 3059 corp: 627/101Kb lim: 4096 exec/s: 9348 rss: 500Mb L: 38/3677 MS: 2 EraseBytes-ShuffleBytes-
#2563953	REDUCE cov: 1081 ft: 3059 corp: 627/101Kb lim: 4096 exec/s: 9357 rss: 500Mb L: 78/3677 MS: 1 EraseBytes-
#2567360	REDUCE cov: 1081 ft: 3059 corp: 627/101Kb lim: 4096 exec/s: 9369 rss: 500Mb L: 273/3677 MS: 2 ShuffleBytes-EraseBytes-
#2570211	REDUCE cov: 1081 ft: 3059 corp: 627/101Kb lim: 4096 exec/s: 9380 rss: 500Mb L: 209/3677 MS: 1 EraseBytes-
#2585647	REDUCE cov: 1081 ft: 3059 corp: 627/101Kb lim: 4096 exec/s: 9402 rss: 501Mb L: 458/3677 MS: 1 EraseBytes-
#2591473	REDUCE cov: 1081 ft: 3059 corp: 627/101Kb lim: 4096 exec/s: 9389 rss: 501Mb L: 930/3677 MS: 1 EraseBytes-
#2602964	REDUCE cov: 1081 ft: 3059 corp: 627/101Kb lim: 4096 exec/s: 9396 rss: 501Mb L: 585/3677 MS: 1 EraseBytes-
#2618350	REDUCE cov: 1081 ft: 3059 corp: 627/101Kb lim: 4096 exec/s: 9418 rss: 501Mb L: 3238/3677 MS: 1 EraseBytes-
#2618703	REDUCE cov: 1081 ft: 3059 corp: 627/101Kb lim: 4096 exec/s: 9419 rss: 501Mb L: 754/3677 MS: 3 ChangeByte-InsertRepeatedBytes-EraseBytes-
#2624499	REDUCE cov: 1081 ft: 3059 corp: 627/101Kb lim: 4096 exec/s: 9440 rss: 501Mb L: 147/3677 MS: 1 EraseBytes-
#2626446	REDUCE cov: 1081 ft: 3059 corp: 627/101Kb lim: 4096 exec/s: 9447 rss: 501Mb L: 967/3677 MS: 2 ChangeByte-EraseBytes-
#2642102	REDUCE cov: 1081 ft: 3059 corp: 627/101Kb lim: 4096 exec/s: 9436 rss: 501Mb L: 430/3677 MS: 1 EraseBytes-
#2647733	REDUCE cov: 1081 ft: 3059 corp: 627/101Kb lim: 4096 exec/s: 9456 rss: 501Mb L: 287/3677 MS: 1 EraseBytes-
#2647893	REDUCE cov: 1081 ft: 3059 corp: 627/101Kb lim: 4096 exec/s: 9456 rss: 501Mb L: 1480/3677 MS: 5 EraseBytes-ShuffleBytes-PersAutoDict-EraseBytes-CopyPart- DE: "\377\377\377\377\377\377\377\004"-
#2652154	REDUCE cov: 1081 ft: 3059 corp: 627/101Kb lim: 4096 exec/s: 9471 rss: 501Mb L: 14/3677 MS: 1 EraseBytes-
#2664835	REDUCE cov: 1081 ft: 3059 corp: 627/101Kb lim: 4096 exec/s: 9483 rss: 501Mb L: 59/3677 MS: 1 EraseBytes-
#2679639	REDUCE cov: 1081 ft: 3059 corp: 627/101Kb lim: 4096 exec/s: 9502 rss: 501Mb L: 359/3677 MS: 4 ChangeBinInt-ShuffleBytes-InsertRepeatedBytes-EraseBytes-
#2681234	REDUCE cov: 1081 ft: 3059 corp: 627/101Kb lim: 4096 exec/s: 9507 rss: 501Mb L: 594/3677 MS: 5 ChangeByte-ChangeBit-ChangeASCIIInt-CopyPart-EraseBytes-
#2681660	REDUCE cov: 1081 ft: 3059 corp: 627/101Kb lim: 4096 exec/s: 9509 rss: 501Mb L: 141/3677 MS: 1 EraseBytes-
#2686777	REDUCE cov: 1081 ft: 3059 corp: 627/101Kb lim: 4096 exec/s: 9493 rss: 501Mb L: 784/3677 MS: 2 InsertByte-EraseBytes-
#2723829	REDUCE cov: 1081 ft: 3059 corp: 627/101Kb lim: 4096 exec/s: 9557 rss: 506Mb L: 131/3677 MS: 2 CrossOver-EraseBytes-
#2751855	REDUCE cov: 1081 ft: 3059 corp: 627/101Kb lim: 4096 exec/s: 9588 rss: 507Mb L: 67/3677 MS: 1 EraseBytes-
#2758561	REDUCE cov: 1081 ft: 3059 corp: 627/101Kb lim: 4096 exec/s: 9611 rss: 507Mb L: 105/3677 MS: 1 EraseBytes-
#2761996	REDUCE cov: 1081 ft: 3059 corp: 627/101Kb lim: 4096 exec/s: 9590 rss: 507Mb L: 820/3677 MS: 5 CrossOver-ChangeByte-ChangeBit-InsertByte-EraseBytes-
#2796547	REDUCE cov: 1081 ft: 3059 corp: 627/101Kb lim: 4096 exec/s: 9643 rss: 513Mb L: 40/3677 MS: 1 EraseBytes-
#2798830	REDUCE cov: 1081 ft: 3059 corp: 627/101Kb lim: 4096 exec/s: 9651 rss: 513Mb L: 42/3677 MS: 3 PersAutoDict-CopyPart-EraseBytes- DE: "\000\000\000`"-
#2800532	REDUCE cov: 1081 ft: 3059 corp: 627/101Kb lim: 4096 exec/s: 9657 rss: 514Mb L: 32/3677 MS: 2 EraseBytes-CopyPart-
#2813289	REDUCE cov: 1081 ft: 3059 corp: 627/101Kb lim: 4096 exec/s: 9667 rss: 514Mb L: 75/3677 MS: 2 EraseBytes-CopyPart-
#2829749	REDUCE cov: 1081 ft: 3059 corp: 627/101Kb lim: 4096 exec/s: 9690 rss: 514Mb L: 189/3677 MS: 5 InsertRepeatedBytes-EraseBytes-CrossOver-EraseBytes-CopyPart-
#2835835	REDUCE cov: 1081 ft: 3059 corp: 627/101Kb lim: 4096 exec/s: 9678 rss: 514Mb L: 155/3677 MS: 1 EraseBytes-
#2838764	REDUCE cov: 1081 ft: 3059 corp: 627/101Kb lim: 4096 exec/s: 9688 rss: 514Mb L: 1175/3677 MS: 4 EraseBytes-InsertByte-ChangeBinInt-CopyPart-
#2851300	REDUCE cov: 1081 ft: 3059 corp: 627/101Kb lim: 4096 exec/s: 9698 rss: 514Mb L: 1174/3677 MS: 1 EraseBytes-
#2857911	REDUCE cov: 1081 ft: 3059 corp: 627/101Kb lim: 4096 exec/s: 9720 rss: 514Mb L: 139/3677 MS: 1 EraseBytes-
#2894946	REDUCE cov: 1081 ft: 3060 corp: 628/102Kb lim: 4096 exec/s: 9747 rss: 514Mb L: 892/3677 MS: 4 InsertByte-ChangeByte-InsertRepeatedBytes-CopyPart-
#2948862	REDUCE cov: 1081 ft: 3060 corp: 628/102Kb lim: 4096 exec/s: 9764 rss: 514Mb L: 134/3677 MS: 1 EraseBytes-
#2952363	REDUCE cov: 1081 ft: 3060 corp: 628/102Kb lim: 4096 exec/s: 9776 rss: 514Mb L: 1159/3677 MS: 1 EraseBytes-
#2963120	REDUCE cov: 1081 ft: 3060 corp: 628/102Kb lim: 4096 exec/s: 9779 rss: 514Mb L: 1132/3677 MS: 2 ChangeBit-EraseBytes-
#2983112	REDUCE cov: 1081 ft: 3060 corp: 628/102Kb lim: 4096 exec/s: 9780 rss: 518Mb L: 151/3677 MS: 1 EraseBytes-
#3001253	REDUCE cov: 1081 ft: 3060 corp: 628/102Kb lim: 4096 exec/s: 9808 rss: 531Mb L: 3647/3677 MS: 1 EraseBytes-
#3004449	REDUCE cov: 1081 ft: 3060 corp: 628/102Kb lim: 4096 exec/s: 9786 rss: 531Mb L: 3208/3677 MS: 1 EraseBytes-
#3007601	REDUCE cov: 1081 ft: 3060 corp: 628/102Kb lim: 4096 exec/s: 9796 rss: 531Mb L: 803/3677 MS: 2 CrossOver-EraseBytes-
#3007753	REDUCE cov: 1081 ft: 3060 corp: 628/102Kb lim: 4096 exec/s: 9797 rss: 531Mb L: 1120/3677 MS: 2 PersAutoDict-EraseBytes- DE: ".meta"-
#3018481	REDUCE cov: 1081 ft: 3060 corp: 628/102Kb lim: 4096 exec/s: 9800 rss: 531Mb L: 27/3677 MS: 3 EraseBytes-CopyPart-InsertByte-
#3023430	REDUCE cov: 1081 ft: 3060 corp: 628/102Kb lim: 4096 exec/s: 9784 rss: 531Mb L: 280/3677 MS: 4 CopyPart-ShuffleBytes-InsertByte-EraseBytes-
#3026738	REDUCE cov: 1081 ft: 3060 corp: 628/102Kb lim: 4096 exec/s: 9795 rss: 531Mb L: 35/3677 MS: 3 ChangeByte-EraseBytes-CrossOver-
#3033764	REDUCE cov: 1081 ft: 3060 corp: 628/102Kb lim: 4096 exec/s: 9786 rss: 531Mb L: 796/3677 MS: 1 EraseBytes-
#3045275	REDUCE cov: 1081 ft: 3060 corp: 628/102Kb lim: 4096 exec/s: 9791 rss: 531Mb L: 555/3677 MS: 1 EraseBytes-
#3048821	REDUCE cov: 1081 ft: 3060 corp: 628/102Kb lim: 4096 exec/s: 9803 rss: 531Mb L: 133/3677 MS: 1 EraseBytes-
#3056180	REDUCE cov: 1081 ft: 3060 corp: 628/102Kb lim: 4096 exec/s: 9795 rss: 531Mb L: 433/3677 MS: 4 ChangeASCIIInt-CopyPart-ChangeByte-EraseBytes-
#3061154	REDUCE cov: 1081 ft: 3060 corp: 628/101Kb lim: 4096 exec/s: 9811 rss: 531Mb L: 432/3677 MS: 4 InsertRepeatedBytes-InsertByte-InsertByte-EraseBytes-
#3064255	REDUCE cov: 1081 ft: 3060 corp: 628/101Kb lim: 4096 exec/s: 9821 rss: 531Mb L: 1179/3677 MS: 1 EraseBytes-
#3064729	REDUCE cov: 1081 ft: 3060 corp: 628/101Kb lim: 4096 exec/s: 9822 rss: 531Mb L: 34/3677 MS: 4 ShuffleBytes-ChangeBit-ChangeBit-EraseBytes-
#3071016	REDUCE cov: 1081 ft: 3060 corp: 628/101Kb lim: 4096 exec/s: 9811 rss: 531Mb L: 26/3677 MS: 2 ChangeBinInt-EraseBytes-
#3071553	REDUCE cov: 1081 ft: 3060 corp: 628/101Kb lim: 4096 exec/s: 9813 rss: 531Mb L: 148/3677 MS: 2 CrossOver-EraseBytes-
#3098704	REDUCE cov: 1081 ft: 3060 corp: 628/101Kb lim: 4096 exec/s: 9806 rss: 531Mb L: 130/3677 MS: 1 EraseBytes-
#3113001	REDUCE cov: 1081 ft: 3060 corp: 628/101Kb lim: 4096 exec/s: 9820 rss: 531Mb L: 1097/3677 MS: 2 ChangeBit-EraseBytes-
#3113502	REDUCE cov: 1081 ft: 3060 corp: 628/101Kb lim: 4096 exec/s: 9821 rss: 531Mb L: 128/3677 MS: 1 EraseBytes-
#3114233	REDUCE cov: 1081 ft: 3060 corp: 628/101Kb lim: 4096 exec/s: 9824 rss: 531Mb L: 188/3677 MS: 1 EraseBytes-
#3124715	REDUCE cov: 1081 ft: 3060 corp: 628/101Kb lim: 4096 exec/s: 9826 rss: 531Mb L: 56/3677 MS: 1 EraseBytes-
#3127826	REDUCE cov: 1081 ft: 3060 corp: 628/101Kb lim: 4096 exec/s: 9835 rss: 531Mb L: 269/3677 MS: 1 EraseBytes-
#3129288	REDUCE cov: 1081 ft: 3060 corp: 628/101Kb lim: 4096 exec/s: 9809 rss: 531Mb L: 313/3677 MS: 2 ChangeBit-EraseBytes-
#3136264	REDUCE cov: 1081 ft: 3060 corp: 628/101Kb lim: 4096 exec/s: 9831 rss: 531Mb L: 286/3677 MS: 1 EraseBytes-
#3162422	REDUCE cov: 1081 ft: 3060 corp: 628/101Kb lim: 4096 exec/s: 9821 rss: 531Mb L: 1091/3677 MS: 2 CopyPart-EraseBytes-
#3175954	REDUCE cov: 1081 ft: 3060 corp: 628/101Kb lim: 4096 exec/s: 9832 rss: 531Mb L: 55/3677 MS: 2 CopyPart-EraseBytes-
#3177159	REDUCE cov: 1081 ft: 3060 corp: 628/101Kb lim: 4096 exec/s: 9836 rss: 531Mb L: 2392/3677 MS: 5 CopyPart-ChangeASCIIInt-ChangeBinInt-EraseBytes-CopyPart-
#3186217	REDUCE cov: 1081 ft: 3060 corp: 628/101Kb lim: 4096 exec/s: 9834 rss: 531Mb L: 942/3677 MS: 3 PersAutoDict-EraseBytes-CopyPart- DE: "runtime:cap24"-
#3198208	REDUCE cov: 1081 ft: 3060 corp: 628/101Kb lim: 4096 exec/s: 9840 rss: 531Mb L: 428/3677 MS: 1 EraseBytes-
#3214349	REDUCE cov: 1081 ft: 3060 corp: 628/101Kb lim: 4096 exec/s: 9859 rss: 531Mb L: 77/3677 MS: 1 EraseBytes-
#3225396	REDUCE cov: 1081 ft: 3060 corp: 628/101Kb lim: 4096 exec/s: 9833 rss: 531Mb L: 427/3677 MS: 2 ChangeBit-EraseBytes-
#3226353	REDUCE cov: 1081 ft: 3060 corp: 628/101Kb lim: 4096 exec/s: 9836 rss: 531Mb L: 3644/3677 MS: 2 ChangeBit-EraseBytes-
#3227985	REDUCE cov: 1081 ft: 3060 corp: 628/101Kb lim: 4096 exec/s: 9841 rss: 531Mb L: 169/3677 MS: 2 EraseBytes-InsertRepeatedBytes-
#3231681	REDUCE cov: 1081 ft: 3060 corp: 628/101Kb lim: 4096 exec/s: 9852 rss: 531Mb L: 70/3677 MS: 1 EraseBytes-
#3236487	REDUCE cov: 1081 ft: 3060 corp: 628/101Kb lim: 4096 exec/s: 9837 rss: 531Mb L: 62/3677 MS: 1 EraseBytes-
#3238903	REDUCE cov: 1081 ft: 3060 corp: 628/101Kb lim: 4096 exec/s: 9844 rss: 531Mb L: 65/3677 MS: 1 EraseBytes-
#3243334	REDUCE cov: 1081 ft: 3060 corp: 628/101Kb lim: 4096 exec/s: 9858 rss: 531Mb L: 69/3677 MS: 1 EraseBytes-
#3252613	REDUCE cov: 1081 ft: 3060 corp: 628/101Kb lim: 4096 exec/s: 9856 rss: 531Mb L: 129/3677 MS: 4 CopyPart-EraseBytes-InsertByte-CopyPart-
#3258159	REDUCE cov: 1081 ft: 3060 corp: 628/101Kb lim: 4096 exec/s: 9843 rss: 531Mb L: 142/3677 MS: 1 EraseBytes-
#3278955	REDUCE cov: 1081 ft: 3060 corp: 628/101Kb lim: 4096 exec/s: 9846 rss: 531Mb L: 66/3677 MS: 1 EraseBytes-
#3287827	REDUCE cov: 1081 ft: 3060 corp: 628/101Kb lim: 4096 exec/s: 9843 rss: 531Mb L: 128/3677 MS: 2 ShuffleBytes-EraseBytes-
#3288663	REDUCE cov: 1081 ft: 3060 corp: 628/101Kb lim: 4096 exec/s: 9846 rss: 531Mb L: 54/3677 MS: 1 EraseBytes-
#3330119	REDUCE cov: 1081 ft: 3060 corp: 628/101Kb lim: 4096 exec/s: 9852 rss: 531Mb L: 279/3677 MS: 1 EraseBytes-
#3337040	REDUCE cov: 1081 ft: 3060 corp: 628/101Kb lim: 4096 exec/s: 9872 rss: 531Mb L: 422/3677 MS: 1 EraseBytes-
#3348672	REDUCE cov: 1081 ft: 3060 corp: 628/101Kb lim: 4096 exec/s: 9878 rss: 531Mb L: 42/3677 MS: 2 ChangeByte-EraseBytes-
#3352758	REDUCE cov: 1081 ft: 3060 corp: 628/101Kb lim: 4096 exec/s: 9861 rss: 531Mb L: 176/3677 MS: 1 EraseBytes-
#3360904	REDUCE cov: 1081 ft: 3060 corp: 628/101Kb lim: 4096 exec/s: 9885 rss: 531Mb L: 127/3677 MS: 1 EraseBytes-
#3362591	REDUCE cov: 1081 ft: 3060 corp: 628/101Kb lim: 4096 exec/s: 9889 rss: 531Mb L: 170/3677 MS: 2 EraseBytes-CopyPart-
#3363869	REDUCE cov: 1081 ft: 3060 corp: 628/101Kb lim: 4096 exec/s: 9864 rss: 531Mb L: 1044/3677 MS: 3 ShuffleBytes-PersAutoDict-EraseBytes- DE: "`\000"-
#3373330	REDUCE cov: 1081 ft: 3060 corp: 628/101Kb lim: 4096 exec/s: 9863 rss: 531Mb L: 1437/3677 MS: 1 EraseBytes-
#3373481	REDUCE cov: 1081 ft: 3060 corp: 628/101Kb lim: 4096 exec/s: 9863 rss: 531Mb L: 135/3677 MS: 1 EraseBytes-
#3384102	REDUCE cov: 1081 ft: 3060 corp: 628/101Kb lim: 4096 exec/s: 9866 rss: 531Mb L: 18/3677 MS: 1 EraseBytes-
#3410793	REDUCE cov: 1081 ft: 3060 corp: 628/101Kb lim: 4096 exec/s: 9886 rss: 531Mb L: 258/3677 MS: 1 EraseBytes-
#3415173	REDUCE cov: 1081 ft: 3060 corp: 628/101Kb lim: 4096 exec/s: 9899 rss: 531Mb L: 1029/3677 MS: 5 PersAutoDict-ChangeBit-CrossOver-ShuffleBytes-EraseBytes- DE: "\000{"-
#3426304	REDUCE cov: 1081 ft: 3060 corp: 628/101Kb lim: 4096 exec/s: 9902 rss: 531Mb L: 3676/3676 MS: 1 EraseBytes-
#3440500	REDUCE cov: 1081 ft: 3060 corp: 628/101Kb lim: 4096 exec/s: 9886 rss: 531Mb L: 199/3676 MS: 1 EraseBytes-
#3448381	REDUCE cov: 1081 ft: 3060 corp: 628/101Kb lim: 4096 exec/s: 9909 rss: 531Mb L: 65/3676 MS: 1 EraseBytes-
#3468187	REDUCE cov: 1081 ft: 3060 corp: 628/101Kb lim: 4096 exec/s: 9909 rss: 531Mb L: 1016/3676 MS: 1 EraseBytes-
#3475308	REDUCE cov: 1081 ft: 3060 corp: 628/101Kb lim: 4096 exec/s: 9901 rss: 531Mb L: 987/3676 MS: 1 EraseBytes-
#3530906	REDUCE cov: 1081 ft: 3060 corp: 628/101Kb lim: 4096 exec/s: 9946 rss: 531Mb L: 53/3676 MS: 2 CMP-EraseBytes- DE: "\377o"-
#3534058	REDUCE cov: 1081 ft: 3060 corp: 628/101Kb lim: 4096 exec/s: 9927 rss: 531Mb L: 49/3676 MS: 2 ChangeByte-EraseBytes-
#3549559	REDUCE cov: 1081 ft: 3060 corp: 628/101Kb lim: 4096 exec/s: 9942 rss: 531Mb L: 132/3676 MS: 1 EraseBytes-
#3557441	REDUCE cov: 1081 ft: 3060 corp: 628/101Kb lim: 4096 exec/s: 9936 rss: 531Mb L: 281/3676 MS: 2 CopyPart-EraseBytes-
#3588077	REDUCE cov: 1081 ft: 3060 corp: 628/101Kb lim: 4096 exec/s: 9966 rss: 531Mb L: 143/3676 MS: 1 EraseBytes-
#3614100	REDUCE cov: 1081 ft: 3060 corp: 628/101Kb lim: 4096 exec/s: 9956 rss: 531Mb L: 278/3676 MS: 3 CrossOver-ChangeBit-EraseBytes-
#3614831	REDUCE cov: 1081 ft: 3060 corp: 628/101Kb lim: 4096 exec/s: 9958 rss: 531Mb L: 91/3676 MS: 1 EraseBytes-
#3615290	REDUCE cov: 1081 ft: 3060 corp: 628/101Kb lim: 4096 exec/s: 9959 rss: 531Mb L: 946/3676 MS: 4 InsertRepeatedBytes-PersAutoDict-ChangeByte-EraseBytes- DE: "\001`"-
#3619141	REDUCE cov: 1081 ft: 3060 corp: 628/101Kb lim: 4096 exec/s: 9970 rss: 531Mb L: 767/3676 MS: 1 EraseBytes-
#3623244	NEW    cov: 1088 ft: 3072 corp: 629/101Kb lim: 4096 exec/s: 9981 rss: 531Mb L: 8/3676 MS: 3 CrossOver-InsertByte-CMP- DE: "http"-
#3645106	REDUCE cov: 1088 ft: 3072 corp: 629/101Kb lim: 4096 exec/s: 9986 rss: 531Mb L: 267/3676 MS: 2 ChangeBinInt-EraseBytes-
#3645732	NEW    cov: 1088 ft: 3073 corp: 630/101Kb lim: 4096 exec/s: 9988 rss: 531Mb L: 16/3676 MS: 1 CopyPart-
#3655495	NEW    cov: 1089 ft: 3074 corp: 631/101Kb lim: 4096 exec/s: 9987 rss: 531Mb L: 15/3676 MS: 3 CMP-InsertByte-EraseBytes- DE: "\001\000\000\000"-
#3685961	REDUCE cov: 1089 ft: 3074 corp: 631/101Kb lim: 4096 exec/s: 9989 rss: 531Mb L: 417/3676 MS: 1 EraseBytes-
#3697634	NEW    cov: 1089 ft: 3075 corp: 632/101Kb lim: 4096 exec/s: 9993 rss: 531Mb L: 28/3676 MS: 3 CrossOver-ChangeBinInt-InsertByte-
#3710880	REDUCE cov: 1089 ft: 3075 corp: 632/101Kb lim: 4096 exec/s: 10002 rss: 531Mb L: 64/3676 MS: 1 EraseBytes-
#3710971	REDUCE cov: 1089 ft: 3075 corp: 632/101Kb lim: 4096 exec/s: 10002 rss: 531Mb L: 945/3676 MS: 1 EraseBytes-
#3717514	NEW    cov: 1089 ft: 3076 corp: 633/101Kb lim: 4096 exec/s: 9993 rss: 531Mb L: 44/3676 MS: 3 ShuffleBytes-InsertRepeatedBytes-PersAutoDict- DE: "\001`"-
#3724041	NEW    cov: 1089 ft: 3078 corp: 634/101Kb lim: 4096 exec/s: 10010 rss: 531Mb L: 46/3676 MS: 2 ShuffleBytes-CMP- DE: "\000`"-
#3724957	NEW    cov: 1089 ft: 3080 corp: 635/101Kb lim: 4096 exec/s: 10013 rss: 531Mb L: 45/3676 MS: 1 InsertByte-
#3727928	REDUCE cov: 1089 ft: 3080 corp: 635/101Kb lim: 4096 exec/s: 10021 rss: 531Mb L: 1159/3676 MS: 1 EraseBytes-
#3739631	REDUCE cov: 1089 ft: 3080 corp: 635/101Kb lim: 4096 exec/s: 10025 rss: 531Mb L: 2110/3676 MS: 3 EraseBytes-ChangeByte-InsertRepeatedBytes-
#3745402	REDUCE cov: 1089 ft: 3080 corp: 635/101Kb lim: 4096 exec/s: 10014 rss: 531Mb L: 2103/3676 MS: 1 EraseBytes-
#3749288	REDUCE cov: 1089 ft: 3080 corp: 635/101Kb lim: 4096 exec/s: 10024 rss: 531Mb L: 48/3676 MS: 1 EraseBytes-
#3766335	REDUCE cov: 1089 ft: 3080 corp: 635/101Kb lim: 4096 exec/s: 10043 rss: 531Mb L: 129/3676 MS: 1 EraseBytes-
#3769733	REDUCE cov: 1089 ft: 3080 corp: 635/101Kb lim: 4096 exec/s: 10025 rss: 531Mb L: 917/3676 MS: 3 ChangeBinInt-ChangeBit-EraseBytes-
#3770199	REDUCE cov: 1089 ft: 3080 corp: 635/101Kb lim: 4096 exec/s: 10027 rss: 531Mb L: 15/3676 MS: 1 EraseBytes-
#3778670	REDUCE cov: 1089 ft: 3080 corp: 635/101Kb lim: 4096 exec/s: 10049 rss: 531Mb L: 14/3676 MS: 1 EraseBytes-
#3800236	REDUCE cov: 1089 ft: 3080 corp: 635/101Kb lim: 4096 exec/s: 10053 rss: 531Mb L: 122/3676 MS: 1 EraseBytes-
#3808762	REDUCE cov: 1089 ft: 3080 corp: 635/101Kb lim: 4096 exec/s: 10049 rss: 531Mb L: 227/3676 MS: 1 EraseBytes-
#3814170	REDUCE cov: 1089 ft: 3080 corp: 635/101Kb lim: 4096 exec/s: 10063 rss: 531Mb L: 187/3676 MS: 3 CopyPart-EraseBytes-CrossOver-
#3822991	REDUCE cov: 1089 ft: 3080 corp: 635/101Kb lim: 4096 exec/s: 10060 rss: 531Mb L: 63/3676 MS: 1 EraseBytes-
#3844404	REDUCE cov: 1089 ft: 3080 corp: 635/101Kb lim: 4096 exec/s: 10063 rss: 531Mb L: 38/3676 MS: 3 ChangeBinInt-ChangeBinInt-EraseBytes-
#3846013	REDUCE cov: 1089 ft: 3080 corp: 635/101Kb lim: 4096 exec/s: 10068 rss: 531Mb L: 2095/3676 MS: 4 ChangeASCIIInt-ChangeASCIIInt-ShuffleBytes-EraseBytes-
#3848104	REDUCE cov: 1089 ft: 3080 corp: 635/101Kb lim: 4096 exec/s: 10073 rss: 531Mb L: 123/3676 MS: 1 EraseBytes-
#3849840	REDUCE cov: 1089 ft: 3080 corp: 635/101Kb lim: 4096 exec/s: 10078 rss: 531Mb L: 816/3676 MS: 1 EraseBytes-
#3853231	REDUCE cov: 1089 ft: 3080 corp: 635/101Kb lim: 4096 exec/s: 10086 rss: 531Mb L: 335/3676 MS: 1 EraseBytes-
#3862164	REDUCE cov: 1089 ft: 3080 corp: 635/101Kb lim: 4096 exec/s: 10083 rss: 531Mb L: 911/3676 MS: 3 CMP-ChangeASCIIInt-EraseBytes- DE: "\007\000\000\000\000\000\000\000"-
#3881653	REDUCE cov: 1089 ft: 3080 corp: 635/101Kb lim: 4096 exec/s: 10082 rss: 531Mb L: 277/3676 MS: 4 ChangeASCIIInt-ChangeASCIIInt-ShuffleBytes-EraseBytes-
#3888405	REDUCE cov: 1089 ft: 3080 corp: 635/101Kb lim: 4096 exec/s: 10099 rss: 531Mb L: 907/3676 MS: 2 ChangeBit-EraseBytes-
#3889311	REDUCE cov: 1089 ft: 3080 corp: 635/101Kb lim: 4096 exec/s: 10102 rss: 531Mb L: 898/3676 MS: 1 EraseBytes-
#3902357	REDUCE cov: 1089 ft: 3080 corp: 635/101Kb lim: 4096 exec/s: 10109 rss: 531Mb L: 270/3676 MS: 1 EraseBytes-
#3923006	REDUCE cov: 1089 ft: 3080 corp: 635/101Kb lim: 4096 exec/s: 10110 rss: 531Mb L: 3632/3676 MS: 2 PersAutoDict-EraseBytes- DE: "\001\000\000\000\000\000\000\026"-
#3934270	REDUCE cov: 1089 ft: 3080 corp: 635/101Kb lim: 4096 exec/s: 10113 rss: 531Mb L: 2091/3676 MS: 4 PersAutoDict-InsertRepeatedBytes-ChangeByte-EraseBytes- DE: "\001\000\000\004"-
#3940931	REDUCE cov: 1089 ft: 3080 corp: 635/101Kb lim: 4096 exec/s: 10130 rss: 531Mb L: 582/3676 MS: 1 EraseBytes-
#3964542	REDUCE cov: 1089 ft: 3080 corp: 635/101Kb lim: 4096 exec/s: 10139 rss: 531Mb L: 425/3676 MS: 1 EraseBytes-
#3984079	REDUCE cov: 1089 ft: 3080 corp: 635/101Kb lim: 4096 exec/s: 10137 rss: 531Mb L: 30/3676 MS: 2 EraseBytes-EraseBytes-
#3985612	REDUCE cov: 1089 ft: 3080 corp: 635/101Kb lim: 4096 exec/s: 10141 rss: 531Mb L: 22/3676 MS: 3 PersAutoDict-InsertByte-EraseBytes- DE: "runtime:cap75"-
#4035153	REDUCE cov: 1089 ft: 3080 corp: 635/101Kb lim: 4096 exec/s: 10164 rss: 531Mb L: 74/3676 MS: 1 EraseBytes-
#4054170	REDUCE cov: 1089 ft: 3080 corp: 635/101Kb lim: 4096 exec/s: 10160 rss: 531Mb L: 20/3676 MS: 2 ChangeBinInt-EraseBytes-
#4056726	REDUCE cov: 1089 ft: 3080 corp: 635/101Kb lim: 4096 exec/s: 10167 rss: 531Mb L: 311/3676 MS: 1 EraseBytes-
#4073563	REDUCE cov: 1089 ft: 3080 corp: 635/101Kb lim: 4096 exec/s: 10183 rss: 531Mb L: 268/3676 MS: 2 ChangeASCIIInt-EraseBytes-
#4081329	REDUCE cov: 1089 ft: 3080 corp: 635/101Kb lim: 4096 exec/s: 10177 rss: 531Mb L: 419/3676 MS: 1 EraseBytes-
#4088565	REDUCE cov: 1089 ft: 3080 corp: 635/101Kb lim: 4096 exec/s: 10195 rss: 531Mb L: 120/3676 MS: 1 EraseBytes-
#4117218	REDUCE cov: 1089 ft: 3080 corp: 635/101Kb lim: 4096 exec/s: 10191 rss: 531Mb L: 788/3676 MS: 3 InsertByte-CopyPart-EraseBytes-
#4173154	REDUCE cov: 1089 ft: 3080 corp: 635/101Kb lim: 4096 exec/s: 10228 rss: 531Mb L: 241/3676 MS: 1 EraseBytes-
#4175877	REDUCE cov: 1089 ft: 3080 corp: 635/101Kb lim: 4096 exec/s: 10234 rss: 531Mb L: 74/3676 MS: 3 ChangeBinInt-ChangeBit-EraseBytes-
#4194304	pulse  cov: 1089 ft: 3080 corp: 635/101Kb lim: 4096 exec/s: 10230 rss: 531Mb
#4197769	REDUCE cov: 1089 ft: 3080 corp: 635/101Kb lim: 4096 exec/s: 10238 rss: 531Mb L: 554/3676 MS: 2 CopyPart-EraseBytes-
#4210350	REDUCE cov: 1089 ft: 3080 corp: 635/101Kb lim: 4096 exec/s: 10244 rss: 531Mb L: 267/3676 MS: 1 EraseBytes-
#4211457	REDUCE cov: 1089 ft: 3080 corp: 635/101Kb lim: 4096 exec/s: 10246 rss: 531Mb L: 189/3676 MS: 2 EraseBytes-CopyPart-
#4223978	REDUCE cov: 1089 ft: 3080 corp: 635/101Kb lim: 4096 exec/s: 10252 rss: 531Mb L: 94/3676 MS: 1 EraseBytes-
#4234400	REDUCE cov: 1089 ft: 3080 corp: 635/101Kb lim: 4096 exec/s: 10252 rss: 531Mb L: 266/3676 MS: 2 ChangeBinInt-EraseBytes-
#4247329	NEW    cov: 1089 ft: 3083 corp: 636/101Kb lim: 4096 exec/s: 10259 rss: 531Mb L: 84/3676 MS: 4 ChangeBinInt-CrossOver-ChangeBinInt-CrossOver-
#4255035	REDUCE cov: 1089 ft: 3083 corp: 636/101Kb lim: 4096 exec/s: 10253 rss: 531Mb L: 885/3676 MS: 1 EraseBytes-
#4259651	REDUCE cov: 1089 ft: 3083 corp: 636/101Kb lim: 4096 exec/s: 10264 rss: 531Mb L: 37/3676 MS: 1 EraseBytes-
#4263244	REDUCE cov: 1089 ft: 3083 corp: 636/101Kb lim: 4096 exec/s: 10272 rss: 531Mb L: 68/3676 MS: 3 ChangeBit-EraseBytes-CrossOver-
#4265616	REDUCE cov: 1089 ft: 3083 corp: 636/101Kb lim: 4096 exec/s: 10253 rss: 531Mb L: 880/3676 MS: 2 ChangeASCIIInt-EraseBytes-
#4281387	REDUCE cov: 1089 ft: 3083 corp: 636/101Kb lim: 4096 exec/s: 10267 rss: 531Mb L: 238/3676 MS: 5 CrossOver-ChangeASCIIInt-ChangeASCIIInt-CMP-EraseBytes- DE: "\377\377\377d"-
#4286434	REDUCE cov: 1089 ft: 3083 corp: 636/101Kb lim: 4096 exec/s: 10279 rss: 531Mb L: 65/3676 MS: 2 ShuffleBytes-EraseBytes-
#4291825	REDUCE cov: 1089 ft: 3083 corp: 636/101Kb lim: 4096 exec/s: 10267 rss: 531Mb L: 784/3676 MS: 1 EraseBytes-
#4294957	REDUCE cov: 1089 ft: 3083 corp: 636/101Kb lim: 4096 exec/s: 10275 rss: 531Mb L: 872/3676 MS: 2 ChangeBit-EraseBytes-
#4301256	REDUCE cov: 1089 ft: 3083 corp: 636/101Kb lim: 4096 exec/s: 10265 rss: 531Mb L: 7/3676 MS: 4 ShuffleBytes-EraseBytes-ShuffleBytes-InsertByte-
#4307541	REDUCE cov: 1089 ft: 3083 corp: 636/101Kb lim: 4096 exec/s: 10280 rss: 531Mb L: 1409/3676 MS: 5 CopyPart-InsertByte-InsertByte-CMP-EraseBytes- DE: "\000\000\000\000\000\000\000\000"-
#4308242	REDUCE cov: 1089 ft: 3083 corp: 636/101Kb lim: 4096 exec/s: 10282 rss: 531Mb L: 33/3676 MS: 1 EraseBytes-
#4313658	REDUCE cov: 1089 ft: 3083 corp: 636/101Kb lim: 4096 exec/s: 10270 rss: 531Mb L: 119/3676 MS: 1 EraseBytes-
#4338434	REDUCE cov: 1089 ft: 3083 corp: 636/101Kb lim: 4096 exec/s: 10280 rss: 531Mb L: 1899/3676 MS: 1 EraseBytes-
#4351760	REDUCE cov: 1089 ft: 3083 corp: 636/101Kb lim: 4096 exec/s: 10287 rss: 531Mb L: 421/3676 MS: 1 EraseBytes-
#4368601	REDUCE cov: 1089 ft: 3083 corp: 636/101Kb lim: 4096 exec/s: 10303 rss: 531Mb L: 12/3676 MS: 1 EraseBytes-
#4370382	REDUCE cov: 1089 ft: 3083 corp: 636/101Kb lim: 4096 exec/s: 10307 rss: 531Mb L: 1406/3676 MS: 1 EraseBytes-
#4379988	REDUCE cov: 1089 ft: 3083 corp: 636/101Kb lim: 4096 exec/s: 10305 rss: 531Mb L: 440/3676 MS: 1 CrossOver-
#4392834	REDUCE cov: 1089 ft: 3083 corp: 636/101Kb lim: 4096 exec/s: 10311 rss: 531Mb L: 54/3676 MS: 1 EraseBytes-
#4394085	REDUCE cov: 1089 ft: 3083 corp: 636/101Kb lim: 4096 exec/s: 10314 rss: 531Mb L: 35/3676 MS: 1 EraseBytes-
#4427411	REDUCE cov: 1089 ft: 3083 corp: 636/101Kb lim: 4096 exec/s: 10320 rss: 531Mb L: 866/3676 MS: 1 EraseBytes-
#4451104	REDUCE cov: 1089 ft: 3083 corp: 636/101Kb lim: 4096 exec/s: 10327 rss: 531Mb L: 263/3676 MS: 3 CopyPart-InsertByte-EraseBytes-
#4454550	REDUCE cov: 1089 ft: 3083 corp: 636/101Kb lim: 4096 exec/s: 10335 rss: 531Mb L: 29/3676 MS: 1 EraseBytes-
#4458087	REDUCE cov: 1089 ft: 3083 corp: 636/101Kb lim: 4096 exec/s: 10319 rss: 531Mb L: 47/3676 MS: 2 CopyPart-EraseBytes-
#4460280	REDUCE cov: 1089 ft: 3083 corp: 636/101Kb lim: 4096 exec/s: 10324 rss: 531Mb L: 1511/3676 MS: 3 CrossOver-CopyPart-CrossOver-
#4474329	REDUCE cov: 1089 ft: 3083 corp: 636/101Kb lim: 4096 exec/s: 10333 rss: 531Mb L: 2315/3676 MS: 4 ChangeASCIIInt-ChangeByte-CopyPart-EraseBytes-
#4481645	REDUCE cov: 1089 ft: 3083 corp: 636/101Kb lim: 4096 exec/s: 10326 rss: 531Mb L: 3621/3676 MS: 1 EraseBytes-
#4516771	REDUCE cov: 1089 ft: 3083 corp: 636/101Kb lim: 4096 exec/s: 10335 rss: 531Mb L: 782/3676 MS: 1 EraseBytes-
#4523293	REDUCE cov: 1089 ft: 3083 corp: 636/101Kb lim: 4096 exec/s: 10350 rss: 531Mb L: 1399/3676 MS: 2 EraseBytes-CopyPart-
#4531114	REDUCE cov: 1089 ft: 3083 corp: 636/101Kb lim: 4096 exec/s: 10345 rss: 531Mb L: 395/3676 MS: 1 EraseBytes-
#4534910	REDUCE cov: 1089 ft: 3083 corp: 636/101Kb lim: 4096 exec/s: 10353 rss: 531Mb L: 36/3676 MS: 1 EraseBytes-
#4561861	REDUCE cov: 1089 ft: 3083 corp: 636/101Kb lim: 4096 exec/s: 10367 rss: 531Mb L: 178/3676 MS: 1 EraseBytes-
#4569139	REDUCE cov: 1089 ft: 3083 corp: 636/101Kb lim: 4096 exec/s: 10360 rss: 531Mb L: 783/3676 MS: 3 ChangeBinInt-ChangeASCIIInt-EraseBytes-
#4577616	REDUCE cov: 1089 ft: 3083 corp: 636/101Kb lim: 4096 exec/s: 10380 rss: 531Mb L: 3616/3676 MS: 2 ChangeByte-EraseBytes-
#4579293	REDUCE cov: 1089 ft: 3083 corp: 636/101Kb lim: 4096 exec/s: 10360 rss: 531Mb L: 488/3676 MS: 2 PersAutoDict-EraseBytes- DE: "\377\377\377d"-
#4581052	REDUCE cov: 1089 ft: 3083 corp: 636/100Kb lim: 4096 exec/s: 10364 rss: 531Mb L: 3598/3676 MS: 4 ChangeBit-InsertRepeatedBytes-EraseBytes-CopyPart-
#4614234	REDUCE cov: 1089 ft: 3083 corp: 636/100Kb lim: 4096 exec/s: 10392 rss: 531Mb L: 117/3676 MS: 1 EraseBytes-
#4633915	REDUCE cov: 1089 ft: 3083 corp: 636/100Kb lim: 4096 exec/s: 10389 rss: 531Mb L: 262/3676 MS: 1 EraseBytes-
#4663393	REDUCE cov: 1089 ft: 3083 corp: 636/100Kb lim: 4096 exec/s: 10409 rss: 531Mb L: 736/3676 MS: 3 ShuffleBytes-PersAutoDict-EraseBytes- DE: "m\000\000\000"-
#4683331	REDUCE cov: 1089 ft: 3083 corp: 636/100Kb lim: 4096 exec/s: 10407 rss: 531Mb L: 862/3676 MS: 3 ChangeBit-ChangeByte-EraseBytes-
#4694182	REDUCE cov: 1089 ft: 3083 corp: 636/100Kb lim: 4096 exec/s: 10408 rss: 531Mb L: 407/3676 MS: 1 EraseBytes-
#4701979	REDUCE cov: 1089 ft: 3083 corp: 636/100Kb lim: 4096 exec/s: 10425 rss: 531Mb L: 1405/3676 MS: 2 ShuffleBytes-EraseBytes-
#4706090	REDUCE cov: 1089 ft: 3083 corp: 636/100Kb lim: 4096 exec/s: 10411 rss: 531Mb L: 114/3676 MS: 1 EraseBytes-
#4717231	REDUCE cov: 1089 ft: 3083 corp: 636/100Kb lim: 4096 exec/s: 10413 rss: 531Mb L: 763/3676 MS: 1 EraseBytes-
#4734217	REDUCE cov: 1089 ft: 3085 corp: 637/100Kb lim: 4096 exec/s: 10427 rss: 531Mb L: 39/3676 MS: 1 CMP- DE: "\001\000\000a"-
#4745639	REDUCE cov: 1089 ft: 3085 corp: 637/100Kb lim: 4096 exec/s: 10429 rss: 531Mb L: 333/3676 MS: 2 InsertByte-EraseBytes-
#4759047	REDUCE cov: 1089 ft: 3085 corp: 637/100Kb lim: 4096 exec/s: 10436 rss: 531Mb L: 21/3676 MS: 3 ChangeBit-EraseBytes-InsertByte-
#4779013	REDUCE cov: 1089 ft: 3085 corp: 637/100Kb lim: 4096 exec/s: 10434 rss: 531Mb L: 17/3676 MS: 1 EraseBytes-
#4779040	REDUCE cov: 1089 ft: 3085 corp: 637/100Kb lim: 4096 exec/s: 10434 rss: 531Mb L: 3194/3676 MS: 2 ChangeBinInt-EraseBytes-
#4814927	REDUCE cov: 1089 ft: 3085 corp: 637/100Kb lim: 4096 exec/s: 10444 rss: 531Mb L: 1397/3676 MS: 2 InsertRepeatedBytes-EraseBytes-
#4836633	REDUCE cov: 1089 ft: 3085 corp: 637/100Kb lim: 4096 exec/s: 10446 rss: 531Mb L: 46/3676 MS: 1 EraseBytes-
#4905311	REDUCE cov: 1089 ft: 3085 corp: 637/100Kb lim: 4096 exec/s: 10481 rss: 531Mb L: 40/3676 MS: 3 ShuffleBytes-CopyPart-EraseBytes-
#4939585	REDUCE cov: 1089 ft: 3085 corp: 637/100Kb lim: 4096 exec/s: 10487 rss: 531Mb L: 852/3676 MS: 4 InsertByte-ChangeBinInt-InsertByte-EraseBytes-
#4940473	REDUCE cov: 1089 ft: 3085 corp: 637/100Kb lim: 4096 exec/s: 10489 rss: 531Mb L: 3564/3676 MS: 3 InsertByte-ChangeBinInt-EraseBytes-
#4941754	REDUCE cov: 1089 ft: 3085 corp: 637/100Kb lim: 4096 exec/s: 10492 rss: 531Mb L: 830/3676 MS: 1 EraseBytes-
#4944066	REDUCE cov: 1089 ft: 3085 corp: 637/100Kb lim: 4096 exec/s: 10496 rss: 531Mb L: 420/3676 MS: 2 ChangeByte-EraseBytes-
#4949733	REDUCE cov: 1089 ft: 3085 corp: 637/100Kb lim: 4096 exec/s: 10486 rss: 531Mb L: 261/3676 MS: 1 EraseBytes-
#4954422	REDUCE cov: 1089 ft: 3085 corp: 637/100Kb lim: 4096 exec/s: 10496 rss: 531Mb L: 23/3676 MS: 4 EraseBytes-InsertByte-ChangeASCIIInt-EraseBytes-
#4976264	REDUCE cov: 1089 ft: 3085 corp: 637/100Kb lim: 4096 exec/s: 10498 rss: 531Mb L: 2083/3676 MS: 1 CrossOver-
#4995400	REDUCE cov: 1089 ft: 3085 corp: 637/100Kb lim: 4096 exec/s: 10516 rss: 531Mb L: 437/3676 MS: 1 EraseBytes-
#4998766	REDUCE cov: 1089 ft: 3085 corp: 637/100Kb lim: 4096 exec/s: 10501 rss: 531Mb L: 62/3676 MS: 1 EraseBytes-
#5001594	REDUCE cov: 1089 ft: 3085 corp: 637/100Kb lim: 4096 exec/s: 10507 rss: 531Mb L: 2082/3676 MS: 3 ChangeASCIIInt-CrossOver-EraseBytes-
#5003935	REDUCE cov: 1089 ft: 3085 corp: 637/100Kb lim: 4096 exec/s: 10512 rss: 531Mb L: 814/3676 MS: 1 EraseBytes-
#5084054	REDUCE cov: 1089 ft: 3085 corp: 637/100Kb lim: 4096 exec/s: 10525 rss: 531Mb L: 432/3676 MS: 3 PersAutoDict-EraseBytes-CopyPart- DE: "\377x"-
#5089795	REDUCE cov: 1089 ft: 3085 corp: 637/100Kb lim: 4096 exec/s: 10537 rss: 531Mb L: 29/3676 MS: 1 EraseBytes-
#5093986	REDUCE cov: 1089 ft: 3085 corp: 637/100Kb lim: 4096 exec/s: 10524 rss: 531Mb L: 61/3676 MS: 1 EraseBytes-
#5098050	REDUCE cov: 1089 ft: 3085 corp: 637/100Kb lim: 4096 exec/s: 10533 rss: 531Mb L: 357/3676 MS: 4 EraseBytes-CopyPart-ShuffleBytes-InsertByte-
#5123171	REDUCE cov: 1089 ft: 3085 corp: 637/100Kb lim: 4096 exec/s: 10541 rss: 531Mb L: 115/3676 MS: 1 EraseBytes-
#5168408	REDUCE cov: 1089 ft: 3085 corp: 637/100Kb lim: 4096 exec/s: 10547 rss: 531Mb L: 802/3676 MS: 2 ChangeBinInt-EraseBytes-
#5174159	REDUCE cov: 1089 ft: 3085 corp: 637/100Kb lim: 4096 exec/s: 10559 rss: 531Mb L: 30/3676 MS: 1 EraseBytes-
#5210322	REDUCE cov: 1089 ft: 3085 corp: 637/100Kb lim: 4096 exec/s: 10568 rss: 531Mb L: 779/3676 MS: 3 EraseBytes-ChangeBinInt-ChangeBinInt-
#5213736	REDUCE cov: 1089 ft: 3085 corp: 637/100Kb lim: 4096 exec/s: 10575 rss: 531Mb L: 1390/3676 MS: 4 ChangeBit-EraseBytes-InsertByte-CopyPart-
#5217067	REDUCE cov: 1089 ft: 3085 corp: 637/100Kb lim: 4096 exec/s: 10560 rss: 531Mb L: 3155/3676 MS: 5 CMP-CrossOver-ChangeASCIIInt-PersAutoDict-EraseBytes- DE: "y\000"-"`\000"-
#5227033	REDUCE cov: 1089 ft: 3085 corp: 637/100Kb lim: 4096 exec/s: 10559 rss: 531Mb L: 105/3676 MS: 1 EraseBytes-
#5235562	REDUCE cov: 1089 ft: 3085 corp: 637/100Kb lim: 4096 exec/s: 10576 rss: 531Mb L: 142/3676 MS: 4 CopyPart-EraseBytes-CMP-CopyPart- DE: "runtime:cap93"-
#5236401	REDUCE cov: 1089 ft: 3085 corp: 637/100Kb lim: 4096 exec/s: 10578 rss: 531Mb L: 1387/3676 MS: 4 ChangeByte-ChangeASCIIInt-ChangeASCIIInt-EraseBytes-
#5260461	REDUCE cov: 1089 ft: 3085 corp: 637/100Kb lim: 4096 exec/s: 10584 rss: 531Mb L: 2080/3676 MS: 5 ChangeByte-ChangeByte-PersAutoDict-CopyPart-EraseBytes- DE: "runtime:cap11"-
#5282974	REDUCE cov: 1089 ft: 3085 corp: 637/100Kb lim: 4096 exec/s: 10587 rss: 531Mb L: 59/3676 MS: 3 CMP-CrossOver-EraseBytes- DE: "\020\000\000\000\000\000\000\000"-
#5301470	REDUCE cov: 1089 ft: 3085 corp: 637/100Kb lim: 4096 exec/s: 10581 rss: 531Mb L: 12/3676 MS: 1 EraseBytes-
#5349901	REDUCE cov: 1089 ft: 3085 corp: 637/100Kb lim: 4096 exec/s: 10614 rss: 531Mb L: 14/3676 MS: 1 EraseBytes-
#5354599	REDUCE cov: 1089 ft: 3085 corp: 637/100Kb lim: 4096 exec/s: 10603 rss: 531Mb L: 777/3676 MS: 3 ChangeByte-ShuffleBytes-EraseBytes-
#5356651	REDUCE cov: 1089 ft: 3085 corp: 637/100Kb lim: 4096 exec/s: 10607 rss: 531Mb L: 74/3676 MS: 2 ChangeByte-EraseBytes-
#5362782	REDUCE cov: 1089 ft: 3085 corp: 637/100Kb lim: 4096 exec/s: 10598 rss: 531Mb L: 23/3676 MS: 1 EraseBytes-
#5375908	REDUCE cov: 1089 ft: 3085 corp: 637/100Kb lim: 4096 exec/s: 10603 rss: 531Mb L: 774/3676 MS: 1 EraseBytes-
#5383324	REDUCE cov: 1089 ft: 3085 corp: 637/100Kb lim: 4096 exec/s: 10617 rss: 531Mb L: 771/3676 MS: 1 EraseBytes-
#5384840	REDUCE cov: 1089 ft: 3085 corp: 637/100Kb lim: 4096 exec/s: 10620 rss: 531Mb L: 113/3676 MS: 1 EraseBytes-
#5388314	REDUCE cov: 1089 ft: 3085 corp: 637/100Kb lim: 4096 exec/s: 10606 rss: 531Mb L: 20/3676 MS: 3 EraseBytes-ChangeBit-EraseBytes-
#5390590	REDUCE cov: 1089 ft: 3085 corp: 637/100Kb lim: 4096 exec/s: 10611 rss: 531Mb L: 404/3676 MS: 1 EraseBytes-
#5402992	REDUCE cov: 1089 ft: 3085 corp: 637/100Kb lim: 4096 exec/s: 10614 rss: 531Mb L: 884/3676 MS: 1 EraseBytes-
#5428743	REDUCE cov: 1089 ft: 3085 corp: 637/100Kb lim: 4096 exec/s: 10623 rss: 531Mb L: 60/3676 MS: 1 EraseBytes-
#5443270	REDUCE cov: 1089 ft: 3085 corp: 637/100Kb lim: 4096 exec/s: 10631 rss: 531Mb L: 768/3676 MS: 2 ChangeASCIIInt-EraseBytes-
#5444768	REDUCE cov: 1089 ft: 3085 corp: 637/100Kb lim: 4096 exec/s: 10613 rss: 531Mb L: 68/3676 MS: 3 ChangeASCIIInt-ChangeASCIIInt-EraseBytes-
#5446080	REDUCE cov: 1089 ft: 3085 corp: 637/100Kb lim: 4096 exec/s: 10616 rss: 531Mb L: 7/3676 MS: 2 ChangeByte-EraseBytes-
#5447220	REDUCE cov: 1089 ft: 3085 corp: 637/100Kb lim: 4096 exec/s: 10618 rss: 531Mb L: 716/3676 MS: 5 ChangeBit-EraseBytes-ChangeASCIIInt-CopyPart-CopyPart-
#5455406	REDUCE cov: 1089 ft: 3085 corp: 637/100Kb lim: 4096 exec/s: 10634 rss: 531Mb L: 54/3676 MS: 1 EraseBytes-
#5462958	REDUCE cov: 1089 ft: 3085 corp: 637/100Kb lim: 4096 exec/s: 10628 rss: 531Mb L: 691/3676 MS: 1 EraseBytes-
#5480031	REDUCE cov: 1089 ft: 3085 corp: 637/100Kb lim: 4096 exec/s: 10640 rss: 531Mb L: 777/3676 MS: 2 ShuffleBytes-EraseBytes-
#5486837	REDUCE cov: 1089 ft: 3085 corp: 637/100Kb lim: 4096 exec/s: 10633 rss: 531Mb L: 389/3676 MS: 1 EraseBytes-
#5569186	REDUCE cov: 1089 ft: 3085 corp: 637/100Kb lim: 4096 exec/s: 10668 rss: 531Mb L: 400/3676 MS: 4 ChangeByte-EraseBytes-PersAutoDict-CopyPart- DE: "\001\000\000{"-
#5575402	REDUCE cov: 1089 ft: 3094 corp: 638/100Kb lim: 4096 exec/s: 10660 rss: 531Mb L: 43/3676 MS: 1 CopyPart-
#5579382	REDUCE cov: 1089 ft: 3094 corp: 638/100Kb lim: 4096 exec/s: 10668 rss: 531Mb L: 937/3676 MS: 5 EraseBytes-PersAutoDict-ChangeByte-ShuffleBytes-ShuffleBytes- DE: "\001\000\000{"-
#5581508	REDUCE cov: 1089 ft: 3094 corp: 638/100Kb lim: 4096 exec/s: 10672 rss: 531Mb L: 415/3676 MS: 1 EraseBytes-
#5594019	NEW    cov: 1090 ft: 3095 corp: 639/100Kb lim: 4096 exec/s: 10655 rss: 531Mb L: 43/3676 MS: 1 ChangeBinInt-
#5603315	REDUCE cov: 1090 ft: 3095 corp: 639/100Kb lim: 4096 exec/s: 10672 rss: 531Mb L: 192/3676 MS: 1 EraseBytes-
#5660681	REDUCE cov: 1090 ft: 3095 corp: 639/100Kb lim: 4096 exec/s: 10680 rss: 531Mb L: 3560/3676 MS: 1 EraseBytes-
#5668517	REDUCE cov: 1090 ft: 3095 corp: 639/100Kb lim: 4096 exec/s: 10675 rss: 531Mb L: 21/3676 MS: 1 EraseBytes-
#5670798	REDUCE cov: 1090 ft: 3095 corp: 639/100Kb lim: 4096 exec/s: 10679 rss: 531Mb L: 3555/3676 MS: 1 EraseBytes-
#5675919	REDUCE cov: 1090 ft: 3095 corp: 639/100Kb lim: 4096 exec/s: 10689 rss: 531Mb L: 14/3676 MS: 1 EraseBytes-
#5681540	REDUCE cov: 1090 ft: 3095 corp: 639/100Kb lim: 4096 exec/s: 10679 rss: 531Mb L: 235/3676 MS: 1 EraseBytes-
#5719037	REDUCE cov: 1090 ft: 3095 corp: 639/100Kb lim: 4096 exec/s: 10709 rss: 531Mb L: 285/3676 MS: 1 EraseBytes-
#5721315	REDUCE cov: 1090 ft: 3095 corp: 639/100Kb lim: 4096 exec/s: 10694 rss: 531Mb L: 3551/3676 MS: 3 EraseBytes-PersAutoDict-CopyPart- DE: "_\000\000\000"-
#5745417	REDUCE cov: 1090 ft: 3095 corp: 639/100Kb lim: 4096 exec/s: 10699 rss: 531Mb L: 59/3676 MS: 2 ShuffleBytes-EraseBytes-
#5763250	REDUCE cov: 1090 ft: 3095 corp: 639/100Kb lim: 4096 exec/s: 10712 rss: 531Mb L: 258/3676 MS: 3 ChangeBit-EraseBytes-CopyPart-
#5780222	REDUCE cov: 1090 ft: 3095 corp: 639/100Kb lim: 4096 exec/s: 10723 rss: 531Mb L: 407/3676 MS: 2 CrossOver-EraseBytes-
#5816849	REDUCE cov: 1090 ft: 3095 corp: 639/100Kb lim: 4096 exec/s: 10732 rss: 531Mb L: 185/3676 MS: 2 ChangeBit-EraseBytes-
#5887430	REDUCE cov: 1090 ft: 3095 corp: 639/100Kb lim: 4096 exec/s: 10743 rss: 531Mb L: 361/3676 MS: 1 EraseBytes-
#5919661	REDUCE cov: 1090 ft: 3095 corp: 639/100Kb lim: 4096 exec/s: 10743 rss: 531Mb L: 40/3676 MS: 1 EraseBytes-
#5964088	REDUCE cov: 1090 ft: 3095 corp: 639/100Kb lim: 4096 exec/s: 10746 rss: 531Mb L: 576/3676 MS: 2 CMP-EraseBytes- DE: "\001\000\000\000\000\000\000\010"-
#5982641	REDUCE cov: 1090 ft: 3095 corp: 639/100Kb lim: 4096 exec/s: 10760 rss: 531Mb L: 64/3676 MS: 3 CopyPart-ChangeBit-EraseBytes-
#5994597	REDUCE cov: 1090 ft: 3095 corp: 639/100Kb lim: 4096 exec/s: 10762 rss: 531Mb L: 484/3676 MS: 1 EraseBytes-
#6007193	REDUCE cov: 1090 ft: 3095 corp: 639/100Kb lim: 4096 exec/s: 10765 rss: 531Mb L: 12/3676 MS: 1 EraseBytes-
#6029732	REDUCE cov: 1090 ft: 3095 corp: 639/100Kb lim: 4096 exec/s: 10767 rss: 531Mb L: 686/3676 MS: 4 ShuffleBytes-CopyPart-PersAutoDict-EraseBytes- DE: "0\000"-
#6054391	REDUCE cov: 1090 ft: 3095 corp: 639/100Kb lim: 4096 exec/s: 10772 rss: 531Mb L: 676/3676 MS: 4 ChangeASCIIInt-PersAutoDict-CrossOver-EraseBytes- DE: "\377\377\377\377\377\377\377\007"-
#6056719	REDUCE cov: 1090 ft: 3095 corp: 639/100Kb lim: 4096 exec/s: 10777 rss: 531Mb L: 2078/3676 MS: 3 ChangeByte-PersAutoDict-EraseBytes- DE: "\001\000\000{"-
#6056963	REDUCE cov: 1090 ft: 3095 corp: 639/100Kb lim: 4096 exec/s: 10777 rss: 531Mb L: 251/3676 MS: 4 InsertRepeatedBytes-InsertByte-ChangeASCIIInt-EraseBytes-
#6077312	REDUCE cov: 1090 ft: 3095 corp: 639/100Kb lim: 4096 exec/s: 10775 rss: 531Mb L: 1367/3676 MS: 3 ChangeBinInt-ChangeByte-EraseBytes-
#6087938	REDUCE cov: 1090 ft: 3095 corp: 639/100Kb lim: 4096 exec/s: 10775 rss: 531Mb L: 65/3676 MS: 1 EraseBytes-
#6103348	REDUCE cov: 1090 ft: 3095 corp: 639/100Kb lim: 4096 exec/s: 10783 rss: 531Mb L: 58/3676 MS: 5 CopyPart-ChangeBit-EraseBytes-ChangeByte-InsertByte-
#6109366	REDUCE cov: 1090 ft: 3097 corp: 640/101Kb lim: 4096 exec/s: 10793 rss: 531Mb L: 1562/3676 MS: 3 ShuffleBytes-CopyPart-CopyPart-
#6111327	REDUCE cov: 1090 ft: 3097 corp: 640/101Kb lim: 4096 exec/s: 10797 rss: 531Mb L: 665/3676 MS: 1 EraseBytes-
#6114958	NEW    cov: 1090 ft: 3098 corp: 641/103Kb lim: 4096 exec/s: 10784 rss: 531Mb L: 1562/3676 MS: 1 CopyPart-
#6116788	REDUCE cov: 1090 ft: 3098 corp: 641/103Kb lim: 4096 exec/s: 10787 rss: 531Mb L: 72/3676 MS: 5 ShuffleBytes-EraseBytes-ShuffleBytes-ShuffleBytes-CopyPart-
#6151490	REDUCE cov: 1090 ft: 3098 corp: 641/103Kb lim: 4096 exec/s: 10792 rss: 531Mb L: 2238/3676 MS: 2 ChangeASCIIInt-EraseBytes-
#6173769	REDUCE cov: 1090 ft: 3098 corp: 641/103Kb lim: 4096 exec/s: 10793 rss: 531Mb L: 3522/3676 MS: 4 CrossOver-CMP-ShuffleBytes-EraseBytes- DE: "runtime:cap71"-
#6193130	REDUCE cov: 1090 ft: 3098 corp: 641/103Kb lim: 4096 exec/s: 10808 rss: 531Mb L: 388/3676 MS: 1 EraseBytes-
#6202630	REDUCE cov: 1090 ft: 3098 corp: 641/103Kb lim: 4096 exec/s: 10805 rss: 531Mb L: 3518/3676 MS: 5 ChangeBit-ChangeBinInt-ChangeByte-ShuffleBytes-EraseBytes-
#6252557	REDUCE cov: 1090 ft: 3098 corp: 641/103Kb lim: 4096 exec/s: 10817 rss: 531Mb L: 173/3676 MS: 2 ChangeASCIIInt-EraseBytes-
#6258796	REDUCE cov: 1090 ft: 3098 corp: 641/103Kb lim: 4096 exec/s: 10809 rss: 531Mb L: 485/3676 MS: 4 ShuffleBytes-EraseBytes-CopyPart-CopyPart-
#6265178	REDUCE cov: 1090 ft: 3098 corp: 641/103Kb lim: 4096 exec/s: 10820 rss: 531Mb L: 1540/3676 MS: 2 CMP-EraseBytes- DE: "\001m"-
#6358154	REDUCE cov: 1090 ft: 3098 corp: 641/103Kb lim: 4096 exec/s: 10831 rss: 531Mb L: 38/3676 MS: 1 EraseBytes-
#6374967	REDUCE cov: 1090 ft: 3098 corp: 641/103Kb lim: 4096 exec/s: 10841 rss: 531Mb L: 170/3676 MS: 3 ChangeBinInt-InsertByte-EraseBytes-
#6400481	REDUCE cov: 1090 ft: 3098 corp: 641/103Kb lim: 4096 exec/s: 10848 rss: 531Mb L: 406/3676 MS: 4 ChangeASCIIInt-PersAutoDict-ChangeASCIIInt-EraseBytes- DE: "\000\000\000\000\000\000\000\000"-
#6439032	REDUCE cov: 1090 ft: 3098 corp: 641/103Kb lim: 4096 exec/s: 10858 rss: 531Mb L: 37/3676 MS: 1 EraseBytes-
#6465143	REDUCE cov: 1090 ft: 3098 corp: 641/103Kb lim: 4096 exec/s: 10847 rss: 531Mb L: 44/3676 MS: 1 EraseBytes-
#6476037	REDUCE cov: 1090 ft: 3098 corp: 641/103Kb lim: 4096 exec/s: 10865 rss: 531Mb L: 148/3676 MS: 4 CopyPart-InsertByte-CopyPart-EraseBytes-
#6496829	REDUCE cov: 1090 ft: 3098 corp: 641/103Kb lim: 4096 exec/s: 10864 rss: 531Mb L: 188/3676 MS: 2 EraseBytes-InsertRepeatedBytes-
#6555093	REDUCE cov: 1090 ft: 3098 corp: 641/103Kb lim: 4096 exec/s: 10870 rss: 531Mb L: 2076/3676 MS: 4 ChangeByte-ChangeBinInt-EraseBytes-CrossOver-
#6576029	REDUCE cov: 1090 ft: 3098 corp: 641/103Kb lim: 4096 exec/s: 10869 rss: 531Mb L: 3508/3676 MS: 1 EraseBytes-
#6583495	REDUCE cov: 1090 ft: 3098 corp: 641/103Kb lim: 4096 exec/s: 10881 rss: 531Mb L: 70/3676 MS: 1 EraseBytes-
#6594332	REDUCE cov: 1090 ft: 3098 corp: 641/103Kb lim: 4096 exec/s: 10881 rss: 531Mb L: 3503/3676 MS: 2 ChangeBinInt-EraseBytes-
#6630182	REDUCE cov: 1090 ft: 3098 corp: 641/103Kb lim: 4096 exec/s: 10886 rss: 531Mb L: 3351/3676 MS: 4 ChangeBit-CrossOver-InsertByte-EraseBytes-
#6634288	REDUCE cov: 1090 ft: 3098 corp: 641/103Kb lim: 4096 exec/s: 10875 rss: 531Mb L: 112/3676 MS: 1 EraseBytes-
#6640910	REDUCE cov: 1090 ft: 3098 corp: 641/103Kb lim: 4096 exec/s: 10886 rss: 531Mb L: 480/3676 MS: 1 EraseBytes-
#6642326	REDUCE cov: 1090 ft: 3098 corp: 641/103Kb lim: 4096 exec/s: 10889 rss: 531Mb L: 53/3676 MS: 1 EraseBytes-
#6653397	REDUCE cov: 1090 ft: 3098 corp: 641/103Kb lim: 4096 exec/s: 10889 rss: 531Mb L: 3327/3676 MS: 1 EraseBytes-
#6661238	REDUCE cov: 1090 ft: 3098 corp: 641/103Kb lim: 4096 exec/s: 10884 rss: 531Mb L: 652/3676 MS: 1 EraseBytes-
#6675280	REDUCE cov: 1090 ft: 3098 corp: 641/103Kb lim: 4096 exec/s: 10889 rss: 531Mb L: 3310/3676 MS: 2 ChangeByte-EraseBytes-
#6679431	REDUCE cov: 1090 ft: 3098 corp: 641/103Kb lim: 4096 exec/s: 10896 rss: 531Mb L: 324/3676 MS: 1 EraseBytes-
#6735623	REDUCE cov: 1090 ft: 3098 corp: 641/103Kb lim: 4096 exec/s: 10899 rss: 531Mb L: 104/3676 MS: 2 ChangeASCIIInt-EraseBytes-
#6771864	REDUCE cov: 1090 ft: 3098 corp: 641/103Kb lim: 4096 exec/s: 10904 rss: 531Mb L: 67/3676 MS: 1 EraseBytes-
#6783268	REDUCE cov: 1090 ft: 3098 corp: 641/103Kb lim: 4096 exec/s: 10923 rss: 531Mb L: 383/3676 MS: 4 ChangeBit-ChangeBit-ChangeASCIIInt-EraseBytes-
#6789634	REDUCE cov: 1090 ft: 3098 corp: 641/103Kb lim: 4096 exec/s: 10915 rss: 531Mb L: 15/3676 MS: 1 EraseBytes-
#6805555	REDUCE cov: 1090 ft: 3098 corp: 641/103Kb lim: 4096 exec/s: 10923 rss: 531Mb L: 68/3676 MS: 1 EraseBytes-
#6826177	REDUCE cov: 1090 ft: 3098 corp: 641/103Kb lim: 4096 exec/s: 10921 rss: 531Mb L: 638/3676 MS: 2 CopyPart-EraseBytes-
#6829316	NEW    cov: 1090 ft: 3103 corp: 642/103Kb lim: 4096 exec/s: 10926 rss: 531Mb L: 455/3676 MS: 4 InsertRepeatedBytes-InsertRepeatedBytes-CMP-CopyPart- DE: "k\000"-
#6862102	REDUCE cov: 1090 ft: 3103 corp: 642/103Kb lim: 4096 exec/s: 10926 rss: 531Mb L: 405/3676 MS: 1 EraseBytes-
#6877007	REDUCE cov: 1090 ft: 3103 corp: 642/103Kb lim: 4096 exec/s: 10933 rss: 531Mb L: 426/3676 MS: 5 EraseBytes-ChangeByte-InsertByte-EraseBytes-CopyPart-
#6889574	REDUCE cov: 1090 ft: 3103 corp: 642/103Kb lim: 4096 exec/s: 10935 rss: 531Mb L: 600/3676 MS: 2 PersAutoDict-EraseBytes- DE: "\001\000\000\000\000\000\000\026"-
#6902481	REDUCE cov: 1090 ft: 3103 corp: 642/103Kb lim: 4096 exec/s: 10938 rss: 531Mb L: 13/3676 MS: 2 EraseBytes-ChangeASCIIInt-
#6903333	REDUCE cov: 1090 ft: 3103 corp: 642/103Kb lim: 4096 exec/s: 10940 rss: 531Mb L: 249/3676 MS: 2 InsertByte-EraseBytes-
#6905585	REDUCE cov: 1090 ft: 3103 corp: 642/103Kb lim: 4096 exec/s: 10926 rss: 531Mb L: 3151/3676 MS: 2 EraseBytes-CopyPart-
#6908703	REDUCE cov: 1090 ft: 3103 corp: 642/103Kb lim: 4096 exec/s: 10931 rss: 531Mb L: 580/3676 MS: 3 EraseBytes-ChangeBit-CopyPart-
#6916305	REDUCE cov: 1090 ft: 3103 corp: 642/103Kb lim: 4096 exec/s: 10943 rss: 531Mb L: 3111/3676 MS: 1 EraseBytes-
#6918496	REDUCE cov: 1090 ft: 3103 corp: 642/103Kb lim: 4096 exec/s: 10929 rss: 531Mb L: 403/3676 MS: 1 EraseBytes-
#6935332	REDUCE cov: 1090 ft: 3103 corp: 642/103Kb lim: 4096 exec/s: 10939 rss: 531Mb L: 416/3676 MS: 1 EraseBytes-
#6935818	REDUCE cov: 1090 ft: 3103 corp: 642/103Kb lim: 4096 exec/s: 10939 rss: 531Mb L: 381/3676 MS: 1 EraseBytes-
#6944849	REDUCE cov: 1090 ft: 3103 corp: 642/103Kb lim: 4096 exec/s: 10936 rss: 531Mb L: 576/3676 MS: 1 EraseBytes-
#6954485	REDUCE cov: 1090 ft: 3103 corp: 642/103Kb lim: 4096 exec/s: 10951 rss: 531Mb L: 80/3676 MS: 1 EraseBytes-
#6959366	REDUCE cov: 1090 ft: 3103 corp: 642/103Kb lim: 4096 exec/s: 10942 rss: 531Mb L: 356/3676 MS: 1 EraseBytes-
#6989411	REDUCE cov: 1090 ft: 3107 corp: 643/105Kb lim: 4096 exec/s: 10955 rss: 531Mb L: 2532/3676 MS: 5 EraseBytes-CopyPart-InsertByte-CopyPart-CopyPart-
#7004512	REDUCE cov: 1090 ft: 3107 corp: 643/105Kb lim: 4096 exec/s: 10944 rss: 531Mb L: 574/3676 MS: 1 EraseBytes-
#7017163	REDUCE cov: 1090 ft: 3107 corp: 643/105Kb lim: 4096 exec/s: 10947 rss: 531Mb L: 2296/3676 MS: 1 EraseBytes-
#7040794	REDUCE cov: 1090 ft: 3107 corp: 643/105Kb lim: 4096 exec/s: 10949 rss: 531Mb L: 24/3676 MS: 1 EraseBytes-
#7046940	REDUCE cov: 1090 ft: 3107 corp: 643/105Kb lim: 4096 exec/s: 10959 rss: 531Mb L: 571/3676 MS: 1 EraseBytes-
#7048656	REDUCE cov: 1090 ft: 3107 corp: 643/105Kb lim: 4096 exec/s: 10962 rss: 531Mb L: 381/3676 MS: 1 EraseBytes-
#7078595	REDUCE cov: 1090 ft: 3107 corp: 643/105Kb lim: 4096 exec/s: 10957 rss: 531Mb L: 3102/3676 MS: 4 InsertByte-ChangeASCIIInt-EraseBytes-CopyPart-
#7104987	REDUCE cov: 1090 ft: 3107 corp: 643/105Kb lim: 4096 exec/s: 10964 rss: 531Mb L: 3104/3676 MS: 2 ChangeASCIIInt-EraseBytes-
#7108144	REDUCE cov: 1090 ft: 3107 corp: 643/105Kb lim: 4096 exec/s: 10969 rss: 531Mb L: 257/3676 MS: 2 PersAutoDict-EraseBytes- DE: "\001`"-
#7169028	REDUCE cov: 1090 ft: 3107 corp: 643/105Kb lim: 4096 exec/s: 10978 rss: 531Mb L: 347/3676 MS: 4 CMP-EraseBytes-ChangeBinInt-CopyPart- DE: "\377\377\377\377\377\377\377\377"-
#7188654	REDUCE cov: 1090 ft: 3107 corp: 643/105Kb lim: 4096 exec/s: 10975 rss: 531Mb L: 111/3676 MS: 1 EraseBytes-
#7213146	REDUCE cov: 1090 ft: 3107 corp: 643/105Kb lim: 4096 exec/s: 10978 rss: 531Mb L: 281/3676 MS: 2 InsertRepeatedBytes-EraseBytes-
#7230082	REDUCE cov: 1090 ft: 3107 corp: 643/105Kb lim: 4096 exec/s: 10987 rss: 531Mb L: 562/3676 MS: 1 EraseBytes-
#7243220	REDUCE cov: 1090 ft: 3107 corp: 643/105Kb lim: 4096 exec/s: 10991 rss: 531Mb L: 2292/3676 MS: 3 ShuffleBytes-EraseBytes-CopyPart-
#7246337	REDUCE cov: 1090 ft: 3107 corp: 643/105Kb lim: 4096 exec/s: 10979 rss: 531Mb L: 380/3676 MS: 2 ChangeByte-EraseBytes-
#7253338	REDUCE cov: 1090 ft: 3107 corp: 643/105Kb lim: 4096 exec/s: 10989 rss: 531Mb L: 20/3676 MS: 1 EraseBytes-
#7272909	REDUCE cov: 1090 ft: 3107 corp: 643/105Kb lim: 4096 exec/s: 10986 rss: 531Mb L: 156/3676 MS: 1 EraseBytes-
#7284456	REDUCE cov: 1090 ft: 3107 corp: 643/105Kb lim: 4096 exec/s: 10987 rss: 531Mb L: 1558/3676 MS: 2 ChangeBit-EraseBytes-
#7308101	REDUCE cov: 1090 ft: 3107 corp: 643/105Kb lim: 4096 exec/s: 10989 rss: 531Mb L: 174/3676 MS: 5 ChangeByte-ChangeBit-InsertByte-ChangeBit-EraseBytes-
#7340327	REDUCE cov: 1090 ft: 3107 corp: 643/105Kb lim: 4096 exec/s: 11004 rss: 531Mb L: 126/3676 MS: 1 EraseBytes-
#7341644	REDUCE cov: 1090 ft: 3107 corp: 643/105Kb lim: 4096 exec/s: 11006 rss: 531Mb L: 18/3676 MS: 2 ShuffleBytes-EraseBytes-
#7347687	REDUCE cov: 1090 ft: 3107 corp: 643/105Kb lim: 4096 exec/s: 10999 rss: 531Mb L: 571/3676 MS: 3 PersAutoDict-InsertByte-EraseBytes- DE: "\000\000\000\000\000\000\000\000"-
#7351797	REDUCE cov: 1090 ft: 3107 corp: 643/105Kb lim: 4096 exec/s: 11005 rss: 531Mb L: 3011/3676 MS: 5 InsertByte-PersAutoDict-InsertByte-ChangeByte-EraseBytes- DE: "runtime:cap53"-
#7352614	REDUCE cov: 1090 ft: 3107 corp: 643/105Kb lim: 4096 exec/s: 11006 rss: 531Mb L: 476/3676 MS: 2 PersAutoDict-EraseBytes- DE: "0\000"-
#7384120	REDUCE cov: 1090 ft: 3107 corp: 643/105Kb lim: 4096 exec/s: 11004 rss: 531Mb L: 555/3676 MS: 1 EraseBytes-
#7426718	REDUCE cov: 1090 ft: 3107 corp: 643/105Kb lim: 4096 exec/s: 11018 rss: 531Mb L: 64/3676 MS: 3 ChangeASCIIInt-ShuffleBytes-EraseBytes-
#7443634	REDUCE cov: 1090 ft: 3107 corp: 643/105Kb lim: 4096 exec/s: 11011 rss: 531Mb L: 551/3676 MS: 1 EraseBytes-
#7453495	REDUCE cov: 1090 ft: 3107 corp: 643/105Kb lim: 4096 exec/s: 11025 rss: 531Mb L: 39/3676 MS: 1 EraseBytes-
#7454176	REDUCE cov: 1090 ft: 3107 corp: 643/105Kb lim: 4096 exec/s: 11026 rss: 531Mb L: 65/3676 MS: 1 EraseBytes-
#7465752	REDUCE cov: 1090 ft: 3107 corp: 643/105Kb lim: 4096 exec/s: 11027 rss: 531Mb L: 71/3676 MS: 1 EraseBytes-
#7490301	REDUCE cov: 1090 ft: 3107 corp: 643/105Kb lim: 4096 exec/s: 11031 rss: 531Mb L: 3056/3676 MS: 4 EraseBytes-ChangeBit-InsertByte-CopyPart-
#7516428	REDUCE cov: 1090 ft: 3107 corp: 643/105Kb lim: 4096 exec/s: 11021 rss: 531Mb L: 274/3676 MS: 2 EraseBytes-CopyPart-
#7561620	REDUCE cov: 1090 ft: 3107 corp: 643/105Kb lim: 4096 exec/s: 11038 rss: 531Mb L: 186/3676 MS: 2 CrossOver-EraseBytes-
#7623166	REDUCE cov: 1090 ft: 3107 corp: 643/105Kb lim: 4096 exec/s: 11048 rss: 531Mb L: 263/3676 MS: 1 EraseBytes-
#7624444	REDUCE cov: 1090 ft: 3107 corp: 643/105Kb lim: 4096 exec/s: 11049 rss: 531Mb L: 13/3676 MS: 3 CrossOver-ChangeBit-EraseBytes-
#7632010	REDUCE cov: 1090 ft: 3107 corp: 643/105Kb lim: 4096 exec/s: 11044 rss: 531Mb L: 33/3676 MS: 1 EraseBytes-
#7634137	REDUCE cov: 1090 ft: 3107 corp: 643/105Kb lim: 4096 exec/s: 11047 rss: 531Mb L: 31/3676 MS: 2 EraseBytes-InsertByte-
#7667823	REDUCE cov: 1090 ft: 3107 corp: 643/105Kb lim: 4096 exec/s: 11048 rss: 531Mb L: 541/3676 MS: 1 EraseBytes-
#7695391	REDUCE cov: 1090 ft: 3107 corp: 643/104Kb lim: 4096 exec/s: 11056 rss: 531Mb L: 2892/3676 MS: 3 ChangeASCIIInt-CrossOver-EraseBytes-
#7700505	REDUCE cov: 1090 ft: 3107 corp: 643/104Kb lim: 4096 exec/s: 11063 rss: 531Mb L: 1388/3676 MS: 4 CopyPart-ShuffleBytes-EraseBytes-InsertRepeatedBytes-
#7701891	REDUCE cov: 1090 ft: 3107 corp: 643/104Kb lim: 4096 exec/s: 11050 rss: 531Mb L: 2881/3676 MS: 1 EraseBytes-
#7715830	REDUCE cov: 1090 ft: 3107 corp: 643/104Kb lim: 4096 exec/s: 11054 rss: 531Mb L: 1674/3676 MS: 3 ChangeASCIIInt-ChangeASCIIInt-EraseBytes-
#7722462	REDUCE cov: 1090 ft: 3107 corp: 643/104Kb lim: 4096 exec/s: 11063 rss: 531Mb L: 2873/3676 MS: 2 PersAutoDict-EraseBytes- DE: "\377x"-
#7724728	REDUCE cov: 1090 ft: 3107 corp: 643/104Kb lim: 4096 exec/s: 11066 rss: 531Mb L: 356/3676 MS: 1 EraseBytes-
#7729973	REDUCE cov: 1090 ft: 3107 corp: 643/104Kb lim: 4096 exec/s: 11058 rss: 531Mb L: 2802/3676 MS: 5 CopyPart-ChangeASCIIInt-InsertRepeatedBytes-CrossOver-EraseBytes-
#7732923	REDUCE cov: 1090 ft: 3107 corp: 643/104Kb lim: 4096 exec/s: 11062 rss: 531Mb L: 254/3676 MS: 4 ShuffleBytes-ChangeBit-ChangeByte-EraseBytes-
#7754165	REDUCE cov: 1090 ft: 3107 corp: 643/104Kb lim: 4096 exec/s: 11061 rss: 531Mb L: 2241/3676 MS: 2 ChangeBit-EraseBytes-
#7773431	REDUCE cov: 1090 ft: 3107 corp: 643/104Kb lim: 4096 exec/s: 11073 rss: 531Mb L: 110/3676 MS: 1 EraseBytes-
#7809011	REDUCE cov: 1090 ft: 3107 corp: 643/104Kb lim: 4096 exec/s: 11076 rss: 531Mb L: 1389/3676 MS: 5 PersAutoDict-CrossOver-ChangeASCIIInt-ShuffleBytes-EraseBytes- DE: "\377\377\377\377\377\377\377\377"-
#7822997	REDUCE cov: 1090 ft: 3107 corp: 643/104Kb lim: 4096 exec/s: 11080 rss: 531Mb L: 58/3676 MS: 1 EraseBytes-
#7837573	REDUCE cov: 1090 ft: 3107 corp: 643/104Kb lim: 4096 exec/s: 11070 rss: 531Mb L: 204/3676 MS: 1 EraseBytes-
#7846524	REDUCE cov: 1090 ft: 3107 corp: 643/104Kb lim: 4096 exec/s: 11082 rss: 531Mb L: 20/3676 MS: 1 EraseBytes-
#7874980	REDUCE cov: 1090 ft: 3107 corp: 643/104Kb lim: 4096 exec/s: 11075 rss: 531Mb L: 253/3676 MS: 1 EraseBytes-
#7913561	REDUCE cov: 1090 ft: 3107 corp: 643/104Kb lim: 4096 exec/s: 11083 rss: 531Mb L: 2793/3676 MS: 1 EraseBytes-
#7914882	REDUCE cov: 1090 ft: 3107 corp: 643/104Kb lim: 4096 exec/s: 11085 rss: 531Mb L: 35/3676 MS: 1 EraseBytes-
#7973173	REDUCE cov: 1090 ft: 3107 corp: 643/104Kb lim: 4096 exec/s: 11104 rss: 531Mb L: 47/3676 MS: 1 EraseBytes-
#8007186	REDUCE cov: 1090 ft: 3107 corp: 643/104Kb lim: 4096 exec/s: 11105 rss: 531Mb L: 370/3676 MS: 3 ShuffleBytes-ChangeByte-EraseBytes-
#8008834	REDUCE cov: 1090 ft: 3107 corp: 643/104Kb lim: 4096 exec/s: 11107 rss: 531Mb L: 265/3676 MS: 3 ChangeBit-EraseBytes-CMP- DE: "runtime:cap31"-
#8011056	REDUCE cov: 1090 ft: 3107 corp: 643/104Kb lim: 4096 exec/s: 11111 rss: 531Mb L: 128/3676 MS: 2 InsertByte-EraseBytes-
#8027262	REDUCE cov: 1090 ft: 3107 corp: 643/104Kb lim: 4096 exec/s: 11102 rss: 531Mb L: 1556/3676 MS: 1 EraseBytes-
#8056323	REDUCE cov: 1090 ft: 3107 corp: 643/104Kb lim: 4096 exec/s: 11112 rss: 531Mb L: 201/3676 MS: 1 EraseBytes-
#8075034	REDUCE cov: 1090 ft: 3107 corp: 643/104Kb lim: 4096 exec/s: 11107 rss: 531Mb L: 19/3676 MS: 1 EraseBytes-
#8103600	REDUCE cov: 1090 ft: 3107 corp: 643/104Kb lim: 4096 exec/s: 11116 rss: 531Mb L: 25/3676 MS: 1 EraseBytes-
#8175756	REDUCE cov: 1090 ft: 3107 corp: 643/104Kb lim: 4096 exec/s: 11123 rss: 531Mb L: 1130/3676 MS: 1 EraseBytes-
#8191938	REDUCE cov: 1090 ft: 3107 corp: 643/104Kb lim: 4096 exec/s: 11130 rss: 531Mb L: 539/3676 MS: 2 ChangeBinInt-EraseBytes-
#8211071	REDUCE cov: 1090 ft: 3107 corp: 643/104Kb lim: 4096 exec/s: 11126 rss: 531Mb L: 2693/3676 MS: 3 ChangeByte-InsertRepeatedBytes-CrossOver-
#8225830	REDUCE cov: 1090 ft: 3107 corp: 643/104Kb lim: 4096 exec/s: 11131 rss: 531Mb L: 2208/3676 MS: 4 ChangeByte-InsertByte-EraseBytes-CopyPart-
#8263121	REDUCE cov: 1090 ft: 3107 corp: 643/104Kb lim: 4096 exec/s: 11136 rss: 531Mb L: 536/3676 MS: 1 EraseBytes-
#8270007	REDUCE cov: 1090 ft: 3107 corp: 643/104Kb lim: 4096 exec/s: 11145 rss: 531Mb L: 2630/3676 MS: 1 EraseBytes-
#8276276	REDUCE cov: 1090 ft: 3107 corp: 643/104Kb lim: 4096 exec/s: 11138 rss: 531Mb L: 2127/3676 MS: 4 EraseBytes-ChangeASCIIInt-CMP-CopyPart- DE: "n\000"-
#8321602	REDUCE cov: 1090 ft: 3107 corp: 643/104Kb lim: 4096 exec/s: 11154 rss: 531Mb L: 37/3676 MS: 1 EraseBytes-
#8323163	REDUCE cov: 1090 ft: 3107 corp: 643/104Kb lim: 4096 exec/s: 11157 rss: 531Mb L: 153/3676 MS: 1 EraseBytes-
#8330838	REDUCE cov: 1090 ft: 3107 corp: 643/104Kb lim: 4096 exec/s: 11152 rss: 531Mb L: 60/3676 MS: 5 EraseBytes-ChangeASCIIInt-ShuffleBytes-ChangeBinInt-CopyPart-
#8338904	REDUCE cov: 1090 ft: 3107 corp: 643/104Kb lim: 4096 exec/s: 11148 rss: 531Mb L: 36/3676 MS: 1 EraseBytes-
#8355742	REDUCE cov: 1090 ft: 3107 corp: 643/104Kb lim: 4096 exec/s: 11155 rss: 531Mb L: 1386/3676 MS: 3 InsertRepeatedBytes-ChangeBit-EraseBytes-
#8378680	REDUCE cov: 1090 ft: 3107 corp: 643/104Kb lim: 4096 exec/s: 11156 rss: 531Mb L: 2600/3676 MS: 3 CopyPart-CopyPart-EraseBytes-
#8388608	pulse  cov: 1090 ft: 3107 corp: 643/104Kb lim: 4096 exec/s: 11155 rss: 531Mb
#8414191	REDUCE cov: 1090 ft: 3107 corp: 643/104Kb lim: 4096 exec/s: 11159 rss: 531Mb L: 2576/3676 MS: 1 EraseBytes-
#8430318	REDUCE cov: 1090 ft: 3107 corp: 643/104Kb lim: 4096 exec/s: 11165 rss: 531Mb L: 30/3676 MS: 1 EraseBytes-
#8453362	REDUCE cov: 1090 ft: 3115 corp: 644/107Kb lim: 4096 exec/s: 11166 rss: 531Mb L: 3754/3754 MS: 4 CopyPart-ShuffleBytes-ChangeBit-CrossOver-
#8455861	REDUCE cov: 1090 ft: 3115 corp: 644/107Kb lim: 4096 exec/s: 11170 rss: 531Mb L: 892/3754 MS: 4 EraseBytes-InsertByte-ChangeASCIIInt-CrossOver-
#8456133	NEW    cov: 1090 ft: 3116 corp: 645/111Kb lim: 4096 exec/s: 11170 rss: 531Mb L: 3999/3999 MS: 2 CopyPart-InsertRepeatedBytes-
#8464419	REDUCE cov: 1090 ft: 3116 corp: 645/111Kb lim: 4096 exec/s: 11166 rss: 531Mb L: 779/3999 MS: 1 EraseBytes-
#8482106	REDUCE cov: 1090 ft: 3116 corp: 645/111Kb lim: 4096 exec/s: 11175 rss: 531Mb L: 776/3999 MS: 1 EraseBytes-
#8482227	REDUCE cov: 1090 ft: 3116 corp: 645/111Kb lim: 4096 exec/s: 11175 rss: 531Mb L: 109/3999 MS: 1 EraseBytes-
#8488903	REDUCE cov: 1090 ft: 3116 corp: 645/111Kb lim: 4096 exec/s: 11169 rss: 531Mb L: 44/3999 MS: 1 EraseBytes-
#8493279	REDUCE cov: 1090 ft: 3116 corp: 645/111Kb lim: 4096 exec/s: 11175 rss: 531Mb L: 59/3999 MS: 1 EraseBytes-
#8511633	REDUCE cov: 1090 ft: 3116 corp: 645/111Kb lim: 4096 exec/s: 11170 rss: 531Mb L: 2567/3999 MS: 4 ChangeBit-EraseBytes-InsertByte-CopyPart-
#8511905	REDUCE cov: 1090 ft: 3116 corp: 645/111Kb lim: 4096 exec/s: 11170 rss: 531Mb L: 2467/3999 MS: 2 PersAutoDict-EraseBytes- DE: "\000`"-
#8516581	REDUCE cov: 1090 ft: 3116 corp: 645/111Kb lim: 4096 exec/s: 11176 rss: 531Mb L: 236/3999 MS: 1 EraseBytes-
#8521592	REDUCE cov: 1090 ft: 3116 corp: 645/111Kb lim: 4096 exec/s: 11183 rss: 531Mb L: 17/3999 MS: 1 EraseBytes-
#8522543	REDUCE cov: 1090 ft: 3116 corp: 645/111Kb lim: 4096 exec/s: 11184 rss: 531Mb L: 300/3999 MS: 5 CopyPart-ShuffleBytes-InsertRepeatedBytes-ChangeBit-EraseBytes-
#8643103	REDUCE cov: 1090 ft: 3116 corp: 645/111Kb lim: 4096 exec/s: 11195 rss: 531Mb L: 36/3999 MS: 5 ChangeBinInt-CMP-InsertByte-CrossOver-EraseBytes- DE: "\000\000\000\000\000\000\000\000"-
#8665841	REDUCE cov: 1090 ft: 3116 corp: 645/111Kb lim: 4096 exec/s: 11196 rss: 531Mb L: 679/3999 MS: 3 CMP-EraseBytes-CopyPart- DE: "\377\377\377\375"-
#8667644	REDUCE cov: 1090 ft: 3116 corp: 645/111Kb lim: 4096 exec/s: 11198 rss: 531Mb L: 2420/3999 MS: 3 ChangeBit-ChangeBinInt-EraseBytes-
#8668525	REDUCE cov: 1090 ft: 3116 corp: 645/111Kb lim: 4096 exec/s: 11199 rss: 531Mb L: 535/3999 MS: 1 EraseBytes-
#8689109	REDUCE cov: 1090 ft: 3116 corp: 645/111Kb lim: 4096 exec/s: 11211 rss: 531Mb L: 2402/3999 MS: 4 PersAutoDict-EraseBytes-PersAutoDict-CopyPart- DE: "\000`"-"\377x"-
#8708256	REDUCE cov: 1090 ft: 3116 corp: 645/111Kb lim: 4096 exec/s: 11207 rss: 531Mb L: 67/3999 MS: 1 EraseBytes-
#8711152	REDUCE cov: 1090 ft: 3116 corp: 645/111Kb lim: 4096 exec/s: 11211 rss: 531Mb L: 2394/3999 MS: 1 EraseBytes-
#8714068	REDUCE cov: 1090 ft: 3116 corp: 645/111Kb lim: 4096 exec/s: 11215 rss: 531Mb L: 428/3999 MS: 1 EraseBytes-
#8722522	REDUCE cov: 1090 ft: 3116 corp: 645/111Kb lim: 4096 exec/s: 11211 rss: 531Mb L: 2392/3999 MS: 3 ChangeByte-CMP-EraseBytes- DE: "\001\001"-
#8793214	REDUCE cov: 1090 ft: 3116 corp: 645/111Kb lim: 4096 exec/s: 11215 rss: 531Mb L: 113/3999 MS: 1 EraseBytes-
#8812422	REDUCE cov: 1090 ft: 3116 corp: 645/111Kb lim: 4096 exec/s: 11226 rss: 531Mb L: 38/3999 MS: 3 EraseBytes-InsertByte-PersAutoDict- DE: "\377\377\377\375"-
#8812504	REDUCE cov: 1090 ft: 3116 corp: 645/111Kb lim: 4096 exec/s: 11226 rss: 531Mb L: 2071/3999 MS: 2 ShuffleBytes-CrossOver-
#8849461	REDUCE cov: 1090 ft: 3116 corp: 645/111Kb lim: 4096 exec/s: 11230 rss: 531Mb L: 365/3999 MS: 2 ChangeBit-EraseBytes-
#8853873	REDUCE cov: 1090 ft: 3116 corp: 645/111Kb lim: 4096 exec/s: 11235 rss: 531Mb L: 105/3999 MS: 2 PersAutoDict-EraseBytes- DE: "\377\377\377\375"-
#8866300	REDUCE cov: 1090 ft: 3116 corp: 645/111Kb lim: 4096 exec/s: 11237 rss: 531Mb L: 916/3999 MS: 2 ShuffleBytes-EraseBytes-
#8876127	REDUCE cov: 1090 ft: 3116 corp: 645/111Kb lim: 4096 exec/s: 11235 rss: 531Mb L: 764/3999 MS: 2 ShuffleBytes-EraseBytes-
#8966698	REDUCE cov: 1090 ft: 3116 corp: 645/110Kb lim: 4096 exec/s: 11250 rss: 531Mb L: 3533/3754 MS: 1 EraseBytes-
#8968482	REDUCE cov: 1090 ft: 3116 corp: 645/110Kb lim: 4096 exec/s: 11252 rss: 531Mb L: 728/3754 MS: 4 InsertRepeatedBytes-PersAutoDict-InsertByte-EraseBytes- DE: "\377\377\377\377"-
#8969355	REDUCE cov: 1090 ft: 3116 corp: 645/110Kb lim: 4096 exec/s: 11253 rss: 531Mb L: 1077/3754 MS: 2 ChangeByte-EraseBytes-
#8975696	REDUCE cov: 1090 ft: 3116 corp: 645/110Kb lim: 4096 exec/s: 11247 rss: 531Mb L: 2389/3754 MS: 1 EraseBytes-
#8984872	REDUCE cov: 1090 ft: 3116 corp: 645/110Kb lim: 4096 exec/s: 11245 rss: 531Mb L: 364/3754 MS: 1 EraseBytes-
#8998979	REDUCE cov: 1090 ft: 3116 corp: 645/110Kb lim: 4096 exec/s: 11248 rss: 531Mb L: 362/3754 MS: 2 ChangeASCIIInt-EraseBytes-
#9027830	REDUCE cov: 1090 ft: 3116 corp: 645/110Kb lim: 4096 exec/s: 11256 rss: 531Mb L: 57/3754 MS: 1 EraseBytes-
#9029166	REDUCE cov: 1090 ft: 3116 corp: 645/110Kb lim: 4096 exec/s: 11258 rss: 531Mb L: 356/3754 MS: 1 EraseBytes-
#9034035	REDUCE cov: 1090 ft: 3116 corp: 645/110Kb lim: 4096 exec/s: 11250 rss: 531Mb L: 3087/3754 MS: 4 InsertByte-ChangeByte-ChangeASCIIInt-CrossOver-
#9046401	REDUCE cov: 1090 ft: 3116 corp: 645/110Kb lim: 4096 exec/s: 11265 rss: 531Mb L: 2382/3754 MS: 1 EraseBytes-
#9058318	REDUCE cov: 1090 ft: 3116 corp: 645/110Kb lim: 4096 exec/s: 11266 rss: 531Mb L: 654/3754 MS: 2 EraseBytes-CopyPart-
#9059165	REDUCE cov: 1090 ft: 3116 corp: 645/110Kb lim: 4096 exec/s: 11267 rss: 531Mb L: 246/3754 MS: 2 ShuffleBytes-EraseBytes-
#9063991	REDUCE cov: 1090 ft: 3116 corp: 645/109Kb lim: 4096 exec/s: 11259 rss: 531Mb L: 3506/3676 MS: 1 CrossOver-
#9101927	REDUCE cov: 1090 ft: 3116 corp: 645/109Kb lim: 4096 exec/s: 11264 rss: 531Mb L: 1416/3676 MS: 1 EraseBytes-
#9127918	REDUCE cov: 1090 ft: 3116 corp: 645/109Kb lim: 4096 exec/s: 11269 rss: 531Mb L: 112/3676 MS: 1 EraseBytes-
#9137056	REDUCE cov: 1090 ft: 3116 corp: 645/109Kb lim: 4096 exec/s: 11266 rss: 531Mb L: 216/3676 MS: 3 ChangeByte-CopyPart-EraseBytes-
#9153993	REDUCE cov: 1090 ft: 3116 corp: 645/109Kb lim: 4096 exec/s: 11273 rss: 531Mb L: 632/3676 MS: 2 EraseBytes-CopyPart-
#9177398	REDUCE cov: 1090 ft: 3116 corp: 645/109Kb lim: 4096 exec/s: 11274 rss: 531Mb L: 921/3676 MS: 5 ChangeBit-ShuffleBytes-ChangeASCIIInt-ChangeBinInt-EraseBytes-
#9213461	REDUCE cov: 1090 ft: 3116 corp: 645/109Kb lim: 4096 exec/s: 11291 rss: 531Mb L: 184/3676 MS: 3 EraseBytes-InsertByte-CopyPart-
#9259745	REDUCE cov: 1090 ft: 3116 corp: 645/109Kb lim: 4096 exec/s: 11292 rss: 531Mb L: 533/3676 MS: 4 CopyPart-ShuffleBytes-ShuffleBytes-EraseBytes-
#9281063	REDUCE cov: 1090 ft: 3116 corp: 645/109Kb lim: 4096 exec/s: 11290 rss: 531Mb L: 31/3676 MS: 3 CopyPart-CrossOver-EraseBytes-
#9331009	REDUCE cov: 1090 ft: 3116 corp: 645/109Kb lim: 4096 exec/s: 11296 rss: 531Mb L: 3486/3676 MS: 1 EraseBytes-
#9476510	REDUCE cov: 1090 ft: 3116 corp: 645/109Kb lim: 4096 exec/s: 11308 rss: 531Mb L: 57/3676 MS: 1 EraseBytes-
#9486726	REDUCE cov: 1090 ft: 3116 corp: 645/109Kb lim: 4096 exec/s: 11307 rss: 531Mb L: 162/3676 MS: 1 EraseBytes-
#9491382	REDUCE cov: 1090 ft: 3116 corp: 645/109Kb lim: 4096 exec/s: 11312 rss: 531Mb L: 239/3676 MS: 1 EraseBytes-
#9503244	REDUCE cov: 1090 ft: 3116 corp: 645/109Kb lim: 4096 exec/s: 11313 rss: 531Mb L: 2998/3676 MS: 2 ChangeByte-EraseBytes-
#9582425	REDUCE cov: 1090 ft: 3116 corp: 645/109Kb lim: 4096 exec/s: 11326 rss: 531Mb L: 2365/3676 MS: 1 EraseBytes-
#9650916	REDUCE cov: 1090 ft: 3116 corp: 645/109Kb lim: 4096 exec/s: 11327 rss: 531Mb L: 3306/3676 MS: 1 EraseBytes-
#9658908	REDUCE cov: 1090 ft: 3116 corp: 645/109Kb lim: 4096 exec/s: 11336 rss: 531Mb L: 57/3676 MS: 2 EraseBytes-CopyPart-
#9678851	REDUCE cov: 1090 ft: 3116 corp: 645/109Kb lim: 4096 exec/s: 11333 rss: 531Mb L: 186/3676 MS: 3 EraseBytes-CopyPart-CopyPart-
#9706652	REDUCE cov: 1090 ft: 3116 corp: 645/109Kb lim: 4096 exec/s: 11339 rss: 531Mb L: 139/3676 MS: 1 EraseBytes-
#9740565	REDUCE cov: 1090 ft: 3116 corp: 645/108Kb lim: 4096 exec/s: 11339 rss: 531Mb L: 2787/3676 MS: 3 ChangeASCIIInt-ChangeASCIIInt-CrossOver-
#9748536	REDUCE cov: 1090 ft: 3116 corp: 645/108Kb lim: 4096 exec/s: 11348 rss: 531Mb L: 173/3676 MS: 1 EraseBytes-
#9761594	REDUCE cov: 1090 ft: 3116 corp: 645/108Kb lim: 4096 exec/s: 11350 rss: 531Mb L: 774/3676 MS: 3 ShuffleBytes-ShuffleBytes-EraseBytes-
#9780465	REDUCE cov: 1090 ft: 3116 corp: 645/108Kb lim: 4096 exec/s: 11346 rss: 531Mb L: 400/3676 MS: 1 EraseBytes-
#9785855	REDUCE cov: 1090 ft: 3116 corp: 645/108Kb lim: 4096 exec/s: 11352 rss: 531Mb L: 2307/3676 MS: 5 EraseBytes-ChangeBit-PersAutoDict-ChangeBinInt-CopyPart- DE: "\000`"-
#9834786	REDUCE cov: 1090 ft: 3116 corp: 645/108Kb lim: 4096 exec/s: 11356 rss: 531Mb L: 532/3676 MS: 1 EraseBytes-
#9938602	REDUCE cov: 1090 ft: 3116 corp: 645/108Kb lim: 4096 exec/s: 11358 rss: 531Mb L: 30/3676 MS: 1 EraseBytes-
#9985470	REDUCE cov: 1090 ft: 3116 corp: 645/108Kb lim: 4096 exec/s: 11372 rss: 531Mb L: 483/3676 MS: 3 CopyPart-ChangeBinInt-EraseBytes-
#10005151	REDUCE cov: 1090 ft: 3116 corp: 645/108Kb lim: 4096 exec/s: 11369 rss: 531Mb L: 152/3676 MS: 1 EraseBytes-
#10053317	REDUCE cov: 1090 ft: 3116 corp: 645/108Kb lim: 4096 exec/s: 11372 rss: 531Mb L: 780/3676 MS: 1 EraseBytes-
#10081874	REDUCE cov: 1090 ft: 3116 corp: 645/108Kb lim: 4096 exec/s: 11379 rss: 531Mb L: 55/3676 MS: 2 ChangeASCIIInt-EraseBytes-
#10082817	REDUCE cov: 1090 ft: 3116 corp: 645/108Kb lim: 4096 exec/s: 11380 rss: 531Mb L: 481/3676 MS: 3 ChangeBit-PersAutoDict-EraseBytes- DE: ".meta"-
#10092343	REDUCE cov: 1090 ft: 3116 corp: 645/108Kb lim: 4096 exec/s: 11378 rss: 531Mb L: 351/3676 MS: 1 EraseBytes-
#10113519	REDUCE cov: 1090 ft: 3116 corp: 645/108Kb lim: 4096 exec/s: 11376 rss: 531Mb L: 528/3676 MS: 1 EraseBytes-
#10144780	REDUCE cov: 1090 ft: 3116 corp: 645/108Kb lim: 4096 exec/s: 11385 rss: 531Mb L: 393/3676 MS: 1 EraseBytes-
#10162988	REDUCE cov: 1090 ft: 3116 corp: 645/108Kb lim: 4096 exec/s: 11380 rss: 531Mb L: 527/3676 MS: 3 ChangeASCIIInt-InsertRepeatedBytes-EraseBytes-
#10171618	REDUCE cov: 1090 ft: 3116 corp: 645/108Kb lim: 4096 exec/s: 11390 rss: 531Mb L: 235/3676 MS: 5 InsertByte-EraseBytes-ChangeBinInt-ShuffleBytes-CopyPart-
#10188329	REDUCE cov: 1090 ft: 3116 corp: 645/108Kb lim: 4096 exec/s: 11383 rss: 531Mb L: 34/3676 MS: 1 EraseBytes-
#10208815	REDUCE cov: 1090 ft: 3116 corp: 645/108Kb lim: 4096 exec/s: 11393 rss: 531Mb L: 937/3676 MS: 1 EraseBytes-
#10254191	REDUCE cov: 1090 ft: 3116 corp: 645/108Kb lim: 4096 exec/s: 11393 rss: 531Mb L: 28/3676 MS: 1 EraseBytes-
#10256857	REDUCE cov: 1090 ft: 3116 corp: 645/108Kb lim: 4096 exec/s: 11396 rss: 531Mb L: 104/3676 MS: 1 EraseBytes-
#10258507	DONE   cov: 1090 ft: 3116 corp: 645/108Kb lim: 4096 exec/s: 11385 rss: 531Mb
###### Recommended dictionary. ######
"runtime:cap71" # Uses: 40825
"\000\000\000`" # Uses: 36647
"\001\000\000\000\000\000\000\026" # Uses: 31626
"runtime:cap70" # Uses: 27909
"runtime:cap75" # Uses: 25954
"\000\000" # Uses: 29974
"\000\000\000\000\000\000\000\000" # Uses: 26440
"\000\000\000\000" # Uses: 26757
"_\000\000\000" # Uses: 26684
"`\000" # Uses: 27326
"0\000" # Uses: 27124
"\001\000\000\004" # Uses: 26227
"\000\000\000\000\000\000\000\002" # Uses: 24522
"\377\377\377\377\377\377\377\007" # Uses: 23606
"\001\000\000\000\000\000\000:" # Uses: 23658
"\000{" # Uses: 25058
"runtime:cap24" # Uses: 21350
".meta" # Uses: 22331
"runtime:cap11" # Uses: 19732
"runtime:cap80" # Uses: 19221
"\001`" # Uses: 22396
"runtime:cap53" # Uses: 19052
"\377\377\377\377\377\377\377\004" # Uses: 20519
"\377x" # Uses: 21219
"m\000\000\000" # Uses: 21034
"runtime:cap96" # Uses: 18191
"\001\000\000{" # Uses: 19953
"\006\000" # Uses: 19255
"\377\377\377\377" # Uses: 18092
"\377o" # Uses: 15221
"http" # Uses: 14573
"\001\000\000\000" # Uses: 14551
"\000`" # Uses: 14502
"\007\000\000\000\000\000\000\000" # Uses: 13286
"\377\377\377d" # Uses: 12888
"\001\000\000a" # Uses: 11889
"y\000" # Uses: 10626
"runtime:cap93" # Uses: 9069
"\020\000\000\000\000\000\000\000" # Uses: 9778
"\001\000\000\000\000\000\000\010" # Uses: 8299
"\001m" # Uses: 8081
"k\000" # Uses: 6939
"\377\377\377\377\377\377\377\377" # Uses: 5672
"runtime:cap31" # Uses: 3846
"n\000" # Uses: 3944
"\377\377\377\375" # Uses: 2977
"\001\001" # Uses: 2992
###### End of recommended dictionary. ######
Done 10258507 runs in 901 second(s)
stat::number_of_executed_units: 10258507
stat::average_exec_per_sec:     11385
stat::new_units_added:          1256
stat::slowest_unit_time_sec:    0
stat::peak_rss_mb:              531
