warning: binary `bridge_handles` should have a kebab-case name
   |
 1 | /home/ther12k/Workspace/Learning/velqu/fuzz/target/.../bridge_handles
   |                                                        ^^^^^^^^^^^^^^
   |
   = note: `cargo::non_kebab_case_bins` is set to `warn` by default
help: to change the binary name to `bridge-handles`, convert `bin.name`
  --> Cargo.toml:60:8
   |
60 - name = "bridge_handles"
60 + name = "bridge-handles"
   |
warning: binary `capabilities_policy` should have a kebab-case name
   |
 1 | /home/ther12k/Workspace/Learning/velqu/fuzz/target/.../capabilities_policy
   |                                                        ^^^^^^^^^^^^^^^^^^^
   |
help: to change the binary name to `capabilities-policy`, convert `bin.name`
  --> Cargo.toml:74:8
   |
74 - name = "capabilities_policy"
74 + name = "capabilities-policy"
   |
warning: binary `codec_encoders` should have a kebab-case name
   |
 1 | /home/ther12k/Workspace/Learning/velqu/fuzz/target/.../codec_encoders
   |                                                        ^^^^^^^^^^^^^^
   |
help: to change the binary name to `codec-encoders`, convert `bin.name`
  --> Cargo.toml:67:8
   |
67 - name = "codec_encoders"
67 + name = "codec-encoders"
   |
warning: binary `http_decode` should have a kebab-case name
   |
 1 | /home/ther12k/Workspace/Learning/velqu/fuzz/target/.../http_decode
   |                                                        ^^^^^^^^^^^
   |
help: to change the binary name to `http-decode`, convert `bin.name`
  --> Cargo.toml:46:8
   |
46 - name = "http_decode"
46 + name = "http-decode"
   |
warning: binary `pack_verify` should have a kebab-case name
   |
 1 | /home/ther12k/Workspace/Learning/velqu/fuzz/target/.../pack_verify
   |                                                        ^^^^^^^^^^^
   |
help: to change the binary name to `pack-verify`, convert `bin.name`
  --> Cargo.toml:32:8
   |
32 - name = "pack_verify"
32 + name = "pack-verify"
   |
warning: binary `router_match` should have a kebab-case name
   |
 1 | /home/ther12k/Workspace/Learning/velqu/fuzz/target/.../router_match
   |                                                        ^^^^^^^^^^^^
   |
help: to change the binary name to `router-match`, convert `bin.name`
  --> Cargo.toml:39:8
   |
39 - name = "router_match"
39 + name = "router-match"
   |
warning: binary `schema_validate` should have a kebab-case name
   |
 1 | /home/ther12k/Workspace/Learning/velqu/fuzz/target/.../schema_validate
   |                                                        ^^^^^^^^^^^^^^^
   |
help: to change the binary name to `schema-validate`, convert `bin.name`
  --> Cargo.toml:53:8
   |
53 - name = "schema_validate"
53 + name = "schema-validate"
   |
warning: `velqu-runtime-fuzz` (manifest) generated 7 warnings
warning: use of deprecated method `std::sync::atomic::Atomic::<u64>::fetch_update`: renamed to `try_update` for consistency
  --> /home/ther12k/Workspace/Learning/velqu/crates/q-capabilities/src/drain.rs:77:18
   |
77 |                 .fetch_update(Ordering::Relaxed, Ordering::Relaxed, |v| v.checked_add(1));
   |                  ^^^^^^^^^^^^
   |
   = note: `#[warn(deprecated)]` on by default
help: replace the use of the deprecated method
   |
77 -                 .fetch_update(Ordering::Relaxed, Ordering::Relaxed, |v| v.checked_add(1));
77 +                 .try_update(Ordering::Relaxed, Ordering::Relaxed, |v| v.checked_add(1));
   |

warning: use of deprecated method `std::sync::atomic::Atomic::<u64>::fetch_update`: renamed to `try_update` for consistency
   --> /home/ther12k/Workspace/Learning/velqu/crates/q-capabilities/src/load_shed.rs:199:14
    |
199 |             .fetch_update(Ordering::Relaxed, Ordering::Relaxed, |v| v.checked_add(1))
    |              ^^^^^^^^^^^^
    |
help: replace the use of the deprecated method
    |
199 -             .fetch_update(Ordering::Relaxed, Ordering::Relaxed, |v| v.checked_add(1))
199 +             .try_update(Ordering::Relaxed, Ordering::Relaxed, |v| v.checked_add(1))
    |

warning: `q-capabilities` (lib) generated 2 warnings (run `cargo fix --lib -p q-capabilities` to apply 2 suggestions)
    Finished `release` profile [optimized + debuginfo] target(s) in 0.25s
warning: binary `bridge_handles` should have a kebab-case name
   |
 1 | /home/ther12k/Workspace/Learning/velqu/fuzz/target/.../bridge_handles
   |                                                        ^^^^^^^^^^^^^^
   |
   = note: `cargo::non_kebab_case_bins` is set to `warn` by default
help: to change the binary name to `bridge-handles`, convert `bin.name`
  --> Cargo.toml:60:8
   |
60 - name = "bridge_handles"
60 + name = "bridge-handles"
   |
warning: binary `capabilities_policy` should have a kebab-case name
   |
 1 | /home/ther12k/Workspace/Learning/velqu/fuzz/target/.../capabilities_policy
   |                                                        ^^^^^^^^^^^^^^^^^^^
   |
help: to change the binary name to `capabilities-policy`, convert `bin.name`
  --> Cargo.toml:74:8
   |
74 - name = "capabilities_policy"
74 + name = "capabilities-policy"
   |
warning: binary `codec_encoders` should have a kebab-case name
   |
 1 | /home/ther12k/Workspace/Learning/velqu/fuzz/target/.../codec_encoders
   |                                                        ^^^^^^^^^^^^^^
   |
help: to change the binary name to `codec-encoders`, convert `bin.name`
  --> Cargo.toml:67:8
   |
67 - name = "codec_encoders"
67 + name = "codec-encoders"
   |
warning: binary `http_decode` should have a kebab-case name
   |
 1 | /home/ther12k/Workspace/Learning/velqu/fuzz/target/.../http_decode
   |                                                        ^^^^^^^^^^^
   |
help: to change the binary name to `http-decode`, convert `bin.name`
  --> Cargo.toml:46:8
   |
46 - name = "http_decode"
46 + name = "http-decode"
   |
warning: binary `pack_verify` should have a kebab-case name
   |
 1 | /home/ther12k/Workspace/Learning/velqu/fuzz/target/.../pack_verify
   |                                                        ^^^^^^^^^^^
   |
help: to change the binary name to `pack-verify`, convert `bin.name`
  --> Cargo.toml:32:8
   |
32 - name = "pack_verify"
32 + name = "pack-verify"
   |
warning: binary `router_match` should have a kebab-case name
   |
 1 | /home/ther12k/Workspace/Learning/velqu/fuzz/target/.../router_match
   |                                                        ^^^^^^^^^^^^
   |
help: to change the binary name to `router-match`, convert `bin.name`
  --> Cargo.toml:39:8
   |
39 - name = "router_match"
39 + name = "router-match"
   |
warning: binary `schema_validate` should have a kebab-case name
   |
 1 | /home/ther12k/Workspace/Learning/velqu/fuzz/target/.../schema_validate
   |                                                        ^^^^^^^^^^^^^^^
   |
help: to change the binary name to `schema-validate`, convert `bin.name`
  --> Cargo.toml:53:8
   |
53 - name = "schema_validate"
53 + name = "schema-validate"
   |
warning: `velqu-runtime-fuzz` (manifest) generated 7 warnings
warning: use of deprecated method `std::sync::atomic::Atomic::<u64>::fetch_update`: renamed to `try_update` for consistency
  --> /home/ther12k/Workspace/Learning/velqu/crates/q-capabilities/src/drain.rs:77:18
   |
77 |                 .fetch_update(Ordering::Relaxed, Ordering::Relaxed, |v| v.checked_add(1));
   |                  ^^^^^^^^^^^^
   |
   = note: `#[warn(deprecated)]` on by default
help: replace the use of the deprecated method
   |
77 -                 .fetch_update(Ordering::Relaxed, Ordering::Relaxed, |v| v.checked_add(1));
77 +                 .try_update(Ordering::Relaxed, Ordering::Relaxed, |v| v.checked_add(1));
   |

warning: use of deprecated method `std::sync::atomic::Atomic::<u64>::fetch_update`: renamed to `try_update` for consistency
   --> /home/ther12k/Workspace/Learning/velqu/crates/q-capabilities/src/load_shed.rs:199:14
    |
199 |             .fetch_update(Ordering::Relaxed, Ordering::Relaxed, |v| v.checked_add(1))
    |              ^^^^^^^^^^^^
    |
help: replace the use of the deprecated method
    |
199 -             .fetch_update(Ordering::Relaxed, Ordering::Relaxed, |v| v.checked_add(1))
199 +             .try_update(Ordering::Relaxed, Ordering::Relaxed, |v| v.checked_add(1))
    |

warning: `q-capabilities` (lib) generated 2 warnings (run `cargo fix --lib -p q-capabilities` to apply 2 suggestions)
    Finished `release` profile [optimized + debuginfo] target(s) in 0.04s
     Running `fuzz/target/x86_64-unknown-linux-gnu/release/codec_encoders -artifact_prefix=/home/ther12k/Workspace/Learning/velqu/fuzz/artifacts/codec_encoders/ -max_total_time=900 -rss_limit_mb=4096 -seed=1789338807 -print_final_stats=1 /home/ther12k/Workspace/Learning/velqu/fuzz/corpus/codec_encoders`
INFO: Running with entropic power schedule (0xFF, 100).
INFO: Seed: 1789338807
INFO: Loaded 1 modules   (89556 inline 8-bit counters): 89556 [0x55c23687b020, 0x55c236890df4), 
INFO: Loaded 1 PC tables (89556 PCs): 89556 [0x55c236890df8,0x55c2369eeb38), 
INFO:    11874 files found in /home/ther12k/Workspace/Learning/velqu/fuzz/corpus/codec_encoders
INFO: -max_len is not provided; libFuzzer will not generate inputs larger than 4096 bytes
INFO: seed corpus: files: 11874 min: 1b max: 4096b total: 4757118b rss: 51Mb
#11875	INITED cov: 1751 ft: 8055 corp: 1680/437Kb exec/s: 5937 rss: 538Mb
#16384	pulse  cov: 1751 ft: 8055 corp: 1680/437Kb lim: 4096 exec/s: 5461 rss: 543Mb
#18143	REDUCE cov: 1751 ft: 8055 corp: 1680/437Kb lim: 4096 exec/s: 6047 rss: 549Mb L: 95/4082 MS: 3 ChangeASCIIInt-ChangeASCIIInt-EraseBytes-
#19729	REDUCE cov: 1751 ft: 8055 corp: 1680/437Kb lim: 4096 exec/s: 6576 rss: 552Mb L: 533/4082 MS: 1 EraseBytes-
#20040	REDUCE cov: 1751 ft: 8055 corp: 1680/436Kb lim: 4096 exec/s: 6680 rss: 552Mb L: 1661/4082 MS: 1 EraseBytes-
#20394	NEW    cov: 1751 ft: 8056 corp: 1681/438Kb lim: 4096 exec/s: 6798 rss: 553Mb L: 2040/4082 MS: 4 EraseBytes-ShuffleBytes-ChangeByte-ChangeASCIIInt-
#20666	REDUCE cov: 1751 ft: 8056 corp: 1681/438Kb lim: 4096 exec/s: 6888 rss: 553Mb L: 17/4082 MS: 2 CMP-EraseBytes- DE: "#&\357\277"-
#24213	REDUCE cov: 1751 ft: 8056 corp: 1681/438Kb lim: 4096 exec/s: 8071 rss: 563Mb L: 25/4082 MS: 2 EraseBytes-ChangeBit-
#24324	REDUCE cov: 1751 ft: 8056 corp: 1681/438Kb lim: 4096 exec/s: 8108 rss: 563Mb L: 52/4082 MS: 1 EraseBytes-
#27570	REDUCE cov: 1751 ft: 8056 corp: 1681/438Kb lim: 4096 exec/s: 9190 rss: 577Mb L: 268/4082 MS: 1 EraseBytes-
#32768	pulse  cov: 1751 ft: 8056 corp: 1681/438Kb lim: 4096 exec/s: 8192 rss: 598Mb
#33171	NEW    cov: 1752 ft: 8057 corp: 1682/439Kb lim: 4096 exec/s: 8292 rss: 599Mb L: 257/4082 MS: 1 ChangeASCIIInt-
#38504	REDUCE cov: 1752 ft: 8057 corp: 1682/439Kb lim: 4096 exec/s: 9626 rss: 612Mb L: 33/4082 MS: 3 ChangeASCIIInt-ChangeASCIIInt-EraseBytes-
#38684	NEW    cov: 1752 ft: 8059 corp: 1683/441Kb lim: 4096 exec/s: 9671 rss: 612Mb L: 2326/4082 MS: 5 ChangeBit-ChangeBit-InsertByte-ChangeASCIIInt-PersAutoDict- DE: "#&\357\277"-
#44890	REDUCE cov: 1752 ft: 8059 corp: 1683/441Kb lim: 4096 exec/s: 11222 rss: 613Mb L: 830/4082 MS: 1 EraseBytes-
#65381	REDUCE cov: 1752 ft: 8059 corp: 1683/441Kb lim: 4096 exec/s: 13076 rss: 621Mb L: 84/4082 MS: 1 EraseBytes-
#65536	pulse  cov: 1752 ft: 8059 corp: 1683/441Kb lim: 4096 exec/s: 13107 rss: 621Mb
#67687	NEW    cov: 1753 ft: 8061 corp: 1684/441Kb lim: 4096 exec/s: 11281 rss: 621Mb L: 258/4082 MS: 1 InsertByte-
#69233	REDUCE cov: 1753 ft: 8061 corp: 1684/441Kb lim: 4096 exec/s: 11538 rss: 621Mb L: 62/4082 MS: 1 EraseBytes-
#70834	REDUCE cov: 1753 ft: 8061 corp: 1684/441Kb lim: 4096 exec/s: 11805 rss: 621Mb L: 44/4082 MS: 1 EraseBytes-
#71614	NEW    cov: 1754 ft: 8062 corp: 1685/441Kb lim: 4096 exec/s: 11935 rss: 621Mb L: 74/4082 MS: 5 CrossOver-InsertByte-ChangeASCIIInt-ChangeBit-InsertByte-
#77720	REDUCE cov: 1754 ft: 8062 corp: 1685/441Kb lim: 4096 exec/s: 12953 rss: 621Mb L: 73/4082 MS: 1 EraseBytes-
#78321	REDUCE cov: 1754 ft: 8062 corp: 1685/441Kb lim: 4096 exec/s: 13053 rss: 621Mb L: 156/4082 MS: 1 EraseBytes-
#80732	REDUCE cov: 1754 ft: 8062 corp: 1685/441Kb lim: 4096 exec/s: 13455 rss: 621Mb L: 21/4082 MS: 1 EraseBytes-
#80953	REDUCE cov: 1754 ft: 8062 corp: 1685/441Kb lim: 4096 exec/s: 13492 rss: 621Mb L: 392/4082 MS: 1 EraseBytes-
#83147	REDUCE cov: 1754 ft: 8062 corp: 1685/440Kb lim: 4096 exec/s: 13857 rss: 621Mb L: 917/4082 MS: 4 ChangeBit-CopyPart-ChangeBit-EraseBytes-
#85588	REDUCE cov: 1754 ft: 8062 corp: 1685/440Kb lim: 4096 exec/s: 12226 rss: 621Mb L: 37/4082 MS: 1 EraseBytes-
#89091	REDUCE cov: 1754 ft: 8062 corp: 1685/440Kb lim: 4096 exec/s: 12727 rss: 621Mb L: 2395/4082 MS: 3 CopyPart-ShuffleBytes-EraseBytes-
#90392	REDUCE cov: 1754 ft: 8062 corp: 1685/440Kb lim: 4096 exec/s: 12913 rss: 621Mb L: 11/4082 MS: 1 EraseBytes-
#92184	REDUCE cov: 1754 ft: 8062 corp: 1685/440Kb lim: 4096 exec/s: 13169 rss: 621Mb L: 2581/4082 MS: 2 EraseBytes-ChangeASCIIInt-
#102450	REDUCE cov: 1754 ft: 8062 corp: 1685/440Kb lim: 4096 exec/s: 12806 rss: 621Mb L: 328/4082 MS: 1 EraseBytes-
#104292	REDUCE cov: 1754 ft: 8062 corp: 1685/440Kb lim: 4096 exec/s: 13036 rss: 621Mb L: 3120/4082 MS: 2 ChangeASCIIInt-EraseBytes-
#105224	NEW    cov: 1754 ft: 8064 corp: 1686/443Kb lim: 4096 exec/s: 13153 rss: 621Mb L: 2764/4082 MS: 2 ChangeBinInt-InsertRepeatedBytes-
#106105	REDUCE cov: 1754 ft: 8064 corp: 1686/443Kb lim: 4096 exec/s: 13263 rss: 621Mb L: 489/4082 MS: 1 EraseBytes-
#106246	REDUCE cov: 1754 ft: 8064 corp: 1686/443Kb lim: 4096 exec/s: 13280 rss: 621Mb L: 222/4082 MS: 1 EraseBytes-
#123783	REDUCE cov: 1754 ft: 8064 corp: 1686/443Kb lim: 4096 exec/s: 13753 rss: 621Mb L: 231/4082 MS: 2 ShuffleBytes-EraseBytes-
#124835	REDUCE cov: 1754 ft: 8064 corp: 1686/443Kb lim: 4096 exec/s: 13870 rss: 621Mb L: 2458/4082 MS: 2 ChangeBinInt-EraseBytes-
#131072	pulse  cov: 1754 ft: 8064 corp: 1686/443Kb lim: 4096 exec/s: 14563 rss: 621Mb
#132422	REDUCE cov: 1754 ft: 8064 corp: 1686/443Kb lim: 4096 exec/s: 14713 rss: 621Mb L: 23/4082 MS: 2 ShuffleBytes-EraseBytes-
#132533	REDUCE cov: 1754 ft: 8064 corp: 1686/443Kb lim: 4096 exec/s: 14725 rss: 621Mb L: 20/4082 MS: 1 EraseBytes-
#143876	REDUCE cov: 1754 ft: 8064 corp: 1686/443Kb lim: 4096 exec/s: 14387 rss: 621Mb L: 951/4082 MS: 3 ShuffleBytes-ShuffleBytes-EraseBytes-
#151067	NEW    cov: 1754 ft: 8067 corp: 1687/446Kb lim: 4096 exec/s: 15106 rss: 621Mb L: 3004/4082 MS: 1 CMP- DE: "0\377\377\377"-
#151449	REDUCE cov: 1754 ft: 8067 corp: 1687/446Kb lim: 4096 exec/s: 15144 rss: 621Mb L: 737/4082 MS: 2 ChangeASCIIInt-EraseBytes-
#151920	REDUCE cov: 1754 ft: 8067 corp: 1687/446Kb lim: 4096 exec/s: 15192 rss: 621Mb L: 14/4082 MS: 1 EraseBytes-
#156756	REDUCE cov: 1754 ft: 8067 corp: 1687/446Kb lim: 4096 exec/s: 14250 rss: 621Mb L: 44/4082 MS: 1 EraseBytes-
#169239	NEW    cov: 1754 ft: 8068 corp: 1688/446Kb lim: 4096 exec/s: 15385 rss: 621Mb L: 74/4082 MS: 3 ChangeBit-InsertRepeatedBytes-ChangeASCIIInt-
#173510	REDUCE cov: 1754 ft: 8068 corp: 1688/446Kb lim: 4096 exec/s: 15773 rss: 621Mb L: 523/4082 MS: 1 EraseBytes-
#173751	REDUCE cov: 1754 ft: 8068 corp: 1688/446Kb lim: 4096 exec/s: 14479 rss: 621Mb L: 85/4082 MS: 1 EraseBytes-
#177088	REDUCE cov: 1754 ft: 8068 corp: 1688/446Kb lim: 4096 exec/s: 14757 rss: 621Mb L: 9/4082 MS: 2 InsertByte-EraseBytes-
#187369	REDUCE cov: 1754 ft: 8068 corp: 1688/446Kb lim: 4096 exec/s: 15614 rss: 621Mb L: 77/4082 MS: 1 EraseBytes-
#191275	REDUCE cov: 1754 ft: 8068 corp: 1688/446Kb lim: 4096 exec/s: 15939 rss: 621Mb L: 38/4082 MS: 1 EraseBytes-
#192222	REDUCE cov: 1754 ft: 8068 corp: 1688/446Kb lim: 4096 exec/s: 14786 rss: 621Mb L: 282/4082 MS: 2 EraseBytes-CopyPart-
#201806	REDUCE cov: 1754 ft: 8068 corp: 1688/446Kb lim: 4096 exec/s: 15523 rss: 621Mb L: 50/4082 MS: 4 CopyPart-ShuffleBytes-ChangeASCIIInt-EraseBytes-
#217893	REDUCE cov: 1754 ft: 8068 corp: 1688/446Kb lim: 4096 exec/s: 15563 rss: 621Mb L: 509/4082 MS: 2 EraseBytes-PersAutoDict- DE: "0\377\377\377"-
#218700	NEW    cov: 1754 ft: 8070 corp: 1689/446Kb lim: 4096 exec/s: 15621 rss: 621Mb L: 53/4082 MS: 2 ShuffleBytes-ChangeByte-
#220261	REDUCE cov: 1754 ft: 8070 corp: 1689/446Kb lim: 4096 exec/s: 15732 rss: 621Mb L: 36/4082 MS: 1 EraseBytes-
#223612	REDUCE cov: 1754 ft: 8070 corp: 1689/445Kb lim: 4096 exec/s: 15972 rss: 621Mb L: 2793/4082 MS: 1 EraseBytes-
#224273	REDUCE cov: 1754 ft: 8070 corp: 1689/445Kb lim: 4096 exec/s: 16019 rss: 621Mb L: 56/4082 MS: 1 EraseBytes-
#224784	REDUCE cov: 1754 ft: 8070 corp: 1689/445Kb lim: 4096 exec/s: 16056 rss: 621Mb L: 22/4082 MS: 1 EraseBytes-
#228120	REDUCE cov: 1754 ft: 8070 corp: 1689/445Kb lim: 4096 exec/s: 16294 rss: 621Mb L: 34/4082 MS: 1 EraseBytes-
#229767	REDUCE cov: 1754 ft: 8070 corp: 1689/445Kb lim: 4096 exec/s: 15317 rss: 621Mb L: 19/4082 MS: 2 CopyPart-EraseBytes-
#233524	NEW    cov: 1754 ft: 8072 corp: 1690/448Kb lim: 4096 exec/s: 15568 rss: 621Mb L: 3013/4082 MS: 2 ChangeBinInt-ChangeBit-
#235221	REDUCE cov: 1754 ft: 8072 corp: 1690/448Kb lim: 4096 exec/s: 15681 rss: 621Mb L: 2861/4082 MS: 2 ChangeASCIIInt-EraseBytes-
#239668	REDUCE cov: 1754 ft: 8072 corp: 1690/448Kb lim: 4096 exec/s: 15977 rss: 621Mb L: 2759/4082 MS: 2 EraseBytes-ChangeBit-
#242865	REDUCE cov: 1754 ft: 8072 corp: 1690/448Kb lim: 4096 exec/s: 16191 rss: 621Mb L: 85/4082 MS: 2 ChangeASCIIInt-EraseBytes-
#243256	REDUCE cov: 1754 ft: 8072 corp: 1690/448Kb lim: 4096 exec/s: 16217 rss: 621Mb L: 420/4082 MS: 1 EraseBytes-
#255437	REDUCE cov: 1754 ft: 8072 corp: 1690/448Kb lim: 4096 exec/s: 15964 rss: 621Mb L: 226/4082 MS: 1 EraseBytes-
#262144	pulse  cov: 1754 ft: 8072 corp: 1690/448Kb lim: 4096 exec/s: 16384 rss: 621Mb
#265113	REDUCE cov: 1754 ft: 8072 corp: 1690/448Kb lim: 4096 exec/s: 16569 rss: 621Mb L: 35/4082 MS: 1 EraseBytes-
#265214	REDUCE cov: 1754 ft: 8072 corp: 1690/448Kb lim: 4096 exec/s: 16575 rss: 621Mb L: 27/4082 MS: 1 EraseBytes-
#265780	REDUCE cov: 1754 ft: 8072 corp: 1690/448Kb lim: 4096 exec/s: 15634 rss: 621Mb L: 3234/4082 MS: 1 EraseBytes-
#276146	REDUCE cov: 1754 ft: 8072 corp: 1690/448Kb lim: 4096 exec/s: 16243 rss: 621Mb L: 192/4082 MS: 1 EraseBytes-
#276452	REDUCE cov: 1754 ft: 8072 corp: 1690/448Kb lim: 4096 exec/s: 16261 rss: 621Mb L: 18/4082 MS: 1 EraseBytes-
#280158	REDUCE cov: 1754 ft: 8072 corp: 1690/448Kb lim: 4096 exec/s: 16479 rss: 621Mb L: 32/4082 MS: 1 EraseBytes-
#281130	NEW    cov: 1754 ft: 8074 corp: 1691/452Kb lim: 4096 exec/s: 16537 rss: 621Mb L: 3938/4082 MS: 2 ChangeBit-ChangeByte-
#293188	REDUCE cov: 1754 ft: 8074 corp: 1691/452Kb lim: 4096 exec/s: 16288 rss: 621Mb L: 300/4082 MS: 3 ShuffleBytes-InsertByte-EraseBytes-
#294724	REDUCE cov: 1754 ft: 8074 corp: 1691/452Kb lim: 4096 exec/s: 16373 rss: 621Mb L: 20/4082 MS: 1 EraseBytes-
#297091	REDUCE cov: 1754 ft: 8074 corp: 1691/452Kb lim: 4096 exec/s: 16505 rss: 621Mb L: 301/4082 MS: 2 ChangeBit-EraseBytes-
#297937	REDUCE cov: 1754 ft: 8074 corp: 1691/452Kb lim: 4096 exec/s: 16552 rss: 621Mb L: 61/4082 MS: 1 EraseBytes-
#306588	REDUCE cov: 1754 ft: 8074 corp: 1691/452Kb lim: 4096 exec/s: 16136 rss: 621Mb L: 3964/4082 MS: 1 EraseBytes-
#310459	REDUCE cov: 1754 ft: 8074 corp: 1691/452Kb lim: 4096 exec/s: 16339 rss: 621Mb L: 1059/4082 MS: 1 EraseBytes-
#314935	REDUCE cov: 1754 ft: 8074 corp: 1691/452Kb lim: 4096 exec/s: 16575 rss: 621Mb L: 1359/4082 MS: 1 EraseBytes-
#315028	REDUCE cov: 1754 ft: 8074 corp: 1691/452Kb lim: 4096 exec/s: 16580 rss: 621Mb L: 158/4082 MS: 3 PersAutoDict-ChangeASCIIInt-EraseBytes- DE: "#&\357\277"-
#315789	REDUCE cov: 1754 ft: 8074 corp: 1691/452Kb lim: 4096 exec/s: 16620 rss: 621Mb L: 36/4082 MS: 1 EraseBytes-
#322345	REDUCE cov: 1754 ft: 8074 corp: 1691/452Kb lim: 4096 exec/s: 16117 rss: 621Mb L: 40/4082 MS: 1 EraseBytes-
#324687	REDUCE cov: 1754 ft: 8074 corp: 1691/452Kb lim: 4096 exec/s: 16234 rss: 621Mb L: 12/4082 MS: 2 ChangeBit-EraseBytes-
#325223	REDUCE cov: 1754 ft: 8074 corp: 1691/452Kb lim: 4096 exec/s: 16261 rss: 621Mb L: 412/4082 MS: 1 EraseBytes-
#330174	REDUCE cov: 1754 ft: 8074 corp: 1691/452Kb lim: 4096 exec/s: 16508 rss: 621Mb L: 792/4082 MS: 1 EraseBytes-
#332068	REDUCE cov: 1754 ft: 8074 corp: 1691/452Kb lim: 4096 exec/s: 16603 rss: 621Mb L: 3196/4082 MS: 4 ChangeByte-PersAutoDict-ChangeByte-EraseBytes- DE: "#&\357\277"-
#335986	REDUCE cov: 1754 ft: 8074 corp: 1691/452Kb lim: 4096 exec/s: 16799 rss: 621Mb L: 870/4082 MS: 3 ChangeASCIIInt-ChangeBit-EraseBytes-
#337742	REDUCE cov: 1754 ft: 8074 corp: 1691/452Kb lim: 4096 exec/s: 16887 rss: 621Mb L: 172/4082 MS: 1 EraseBytes-
#338628	REDUCE cov: 1754 ft: 8074 corp: 1691/452Kb lim: 4096 exec/s: 16125 rss: 621Mb L: 252/4082 MS: 1 EraseBytes-
#340241	REDUCE cov: 1754 ft: 8074 corp: 1691/452Kb lim: 4096 exec/s: 16201 rss: 621Mb L: 1977/4082 MS: 3 ShuffleBytes-CopyPart-EraseBytes-
#341362	REDUCE cov: 1754 ft: 8074 corp: 1691/452Kb lim: 4096 exec/s: 16255 rss: 621Mb L: 25/4082 MS: 1 EraseBytes-
#345038	REDUCE cov: 1754 ft: 8074 corp: 1691/452Kb lim: 4096 exec/s: 16430 rss: 621Mb L: 111/4082 MS: 1 EraseBytes-
#348294	REDUCE cov: 1754 ft: 8074 corp: 1691/452Kb lim: 4096 exec/s: 16585 rss: 621Mb L: 35/4082 MS: 1 EraseBytes-
#353555	REDUCE cov: 1754 ft: 8074 corp: 1691/452Kb lim: 4096 exec/s: 16835 rss: 621Mb L: 1240/4082 MS: 1 EraseBytes-
#358870	NEW    cov: 1754 ft: 8075 corp: 1692/455Kb lim: 4096 exec/s: 16312 rss: 621Mb L: 3939/4082 MS: 5 ChangeBit-InsertByte-CopyPart-ShuffleBytes-ChangeByte-
#363978	REDUCE cov: 1754 ft: 8075 corp: 1692/455Kb lim: 4096 exec/s: 16544 rss: 621Mb L: 2333/4082 MS: 3 PersAutoDict-ShuffleBytes-EraseBytes- DE: "#&\357\277"-
#366564	REDUCE cov: 1754 ft: 8075 corp: 1692/455Kb lim: 4096 exec/s: 16662 rss: 621Mb L: 435/4082 MS: 1 EraseBytes-
#368766	REDUCE cov: 1754 ft: 8075 corp: 1692/455Kb lim: 4096 exec/s: 16762 rss: 621Mb L: 909/4082 MS: 2 ChangeBinInt-EraseBytes-
#371097	REDUCE cov: 1754 ft: 8075 corp: 1692/455Kb lim: 4096 exec/s: 16868 rss: 621Mb L: 255/4082 MS: 1 EraseBytes-
#372244	REDUCE cov: 1754 ft: 8075 corp: 1692/455Kb lim: 4096 exec/s: 16920 rss: 621Mb L: 566/4082 MS: 2 CMP-EraseBytes- DE: "# \357\277"-
#372725	REDUCE cov: 1754 ft: 8075 corp: 1692/455Kb lim: 4096 exec/s: 16942 rss: 621Mb L: 156/4082 MS: 1 EraseBytes-
#373182	REDUCE cov: 1754 ft: 8075 corp: 1692/455Kb lim: 4096 exec/s: 16962 rss: 621Mb L: 1180/4082 MS: 2 ChangeByte-EraseBytes-
#379308	REDUCE cov: 1754 ft: 8075 corp: 1692/455Kb lim: 4096 exec/s: 16491 rss: 621Mb L: 1872/4082 MS: 1 EraseBytes-
#380210	REDUCE cov: 1754 ft: 8075 corp: 1692/455Kb lim: 4096 exec/s: 16530 rss: 621Mb L: 64/4082 MS: 2 ShuffleBytes-EraseBytes-
#388156	REDUCE cov: 1754 ft: 8075 corp: 1692/455Kb lim: 4096 exec/s: 16876 rss: 621Mb L: 470/4082 MS: 1 EraseBytes-
#389903	REDUCE cov: 1754 ft: 8075 corp: 1692/455Kb lim: 4096 exec/s: 16952 rss: 621Mb L: 751/4082 MS: 2 ChangeBit-EraseBytes-
#392314	REDUCE cov: 1754 ft: 8075 corp: 1692/455Kb lim: 4096 exec/s: 17057 rss: 621Mb L: 672/4082 MS: 1 EraseBytes-
#403506	REDUCE cov: 1754 ft: 8075 corp: 1692/455Kb lim: 4096 exec/s: 16812 rss: 621Mb L: 53/4082 MS: 2 ShuffleBytes-EraseBytes-
#406889	REDUCE cov: 1754 ft: 8075 corp: 1692/455Kb lim: 4096 exec/s: 16953 rss: 621Mb L: 15/4082 MS: 3 PersAutoDict-ChangeByte-EraseBytes- DE: "0\377\377\377"-
#421650	REDUCE cov: 1754 ft: 8075 corp: 1692/455Kb lim: 4096 exec/s: 16866 rss: 621Mb L: 20/4082 MS: 1 EraseBytes-
#427111	REDUCE cov: 1754 ft: 8075 corp: 1692/455Kb lim: 4096 exec/s: 17084 rss: 621Mb L: 154/4082 MS: 1 EraseBytes-
#427663	REDUCE cov: 1754 ft: 8075 corp: 1692/455Kb lim: 4096 exec/s: 17106 rss: 621Mb L: 60/4082 MS: 2 InsertByte-EraseBytes-
#430469	REDUCE cov: 1754 ft: 8075 corp: 1692/455Kb lim: 4096 exec/s: 16556 rss: 621Mb L: 687/4082 MS: 1 EraseBytes-
#433140	REDUCE cov: 1754 ft: 8075 corp: 1692/455Kb lim: 4096 exec/s: 16659 rss: 621Mb L: 79/4082 MS: 1 EraseBytes-
#456536	REDUCE cov: 1754 ft: 8075 corp: 1692/455Kb lim: 4096 exec/s: 16908 rss: 621Mb L: 2531/4082 MS: 1 EraseBytes-
#461177	REDUCE cov: 1754 ft: 8075 corp: 1692/455Kb lim: 4096 exec/s: 17080 rss: 621Mb L: 59/4082 MS: 1 EraseBytes-
#464734	REDUCE cov: 1754 ft: 8075 corp: 1692/455Kb lim: 4096 exec/s: 17212 rss: 621Mb L: 104/4082 MS: 2 CopyPart-EraseBytes-
#470050	NEW    cov: 1754 ft: 8076 corp: 1693/459Kb lim: 4096 exec/s: 16787 rss: 621Mb L: 3763/4082 MS: 1 ChangeByte-
#472971	REDUCE cov: 1754 ft: 8076 corp: 1693/458Kb lim: 4096 exec/s: 16891 rss: 621Mb L: 144/4082 MS: 1 EraseBytes-
#472979	REDUCE cov: 1754 ft: 8076 corp: 1693/458Kb lim: 4096 exec/s: 16892 rss: 621Mb L: 3973/4082 MS: 3 EraseBytes-CMP-ChangeByte- DE: "-\357\277\275"-
#491780	REDUCE cov: 1754 ft: 8076 corp: 1693/458Kb lim: 4096 exec/s: 16957 rss: 621Mb L: 155/4082 MS: 1 EraseBytes-
#497706	REDUCE cov: 1754 ft: 8076 corp: 1693/458Kb lim: 4096 exec/s: 17162 rss: 621Mb L: 662/4082 MS: 1 EraseBytes-
#501358	REDUCE cov: 1754 ft: 8076 corp: 1693/458Kb lim: 4096 exec/s: 17288 rss: 621Mb L: 10/4082 MS: 2 PersAutoDict-EraseBytes- DE: "-\357\277\275"-
#524288	pulse  cov: 1754 ft: 8076 corp: 1693/458Kb lim: 4096 exec/s: 16912 rss: 621Mb
#527409	REDUCE cov: 1754 ft: 8076 corp: 1693/458Kb lim: 4096 exec/s: 17013 rss: 621Mb L: 2345/4082 MS: 1 EraseBytes-
#527905	REDUCE cov: 1754 ft: 8076 corp: 1693/458Kb lim: 4096 exec/s: 17029 rss: 621Mb L: 492/4082 MS: 1 EraseBytes-
#531651	REDUCE cov: 1754 ft: 8076 corp: 1693/458Kb lim: 4096 exec/s: 17150 rss: 621Mb L: 32/4082 MS: 1 EraseBytes-
#538822	REDUCE cov: 1754 ft: 8076 corp: 1693/458Kb lim: 4096 exec/s: 17381 rss: 621Mb L: 78/4082 MS: 1 EraseBytes-
#541833	REDUCE cov: 1754 ft: 8076 corp: 1693/458Kb lim: 4096 exec/s: 16932 rss: 621Mb L: 736/4082 MS: 1 EraseBytes-
#553546	REDUCE cov: 1754 ft: 8076 corp: 1693/458Kb lim: 4096 exec/s: 17298 rss: 621Mb L: 56/4082 MS: 3 CopyPart-EraseBytes-CopyPart-
#553737	REDUCE cov: 1754 ft: 8076 corp: 1693/458Kb lim: 4096 exec/s: 17304 rss: 621Mb L: 11/4082 MS: 1 EraseBytes-
#560793	REDUCE cov: 1754 ft: 8076 corp: 1693/458Kb lim: 4096 exec/s: 16993 rss: 621Mb L: 66/4082 MS: 1 EraseBytes-
#565439	REDUCE cov: 1754 ft: 8076 corp: 1693/458Kb lim: 4096 exec/s: 17134 rss: 621Mb L: 1238/4082 MS: 1 EraseBytes-
#569046	REDUCE cov: 1754 ft: 8076 corp: 1693/458Kb lim: 4096 exec/s: 17243 rss: 621Mb L: 414/4082 MS: 2 ChangeASCIIInt-EraseBytes-
#572178	REDUCE cov: 1754 ft: 8076 corp: 1693/458Kb lim: 4096 exec/s: 17338 rss: 621Mb L: 99/4082 MS: 2 ChangeASCIIInt-EraseBytes-
#574924	REDUCE cov: 1754 ft: 8076 corp: 1693/458Kb lim: 4096 exec/s: 17421 rss: 621Mb L: 65/4082 MS: 1 EraseBytes-
#583811	REDUCE cov: 1754 ft: 8076 corp: 1693/458Kb lim: 4096 exec/s: 17170 rss: 621Mb L: 203/4082 MS: 2 EraseBytes-CopyPart-
#589728	REDUCE cov: 1754 ft: 8076 corp: 1693/458Kb lim: 4096 exec/s: 17344 rss: 621Mb L: 52/4082 MS: 2 ShuffleBytes-EraseBytes-
#592979	REDUCE cov: 1754 ft: 8076 corp: 1693/458Kb lim: 4096 exec/s: 17440 rss: 621Mb L: 4028/4082 MS: 1 EraseBytes-
#597275	REDUCE cov: 1754 ft: 8076 corp: 1693/458Kb lim: 4096 exec/s: 17065 rss: 621Mb L: 248/4082 MS: 1 EraseBytes-
#599956	REDUCE cov: 1754 ft: 8076 corp: 1693/458Kb lim: 4096 exec/s: 17141 rss: 621Mb L: 460/4082 MS: 1 EraseBytes-
#601637	REDUCE cov: 1754 ft: 8076 corp: 1693/458Kb lim: 4096 exec/s: 17189 rss: 621Mb L: 135/4082 MS: 1 EraseBytes-
	NEW_FUNC[1/3]: 0x55c2363216b0  (/home/ther12k/Workspace/Learning/velqu/fuzz/target/x86_64-unknown-linux-gnu/release/codec_encoders+0x5346b0) (BuildId: 7f1bd4205997484a7a9dbd99954136ed2afd02fc)
	NEW_FUNC[2/3]: 0x55c23632a550  (/home/ther12k/Workspace/Learning/velqu/fuzz/target/x86_64-unknown-linux-gnu/release/codec_encoders+0x53d550) (BuildId: 7f1bd4205997484a7a9dbd99954136ed2afd02fc)
#606963	NEW    cov: 1775 ft: 8097 corp: 1694/458Kb lim: 4096 exec/s: 17341 rss: 621Mb L: 21/4082 MS: 1 CrossOver-
#607805	REDUCE cov: 1775 ft: 8097 corp: 1694/458Kb lim: 4096 exec/s: 17365 rss: 621Mb L: 22/4082 MS: 2 CopyPart-EraseBytes-
#608218	REDUCE cov: 1775 ft: 8097 corp: 1694/458Kb lim: 4096 exec/s: 17377 rss: 621Mb L: 828/4082 MS: 3 PersAutoDict-InsertRepeatedBytes-EraseBytes- DE: "#&\357\277"-
#613579	REDUCE cov: 1775 ft: 8097 corp: 1694/458Kb lim: 4096 exec/s: 17043 rss: 621Mb L: 27/4082 MS: 1 EraseBytes-
#613970	REDUCE cov: 1775 ft: 8097 corp: 1694/458Kb lim: 4096 exec/s: 17054 rss: 621Mb L: 9/4082 MS: 1 EraseBytes-
#615720	REDUCE cov: 1775 ft: 8097 corp: 1694/458Kb lim: 4096 exec/s: 17103 rss: 621Mb L: 62/4082 MS: 5 ShuffleBytes-ChangeBit-CopyPart-ChangeBinInt-EraseBytes-
#622629	REDUCE cov: 1775 ft: 8097 corp: 1694/458Kb lim: 4096 exec/s: 17295 rss: 621Mb L: 17/4082 MS: 4 ChangeBinInt-EraseBytes-ChangeBit-PersAutoDict- DE: "# \357\277"-
#632551	REDUCE cov: 1775 ft: 8097 corp: 1694/458Kb lim: 4096 exec/s: 17095 rss: 621Mb L: 510/4082 MS: 2 ShuffleBytes-EraseBytes-
#634417	REDUCE cov: 1775 ft: 8097 corp: 1694/458Kb lim: 4096 exec/s: 17146 rss: 621Mb L: 85/4082 MS: 1 EraseBytes-
#635508	REDUCE cov: 1775 ft: 8097 corp: 1694/458Kb lim: 4096 exec/s: 17175 rss: 621Mb L: 175/4082 MS: 1 EraseBytes-
#635776	REDUCE cov: 1775 ft: 8097 corp: 1694/458Kb lim: 4096 exec/s: 17183 rss: 621Mb L: 2415/4082 MS: 3 ChangeASCIIInt-ChangeBit-EraseBytes-
#639529	REDUCE cov: 1775 ft: 8097 corp: 1694/458Kb lim: 4096 exec/s: 17284 rss: 621Mb L: 46/4082 MS: 3 ChangeByte-ChangeBit-EraseBytes-
#640802	REDUCE cov: 1775 ft: 8097 corp: 1694/458Kb lim: 4096 exec/s: 17318 rss: 621Mb L: 2080/4082 MS: 3 EraseBytes-CrossOver-CopyPart-
#644588	REDUCE cov: 1775 ft: 8097 corp: 1694/458Kb lim: 4096 exec/s: 17421 rss: 621Mb L: 1102/4082 MS: 1 EraseBytes-
#649044	REDUCE cov: 1775 ft: 8097 corp: 1694/458Kb lim: 4096 exec/s: 17080 rss: 621Mb L: 60/4082 MS: 1 EraseBytes-
#653034	REDUCE cov: 1775 ft: 8097 corp: 1694/458Kb lim: 4096 exec/s: 17185 rss: 621Mb L: 182/4082 MS: 5 InsertByte-ChangeBinInt-PersAutoDict-EraseBytes-ChangeASCIIInt- DE: "-\357\277\275"-
#664596	REDUCE cov: 1775 ft: 8097 corp: 1694/458Kb lim: 4096 exec/s: 17489 rss: 621Mb L: 547/4082 MS: 2 EraseBytes-ChangeByte-
#675958	REDUCE cov: 1775 ft: 8097 corp: 1694/458Kb lim: 4096 exec/s: 17332 rss: 621Mb L: 60/4082 MS: 2 ChangeASCIIInt-EraseBytes-
#678859	REDUCE cov: 1775 ft: 8097 corp: 1694/458Kb lim: 4096 exec/s: 17406 rss: 621Mb L: 187/4082 MS: 1 EraseBytes-
#680146	NEW    cov: 1775 ft: 8098 corp: 1695/460Kb lim: 4096 exec/s: 17439 rss: 621Mb L: 2183/4082 MS: 2 EraseBytes-CopyPart-
#687447	REDUCE cov: 1775 ft: 8098 corp: 1695/460Kb lim: 4096 exec/s: 17186 rss: 621Mb L: 51/4082 MS: 1 EraseBytes-
#693583	REDUCE cov: 1775 ft: 8098 corp: 1695/460Kb lim: 4096 exec/s: 17339 rss: 621Mb L: 50/4082 MS: 1 EraseBytes-
#695304	REDUCE cov: 1775 ft: 8098 corp: 1695/460Kb lim: 4096 exec/s: 17382 rss: 621Mb L: 25/4082 MS: 1 EraseBytes-
#696190	REDUCE cov: 1775 ft: 8098 corp: 1695/460Kb lim: 4096 exec/s: 17404 rss: 621Mb L: 242/4082 MS: 1 EraseBytes-
#701486	REDUCE cov: 1775 ft: 8098 corp: 1695/460Kb lim: 4096 exec/s: 17537 rss: 621Mb L: 499/4082 MS: 1 EraseBytes-
#706302	REDUCE cov: 1775 ft: 8098 corp: 1695/460Kb lim: 4096 exec/s: 17226 rss: 621Mb L: 199/4082 MS: 1 EraseBytes-
#713899	REDUCE cov: 1775 ft: 8098 corp: 1695/460Kb lim: 4096 exec/s: 17412 rss: 621Mb L: 273/4082 MS: 2 ChangeASCIIInt-EraseBytes-
#725971	REDUCE cov: 1775 ft: 8098 corp: 1695/460Kb lim: 4096 exec/s: 17285 rss: 621Mb L: 84/4082 MS: 1 EraseBytes-
#728537	REDUCE cov: 1775 ft: 8098 corp: 1695/460Kb lim: 4096 exec/s: 17346 rss: 621Mb L: 50/4082 MS: 1 EraseBytes-
#728738	REDUCE cov: 1775 ft: 8098 corp: 1695/460Kb lim: 4096 exec/s: 17350 rss: 621Mb L: 385/4082 MS: 1 EraseBytes-
#731289	REDUCE cov: 1775 ft: 8098 corp: 1695/460Kb lim: 4096 exec/s: 17411 rss: 621Mb L: 84/4082 MS: 1 EraseBytes-
#740865	REDUCE cov: 1775 ft: 8098 corp: 1695/460Kb lim: 4096 exec/s: 17229 rss: 621Mb L: 498/4082 MS: 1 EraseBytes-
#742851	REDUCE cov: 1775 ft: 8098 corp: 1695/460Kb lim: 4096 exec/s: 17275 rss: 621Mb L: 772/4082 MS: 1 EraseBytes-
#752287	NEW    cov: 1775 ft: 8099 corp: 1696/462Kb lim: 4096 exec/s: 17495 rss: 621Mb L: 2764/4082 MS: 1 ChangeBinInt-
#752379	REDUCE cov: 1775 ft: 8099 corp: 1696/462Kb lim: 4096 exec/s: 17497 rss: 621Mb L: 29/4082 MS: 2 ChangeASCIIInt-EraseBytes-
#753870	REDUCE cov: 1775 ft: 8099 corp: 1696/462Kb lim: 4096 exec/s: 17531 rss: 621Mb L: 85/4082 MS: 1 EraseBytes-
#762106	REDUCE cov: 1775 ft: 8099 corp: 1696/462Kb lim: 4096 exec/s: 17320 rss: 621Mb L: 838/4082 MS: 1 EraseBytes-
#762722	REDUCE cov: 1775 ft: 8099 corp: 1696/462Kb lim: 4096 exec/s: 17334 rss: 621Mb L: 36/4082 MS: 1 EraseBytes-
#767540	NEW    cov: 1775 ft: 8109 corp: 1697/466Kb lim: 4096 exec/s: 17444 rss: 621Mb L: 3591/4082 MS: 3 ChangeASCIIInt-CopyPart-CopyPart-
#770366	REDUCE cov: 1775 ft: 8109 corp: 1697/466Kb lim: 4096 exec/s: 17508 rss: 621Mb L: 3765/4082 MS: 1 EraseBytes-
#771018	REDUCE cov: 1775 ft: 8109 corp: 1697/466Kb lim: 4096 exec/s: 17523 rss: 621Mb L: 24/4082 MS: 2 EraseBytes-ChangeByte-
#771044	REDUCE cov: 1775 ft: 8109 corp: 1697/466Kb lim: 4096 exec/s: 17523 rss: 621Mb L: 1044/4082 MS: 1 EraseBytes-
#772041	NEW    cov: 1775 ft: 8111 corp: 1698/468Kb lim: 4096 exec/s: 17546 rss: 621Mb L: 2681/4082 MS: 2 ChangeBinInt-InsertByte-
#774624	REDUCE cov: 1775 ft: 8111 corp: 1698/468Kb lim: 4096 exec/s: 17605 rss: 621Mb L: 3518/4082 MS: 3 ChangeASCIIInt-ChangeASCIIInt-EraseBytes-
#780915	REDUCE cov: 1775 ft: 8111 corp: 1698/468Kb lim: 4096 exec/s: 17353 rss: 621Mb L: 33/4082 MS: 1 EraseBytes-
#787796	REDUCE cov: 1775 ft: 8111 corp: 1698/468Kb lim: 4096 exec/s: 17506 rss: 621Mb L: 64/4082 MS: 1 EraseBytes-
#792387	REDUCE cov: 1775 ft: 8111 corp: 1698/468Kb lim: 4096 exec/s: 17608 rss: 621Mb L: 980/4082 MS: 1 EraseBytes-
#798048	REDUCE cov: 1775 ft: 8111 corp: 1698/468Kb lim: 4096 exec/s: 17348 rss: 621Mb L: 803/4082 MS: 1 EraseBytes-
#805504	REDUCE cov: 1775 ft: 8111 corp: 1698/468Kb lim: 4096 exec/s: 17510 rss: 621Mb L: 2572/4082 MS: 1 EraseBytes-
#806750	REDUCE cov: 1775 ft: 8111 corp: 1698/468Kb lim: 4096 exec/s: 17538 rss: 621Mb L: 282/4082 MS: 1 EraseBytes-
#816111	REDUCE cov: 1775 ft: 8111 corp: 1698/468Kb lim: 4096 exec/s: 17364 rss: 621Mb L: 31/4082 MS: 1 EraseBytes-
#818246	REDUCE cov: 1775 ft: 8111 corp: 1698/468Kb lim: 4096 exec/s: 17409 rss: 621Mb L: 168/4082 MS: 5 EraseBytes-CrossOver-CMP-PersAutoDict-CopyPart- DE: ",\357\277\275"-"-\357\277\275"-
#820287	NEW    cov: 1775 ft: 8112 corp: 1699/472Kb lim: 4096 exec/s: 17452 rss: 621Mb L: 3939/4082 MS: 1 ChangeByte-
#824683	REDUCE cov: 1775 ft: 8112 corp: 1699/472Kb lim: 4096 exec/s: 17546 rss: 621Mb L: 68/4082 MS: 1 EraseBytes-
#825362	REDUCE cov: 1775 ft: 8112 corp: 1699/472Kb lim: 4096 exec/s: 17560 rss: 621Mb L: 719/4082 MS: 4 ChangeBinInt-CopyPart-ChangeBinInt-EraseBytes-
#829429	REDUCE cov: 1775 ft: 8112 corp: 1699/472Kb lim: 4096 exec/s: 17279 rss: 621Mb L: 52/4082 MS: 2 ShuffleBytes-EraseBytes-
#834285	REDUCE cov: 1775 ft: 8112 corp: 1699/472Kb lim: 4096 exec/s: 17380 rss: 621Mb L: 716/4082 MS: 1 EraseBytes-
#834651	REDUCE cov: 1775 ft: 8112 corp: 1699/472Kb lim: 4096 exec/s: 17388 rss: 621Mb L: 109/4082 MS: 1 EraseBytes-
#837737	REDUCE cov: 1775 ft: 8112 corp: 1699/472Kb lim: 4096 exec/s: 17452 rss: 621Mb L: 133/4082 MS: 1 EraseBytes-
#845603	REDUCE cov: 1775 ft: 8112 corp: 1699/472Kb lim: 4096 exec/s: 17616 rss: 621Mb L: 175/4082 MS: 1 EraseBytes-
#856030	REDUCE cov: 1775 ft: 8112 corp: 1699/472Kb lim: 4096 exec/s: 17470 rss: 621Mb L: 49/4082 MS: 2 ChangeByte-EraseBytes-
#869691	REDUCE cov: 1775 ft: 8112 corp: 1699/472Kb lim: 4096 exec/s: 17393 rss: 621Mb L: 219/4082 MS: 1 EraseBytes-
#876818	REDUCE cov: 1775 ft: 8112 corp: 1699/472Kb lim: 4096 exec/s: 17536 rss: 621Mb L: 80/4082 MS: 2 EraseBytes-CopyPart-
#882411	REDUCE cov: 1775 ft: 8112 corp: 1699/472Kb lim: 4096 exec/s: 17302 rss: 621Mb L: 50/4082 MS: 3 ChangeASCIIInt-ChangeASCIIInt-EraseBytes-
#890652	REDUCE cov: 1775 ft: 8112 corp: 1699/472Kb lim: 4096 exec/s: 17463 rss: 621Mb L: 254/4082 MS: 1 EraseBytes-
#892663	REDUCE cov: 1775 ft: 8112 corp: 1699/472Kb lim: 4096 exec/s: 17503 rss: 621Mb L: 348/4082 MS: 1 EraseBytes-
#908409	REDUCE cov: 1775 ft: 8112 corp: 1699/472Kb lim: 4096 exec/s: 17469 rss: 621Mb L: 458/4082 MS: 1 EraseBytes-
#908776	REDUCE cov: 1775 ft: 8114 corp: 1700/474Kb lim: 4096 exec/s: 17476 rss: 621Mb L: 2573/4082 MS: 2 InsertByte-CopyPart-
#909512	REDUCE cov: 1775 ft: 8114 corp: 1700/474Kb lim: 4096 exec/s: 17490 rss: 621Mb L: 1512/4082 MS: 1 EraseBytes-
#910231	REDUCE cov: 1775 ft: 8114 corp: 1700/474Kb lim: 4096 exec/s: 17504 rss: 621Mb L: 110/4082 MS: 4 InsertByte-InsertRepeatedBytes-InsertByte-EraseBytes-
#919182	REDUCE cov: 1775 ft: 8114 corp: 1700/474Kb lim: 4096 exec/s: 17343 rss: 621Mb L: 83/4082 MS: 1 EraseBytes-
#923440	REDUCE cov: 1775 ft: 8114 corp: 1700/474Kb lim: 4096 exec/s: 17423 rss: 621Mb L: 1188/4082 MS: 3 PersAutoDict-ShuffleBytes-EraseBytes- DE: "#&\357\277"-
#923761	REDUCE cov: 1775 ft: 8114 corp: 1700/474Kb lim: 4096 exec/s: 17429 rss: 621Mb L: 134/4082 MS: 1 EraseBytes-
#926557	REDUCE cov: 1775 ft: 8114 corp: 1700/474Kb lim: 4096 exec/s: 17482 rss: 621Mb L: 289/4082 MS: 1 EraseBytes-
#930413	REDUCE cov: 1775 ft: 8114 corp: 1700/474Kb lim: 4096 exec/s: 17554 rss: 621Mb L: 17/4082 MS: 1 EraseBytes-
#933539	REDUCE cov: 1775 ft: 8114 corp: 1700/474Kb lim: 4096 exec/s: 17613 rss: 621Mb L: 63/4082 MS: 1 EraseBytes-
#941350	REDUCE cov: 1775 ft: 8114 corp: 1700/474Kb lim: 4096 exec/s: 17432 rss: 621Mb L: 20/4082 MS: 1 EraseBytes-
#946502	REDUCE cov: 1775 ft: 8114 corp: 1700/474Kb lim: 4096 exec/s: 17527 rss: 621Mb L: 180/4082 MS: 2 ShuffleBytes-EraseBytes-
#947628	REDUCE cov: 1775 ft: 8114 corp: 1700/474Kb lim: 4096 exec/s: 17548 rss: 621Mb L: 312/4082 MS: 1 EraseBytes-
#960199	REDUCE cov: 1775 ft: 8114 corp: 1700/474Kb lim: 4096 exec/s: 17458 rss: 621Mb L: 575/4082 MS: 1 EraseBytes-
#963565	REDUCE cov: 1775 ft: 8114 corp: 1700/474Kb lim: 4096 exec/s: 17519 rss: 621Mb L: 17/4082 MS: 1 EraseBytes-
#969021	REDUCE cov: 1775 ft: 8114 corp: 1700/474Kb lim: 4096 exec/s: 17618 rss: 621Mb L: 122/4082 MS: 1 EraseBytes-
#971057	REDUCE cov: 1775 ft: 8114 corp: 1700/474Kb lim: 4096 exec/s: 17655 rss: 621Mb L: 105/4082 MS: 1 EraseBytes-
#981733	REDUCE cov: 1775 ft: 8114 corp: 1700/474Kb lim: 4096 exec/s: 17530 rss: 621Mb L: 725/4082 MS: 1 EraseBytes-
#983415	REDUCE cov: 1775 ft: 8114 corp: 1700/474Kb lim: 4096 exec/s: 17560 rss: 621Mb L: 826/4082 MS: 2 ShuffleBytes-EraseBytes-
#983971	REDUCE cov: 1775 ft: 8114 corp: 1700/474Kb lim: 4096 exec/s: 17570 rss: 621Mb L: 50/4082 MS: 1 EraseBytes-
#986002	REDUCE cov: 1775 ft: 8114 corp: 1700/474Kb lim: 4096 exec/s: 17607 rss: 621Mb L: 217/4082 MS: 1 EraseBytes-
#986573	REDUCE cov: 1775 ft: 8114 corp: 1700/474Kb lim: 4096 exec/s: 17617 rss: 621Mb L: 2308/4082 MS: 1 EraseBytes-
#990919	REDUCE cov: 1775 ft: 8114 corp: 1700/474Kb lim: 4096 exec/s: 17384 rss: 621Mb L: 13/4082 MS: 1 EraseBytes-
#1003738	REDUCE cov: 1775 ft: 8114 corp: 1700/474Kb lim: 4096 exec/s: 17609 rss: 621Mb L: 2704/4082 MS: 4 InsertByte-InsertRepeatedBytes-CMP-EraseBytes- DE: "#) \357\277\2750"-
#1005364	REDUCE cov: 1775 ft: 8114 corp: 1700/474Kb lim: 4096 exec/s: 17637 rss: 621Mb L: 1192/4082 MS: 1 CrossOver-
#1005880	REDUCE cov: 1775 ft: 8114 corp: 1700/474Kb lim: 4096 exec/s: 17647 rss: 621Mb L: 40/4082 MS: 1 EraseBytes-
#1006996	REDUCE cov: 1775 ft: 8114 corp: 1700/474Kb lim: 4096 exec/s: 17362 rss: 621Mb L: 89/4082 MS: 1 EraseBytes-
#1009292	REDUCE cov: 1775 ft: 8114 corp: 1700/474Kb lim: 4096 exec/s: 17401 rss: 621Mb L: 38/4082 MS: 1 EraseBytes-
#1011918	REDUCE cov: 1775 ft: 8114 corp: 1700/474Kb lim: 4096 exec/s: 17446 rss: 621Mb L: 63/4082 MS: 1 EraseBytes-
#1017989	REDUCE cov: 1775 ft: 8114 corp: 1700/474Kb lim: 4096 exec/s: 17551 rss: 621Mb L: 2921/4082 MS: 1 EraseBytes-
#1020717	REDUCE cov: 1775 ft: 8114 corp: 1700/474Kb lim: 4096 exec/s: 17598 rss: 621Mb L: 6/4082 MS: 3 ChangeByte-ChangeByte-EraseBytes-
#1021650	REDUCE cov: 1775 ft: 8114 corp: 1700/474Kb lim: 4096 exec/s: 17614 rss: 621Mb L: 20/4082 MS: 3 InsertByte-ShuffleBytes-EraseBytes-
#1023776	NEW    cov: 1775 ft: 8116 corp: 1701/474Kb lim: 4096 exec/s: 17651 rss: 621Mb L: 259/4082 MS: 1 InsertByte-
#1025392	NEW    cov: 1775 ft: 8117 corp: 1702/477Kb lim: 4096 exec/s: 17379 rss: 621Mb L: 2850/4082 MS: 1 InsertRepeatedBytes-
#1027919	REDUCE cov: 1775 ft: 8117 corp: 1702/477Kb lim: 4096 exec/s: 17422 rss: 621Mb L: 52/4082 MS: 2 CopyPart-EraseBytes-
#1032785	REDUCE cov: 1775 ft: 8117 corp: 1702/477Kb lim: 4096 exec/s: 17504 rss: 621Mb L: 2813/4082 MS: 1 EraseBytes-
#1033841	REDUCE cov: 1775 ft: 8117 corp: 1702/477Kb lim: 4096 exec/s: 17522 rss: 621Mb L: 184/4082 MS: 1 EraseBytes-
#1033929	REDUCE cov: 1775 ft: 8117 corp: 1702/477Kb lim: 4096 exec/s: 17524 rss: 621Mb L: 1140/4082 MS: 3 InsertRepeatedBytes-InsertRepeatedBytes-EraseBytes-
#1040705	REDUCE cov: 1775 ft: 8117 corp: 1702/477Kb lim: 4096 exec/s: 17639 rss: 621Mb L: 77/4082 MS: 1 EraseBytes-
#1045606	REDUCE cov: 1775 ft: 8117 corp: 1702/477Kb lim: 4096 exec/s: 17426 rss: 621Mb L: 167/4082 MS: 1 EraseBytes-
#1048053	REDUCE cov: 1775 ft: 8117 corp: 1702/476Kb lim: 4096 exec/s: 17467 rss: 621Mb L: 766/4082 MS: 2 ShuffleBytes-EraseBytes-
#1048576	pulse  cov: 1775 ft: 8117 corp: 1702/476Kb lim: 4096 exec/s: 17476 rss: 621Mb
#1052914	REDUCE cov: 1775 ft: 8117 corp: 1702/476Kb lim: 4096 exec/s: 17548 rss: 621Mb L: 96/4082 MS: 1 EraseBytes-
#1055553	REDUCE cov: 1775 ft: 8117 corp: 1702/476Kb lim: 4096 exec/s: 17592 rss: 621Mb L: 33/4082 MS: 4 ChangeByte-InsertByte-ChangeBit-EraseBytes-
#1057674	REDUCE cov: 1775 ft: 8117 corp: 1702/476Kb lim: 4096 exec/s: 17627 rss: 621Mb L: 2703/4082 MS: 1 EraseBytes-
#1063137	REDUCE cov: 1775 ft: 8117 corp: 1702/476Kb lim: 4096 exec/s: 17428 rss: 621Mb L: 246/4082 MS: 3 CopyPart-ChangeBinInt-EraseBytes-
#1063749	REDUCE cov: 1775 ft: 8117 corp: 1702/476Kb lim: 4096 exec/s: 17438 rss: 621Mb L: 76/4082 MS: 2 InsertByte-EraseBytes-
#1064126	REDUCE cov: 1775 ft: 8117 corp: 1702/476Kb lim: 4096 exec/s: 17444 rss: 621Mb L: 2914/4082 MS: 2 ChangeBit-EraseBytes-
#1075225	REDUCE cov: 1775 ft: 8117 corp: 1702/476Kb lim: 4096 exec/s: 17626 rss: 621Mb L: 478/4082 MS: 4 ChangeBit-ChangeBinInt-InsertByte-EraseBytes-
#1083742	REDUCE cov: 1775 ft: 8117 corp: 1702/476Kb lim: 4096 exec/s: 17479 rss: 621Mb L: 210/4082 MS: 2 ChangeASCIIInt-EraseBytes-
#1097768	NEW    cov: 1775 ft: 8118 corp: 1703/476Kb lim: 4096 exec/s: 17424 rss: 621Mb L: 23/4082 MS: 1 CrossOver-
#1100809	REDUCE cov: 1775 ft: 8118 corp: 1703/476Kb lim: 4096 exec/s: 17473 rss: 621Mb L: 141/4082 MS: 1 EraseBytes-
#1107216	REDUCE cov: 1775 ft: 8118 corp: 1703/476Kb lim: 4096 exec/s: 17574 rss: 621Mb L: 52/4082 MS: 2 ChangeBit-EraseBytes-
#1108927	REDUCE cov: 1775 ft: 8118 corp: 1703/476Kb lim: 4096 exec/s: 17602 rss: 621Mb L: 26/4082 MS: 1 EraseBytes-
#1110883	REDUCE cov: 1775 ft: 8118 corp: 1703/476Kb lim: 4096 exec/s: 17633 rss: 621Mb L: 82/4082 MS: 1 EraseBytes-
#1117704	REDUCE cov: 1775 ft: 8118 corp: 1703/476Kb lim: 4096 exec/s: 17464 rss: 621Mb L: 54/4082 MS: 1 EraseBytes-
#1117735	REDUCE cov: 1775 ft: 8118 corp: 1703/476Kb lim: 4096 exec/s: 17464 rss: 621Mb L: 163/4082 MS: 1 EraseBytes-
#1117751	REDUCE cov: 1775 ft: 8118 corp: 1703/476Kb lim: 4096 exec/s: 17464 rss: 621Mb L: 260/4082 MS: 1 EraseBytes-
#1119603	REDUCE cov: 1775 ft: 8118 corp: 1703/476Kb lim: 4096 exec/s: 17493 rss: 621Mb L: 244/4082 MS: 2 ChangeBit-EraseBytes-
#1127514	REDUCE cov: 1775 ft: 8118 corp: 1703/476Kb lim: 4096 exec/s: 17617 rss: 621Mb L: 407/4082 MS: 1 EraseBytes-
#1129816	REDUCE cov: 1775 ft: 8118 corp: 1703/476Kb lim: 4096 exec/s: 17653 rss: 621Mb L: 222/4082 MS: 2 CopyPart-EraseBytes-
#1130392	REDUCE cov: 1775 ft: 8118 corp: 1703/476Kb lim: 4096 exec/s: 17662 rss: 621Mb L: 77/4082 MS: 1 EraseBytes-
#1130463	REDUCE cov: 1775 ft: 8118 corp: 1703/476Kb lim: 4096 exec/s: 17663 rss: 621Mb L: 305/4082 MS: 1 EraseBytes-
#1130944	REDUCE cov: 1775 ft: 8118 corp: 1703/476Kb lim: 4096 exec/s: 17399 rss: 621Mb L: 1230/4082 MS: 1 EraseBytes-
#1133180	REDUCE cov: 1775 ft: 8118 corp: 1703/476Kb lim: 4096 exec/s: 17433 rss: 621Mb L: 733/4082 MS: 1 EraseBytes-
#1133246	REDUCE cov: 1775 ft: 8118 corp: 1703/476Kb lim: 4096 exec/s: 17434 rss: 621Mb L: 147/4082 MS: 1 EraseBytes-
#1133987	REDUCE cov: 1775 ft: 8118 corp: 1703/476Kb lim: 4096 exec/s: 17445 rss: 621Mb L: 683/4082 MS: 1 EraseBytes-
#1140979	REDUCE cov: 1775 ft: 8118 corp: 1703/476Kb lim: 4096 exec/s: 17553 rss: 621Mb L: 3551/4082 MS: 2 ChangeBinInt-EraseBytes-
#1143677	REDUCE cov: 1775 ft: 8118 corp: 1703/476Kb lim: 4096 exec/s: 17595 rss: 621Mb L: 472/4082 MS: 3 ChangeBit-EraseBytes-ChangeASCIIInt-
#1143933	REDUCE cov: 1775 ft: 8118 corp: 1703/476Kb lim: 4096 exec/s: 17598 rss: 621Mb L: 213/4082 MS: 1 EraseBytes-
#1145004	NEW    cov: 1776 ft: 8119 corp: 1704/476Kb lim: 4096 exec/s: 17615 rss: 621Mb L: 107/4082 MS: 1 ChangeByte-
#1146895	REDUCE cov: 1776 ft: 8119 corp: 1704/476Kb lim: 4096 exec/s: 17644 rss: 621Mb L: 256/4082 MS: 1 EraseBytes-
#1147531	REDUCE cov: 1776 ft: 8119 corp: 1704/476Kb lim: 4096 exec/s: 17386 rss: 621Mb L: 3768/4082 MS: 1 EraseBytes-
#1147807	REDUCE cov: 1776 ft: 8119 corp: 1704/476Kb lim: 4096 exec/s: 17391 rss: 621Mb L: 164/4082 MS: 1 EraseBytes-
#1148923	REDUCE cov: 1776 ft: 8119 corp: 1704/476Kb lim: 4096 exec/s: 17407 rss: 621Mb L: 166/4082 MS: 1 EraseBytes-
#1151429	REDUCE cov: 1776 ft: 8119 corp: 1704/476Kb lim: 4096 exec/s: 17445 rss: 621Mb L: 206/4082 MS: 1 EraseBytes-
#1152595	REDUCE cov: 1776 ft: 8119 corp: 1704/476Kb lim: 4096 exec/s: 17463 rss: 621Mb L: 47/4082 MS: 1 EraseBytes-
#1165386	REDUCE cov: 1776 ft: 8119 corp: 1704/476Kb lim: 4096 exec/s: 17393 rss: 621Mb L: 10/4082 MS: 1 EraseBytes-
#1167267	REDUCE cov: 1776 ft: 8119 corp: 1704/476Kb lim: 4096 exec/s: 17421 rss: 621Mb L: 247/4082 MS: 1 EraseBytes-
#1169968	REDUCE cov: 1776 ft: 8119 corp: 1704/476Kb lim: 4096 exec/s: 17462 rss: 621Mb L: 727/4082 MS: 1 EraseBytes-
#1173400	REDUCE cov: 1776 ft: 8119 corp: 1704/476Kb lim: 4096 exec/s: 17513 rss: 621Mb L: 17/4082 MS: 2 ShuffleBytes-EraseBytes-
#1176013	NEW    cov: 1776 ft: 8120 corp: 1705/477Kb lim: 4096 exec/s: 17552 rss: 621Mb L: 790/4082 MS: 3 CopyPart-ChangeASCIIInt-CopyPart-
#1179450	REDUCE cov: 1776 ft: 8120 corp: 1705/477Kb lim: 4096 exec/s: 17603 rss: 621Mb L: 59/4082 MS: 2 EraseBytes-CopyPart-
#1182266	REDUCE cov: 1776 ft: 8120 corp: 1705/477Kb lim: 4096 exec/s: 17386 rss: 621Mb L: 69/4082 MS: 1 EraseBytes-
#1183907	REDUCE cov: 1776 ft: 8120 corp: 1705/477Kb lim: 4096 exec/s: 17410 rss: 621Mb L: 85/4082 MS: 1 EraseBytes-
#1185423	REDUCE cov: 1776 ft: 8120 corp: 1705/477Kb lim: 4096 exec/s: 17432 rss: 621Mb L: 52/4082 MS: 1 EraseBytes-
#1190859	REDUCE cov: 1776 ft: 8120 corp: 1705/477Kb lim: 4096 exec/s: 17512 rss: 621Mb L: 81/4082 MS: 1 EraseBytes-
#1191870	REDUCE cov: 1776 ft: 8120 corp: 1705/477Kb lim: 4096 exec/s: 17527 rss: 621Mb L: 473/4082 MS: 1 EraseBytes-
#1211842	REDUCE cov: 1776 ft: 8120 corp: 1705/477Kb lim: 4096 exec/s: 17562 rss: 621Mb L: 16/4082 MS: 2 ChangeBit-EraseBytes-
#1212993	REDUCE cov: 1776 ft: 8120 corp: 1705/477Kb lim: 4096 exec/s: 17579 rss: 621Mb L: 911/4082 MS: 1 EraseBytes-
#1216450	REDUCE cov: 1776 ft: 8120 corp: 1705/476Kb lim: 4096 exec/s: 17377 rss: 621Mb L: 1808/4082 MS: 2 EraseBytes-ChangeASCIIInt-
#1218651	REDUCE cov: 1776 ft: 8120 corp: 1705/476Kb lim: 4096 exec/s: 17409 rss: 621Mb L: 249/4082 MS: 1 EraseBytes-
#1219627	REDUCE cov: 1776 ft: 8120 corp: 1705/476Kb lim: 4096 exec/s: 17423 rss: 621Mb L: 71/4082 MS: 1 EraseBytes-
#1221589	REDUCE cov: 1776 ft: 8120 corp: 1705/476Kb lim: 4096 exec/s: 17451 rss: 621Mb L: 607/4082 MS: 2 ChangeASCIIInt-EraseBytes-
#1241181	REDUCE cov: 1776 ft: 8120 corp: 1705/476Kb lim: 4096 exec/s: 17481 rss: 621Mb L: 24/4082 MS: 2 InsertByte-EraseBytes-
#1242367	REDUCE cov: 1776 ft: 8120 corp: 1705/476Kb lim: 4096 exec/s: 17498 rss: 621Mb L: 165/4082 MS: 1 EraseBytes-
#1244223	REDUCE cov: 1776 ft: 8120 corp: 1705/476Kb lim: 4096 exec/s: 17524 rss: 621Mb L: 1056/4082 MS: 1 EraseBytes-
#1250145	REDUCE cov: 1776 ft: 8120 corp: 1705/476Kb lim: 4096 exec/s: 17363 rss: 621Mb L: 288/4082 MS: 2 ChangeASCIIInt-EraseBytes-
#1250216	REDUCE cov: 1776 ft: 8120 corp: 1705/476Kb lim: 4096 exec/s: 17364 rss: 621Mb L: 3646/4082 MS: 1 EraseBytes-
#1252492	REDUCE cov: 1776 ft: 8120 corp: 1705/476Kb lim: 4096 exec/s: 17395 rss: 621Mb L: 46/4082 MS: 1 EraseBytes-
#1254678	REDUCE cov: 1776 ft: 8120 corp: 1705/476Kb lim: 4096 exec/s: 17426 rss: 621Mb L: 570/4082 MS: 1 EraseBytes-
#1258460	NEW    cov: 1776 ft: 8121 corp: 1706/478Kb lim: 4096 exec/s: 17478 rss: 621Mb L: 2082/4082 MS: 2 CopyPart-CopyPart-
#1259327	REDUCE cov: 1776 ft: 8121 corp: 1706/478Kb lim: 4096 exec/s: 17490 rss: 621Mb L: 469/4082 MS: 2 ShuffleBytes-EraseBytes-
#1260308	REDUCE cov: 1776 ft: 8121 corp: 1706/478Kb lim: 4096 exec/s: 17504 rss: 621Mb L: 101/4082 MS: 1 EraseBytes-
#1260329	REDUCE cov: 1776 ft: 8121 corp: 1706/478Kb lim: 4096 exec/s: 17504 rss: 621Mb L: 6/4082 MS: 1 EraseBytes-
#1263080	REDUCE cov: 1776 ft: 8121 corp: 1706/478Kb lim: 4096 exec/s: 17542 rss: 621Mb L: 433/4082 MS: 1 EraseBytes-
#1267041	REDUCE cov: 1776 ft: 8121 corp: 1706/478Kb lim: 4096 exec/s: 17597 rss: 621Mb L: 16/4082 MS: 1 EraseBytes-
#1268857	REDUCE cov: 1776 ft: 8121 corp: 1706/478Kb lim: 4096 exec/s: 17381 rss: 621Mb L: 45/4082 MS: 1 EraseBytes-
#1272958	REDUCE cov: 1776 ft: 8121 corp: 1706/478Kb lim: 4096 exec/s: 17437 rss: 621Mb L: 21/4082 MS: 1 EraseBytes-
#1274050	REDUCE cov: 1776 ft: 8121 corp: 1706/478Kb lim: 4096 exec/s: 17452 rss: 621Mb L: 77/4082 MS: 2 ShuffleBytes-EraseBytes-
#1276260	REDUCE cov: 1776 ft: 8121 corp: 1706/478Kb lim: 4096 exec/s: 17483 rss: 621Mb L: 78/4082 MS: 4 ChangeBit-InsertByte-ChangeASCIIInt-EraseBytes-
#1277027	NEW    cov: 1776 ft: 8123 corp: 1707/478Kb lim: 4096 exec/s: 17493 rss: 621Mb L: 12/4082 MS: 2 CMP-EraseBytes- DE: "5\001\000\000"-
#1279753	REDUCE cov: 1776 ft: 8123 corp: 1707/478Kb lim: 4096 exec/s: 17530 rss: 621Mb L: 925/4082 MS: 1 EraseBytes-
#1289539	REDUCE cov: 1776 ft: 8123 corp: 1707/478Kb lim: 4096 exec/s: 17426 rss: 621Mb L: 32/4082 MS: 1 EraseBytes-
#1291370	REDUCE cov: 1776 ft: 8123 corp: 1707/478Kb lim: 4096 exec/s: 17450 rss: 621Mb L: 47/4082 MS: 1 EraseBytes-
#1297091	REDUCE cov: 1776 ft: 8123 corp: 1707/478Kb lim: 4096 exec/s: 17528 rss: 621Mb L: 2257/4082 MS: 1 EraseBytes-
#1299562	REDUCE cov: 1776 ft: 8123 corp: 1707/478Kb lim: 4096 exec/s: 17561 rss: 621Mb L: 386/4082 MS: 1 EraseBytes-
#1306103	REDUCE cov: 1776 ft: 8123 corp: 1707/478Kb lim: 4096 exec/s: 17414 rss: 621Mb L: 764/4082 MS: 1 EraseBytes-
#1307544	REDUCE cov: 1776 ft: 8123 corp: 1707/478Kb lim: 4096 exec/s: 17433 rss: 621Mb L: 158/4082 MS: 1 EraseBytes-
#1313042	REDUCE cov: 1776 ft: 8123 corp: 1707/478Kb lim: 4096 exec/s: 17507 rss: 621Mb L: 16/4082 MS: 3 CopyPart-EraseBytes-EraseBytes-
#1321558	REDUCE cov: 1776 ft: 8123 corp: 1707/478Kb lim: 4096 exec/s: 17388 rss: 621Mb L: 49/4082 MS: 1 EraseBytes-
#1321764	REDUCE cov: 1776 ft: 8123 corp: 1707/478Kb lim: 4096 exec/s: 17391 rss: 621Mb L: 218/4082 MS: 1 EraseBytes-
#1328316	NEW    cov: 1776 ft: 8124 corp: 1708/480Kb lim: 4096 exec/s: 17477 rss: 621Mb L: 2686/4082 MS: 2 CrossOver-CrossOver-
#1333442	REDUCE cov: 1776 ft: 8124 corp: 1708/480Kb lim: 4096 exec/s: 17545 rss: 621Mb L: 901/4082 MS: 1 EraseBytes-
#1333443	NEW    cov: 1776 ft: 8128 corp: 1709/483Kb lim: 4096 exec/s: 17545 rss: 621Mb L: 3132/4082 MS: 1 CopyPart-
#1333845	NEW    cov: 1776 ft: 8134 corp: 1710/486Kb lim: 4096 exec/s: 17550 rss: 621Mb L: 3144/4082 MS: 2 ChangeByte-CopyPart-
#1335016	REDUCE cov: 1776 ft: 8134 corp: 1710/486Kb lim: 4096 exec/s: 17566 rss: 621Mb L: 431/4082 MS: 1 EraseBytes-
#1338707	REDUCE cov: 1776 ft: 8134 corp: 1710/486Kb lim: 4096 exec/s: 17614 rss: 621Mb L: 11/4082 MS: 1 EraseBytes-
#1339268	REDUCE cov: 1776 ft: 8134 corp: 1710/486Kb lim: 4096 exec/s: 17393 rss: 621Mb L: 1075/4082 MS: 1 EraseBytes-
#1360676	REDUCE cov: 1776 ft: 8134 corp: 1710/486Kb lim: 4096 exec/s: 17444 rss: 621Mb L: 1107/4082 MS: 3 CMP-EraseBytes-ChangeBinInt- DE: "code"-
#1370387	REDUCE cov: 1776 ft: 8134 corp: 1710/486Kb lim: 4096 exec/s: 17569 rss: 621Mb L: 10/4082 MS: 1 EraseBytes-
#1372459	REDUCE cov: 1776 ft: 8134 corp: 1710/486Kb lim: 4096 exec/s: 17595 rss: 621Mb L: 1765/4082 MS: 2 ShuffleBytes-EraseBytes-
#1375800	REDUCE cov: 1776 ft: 8134 corp: 1710/486Kb lim: 4096 exec/s: 17415 rss: 621Mb L: 641/4082 MS: 1 EraseBytes-
#1379236	REDUCE cov: 1776 ft: 8134 corp: 1710/486Kb lim: 4096 exec/s: 17458 rss: 621Mb L: 35/4082 MS: 1 EraseBytes-
#1379616	REDUCE cov: 1776 ft: 8134 corp: 1710/486Kb lim: 4096 exec/s: 17463 rss: 621Mb L: 2686/4082 MS: 5 ChangeBinInt-ChangeASCIIInt-ShuffleBytes-CopyPart-EraseBytes-
#1379717	REDUCE cov: 1776 ft: 8134 corp: 1710/486Kb lim: 4096 exec/s: 17464 rss: 621Mb L: 19/4082 MS: 1 EraseBytes-
#1384928	REDUCE cov: 1776 ft: 8134 corp: 1710/486Kb lim: 4096 exec/s: 17530 rss: 621Mb L: 86/4082 MS: 1 EraseBytes-
#1393694	REDUCE cov: 1776 ft: 8134 corp: 1710/486Kb lim: 4096 exec/s: 17421 rss: 621Mb L: 257/4082 MS: 1 EraseBytes-
#1403955	REDUCE cov: 1776 ft: 8134 corp: 1710/486Kb lim: 4096 exec/s: 17549 rss: 621Mb L: 2680/4082 MS: 1 EraseBytes-
#1409206	REDUCE cov: 1776 ft: 8134 corp: 1710/486Kb lim: 4096 exec/s: 17397 rss: 621Mb L: 1466/4082 MS: 1 EraseBytes-
#1409932	REDUCE cov: 1776 ft: 8134 corp: 1710/486Kb lim: 4096 exec/s: 17406 rss: 621Mb L: 270/4082 MS: 1 EraseBytes-
#1419719	REDUCE cov: 1776 ft: 8134 corp: 1710/486Kb lim: 4096 exec/s: 17527 rss: 621Mb L: 58/4082 MS: 1 EraseBytes-
#1433865	REDUCE cov: 1776 ft: 8134 corp: 1710/486Kb lim: 4096 exec/s: 17486 rss: 621Mb L: 1097/4082 MS: 1 EraseBytes-
#1434026	REDUCE cov: 1776 ft: 8134 corp: 1710/486Kb lim: 4096 exec/s: 17488 rss: 621Mb L: 411/4082 MS: 1 EraseBytes-
#1435832	REDUCE cov: 1776 ft: 8134 corp: 1710/486Kb lim: 4096 exec/s: 17510 rss: 621Mb L: 252/4082 MS: 1 EraseBytes-
#1441903	REDUCE cov: 1776 ft: 8134 corp: 1710/486Kb lim: 4096 exec/s: 17372 rss: 621Mb L: 136/4082 MS: 1 EraseBytes-
#1451720	REDUCE cov: 1776 ft: 8134 corp: 1710/486Kb lim: 4096 exec/s: 17490 rss: 621Mb L: 450/4082 MS: 2 ChangeASCIIInt-EraseBytes-
#1456191	REDUCE cov: 1776 ft: 8134 corp: 1710/486Kb lim: 4096 exec/s: 17544 rss: 621Mb L: 49/4082 MS: 1 EraseBytes-
#1456984	REDUCE cov: 1776 ft: 8134 corp: 1710/486Kb lim: 4096 exec/s: 17554 rss: 621Mb L: 37/4082 MS: 3 CopyPart-EraseBytes-CopyPart-
#1461527	REDUCE cov: 1776 ft: 8143 corp: 1711/490Kb lim: 4096 exec/s: 17399 rss: 621Mb L: 3970/4082 MS: 3 ShuffleBytes-ShuffleBytes-CopyPart-
#1467043	REDUCE cov: 1776 ft: 8143 corp: 1711/490Kb lim: 4096 exec/s: 17464 rss: 621Mb L: 1176/4082 MS: 1 EraseBytes-
#1468179	REDUCE cov: 1776 ft: 8143 corp: 1711/490Kb lim: 4096 exec/s: 17478 rss: 621Mb L: 77/4082 MS: 1 EraseBytes-
#1468617	REDUCE cov: 1776 ft: 8143 corp: 1711/490Kb lim: 4096 exec/s: 17483 rss: 621Mb L: 119/4082 MS: 3 ChangeByte-ChangeByte-EraseBytes-
#1471599	REDUCE cov: 1776 ft: 8143 corp: 1711/489Kb lim: 4096 exec/s: 17519 rss: 621Mb L: 2033/4082 MS: 2 ChangeASCIIInt-EraseBytes-
#1473685	REDUCE cov: 1776 ft: 8143 corp: 1711/489Kb lim: 4096 exec/s: 17543 rss: 621Mb L: 16/4082 MS: 1 EraseBytes-
#1476721	REDUCE cov: 1776 ft: 8143 corp: 1711/489Kb lim: 4096 exec/s: 17373 rss: 621Mb L: 361/4082 MS: 1 EraseBytes-
#1480962	NEW    cov: 1776 ft: 8144 corp: 1712/489Kb lim: 4096 exec/s: 17423 rss: 621Mb L: 268/4082 MS: 1 CopyPart-
#1487448	REDUCE cov: 1776 ft: 8144 corp: 1712/489Kb lim: 4096 exec/s: 17499 rss: 621Mb L: 59/4082 MS: 1 EraseBytes-
#1489655	REDUCE cov: 1776 ft: 8144 corp: 1712/489Kb lim: 4096 exec/s: 17525 rss: 621Mb L: 39/4082 MS: 2 CopyPart-EraseBytes-
#1504364	REDUCE cov: 1776 ft: 8144 corp: 1712/489Kb lim: 4096 exec/s: 17492 rss: 621Mb L: 12/4082 MS: 4 InsertByte-ChangeASCIIInt-ChangeASCIIInt-EraseBytes-
#1513550	REDUCE cov: 1776 ft: 8144 corp: 1712/489Kb lim: 4096 exec/s: 17397 rss: 621Mb L: 3958/4082 MS: 1 EraseBytes-
#1530661	REDUCE cov: 1776 ft: 8144 corp: 1712/489Kb lim: 4096 exec/s: 17393 rss: 621Mb L: 26/4082 MS: 1 EraseBytes-
#1531325	REDUCE cov: 1776 ft: 8144 corp: 1712/488Kb lim: 4096 exec/s: 17401 rss: 621Mb L: 1548/4082 MS: 4 ChangeASCIIInt-PersAutoDict-EraseBytes-EraseBytes- DE: "# \357\277"-
#1540786	NEW    cov: 1776 ft: 8152 corp: 1713/492Kb lim: 4096 exec/s: 17508 rss: 621Mb L: 3651/4082 MS: 1 CopyPart-
#1541502	REDUCE cov: 1776 ft: 8152 corp: 1713/492Kb lim: 4096 exec/s: 17320 rss: 621Mb L: 60/4082 MS: 1 EraseBytes-
#1550873	REDUCE cov: 1776 ft: 8152 corp: 1713/492Kb lim: 4096 exec/s: 17425 rss: 621Mb L: 709/4082 MS: 1 EraseBytes-
#1569300	REDUCE cov: 1776 ft: 8152 corp: 1713/492Kb lim: 4096 exec/s: 17436 rss: 621Mb L: 384/4082 MS: 2 ChangeASCIIInt-EraseBytes-
#1574198	REDUCE cov: 1776 ft: 8152 corp: 1713/492Kb lim: 4096 exec/s: 17298 rss: 621Mb L: 80/4082 MS: 3 ChangeBit-ChangeASCIIInt-EraseBytes-
#1576672	REDUCE cov: 1776 ft: 8152 corp: 1713/492Kb lim: 4096 exec/s: 17326 rss: 621Mb L: 547/4082 MS: 4 ChangeASCIIInt-ChangeASCIIInt-ShuffleBytes-EraseBytes-
#1579608	REDUCE cov: 1776 ft: 8152 corp: 1713/492Kb lim: 4096 exec/s: 17358 rss: 621Mb L: 70/4082 MS: 1 EraseBytes-
#1579654	REDUCE cov: 1776 ft: 8152 corp: 1713/492Kb lim: 4096 exec/s: 17358 rss: 621Mb L: 1913/4082 MS: 1 EraseBytes-
#1593686	REDUCE cov: 1776 ft: 8152 corp: 1713/492Kb lim: 4096 exec/s: 17322 rss: 621Mb L: 4005/4082 MS: 2 ChangeBinInt-EraseBytes-
#1614969	REDUCE cov: 1776 ft: 8152 corp: 1713/492Kb lim: 4096 exec/s: 17365 rss: 621Mb L: 118/4082 MS: 3 ChangeASCIIInt-CopyPart-EraseBytes-
#1618588	REDUCE cov: 1776 ft: 8152 corp: 1713/492Kb lim: 4096 exec/s: 17404 rss: 621Mb L: 2899/4082 MS: 4 ChangeASCIIInt-EraseBytes-ChangeBit-InsertRepeatedBytes-
#1620750	REDUCE cov: 1776 ft: 8152 corp: 1713/492Kb lim: 4096 exec/s: 17427 rss: 621Mb L: 2681/4082 MS: 2 ChangeBit-EraseBytes-
#1624257	REDUCE cov: 1776 ft: 8152 corp: 1713/492Kb lim: 4096 exec/s: 17279 rss: 621Mb L: 1700/4082 MS: 2 ChangeBit-EraseBytes-
#1624763	REDUCE cov: 1776 ft: 8152 corp: 1713/492Kb lim: 4096 exec/s: 17284 rss: 621Mb L: 339/4082 MS: 1 EraseBytes-
#1626015	REDUCE cov: 1776 ft: 8152 corp: 1713/492Kb lim: 4096 exec/s: 17298 rss: 621Mb L: 1646/4082 MS: 2 InsertRepeatedBytes-EraseBytes-
#1640777	REDUCE cov: 1776 ft: 8152 corp: 1713/492Kb lim: 4096 exec/s: 17271 rss: 621Mb L: 1400/4082 MS: 2 CopyPart-EraseBytes-
#1644958	REDUCE cov: 1776 ft: 8152 corp: 1713/492Kb lim: 4096 exec/s: 17315 rss: 621Mb L: 2736/4082 MS: 1 EraseBytes-
#1656165	REDUCE cov: 1776 ft: 8152 corp: 1713/491Kb lim: 4096 exec/s: 17433 rss: 621Mb L: 533/4082 MS: 2 CrossOver-EraseBytes-
#1661821	REDUCE cov: 1776 ft: 8152 corp: 1713/491Kb lim: 4096 exec/s: 17310 rss: 621Mb L: 245/4082 MS: 1 EraseBytes-
#1674377	REDUCE cov: 1776 ft: 8152 corp: 1713/491Kb lim: 4096 exec/s: 17441 rss: 621Mb L: 19/4082 MS: 1 EraseBytes-
#1674573	REDUCE cov: 1776 ft: 8152 corp: 1713/491Kb lim: 4096 exec/s: 17443 rss: 621Mb L: 42/4082 MS: 1 EraseBytes-
#1674964	REDUCE cov: 1776 ft: 8152 corp: 1713/491Kb lim: 4096 exec/s: 17267 rss: 621Mb L: 21/4082 MS: 1 EraseBytes-
#1677625	REDUCE cov: 1776 ft: 8152 corp: 1713/491Kb lim: 4096 exec/s: 17295 rss: 621Mb L: 349/4082 MS: 1 EraseBytes-
#1677923	NEW    cov: 1776 ft: 8153 corp: 1714/492Kb lim: 4096 exec/s: 17298 rss: 621Mb L: 215/4082 MS: 3 CrossOver-CopyPart-CopyPart-
#1679639	REDUCE cov: 1776 ft: 8153 corp: 1714/492Kb lim: 4096 exec/s: 17315 rss: 621Mb L: 2666/4082 MS: 1 EraseBytes-
#1689560	REDUCE cov: 1776 ft: 8153 corp: 1714/492Kb lim: 4096 exec/s: 17418 rss: 621Mb L: 81/4082 MS: 1 EraseBytes-
#1690901	REDUCE cov: 1776 ft: 8153 corp: 1714/492Kb lim: 4096 exec/s: 17431 rss: 621Mb L: 65/4082 MS: 1 EraseBytes-
#1710979	REDUCE cov: 1776 ft: 8153 corp: 1714/492Kb lim: 4096 exec/s: 17282 rss: 621Mb L: 50/4082 MS: 3 ChangeByte-ChangeByte-EraseBytes-
#1711918	NEW    cov: 1777 ft: 8154 corp: 1715/492Kb lim: 4096 exec/s: 17292 rss: 621Mb L: 13/4082 MS: 4 ChangeByte-ChangeBinInt-CopyPart-CMP- DE: "errors"-
#1712029	REDUCE cov: 1777 ft: 8154 corp: 1715/492Kb lim: 4096 exec/s: 17293 rss: 621Mb L: 123/4082 MS: 1 EraseBytes-
#1714611	REDUCE cov: 1777 ft: 8154 corp: 1715/492Kb lim: 4096 exec/s: 17319 rss: 621Mb L: 116/4082 MS: 2 ChangeBit-EraseBytes-
#1716529	REDUCE cov: 1777 ft: 8154 corp: 1715/492Kb lim: 4096 exec/s: 17338 rss: 621Mb L: 59/4082 MS: 3 CopyPart-ShuffleBytes-EraseBytes-
#1721075	REDUCE cov: 1777 ft: 8154 corp: 1715/492Kb lim: 4096 exec/s: 17384 rss: 621Mb L: 147/4082 MS: 1 EraseBytes-
#1722671	REDUCE cov: 1777 ft: 8154 corp: 1715/492Kb lim: 4096 exec/s: 17400 rss: 621Mb L: 50/4082 MS: 1 EraseBytes-
#1727142	REDUCE cov: 1777 ft: 8154 corp: 1715/492Kb lim: 4096 exec/s: 17445 rss: 621Mb L: 106/4082 MS: 1 EraseBytes-
#1728843	REDUCE cov: 1777 ft: 8154 corp: 1715/492Kb lim: 4096 exec/s: 17288 rss: 621Mb L: 297/4082 MS: 1 EraseBytes-
#1730199	REDUCE cov: 1777 ft: 8154 corp: 1715/492Kb lim: 4096 exec/s: 17301 rss: 621Mb L: 1991/4082 MS: 1 EraseBytes-
#1734187	REDUCE cov: 1777 ft: 8154 corp: 1715/492Kb lim: 4096 exec/s: 17341 rss: 621Mb L: 55/4082 MS: 3 ShuffleBytes-ChangeASCIIInt-EraseBytes-
#1745954	REDUCE cov: 1777 ft: 8154 corp: 1715/492Kb lim: 4096 exec/s: 17286 rss: 621Mb L: 251/4082 MS: 2 CMP-EraseBytes- DE: "# \357\277\275 "-
#1762010	NEW    cov: 1778 ft: 8155 corp: 1716/492Kb lim: 4096 exec/s: 17445 rss: 621Mb L: 23/4082 MS: 1 ChangeBit-
#1763713	REDUCE cov: 1778 ft: 8155 corp: 1716/492Kb lim: 4096 exec/s: 17291 rss: 621Mb L: 35/4082 MS: 3 EraseBytes-InsertByte-CopyPart-
#1765309	REDUCE cov: 1778 ft: 8155 corp: 1716/492Kb lim: 4096 exec/s: 17306 rss: 621Mb L: 76/4082 MS: 1 EraseBytes-
#1767450	REDUCE cov: 1778 ft: 8155 corp: 1716/492Kb lim: 4096 exec/s: 17327 rss: 621Mb L: 308/4082 MS: 1 EraseBytes-
#1769212	REDUCE cov: 1778 ft: 8155 corp: 1716/492Kb lim: 4096 exec/s: 17345 rss: 621Mb L: 42/4082 MS: 2 ChangeASCIIInt-EraseBytes-
#1770434	REDUCE cov: 1778 ft: 8155 corp: 1716/492Kb lim: 4096 exec/s: 17357 rss: 621Mb L: 213/4082 MS: 2 ChangeBinInt-EraseBytes-
#1772372	REDUCE cov: 1778 ft: 8155 corp: 1716/492Kb lim: 4096 exec/s: 17376 rss: 621Mb L: 14/4082 MS: 3 ChangeBit-EraseBytes-EraseBytes-
#1774484	REDUCE cov: 1778 ft: 8155 corp: 1716/492Kb lim: 4096 exec/s: 17396 rss: 621Mb L: 72/4082 MS: 2 EraseBytes-ShuffleBytes-
#1776150	REDUCE cov: 1778 ft: 8155 corp: 1716/492Kb lim: 4096 exec/s: 17413 rss: 621Mb L: 69/4082 MS: 1 EraseBytes-
#1778731	REDUCE cov: 1778 ft: 8155 corp: 1716/492Kb lim: 4096 exec/s: 17438 rss: 621Mb L: 70/4082 MS: 1 EraseBytes-
#1779923	REDUCE cov: 1778 ft: 8155 corp: 1716/491Kb lim: 4096 exec/s: 17450 rss: 621Mb L: 397/4082 MS: 2 ChangeASCIIInt-EraseBytes-
#1785286	REDUCE cov: 1778 ft: 8155 corp: 1716/491Kb lim: 4096 exec/s: 17332 rss: 621Mb L: 147/4082 MS: 3 InsertRepeatedBytes-ChangeBit-EraseBytes-
#1791162	REDUCE cov: 1778 ft: 8155 corp: 1716/491Kb lim: 4096 exec/s: 17389 rss: 621Mb L: 177/4082 MS: 1 EraseBytes-
#1797413	REDUCE cov: 1778 ft: 8155 corp: 1716/491Kb lim: 4096 exec/s: 17450 rss: 621Mb L: 3848/4082 MS: 1 EraseBytes-
#1803965	REDUCE cov: 1778 ft: 8155 corp: 1716/491Kb lim: 4096 exec/s: 17345 rss: 621Mb L: 85/4082 MS: 2 ChangeASCIIInt-EraseBytes-
#1808221	REDUCE cov: 1778 ft: 8155 corp: 1716/491Kb lim: 4096 exec/s: 17386 rss: 621Mb L: 337/4082 MS: 1 EraseBytes-
#1814054	REDUCE cov: 1778 ft: 8155 corp: 1716/491Kb lim: 4096 exec/s: 17442 rss: 621Mb L: 5/4082 MS: 3 ChangeBit-EraseBytes-CrossOver-
#1816475	REDUCE cov: 1778 ft: 8155 corp: 1716/491Kb lim: 4096 exec/s: 17299 rss: 621Mb L: 116/4082 MS: 1 EraseBytes-
#1821251	REDUCE cov: 1778 ft: 8155 corp: 1716/491Kb lim: 4096 exec/s: 17345 rss: 621Mb L: 3225/4082 MS: 1 EraseBytes-
#1822782	REDUCE cov: 1778 ft: 8155 corp: 1716/491Kb lim: 4096 exec/s: 17359 rss: 621Mb L: 28/4082 MS: 1 EraseBytes-
#1837224	REDUCE cov: 1778 ft: 8155 corp: 1716/491Kb lim: 4096 exec/s: 17332 rss: 621Mb L: 2658/4082 MS: 2 ShuffleBytes-EraseBytes-
#1838430	REDUCE cov: 1778 ft: 8155 corp: 1716/491Kb lim: 4096 exec/s: 17343 rss: 621Mb L: 698/4082 MS: 1 EraseBytes-
#1847522	REDUCE cov: 1778 ft: 8155 corp: 1716/491Kb lim: 4096 exec/s: 17429 rss: 621Mb L: 53/4082 MS: 2 ChangeBit-EraseBytes-
#1858748	REDUCE cov: 1778 ft: 8155 corp: 1716/491Kb lim: 4096 exec/s: 17371 rss: 621Mb L: 21/4082 MS: 1 EraseBytes-
#1860271	REDUCE cov: 1778 ft: 8155 corp: 1716/491Kb lim: 4096 exec/s: 17385 rss: 621Mb L: 2674/4082 MS: 3 InsertByte-ShuffleBytes-EraseBytes-
#1865822	REDUCE cov: 1778 ft: 8155 corp: 1716/491Kb lim: 4096 exec/s: 17276 rss: 621Mb L: 166/4082 MS: 1 EraseBytes-
#1872913	REDUCE cov: 1778 ft: 8155 corp: 1716/491Kb lim: 4096 exec/s: 17341 rss: 621Mb L: 32/4082 MS: 1 EraseBytes-
#1879482	REDUCE cov: 1778 ft: 8155 corp: 1716/491Kb lim: 4096 exec/s: 17402 rss: 621Mb L: 3194/4082 MS: 4 CMP-ChangeASCIIInt-InsertByte-EraseBytes- DE: "# \357\277\275\357\277"-
#1888093	REDUCE cov: 1778 ft: 8155 corp: 1716/491Kb lim: 4096 exec/s: 17321 rss: 621Mb L: 27/4082 MS: 1 EraseBytes-
#1888139	REDUCE cov: 1778 ft: 8155 corp: 1716/491Kb lim: 4096 exec/s: 17322 rss: 621Mb L: 49/4082 MS: 1 EraseBytes-
#1889266	REDUCE cov: 1778 ft: 8155 corp: 1716/491Kb lim: 4096 exec/s: 17332 rss: 621Mb L: 267/4082 MS: 2 ChangeASCIIInt-EraseBytes-
#1890452	REDUCE cov: 1778 ft: 8155 corp: 1716/491Kb lim: 4096 exec/s: 17343 rss: 621Mb L: 529/4082 MS: 1 EraseBytes-
#1894784	REDUCE cov: 1778 ft: 8155 corp: 1716/491Kb lim: 4096 exec/s: 17383 rss: 621Mb L: 3/4082 MS: 2 ShuffleBytes-EraseBytes-
#1896690	REDUCE cov: 1778 ft: 8155 corp: 1716/491Kb lim: 4096 exec/s: 17400 rss: 621Mb L: 29/4082 MS: 1 EraseBytes-
#1902941	REDUCE cov: 1778 ft: 8155 corp: 1716/491Kb lim: 4096 exec/s: 17299 rss: 621Mb L: 261/4082 MS: 1 EraseBytes-
#1908382	REDUCE cov: 1778 ft: 8155 corp: 1716/491Kb lim: 4096 exec/s: 17348 rss: 621Mb L: 43/4082 MS: 1 EraseBytes-
#1908499	REDUCE cov: 1778 ft: 8155 corp: 1716/491Kb lim: 4096 exec/s: 17349 rss: 621Mb L: 1386/4082 MS: 2 ChangeBit-EraseBytes-
#1913051	REDUCE cov: 1778 ft: 8155 corp: 1716/491Kb lim: 4096 exec/s: 17391 rss: 621Mb L: 67/4082 MS: 2 ChangeBit-EraseBytes-
#1914507	REDUCE cov: 1778 ft: 8155 corp: 1716/491Kb lim: 4096 exec/s: 17404 rss: 621Mb L: 1055/4082 MS: 1 EraseBytes-
#1915538	REDUCE cov: 1778 ft: 8155 corp: 1716/491Kb lim: 4096 exec/s: 17413 rss: 621Mb L: 404/4082 MS: 1 EraseBytes-
#1918013	REDUCE cov: 1778 ft: 8155 corp: 1716/491Kb lim: 4096 exec/s: 17279 rss: 621Mb L: 2451/4082 MS: 5 CrossOver-CMP-ChangeASCIIInt-CopyPart-EraseBytes- DE: "\357\277\275\357\277\275\357"-
#1922564	REDUCE cov: 1778 ft: 8155 corp: 1716/491Kb lim: 4096 exec/s: 17320 rss: 621Mb L: 67/4082 MS: 1 EraseBytes-
#1924610	REDUCE cov: 1778 ft: 8155 corp: 1716/491Kb lim: 4096 exec/s: 17338 rss: 621Mb L: 16/4082 MS: 1 EraseBytes-
#1925271	REDUCE cov: 1778 ft: 8155 corp: 1716/491Kb lim: 4096 exec/s: 17344 rss: 621Mb L: 302/4082 MS: 1 EraseBytes-
#1929737	REDUCE cov: 1778 ft: 8155 corp: 1716/491Kb lim: 4096 exec/s: 17385 rss: 621Mb L: 136/4082 MS: 1 EraseBytes-
#1933010	REDUCE cov: 1778 ft: 8155 corp: 1716/491Kb lim: 4096 exec/s: 17259 rss: 621Mb L: 461/4082 MS: 3 ChangeBit-ChangeASCIIInt-EraseBytes-
#1944407	REDUCE cov: 1778 ft: 8155 corp: 1716/491Kb lim: 4096 exec/s: 17360 rss: 621Mb L: 22/4082 MS: 2 InsertByte-EraseBytes-
#1946673	REDUCE cov: 1778 ft: 8155 corp: 1716/491Kb lim: 4096 exec/s: 17381 rss: 621Mb L: 79/4082 MS: 1 EraseBytes-
#1955377	REDUCE cov: 1778 ft: 8155 corp: 1716/491Kb lim: 4096 exec/s: 17304 rss: 621Mb L: 66/4082 MS: 4 ShuffleBytes-ChangeASCIIInt-ChangeByte-EraseBytes-
#1957913	REDUCE cov: 1778 ft: 8155 corp: 1716/491Kb lim: 4096 exec/s: 17326 rss: 621Mb L: 82/4082 MS: 1 EraseBytes-
#1961987	REDUCE cov: 1778 ft: 8155 corp: 1716/491Kb lim: 4096 exec/s: 17362 rss: 621Mb L: 3899/4082 MS: 4 EraseBytes-ChangeASCIIInt-PersAutoDict-InsertByte- DE: "# \357\277"-
#1963874	REDUCE cov: 1778 ft: 8155 corp: 1716/491Kb lim: 4096 exec/s: 17379 rss: 621Mb L: 3984/4082 MS: 2 CopyPart-EraseBytes-
#1966291	REDUCE cov: 1778 ft: 8155 corp: 1716/491Kb lim: 4096 exec/s: 17248 rss: 621Mb L: 301/4082 MS: 2 ChangeASCIIInt-EraseBytes-
#1968193	REDUCE cov: 1778 ft: 8155 corp: 1716/491Kb lim: 4096 exec/s: 17264 rss: 621Mb L: 91/4082 MS: 2 ChangeBit-EraseBytes-
#1982294	REDUCE cov: 1778 ft: 8155 corp: 1716/491Kb lim: 4096 exec/s: 17237 rss: 621Mb L: 146/4082 MS: 1 EraseBytes-
#1987395	REDUCE cov: 1778 ft: 8155 corp: 1716/491Kb lim: 4096 exec/s: 17281 rss: 621Mb L: 70/4082 MS: 1 EraseBytes-
#1988272	REDUCE cov: 1778 ft: 8155 corp: 1716/491Kb lim: 4096 exec/s: 17289 rss: 621Mb L: 212/4082 MS: 2 ShuffleBytes-EraseBytes-
#1991258	REDUCE cov: 1778 ft: 8155 corp: 1716/491Kb lim: 4096 exec/s: 17315 rss: 621Mb L: 156/4082 MS: 1 EraseBytes-
#1995504	REDUCE cov: 1778 ft: 8155 corp: 1716/491Kb lim: 4096 exec/s: 17352 rss: 621Mb L: 19/4082 MS: 1 EraseBytes-
#2002525	REDUCE cov: 1778 ft: 8155 corp: 1716/491Kb lim: 4096 exec/s: 17263 rss: 621Mb L: 554/4082 MS: 1 EraseBytes-
#2003356	REDUCE cov: 1778 ft: 8155 corp: 1716/491Kb lim: 4096 exec/s: 17270 rss: 621Mb L: 966/4082 MS: 1 EraseBytes-
#2004692	REDUCE cov: 1778 ft: 8155 corp: 1716/491Kb lim: 4096 exec/s: 17281 rss: 621Mb L: 3397/4082 MS: 1 EraseBytes-
#2005774	REDUCE cov: 1778 ft: 8155 corp: 1716/491Kb lim: 4096 exec/s: 17291 rss: 621Mb L: 382/4082 MS: 2 ChangeBit-EraseBytes-
#2009507	REDUCE cov: 1778 ft: 8155 corp: 1716/491Kb lim: 4096 exec/s: 17323 rss: 621Mb L: 157/4082 MS: 3 ChangeASCIIInt-ChangeByte-EraseBytes-
#2010756	NEW    cov: 1779 ft: 8156 corp: 1717/494Kb lim: 4096 exec/s: 17334 rss: 621Mb L: 3344/4082 MS: 4 CrossOver-ChangeASCIIInt-PersAutoDict-ChangeBit- DE: "# \357\277\275 "-
#2019612	REDUCE cov: 1782 ft: 8159 corp: 1718/494Kb lim: 4096 exec/s: 17261 rss: 621Mb L: 19/4082 MS: 1 PersAutoDict- DE: "# \357\277\275 "-
#2020598	REDUCE cov: 1782 ft: 8159 corp: 1718/494Kb lim: 4096 exec/s: 17270 rss: 621Mb L: 137/4082 MS: 1 EraseBytes-
#2039794	REDUCE cov: 1782 ft: 8159 corp: 1718/494Kb lim: 4096 exec/s: 17286 rss: 621Mb L: 76/4082 MS: 1 EraseBytes-
#2052055	REDUCE cov: 1782 ft: 8159 corp: 1718/494Kb lim: 4096 exec/s: 17244 rss: 621Mb L: 1234/4082 MS: 1 EraseBytes-
#2052632	REDUCE cov: 1782 ft: 8159 corp: 1718/494Kb lim: 4096 exec/s: 17249 rss: 621Mb L: 20/4082 MS: 2 ChangeASCIIInt-EraseBytes-
#2055168	REDUCE cov: 1782 ft: 8159 corp: 1718/494Kb lim: 4096 exec/s: 17270 rss: 621Mb L: 29/4082 MS: 1 EraseBytes-
#2060137	REDUCE cov: 1782 ft: 8159 corp: 1718/494Kb lim: 4096 exec/s: 17312 rss: 621Mb L: 249/4082 MS: 4 ChangeByte-ChangeBinInt-ChangeByte-EraseBytes-
#2066168	REDUCE cov: 1782 ft: 8159 corp: 1718/494Kb lim: 4096 exec/s: 17218 rss: 621Mb L: 856/4082 MS: 1 EraseBytes-
#2067779	REDUCE cov: 1782 ft: 8159 corp: 1718/494Kb lim: 4096 exec/s: 17231 rss: 621Mb L: 37/4082 MS: 1 EraseBytes-
#2081665	REDUCE cov: 1782 ft: 8159 corp: 1718/494Kb lim: 4096 exec/s: 17203 rss: 621Mb L: 39/4082 MS: 1 EraseBytes-
#2085181	REDUCE cov: 1782 ft: 8159 corp: 1718/494Kb lim: 4096 exec/s: 17232 rss: 621Mb L: 60/4082 MS: 1 EraseBytes-
#2087422	REDUCE cov: 1782 ft: 8159 corp: 1718/494Kb lim: 4096 exec/s: 17251 rss: 621Mb L: 38/4082 MS: 1 EraseBytes-
#2090750	REDUCE cov: 1782 ft: 8159 corp: 1718/494Kb lim: 4096 exec/s: 17278 rss: 621Mb L: 74/4082 MS: 3 ChangeASCIIInt-CMP-EraseBytes- DE: "\357\277\275\357\277\275\357"-
#2094391	REDUCE cov: 1782 ft: 8159 corp: 1718/493Kb lim: 4096 exec/s: 17167 rss: 621Mb L: 1328/4082 MS: 1 EraseBytes-
#2097152	pulse  cov: 1782 ft: 8159 corp: 1718/493Kb lim: 4096 exec/s: 17189 rss: 621Mb
#2097273	REDUCE cov: 1782 ft: 8159 corp: 1718/493Kb lim: 4096 exec/s: 17190 rss: 621Mb L: 145/4082 MS: 2 ChangeBit-EraseBytes-
#2104463	NEW    cov: 1782 ft: 8162 corp: 1719/497Kb lim: 4096 exec/s: 17249 rss: 621Mb L: 3802/4082 MS: 5 ShuffleBytes-ChangeASCIIInt-InsertByte-ChangeByte-InsertRepeatedBytes-
#2109675	REDUCE cov: 1782 ft: 8162 corp: 1719/497Kb lim: 4096 exec/s: 17151 rss: 621Mb L: 308/4082 MS: 2 ChangeBinInt-EraseBytes-
#2111337	REDUCE cov: 1782 ft: 8162 corp: 1719/497Kb lim: 4096 exec/s: 17165 rss: 621Mb L: 28/4082 MS: 2 ChangeByte-EraseBytes-
#2113228	REDUCE cov: 1782 ft: 8162 corp: 1719/497Kb lim: 4096 exec/s: 17180 rss: 621Mb L: 29/4082 MS: 1 EraseBytes-
#2126280	REDUCE cov: 1782 ft: 8162 corp: 1719/497Kb lim: 4096 exec/s: 17147 rss: 621Mb L: 304/4082 MS: 1 EraseBytes-
#2127807	REDUCE cov: 1782 ft: 8162 corp: 1719/497Kb lim: 4096 exec/s: 17159 rss: 621Mb L: 304/4082 MS: 2 ChangeASCIIInt-EraseBytes-
#2134032	REDUCE cov: 1782 ft: 8162 corp: 1719/497Kb lim: 4096 exec/s: 17209 rss: 621Mb L: 3228/4082 MS: 4 CMP-PersAutoDict-PersAutoDict-EraseBytes- DE: "mes\357\277\275\357"-"errors"-"# \357\277\275 "-
#2136794	REDUCE cov: 1782 ft: 8162 corp: 1719/497Kb lim: 4096 exec/s: 17232 rss: 621Mb L: 40/4082 MS: 2 ShuffleBytes-EraseBytes-
#2137200	REDUCE cov: 1782 ft: 8162 corp: 1719/497Kb lim: 4096 exec/s: 17235 rss: 621Mb L: 1422/4082 MS: 1 EraseBytes-
#2140390	REDUCE cov: 1782 ft: 8162 corp: 1719/497Kb lim: 4096 exec/s: 17123 rss: 621Mb L: 2643/4082 MS: 5 CrossOver-EraseBytes-InsertByte-PersAutoDict-CopyPart- DE: "#&\357\277"-
#2141722	REDUCE cov: 1782 ft: 8162 corp: 1719/497Kb lim: 4096 exec/s: 17133 rss: 621Mb L: 2587/4082 MS: 2 InsertRepeatedBytes-EraseBytes-
#2143570	REDUCE cov: 1782 ft: 8162 corp: 1719/497Kb lim: 4096 exec/s: 17148 rss: 621Mb L: 2405/4082 MS: 3 ChangeBit-InsertByte-EraseBytes-
#2152112	REDUCE cov: 1782 ft: 8162 corp: 1719/497Kb lim: 4096 exec/s: 17216 rss: 621Mb L: 319/4082 MS: 2 EraseBytes-ChangeBit-
#2155258	REDUCE cov: 1782 ft: 8162 corp: 1719/497Kb lim: 4096 exec/s: 17242 rss: 621Mb L: 153/4082 MS: 1 EraseBytes-
#2155534	REDUCE cov: 1782 ft: 8162 corp: 1719/497Kb lim: 4096 exec/s: 17244 rss: 621Mb L: 48/4082 MS: 1 EraseBytes-
#2155796	REDUCE cov: 1782 ft: 8162 corp: 1719/497Kb lim: 4096 exec/s: 17246 rss: 621Mb L: 47/4082 MS: 2 ShuffleBytes-EraseBytes-
#2163952	REDUCE cov: 1782 ft: 8162 corp: 1719/497Kb lim: 4096 exec/s: 17174 rss: 621Mb L: 8/4082 MS: 1 EraseBytes-
#2165775	REDUCE cov: 1782 ft: 8162 corp: 1719/497Kb lim: 4096 exec/s: 17188 rss: 621Mb L: 1823/4082 MS: 3 ChangeByte-ChangeBinInt-EraseBytes-
#2170515	REDUCE cov: 1782 ft: 8162 corp: 1719/496Kb lim: 4096 exec/s: 17226 rss: 621Mb L: 2249/4082 MS: 5 ChangeASCIIInt-CopyPart-ChangeByte-EraseBytes-PersAutoDict- DE: "# \357\277\275 "-
#2171636	REDUCE cov: 1782 ft: 8162 corp: 1719/496Kb lim: 4096 exec/s: 17235 rss: 621Mb L: 36/4082 MS: 1 EraseBytes-
#2181462	REDUCE cov: 1782 ft: 8162 corp: 1719/496Kb lim: 4096 exec/s: 17176 rss: 621Mb L: 1049/4082 MS: 1 EraseBytes-
#2183130	REDUCE cov: 1782 ft: 8162 corp: 1719/496Kb lim: 4096 exec/s: 17190 rss: 621Mb L: 48/4082 MS: 3 InsertByte-EraseBytes-CopyPart-
#2189896	REDUCE cov: 1782 ft: 8162 corp: 1719/496Kb lim: 4096 exec/s: 17108 rss: 621Mb L: 121/4082 MS: 1 EraseBytes-
#2193484	REDUCE cov: 1782 ft: 8162 corp: 1719/496Kb lim: 4096 exec/s: 17136 rss: 621Mb L: 51/4082 MS: 3 EraseBytes-ChangeASCIIInt-ChangeASCIIInt-
#2197660	REDUCE cov: 1782 ft: 8162 corp: 1719/496Kb lim: 4096 exec/s: 17169 rss: 621Mb L: 1154/4082 MS: 1 EraseBytes-
#2198636	REDUCE cov: 1782 ft: 8162 corp: 1719/496Kb lim: 4096 exec/s: 17176 rss: 621Mb L: 154/4082 MS: 1 EraseBytes-
#2208379	REDUCE cov: 1782 ft: 8162 corp: 1719/496Kb lim: 4096 exec/s: 17119 rss: 621Mb L: 3695/4082 MS: 3 PersAutoDict-CMP-EraseBytes- DE: "-\357\277\275"-"\000\000\000\000\000\000\000\000"-
#2215545	REDUCE cov: 1782 ft: 8162 corp: 1719/496Kb lim: 4096 exec/s: 17174 rss: 621Mb L: 465/4082 MS: 1 EraseBytes-
#2217698	REDUCE cov: 1782 ft: 8162 corp: 1719/496Kb lim: 4096 exec/s: 17191 rss: 621Mb L: 373/4082 MS: 3 ChangeBit-ShuffleBytes-EraseBytes-
#2218131	REDUCE cov: 1782 ft: 8162 corp: 1719/496Kb lim: 4096 exec/s: 17194 rss: 621Mb L: 83/4082 MS: 3 ShuffleBytes-ChangeASCIIInt-EraseBytes-
#2221272	REDUCE cov: 1782 ft: 8162 corp: 1719/496Kb lim: 4096 exec/s: 17219 rss: 621Mb L: 1716/4082 MS: 1 EraseBytes-
#2224864	NEW    cov: 1782 ft: 8165 corp: 1720/499Kb lim: 4096 exec/s: 17114 rss: 621Mb L: 2946/4082 MS: 2 InsertRepeatedBytes-ChangeBit-
#2228420	REDUCE cov: 1782 ft: 8165 corp: 1720/499Kb lim: 4096 exec/s: 17141 rss: 621Mb L: 165/4082 MS: 1 EraseBytes-
#2228636	REDUCE cov: 1782 ft: 8165 corp: 1720/499Kb lim: 4096 exec/s: 17143 rss: 621Mb L: 41/4082 MS: 1 EraseBytes-
#2231018	REDUCE cov: 1782 ft: 8165 corp: 1720/499Kb lim: 4096 exec/s: 17161 rss: 621Mb L: 1116/4082 MS: 2 EraseBytes-ChangeASCIIInt-
#2232056	REDUCE cov: 1782 ft: 8165 corp: 1720/499Kb lim: 4096 exec/s: 17169 rss: 621Mb L: 941/4082 MS: 3 InsertByte-CMP-EraseBytes- DE: "# \357\277\275 "-
#2237351	REDUCE cov: 1782 ft: 8165 corp: 1720/499Kb lim: 4096 exec/s: 17210 rss: 621Mb L: 2424/4082 MS: 5 InsertByte-EraseBytes-ChangeBit-ShuffleBytes-InsertByte-
#2238547	REDUCE cov: 1782 ft: 8165 corp: 1720/499Kb lim: 4096 exec/s: 17088 rss: 621Mb L: 703/4082 MS: 1 EraseBytes-
#2239948	REDUCE cov: 1782 ft: 8165 corp: 1720/499Kb lim: 4096 exec/s: 17098 rss: 621Mb L: 13/4082 MS: 1 EraseBytes-
#2242647	REDUCE cov: 1782 ft: 8165 corp: 1720/499Kb lim: 4096 exec/s: 17119 rss: 621Mb L: 543/4082 MS: 4 PersAutoDict-InsertByte-ChangeASCIIInt-EraseBytes- DE: "\357\277\275\357\277\275\357"-
#2244275	REDUCE cov: 1782 ft: 8165 corp: 1720/499Kb lim: 4096 exec/s: 17131 rss: 621Mb L: 64/4082 MS: 3 InsertByte-EraseBytes-CopyPart-
#2247063	REDUCE cov: 1782 ft: 8165 corp: 1720/499Kb lim: 4096 exec/s: 17153 rss: 621Mb L: 1962/4082 MS: 3 ChangeASCIIInt-ChangeASCIIInt-EraseBytes-
#2258946	REDUCE cov: 1782 ft: 8165 corp: 1720/499Kb lim: 4096 exec/s: 17113 rss: 621Mb L: 303/4082 MS: 3 CopyPart-ChangeBinInt-EraseBytes-
#2261757	REDUCE cov: 1782 ft: 8165 corp: 1720/499Kb lim: 4096 exec/s: 17134 rss: 621Mb L: 581/4082 MS: 1 EraseBytes-
#2263088	REDUCE cov: 1782 ft: 8165 corp: 1720/499Kb lim: 4096 exec/s: 17144 rss: 621Mb L: 130/4082 MS: 1 EraseBytes-
#2265734	REDUCE cov: 1782 ft: 8165 corp: 1720/499Kb lim: 4096 exec/s: 17164 rss: 621Mb L: 46/4082 MS: 1 EraseBytes-
#2268790	REDUCE cov: 1782 ft: 8165 corp: 1720/499Kb lim: 4096 exec/s: 17187 rss: 621Mb L: 15/4082 MS: 1 EraseBytes-
#2270481	REDUCE cov: 1782 ft: 8165 corp: 1720/499Kb lim: 4096 exec/s: 17200 rss: 621Mb L: 799/4082 MS: 1 EraseBytes-
#2274227	REDUCE cov: 1782 ft: 8165 corp: 1720/499Kb lim: 4096 exec/s: 17099 rss: 621Mb L: 33/4082 MS: 1 EraseBytes-
#2283408	REDUCE cov: 1782 ft: 8165 corp: 1720/499Kb lim: 4096 exec/s: 17168 rss: 621Mb L: 26/4082 MS: 1 EraseBytes-
#2294539	REDUCE cov: 1782 ft: 8165 corp: 1720/499Kb lim: 4096 exec/s: 17123 rss: 621Mb L: 71/4082 MS: 1 EraseBytes-
#2294586	REDUCE cov: 1782 ft: 8165 corp: 1720/499Kb lim: 4096 exec/s: 17123 rss: 621Mb L: 64/4082 MS: 2 CopyPart-EraseBytes-
#2294752	REDUCE cov: 1782 ft: 8165 corp: 1720/499Kb lim: 4096 exec/s: 17125 rss: 621Mb L: 465/4082 MS: 1 EraseBytes-
#2297943	REDUCE cov: 1782 ft: 8165 corp: 1720/498Kb lim: 4096 exec/s: 17148 rss: 621Mb L: 881/4082 MS: 1 EraseBytes-
#2300560	REDUCE cov: 1782 ft: 8165 corp: 1720/498Kb lim: 4096 exec/s: 17168 rss: 621Mb L: 186/4082 MS: 2 CrossOver-EraseBytes-
#2302932	REDUCE cov: 1782 ft: 8165 corp: 1720/498Kb lim: 4096 exec/s: 17186 rss: 621Mb L: 59/4082 MS: 2 ChangeBinInt-EraseBytes-
#2303809	REDUCE cov: 1782 ft: 8165 corp: 1720/498Kb lim: 4096 exec/s: 17192 rss: 621Mb L: 148/4082 MS: 2 ChangeASCIIInt-EraseBytes-
#2306900	REDUCE cov: 1782 ft: 8165 corp: 1720/498Kb lim: 4096 exec/s: 17088 rss: 621Mb L: 39/4082 MS: 1 EraseBytes-
#2316016	REDUCE cov: 1782 ft: 8165 corp: 1720/498Kb lim: 4096 exec/s: 17155 rss: 621Mb L: 301/4082 MS: 1 EraseBytes-
#2321572	REDUCE cov: 1782 ft: 8165 corp: 1720/498Kb lim: 4096 exec/s: 17196 rss: 621Mb L: 147/4082 MS: 1 EraseBytes-
#2324378	REDUCE cov: 1782 ft: 8165 corp: 1720/498Kb lim: 4096 exec/s: 17091 rss: 621Mb L: 25/4082 MS: 1 EraseBytes-
#2326184	REDUCE cov: 1782 ft: 8165 corp: 1720/498Kb lim: 4096 exec/s: 17104 rss: 621Mb L: 103/4082 MS: 1 EraseBytes-
#2329431	REDUCE cov: 1782 ft: 8165 corp: 1720/498Kb lim: 4096 exec/s: 17128 rss: 621Mb L: 11/4082 MS: 2 InsertByte-EraseBytes-
#2336143	REDUCE cov: 1782 ft: 8165 corp: 1720/498Kb lim: 4096 exec/s: 17177 rss: 621Mb L: 81/4082 MS: 2 EraseBytes-CopyPart-
#2336899	REDUCE cov: 1782 ft: 8165 corp: 1720/498Kb lim: 4096 exec/s: 17183 rss: 621Mb L: 273/4082 MS: 1 EraseBytes-
#2343565	REDUCE cov: 1782 ft: 8165 corp: 1720/498Kb lim: 4096 exec/s: 17106 rss: 621Mb L: 196/4082 MS: 1 EraseBytes-
#2344686	REDUCE cov: 1782 ft: 8165 corp: 1720/498Kb lim: 4096 exec/s: 17114 rss: 621Mb L: 143/4082 MS: 1 EraseBytes-
#2345792	REDUCE cov: 1782 ft: 8165 corp: 1720/498Kb lim: 4096 exec/s: 17122 rss: 621Mb L: 163/4082 MS: 1 EraseBytes-
#2346248	REDUCE cov: 1782 ft: 8165 corp: 1720/498Kb lim: 4096 exec/s: 17125 rss: 621Mb L: 145/4082 MS: 1 EraseBytes-
#2365599	REDUCE cov: 1782 ft: 8165 corp: 1720/498Kb lim: 4096 exec/s: 17142 rss: 621Mb L: 20/4082 MS: 1 EraseBytes-
#2375565	REDUCE cov: 1782 ft: 8165 corp: 1720/498Kb lim: 4096 exec/s: 17090 rss: 621Mb L: 408/4082 MS: 1 EraseBytes-
#2380036	REDUCE cov: 1782 ft: 8165 corp: 1720/498Kb lim: 4096 exec/s: 17122 rss: 621Mb L: 21/4082 MS: 1 EraseBytes-
#2383752	REDUCE cov: 1782 ft: 8165 corp: 1720/498Kb lim: 4096 exec/s: 17149 rss: 621Mb L: 99/4082 MS: 1 EraseBytes-
#2387298	REDUCE cov: 1782 ft: 8165 corp: 1720/498Kb lim: 4096 exec/s: 17174 rss: 621Mb L: 11/4082 MS: 1 EraseBytes-
#2387329	REDUCE cov: 1782 ft: 8165 corp: 1720/498Kb lim: 4096 exec/s: 17175 rss: 621Mb L: 38/4082 MS: 1 EraseBytes-
#2395315	REDUCE cov: 1782 ft: 8165 corp: 1720/498Kb lim: 4096 exec/s: 17109 rss: 621Mb L: 25/4082 MS: 1 EraseBytes-
#2396587	REDUCE cov: 1782 ft: 8165 corp: 1720/498Kb lim: 4096 exec/s: 17118 rss: 621Mb L: 62/4082 MS: 2 CopyPart-EraseBytes-
#2398273	REDUCE cov: 1782 ft: 8165 corp: 1720/498Kb lim: 4096 exec/s: 17130 rss: 621Mb L: 146/4082 MS: 1 EraseBytes-
#2401539	REDUCE cov: 1782 ft: 8165 corp: 1720/498Kb lim: 4096 exec/s: 17153 rss: 621Mb L: 198/4082 MS: 1 EraseBytes-
#2401540	REDUCE cov: 1782 ft: 8165 corp: 1720/498Kb lim: 4096 exec/s: 17153 rss: 621Mb L: 81/4082 MS: 1 EraseBytes-
#2401787	REDUCE cov: 1782 ft: 8165 corp: 1720/498Kb lim: 4096 exec/s: 17155 rss: 621Mb L: 1175/4082 MS: 2 ChangeByte-EraseBytes-
#2402199	REDUCE cov: 1782 ft: 8165 corp: 1720/498Kb lim: 4096 exec/s: 17158 rss: 621Mb L: 2200/4082 MS: 2 CMP-EraseBytes- DE: "]\357\277\275\357\277\275"-
#2404830	REDUCE cov: 1782 ft: 8165 corp: 1720/498Kb lim: 4096 exec/s: 17177 rss: 621Mb L: 102/4082 MS: 1 EraseBytes-
#2410752	REDUCE cov: 1782 ft: 8165 corp: 1720/498Kb lim: 4096 exec/s: 17097 rss: 621Mb L: 2370/4082 MS: 2 EraseBytes-InsertByte-
#2416015	REDUCE cov: 1782 ft: 8165 corp: 1720/498Kb lim: 4096 exec/s: 17134 rss: 621Mb L: 150/4082 MS: 3 ShuffleBytes-ShuffleBytes-EraseBytes-
#2418371	REDUCE cov: 1782 ft: 8165 corp: 1720/498Kb lim: 4096 exec/s: 17151 rss: 621Mb L: 22/4082 MS: 1 EraseBytes-
#2425712	REDUCE cov: 1782 ft: 8165 corp: 1720/498Kb lim: 4096 exec/s: 17082 rss: 621Mb L: 832/4082 MS: 1 EraseBytes-
#2433178	REDUCE cov: 1782 ft: 8165 corp: 1720/498Kb lim: 4096 exec/s: 17135 rss: 621Mb L: 100/4082 MS: 1 EraseBytes-
#2446764	REDUCE cov: 1782 ft: 8165 corp: 1720/498Kb lim: 4096 exec/s: 17110 rss: 621Mb L: 62/4082 MS: 1 EraseBytes-
#2451926	REDUCE cov: 1782 ft: 8165 corp: 1720/498Kb lim: 4096 exec/s: 17146 rss: 621Mb L: 25/4082 MS: 2 EraseBytes-CopyPart-
#2453897	REDUCE cov: 1782 ft: 8165 corp: 1720/498Kb lim: 4096 exec/s: 17160 rss: 621Mb L: 869/4082 MS: 1 EraseBytes-
#2457818	REDUCE cov: 1782 ft: 8165 corp: 1720/498Kb lim: 4096 exec/s: 17068 rss: 621Mb L: 1323/4082 MS: 1 EraseBytes-
#2478449	REDUCE cov: 1782 ft: 8165 corp: 1720/498Kb lim: 4096 exec/s: 17092 rss: 621Mb L: 861/4082 MS: 1 EraseBytes-
#2483000	REDUCE cov: 1782 ft: 8165 corp: 1720/498Kb lim: 4096 exec/s: 17124 rss: 621Mb L: 57/4082 MS: 1 EraseBytes-
#2487116	REDUCE cov: 1782 ft: 8165 corp: 1720/498Kb lim: 4096 exec/s: 17152 rss: 621Mb L: 2339/4082 MS: 1 EraseBytes-
#2492122	REDUCE cov: 1782 ft: 8165 corp: 1720/498Kb lim: 4096 exec/s: 17069 rss: 621Mb L: 118/4082 MS: 1 EraseBytes-
#2492448	NEW    cov: 1782 ft: 8166 corp: 1721/501Kb lim: 4096 exec/s: 17071 rss: 621Mb L: 3013/4082 MS: 1 CMP- DE: "#&\357\277\275 "-
#2499096	REDUCE cov: 1782 ft: 8166 corp: 1721/501Kb lim: 4096 exec/s: 17117 rss: 621Mb L: 143/4082 MS: 3 CopyPart-CrossOver-EraseBytes-
#2504817	REDUCE cov: 1782 ft: 8166 corp: 1721/501Kb lim: 4096 exec/s: 17039 rss: 621Mb L: 63/4082 MS: 1 EraseBytes-
#2512148	REDUCE cov: 1782 ft: 8166 corp: 1721/501Kb lim: 4096 exec/s: 17089 rss: 621Mb L: 59/4082 MS: 1 EraseBytes-
#2516774	REDUCE cov: 1782 ft: 8166 corp: 1721/501Kb lim: 4096 exec/s: 17120 rss: 621Mb L: 97/4082 MS: 1 EraseBytes-
#2519782	REDUCE cov: 1782 ft: 8166 corp: 1721/501Kb lim: 4096 exec/s: 17025 rss: 621Mb L: 790/4082 MS: 3 InsertByte-PersAutoDict-EraseBytes- DE: "# \357\277\275 "-
#2522325	REDUCE cov: 1782 ft: 8166 corp: 1721/501Kb lim: 4096 exec/s: 17042 rss: 621Mb L: 2625/4082 MS: 3 ChangeBit-CopyPart-EraseBytes-
#2527156	REDUCE cov: 1782 ft: 8166 corp: 1721/501Kb lim: 4096 exec/s: 17075 rss: 621Mb L: 160/4082 MS: 1 EraseBytes-
#2529198	REDUCE cov: 1782 ft: 8166 corp: 1721/501Kb lim: 4096 exec/s: 17089 rss: 621Mb L: 93/4082 MS: 2 ShuffleBytes-EraseBytes-
#2535989	REDUCE cov: 1782 ft: 8166 corp: 1721/501Kb lim: 4096 exec/s: 17020 rss: 621Mb L: 954/4082 MS: 1 EraseBytes-
#2540280	REDUCE cov: 1782 ft: 8166 corp: 1721/501Kb lim: 4096 exec/s: 17048 rss: 621Mb L: 257/4082 MS: 1 EraseBytes-
#2542766	REDUCE cov: 1782 ft: 8166 corp: 1721/501Kb lim: 4096 exec/s: 17065 rss: 621Mb L: 1779/4082 MS: 1 EraseBytes-
#2542922	REDUCE cov: 1782 ft: 8166 corp: 1721/501Kb lim: 4096 exec/s: 17066 rss: 621Mb L: 2543/4082 MS: 1 EraseBytes-
#2544876	REDUCE cov: 1782 ft: 8166 corp: 1721/501Kb lim: 4096 exec/s: 17079 rss: 621Mb L: 294/4082 MS: 4 ChangeASCIIInt-ChangeBit-PersAutoDict-EraseBytes- DE: "# \357\277"-
#2545367	REDUCE cov: 1782 ft: 8166 corp: 1721/501Kb lim: 4096 exec/s: 17083 rss: 621Mb L: 61/4082 MS: 1 EraseBytes-
#2569035	REDUCE cov: 1782 ft: 8166 corp: 1721/501Kb lim: 4096 exec/s: 17013 rss: 621Mb L: 2499/4082 MS: 3 ShuffleBytes-ChangeByte-EraseBytes-
#2570596	REDUCE cov: 1782 ft: 8166 corp: 1721/501Kb lim: 4096 exec/s: 17023 rss: 621Mb L: 411/4082 MS: 1 EraseBytes-
#2570637	REDUCE cov: 1782 ft: 8166 corp: 1721/501Kb lim: 4096 exec/s: 17024 rss: 621Mb L: 61/4082 MS: 1 EraseBytes-
#2578188	REDUCE cov: 1782 ft: 8166 corp: 1721/501Kb lim: 4096 exec/s: 17074 rss: 621Mb L: 495/4082 MS: 1 EraseBytes-
#2579361	REDUCE cov: 1782 ft: 8166 corp: 1721/501Kb lim: 4096 exec/s: 17081 rss: 621Mb L: 82/4082 MS: 3 InsertRepeatedBytes-ChangeASCIIInt-EraseBytes-
#2588852	REDUCE cov: 1782 ft: 8166 corp: 1721/501Kb lim: 4096 exec/s: 17031 rss: 621Mb L: 216/4082 MS: 1 EraseBytes-
#2594234	REDUCE cov: 1782 ft: 8166 corp: 1721/501Kb lim: 4096 exec/s: 17067 rss: 621Mb L: 2746/4082 MS: 2 ChangeASCIIInt-EraseBytes-
#2594790	REDUCE cov: 1782 ft: 8166 corp: 1721/501Kb lim: 4096 exec/s: 17070 rss: 621Mb L: 235/4082 MS: 1 EraseBytes-
#2597622	REDUCE cov: 1782 ft: 8166 corp: 1721/501Kb lim: 4096 exec/s: 16977 rss: 621Mb L: 260/4082 MS: 2 CopyPart-EraseBytes-
#2598613	REDUCE cov: 1782 ft: 8166 corp: 1721/501Kb lim: 4096 exec/s: 16984 rss: 621Mb L: 85/4082 MS: 1 EraseBytes-
#2602484	REDUCE cov: 1782 ft: 8166 corp: 1721/501Kb lim: 4096 exec/s: 17009 rss: 621Mb L: 303/4082 MS: 1 EraseBytes-
#2602956	REDUCE cov: 1782 ft: 8166 corp: 1721/501Kb lim: 4096 exec/s: 17012 rss: 621Mb L: 3622/4082 MS: 2 ChangeASCIIInt-EraseBytes-
#2603093	REDUCE cov: 1782 ft: 8166 corp: 1721/501Kb lim: 4096 exec/s: 17013 rss: 621Mb L: 861/4082 MS: 2 ChangeBit-EraseBytes-
#2604404	REDUCE cov: 1782 ft: 8166 corp: 1721/501Kb lim: 4096 exec/s: 17022 rss: 621Mb L: 71/4082 MS: 1 EraseBytes-
#2605231	REDUCE cov: 1782 ft: 8166 corp: 1721/501Kb lim: 4096 exec/s: 17027 rss: 621Mb L: 57/4082 MS: 2 ChangeASCIIInt-EraseBytes-
#2606168	REDUCE cov: 1782 ft: 8166 corp: 1721/501Kb lim: 4096 exec/s: 17033 rss: 621Mb L: 88/4082 MS: 2 ShuffleBytes-EraseBytes-
#2620634	REDUCE cov: 1782 ft: 8166 corp: 1721/501Kb lim: 4096 exec/s: 17017 rss: 621Mb L: 401/4082 MS: 1 EraseBytes-
#2624330	REDUCE cov: 1782 ft: 8166 corp: 1721/501Kb lim: 4096 exec/s: 17041 rss: 621Mb L: 1139/4082 MS: 1 EraseBytes-
#2627291	REDUCE cov: 1782 ft: 8166 corp: 1721/501Kb lim: 4096 exec/s: 17060 rss: 621Mb L: 34/4082 MS: 1 EraseBytes-
#2639472	REDUCE cov: 1782 ft: 8166 corp: 1721/501Kb lim: 4096 exec/s: 17028 rss: 621Mb L: 70/4082 MS: 1 EraseBytes-
#2640038	REDUCE cov: 1782 ft: 8166 corp: 1721/501Kb lim: 4096 exec/s: 17032 rss: 621Mb L: 211/4082 MS: 1 EraseBytes-
#2643264	REDUCE cov: 1782 ft: 8166 corp: 1721/501Kb lim: 4096 exec/s: 17053 rss: 621Mb L: 159/4082 MS: 1 EraseBytes-
#2655105	REDUCE cov: 1782 ft: 8166 corp: 1721/501Kb lim: 4096 exec/s: 17019 rss: 621Mb L: 2760/4082 MS: 1 EraseBytes-
#2660582	REDUCE cov: 1782 ft: 8166 corp: 1721/501Kb lim: 4096 exec/s: 16946 rss: 621Mb L: 67/4082 MS: 2 ChangeBinInt-EraseBytes-
#2660664	REDUCE cov: 1782 ft: 8166 corp: 1721/501Kb lim: 4096 exec/s: 16946 rss: 621Mb L: 954/4082 MS: 2 EraseBytes-InsertByte-
#2671085	REDUCE cov: 1782 ft: 8166 corp: 1721/501Kb lim: 4096 exec/s: 17013 rss: 621Mb L: 220/4082 MS: 1 EraseBytes-
#2671996	REDUCE cov: 1782 ft: 8166 corp: 1721/501Kb lim: 4096 exec/s: 17019 rss: 621Mb L: 69/4082 MS: 1 EraseBytes-
#2678003	REDUCE cov: 1782 ft: 8166 corp: 1721/501Kb lim: 4096 exec/s: 16949 rss: 621Mb L: 68/4082 MS: 2 ShuffleBytes-EraseBytes-
#2680604	REDUCE cov: 1782 ft: 8166 corp: 1721/501Kb lim: 4096 exec/s: 16965 rss: 621Mb L: 172/4082 MS: 1 EraseBytes-
#2684560	REDUCE cov: 1782 ft: 8166 corp: 1721/500Kb lim: 4096 exec/s: 16990 rss: 621Mb L: 1002/4082 MS: 1 EraseBytes-
#2694146	REDUCE cov: 1782 ft: 8166 corp: 1721/500Kb lim: 4096 exec/s: 16944 rss: 621Mb L: 3916/4082 MS: 1 EraseBytes-
#2697377	REDUCE cov: 1782 ft: 8166 corp: 1721/500Kb lim: 4096 exec/s: 16964 rss: 621Mb L: 59/4082 MS: 1 EraseBytes-
#2702419	REDUCE cov: 1782 ft: 8166 corp: 1721/500Kb lim: 4096 exec/s: 16996 rss: 621Mb L: 16/4082 MS: 2 InsertByte-EraseBytes-
#2705155	REDUCE cov: 1782 ft: 8166 corp: 1721/500Kb lim: 4096 exec/s: 17013 rss: 621Mb L: 1071/4082 MS: 1 EraseBytes-
#2720938	REDUCE cov: 1782 ft: 8166 corp: 1721/500Kb lim: 4096 exec/s: 16900 rss: 621Mb L: 468/4082 MS: 3 InsertByte-PersAutoDict-EraseBytes- DE: "# \357\277"-
#2722324	REDUCE cov: 1782 ft: 8166 corp: 1721/500Kb lim: 4096 exec/s: 16908 rss: 621Mb L: 202/4082 MS: 1 EraseBytes-
#2723080	REDUCE cov: 1782 ft: 8166 corp: 1721/500Kb lim: 4096 exec/s: 16913 rss: 621Mb L: 17/4082 MS: 1 EraseBytes-
#2729177	REDUCE cov: 1782 ft: 8166 corp: 1721/500Kb lim: 4096 exec/s: 16951 rss: 621Mb L: 75/4082 MS: 2 EraseBytes-CopyPart-
#2733053	REDUCE cov: 1782 ft: 8166 corp: 1721/500Kb lim: 4096 exec/s: 16975 rss: 621Mb L: 1366/4082 MS: 1 EraseBytes-
#2748489	REDUCE cov: 1782 ft: 8166 corp: 1721/500Kb lim: 4096 exec/s: 16965 rss: 621Mb L: 1943/4082 MS: 1 EraseBytes-
#2750265	REDUCE cov: 1782 ft: 8166 corp: 1721/500Kb lim: 4096 exec/s: 16976 rss: 621Mb L: 45/4082 MS: 1 EraseBytes-
#2755686	REDUCE cov: 1782 ft: 8166 corp: 1721/500Kb lim: 4096 exec/s: 16906 rss: 621Mb L: 119/4082 MS: 1 EraseBytes-
#2757429	REDUCE cov: 1782 ft: 8166 corp: 1721/500Kb lim: 4096 exec/s: 16916 rss: 621Mb L: 441/4082 MS: 3 ChangeBit-ShuffleBytes-EraseBytes-
#2758516	REDUCE cov: 1782 ft: 8166 corp: 1721/500Kb lim: 4096 exec/s: 16923 rss: 621Mb L: 78/4082 MS: 2 ChangeASCIIInt-EraseBytes-
#2761787	REDUCE cov: 1782 ft: 8166 corp: 1721/500Kb lim: 4096 exec/s: 16943 rss: 621Mb L: 548/4082 MS: 1 EraseBytes-
#2763273	REDUCE cov: 1782 ft: 8166 corp: 1721/500Kb lim: 4096 exec/s: 16952 rss: 621Mb L: 825/4082 MS: 1 EraseBytes-
#2763614	REDUCE cov: 1782 ft: 8166 corp: 1721/500Kb lim: 4096 exec/s: 16954 rss: 621Mb L: 99/4082 MS: 1 EraseBytes-
#2771506	REDUCE cov: 1782 ft: 8166 corp: 1721/500Kb lim: 4096 exec/s: 16899 rss: 621Mb L: 667/4082 MS: 2 ChangeASCIIInt-EraseBytes-
#2771827	REDUCE cov: 1782 ft: 8166 corp: 1721/500Kb lim: 4096 exec/s: 16901 rss: 621Mb L: 218/4082 MS: 1 EraseBytes-
#2779598	REDUCE cov: 1782 ft: 8166 corp: 1721/500Kb lim: 4096 exec/s: 16948 rss: 621Mb L: 226/4082 MS: 1 EraseBytes-
#2781114	REDUCE cov: 1782 ft: 8166 corp: 1721/500Kb lim: 4096 exec/s: 16958 rss: 621Mb L: 908/4082 MS: 1 EraseBytes-
#2781915	REDUCE cov: 1782 ft: 8166 corp: 1721/500Kb lim: 4096 exec/s: 16962 rss: 621Mb L: 1902/4082 MS: 1 EraseBytes-
#2796688	REDUCE cov: 1782 ft: 8166 corp: 1721/500Kb lim: 4096 exec/s: 16949 rss: 621Mb L: 1591/4082 MS: 3 CopyPart-ChangeBinInt-EraseBytes-
#2797235	REDUCE cov: 1782 ft: 8166 corp: 1721/500Kb lim: 4096 exec/s: 16952 rss: 621Mb L: 806/4082 MS: 2 CopyPart-EraseBytes-
#2818907	REDUCE cov: 1782 ft: 8166 corp: 1721/500Kb lim: 4096 exec/s: 16879 rss: 621Mb L: 2419/4082 MS: 2 CMP-EraseBytes- DE: "\357\277\275nce"-
#2821158	REDUCE cov: 1782 ft: 8166 corp: 1721/500Kb lim: 4096 exec/s: 16893 rss: 621Mb L: 67/4082 MS: 1 EraseBytes-
#2832645	REDUCE cov: 1782 ft: 8166 corp: 1721/500Kb lim: 4096 exec/s: 16860 rss: 621Mb L: 2298/4082 MS: 2 ShuffleBytes-EraseBytes-
#2834496	REDUCE cov: 1782 ft: 8166 corp: 1721/500Kb lim: 4096 exec/s: 16872 rss: 621Mb L: 1142/4082 MS: 1 EraseBytes-
#2843727	REDUCE cov: 1782 ft: 8166 corp: 1721/500Kb lim: 4096 exec/s: 16926 rss: 621Mb L: 73/4082 MS: 1 EraseBytes-
#2849513	REDUCE cov: 1782 ft: 8166 corp: 1721/500Kb lim: 4096 exec/s: 16861 rss: 621Mb L: 114/4082 MS: 1 EraseBytes-
#2855724	REDUCE cov: 1782 ft: 8166 corp: 1721/500Kb lim: 4096 exec/s: 16897 rss: 621Mb L: 456/4082 MS: 1 EraseBytes-
#2860410	REDUCE cov: 1782 ft: 8166 corp: 1721/500Kb lim: 4096 exec/s: 16925 rss: 621Mb L: 396/4082 MS: 1 EraseBytes-
#2863837	NEW    cov: 1784 ft: 8168 corp: 1722/500Kb lim: 4096 exec/s: 16846 rss: 621Mb L: 45/4082 MS: 2 CopyPart-InsertRepeatedBytes-
#2863893	REDUCE cov: 1784 ft: 8168 corp: 1722/500Kb lim: 4096 exec/s: 16846 rss: 621Mb L: 117/4082 MS: 1 EraseBytes-
#2867279	REDUCE cov: 1784 ft: 8168 corp: 1722/500Kb lim: 4096 exec/s: 16866 rss: 621Mb L: 1332/4082 MS: 1 EraseBytes-
#2883665	REDUCE cov: 1784 ft: 8168 corp: 1722/500Kb lim: 4096 exec/s: 16863 rss: 621Mb L: 23/4082 MS: 1 EraseBytes-
#2889786	REDUCE cov: 1784 ft: 8168 corp: 1722/500Kb lim: 4096 exec/s: 16899 rss: 621Mb L: 661/4082 MS: 1 EraseBytes-
#2890381	REDUCE cov: 1784 ft: 8168 corp: 1722/500Kb lim: 4096 exec/s: 16902 rss: 621Mb L: 16/4082 MS: 5 PersAutoDict-CrossOver-ChangeBit-CrossOver-EraseBytes- DE: "#&\357\277"-
#2895842	REDUCE cov: 1784 ft: 8168 corp: 1722/500Kb lim: 4096 exec/s: 16836 rss: 621Mb L: 46/4082 MS: 1 EraseBytes-
#2900069	REDUCE cov: 1784 ft: 8168 corp: 1722/500Kb lim: 4096 exec/s: 16860 rss: 621Mb L: 3594/4082 MS: 2 ChangeBinInt-EraseBytes-
#2904275	REDUCE cov: 1784 ft: 8168 corp: 1722/500Kb lim: 4096 exec/s: 16885 rss: 621Mb L: 2635/4082 MS: 1 EraseBytes-
#2919166	REDUCE cov: 1784 ft: 8168 corp: 1722/500Kb lim: 4096 exec/s: 16873 rss: 621Mb L: 155/4082 MS: 1 EraseBytes-
#2924507	REDUCE cov: 1784 ft: 8168 corp: 1722/500Kb lim: 4096 exec/s: 16904 rss: 621Mb L: 443/4082 MS: 1 EraseBytes-
#2925899	REDUCE cov: 1784 ft: 8168 corp: 1722/500Kb lim: 4096 exec/s: 16815 rss: 621Mb L: 1586/4082 MS: 2 ChangeASCIIInt-EraseBytes-
#2927395	REDUCE cov: 1784 ft: 8168 corp: 1722/500Kb lim: 4096 exec/s: 16824 rss: 621Mb L: 3181/4082 MS: 1 EraseBytes-
#2937401	REDUCE cov: 1784 ft: 8168 corp: 1722/500Kb lim: 4096 exec/s: 16881 rss: 621Mb L: 156/4082 MS: 1 EraseBytes-
#2952598	NEW    cov: 1784 ft: 8169 corp: 1723/500Kb lim: 4096 exec/s: 16871 rss: 621Mb L: 347/4082 MS: 2 ChangeByte-CMP- DE: "\377\377\376\312"-
#2955775	REDUCE cov: 1784 ft: 8169 corp: 1723/500Kb lim: 4096 exec/s: 16890 rss: 621Mb L: 1827/4082 MS: 2 CrossOver-EraseBytes-
#2957091	REDUCE cov: 1784 ft: 8169 corp: 1723/500Kb lim: 4096 exec/s: 16801 rss: 621Mb L: 141/4082 MS: 1 EraseBytes-
#2966758	REDUCE cov: 1784 ft: 8169 corp: 1723/500Kb lim: 4096 exec/s: 16856 rss: 621Mb L: 92/4082 MS: 2 ChangeBit-EraseBytes-
#2981829	REDUCE cov: 1784 ft: 8169 corp: 1723/500Kb lim: 4096 exec/s: 16846 rss: 621Mb L: 1458/4082 MS: 1 EraseBytes-
#2984593	REDUCE cov: 1784 ft: 8169 corp: 1723/500Kb lim: 4096 exec/s: 16862 rss: 621Mb L: 59/4082 MS: 4 ShuffleBytes-ChangeASCIIInt-ChangeBit-EraseBytes-
#2988924	REDUCE cov: 1784 ft: 8169 corp: 1723/500Kb lim: 4096 exec/s: 16791 rss: 621Mb L: 1149/4082 MS: 1 EraseBytes-
#2990532	REDUCE cov: 1784 ft: 8169 corp: 1723/500Kb lim: 4096 exec/s: 16800 rss: 621Mb L: 26/4082 MS: 3 CopyPart-ShuffleBytes-EraseBytes-
#2990683	REDUCE cov: 1784 ft: 8169 corp: 1723/500Kb lim: 4096 exec/s: 16801 rss: 621Mb L: 996/4082 MS: 1 EraseBytes-
#2993799	REDUCE cov: 1784 ft: 8169 corp: 1723/500Kb lim: 4096 exec/s: 16819 rss: 621Mb L: 32/4082 MS: 1 EraseBytes-
#2999150	REDUCE cov: 1784 ft: 8169 corp: 1723/499Kb lim: 4096 exec/s: 16849 rss: 621Mb L: 720/4082 MS: 1 EraseBytes-
#2999997	REDUCE cov: 1784 ft: 8169 corp: 1723/499Kb lim: 4096 exec/s: 16853 rss: 621Mb L: 19/4082 MS: 2 ShuffleBytes-EraseBytes-
#3006098	REDUCE cov: 1784 ft: 8169 corp: 1723/499Kb lim: 4096 exec/s: 16793 rss: 621Mb L: 45/4082 MS: 1 EraseBytes-
#3007000	REDUCE cov: 1784 ft: 8169 corp: 1723/499Kb lim: 4096 exec/s: 16798 rss: 621Mb L: 91/4082 MS: 2 CopyPart-EraseBytes-
#3018861	REDUCE cov: 1784 ft: 8169 corp: 1723/499Kb lim: 4096 exec/s: 16865 rss: 621Mb L: 2522/4082 MS: 1 EraseBytes-
#3030512	REDUCE cov: 1784 ft: 8169 corp: 1723/499Kb lim: 4096 exec/s: 16836 rss: 621Mb L: 1119/4082 MS: 1 EraseBytes-
#3035618	REDUCE cov: 1784 ft: 8169 corp: 1723/499Kb lim: 4096 exec/s: 16771 rss: 621Mb L: 421/4082 MS: 1 EraseBytes-
#3040519	REDUCE cov: 1784 ft: 8169 corp: 1723/499Kb lim: 4096 exec/s: 16798 rss: 621Mb L: 25/4082 MS: 1 EraseBytes-
#3044781	REDUCE cov: 1784 ft: 8169 corp: 1723/499Kb lim: 4096 exec/s: 16821 rss: 621Mb L: 12/4082 MS: 2 CMP-EraseBytes- DE: ",1.0"-
#3051477	REDUCE cov: 1784 ft: 8169 corp: 1723/499Kb lim: 4096 exec/s: 16766 rss: 621Mb L: 75/4082 MS: 1 EraseBytes-
#3052773	REDUCE cov: 1784 ft: 8169 corp: 1723/499Kb lim: 4096 exec/s: 16773 rss: 621Mb L: 69/4082 MS: 1 EraseBytes-
#3054924	REDUCE cov: 1784 ft: 8169 corp: 1723/499Kb lim: 4096 exec/s: 16785 rss: 621Mb L: 1805/4082 MS: 1 EraseBytes-
#3057310	REDUCE cov: 1784 ft: 8169 corp: 1723/499Kb lim: 4096 exec/s: 16798 rss: 621Mb L: 29/4082 MS: 1 EraseBytes-
#3057876	REDUCE cov: 1784 ft: 8169 corp: 1723/499Kb lim: 4096 exec/s: 16801 rss: 621Mb L: 142/4082 MS: 1 EraseBytes-
#3060972	REDUCE cov: 1784 ft: 8169 corp: 1723/499Kb lim: 4096 exec/s: 16818 rss: 621Mb L: 591/4082 MS: 1 EraseBytes-
#3065473	REDUCE cov: 1784 ft: 8169 corp: 1723/499Kb lim: 4096 exec/s: 16843 rss: 621Mb L: 25/4082 MS: 1 EraseBytes-
#3066779	REDUCE cov: 1784 ft: 8169 corp: 1723/499Kb lim: 4096 exec/s: 16758 rss: 621Mb L: 43/4082 MS: 1 EraseBytes-
#3070447	REDUCE cov: 1784 ft: 8169 corp: 1723/499Kb lim: 4096 exec/s: 16778 rss: 621Mb L: 135/4082 MS: 3 InsertByte-ChangeByte-EraseBytes-
#3071683	REDUCE cov: 1784 ft: 8169 corp: 1723/499Kb lim: 4096 exec/s: 16785 rss: 621Mb L: 256/4082 MS: 1 EraseBytes-
#3073619	REDUCE cov: 1784 ft: 8169 corp: 1723/499Kb lim: 4096 exec/s: 16795 rss: 621Mb L: 906/4082 MS: 1 EraseBytes-
#3078760	REDUCE cov: 1784 ft: 8169 corp: 1723/499Kb lim: 4096 exec/s: 16823 rss: 621Mb L: 140/4082 MS: 1 EraseBytes-
#3080606	REDUCE cov: 1784 ft: 8169 corp: 1723/499Kb lim: 4096 exec/s: 16833 rss: 621Mb L: 2174/4082 MS: 1 EraseBytes-
#3089447	REDUCE cov: 1784 ft: 8169 corp: 1723/499Kb lim: 4096 exec/s: 16790 rss: 621Mb L: 129/4082 MS: 1 EraseBytes-
#3089978	REDUCE cov: 1784 ft: 8169 corp: 1723/499Kb lim: 4096 exec/s: 16793 rss: 621Mb L: 68/4082 MS: 1 EraseBytes-
#3104509	REDUCE cov: 1784 ft: 8169 corp: 1723/499Kb lim: 4096 exec/s: 16781 rss: 621Mb L: 309/4082 MS: 1 EraseBytes-
#3108460	REDUCE cov: 1784 ft: 8169 corp: 1723/499Kb lim: 4096 exec/s: 16802 rss: 621Mb L: 208/4082 MS: 1 EraseBytes-
#3117963	REDUCE cov: 1784 ft: 8169 corp: 1723/499Kb lim: 4096 exec/s: 16763 rss: 621Mb L: 192/4082 MS: 3 ChangeASCIIInt-ChangeASCIIInt-EraseBytes-
#3119239	REDUCE cov: 1784 ft: 8169 corp: 1723/499Kb lim: 4096 exec/s: 16770 rss: 621Mb L: 57/4082 MS: 1 EraseBytes-
#3119540	REDUCE cov: 1784 ft: 8169 corp: 1723/499Kb lim: 4096 exec/s: 16771 rss: 621Mb L: 132/4082 MS: 1 EraseBytes-
#3126456	REDUCE cov: 1784 ft: 8169 corp: 1723/499Kb lim: 4096 exec/s: 16808 rss: 621Mb L: 130/4082 MS: 1 EraseBytes-
#3131672	REDUCE cov: 1784 ft: 8169 corp: 1723/499Kb lim: 4096 exec/s: 16746 rss: 621Mb L: 151/4082 MS: 1 EraseBytes-
#3131688	REDUCE cov: 1784 ft: 8169 corp: 1723/499Kb lim: 4096 exec/s: 16746 rss: 621Mb L: 297/4082 MS: 1 EraseBytes-
#3131984	REDUCE cov: 1784 ft: 8169 corp: 1723/499Kb lim: 4096 exec/s: 16748 rss: 621Mb L: 2091/4082 MS: 1 EraseBytes-
#3133921	REDUCE cov: 1784 ft: 8169 corp: 1723/499Kb lim: 4096 exec/s: 16758 rss: 621Mb L: 87/4082 MS: 2 InsertRepeatedBytes-EraseBytes-
#3139913	REDUCE cov: 1784 ft: 8169 corp: 1723/499Kb lim: 4096 exec/s: 16790 rss: 621Mb L: 2519/4082 MS: 2 ShuffleBytes-EraseBytes-
#3141940	REDUCE cov: 1784 ft: 8169 corp: 1723/499Kb lim: 4096 exec/s: 16801 rss: 621Mb L: 136/4082 MS: 2 ChangeBit-EraseBytes-
#3152591	REDUCE cov: 1784 ft: 8169 corp: 1723/499Kb lim: 4096 exec/s: 16769 rss: 621Mb L: 299/4082 MS: 1 EraseBytes-
#3156757	REDUCE cov: 1784 ft: 8169 corp: 1723/499Kb lim: 4096 exec/s: 16791 rss: 621Mb L: 60/4082 MS: 1 EraseBytes-
#3157369	REDUCE cov: 1784 ft: 8169 corp: 1723/499Kb lim: 4096 exec/s: 16794 rss: 621Mb L: 944/4082 MS: 2 ChangeBit-EraseBytes-
#3158790	REDUCE cov: 1784 ft: 8169 corp: 1723/499Kb lim: 4096 exec/s: 16802 rss: 621Mb L: 461/4082 MS: 1 EraseBytes-
#3159541	REDUCE cov: 1784 ft: 8169 corp: 1723/499Kb lim: 4096 exec/s: 16806 rss: 621Mb L: 9/4082 MS: 1 EraseBytes-
#3159988	REDUCE cov: 1784 ft: 8169 corp: 1723/499Kb lim: 4096 exec/s: 16808 rss: 621Mb L: 3731/4082 MS: 2 ChangeASCIIInt-EraseBytes-
#3166549	REDUCE cov: 1784 ft: 8169 corp: 1723/499Kb lim: 4096 exec/s: 16754 rss: 621Mb L: 264/4082 MS: 1 EraseBytes-
#3167485	REDUCE cov: 1788 ft: 8192 corp: 1724/499Kb lim: 4096 exec/s: 16759 rss: 621Mb L: 127/4082 MS: 1 InsertRepeatedBytes-
#3175963	REDUCE cov: 1788 ft: 8192 corp: 1724/499Kb lim: 4096 exec/s: 16715 rss: 621Mb L: 1078/4082 MS: 3 PersAutoDict-ChangeASCIIInt-EraseBytes- DE: ",\357\277\275"-
#3178639	REDUCE cov: 1788 ft: 8192 corp: 1724/499Kb lim: 4096 exec/s: 16729 rss: 621Mb L: 2925/4082 MS: 1 EraseBytes-
#3179091	REDUCE cov: 1788 ft: 8192 corp: 1724/499Kb lim: 4096 exec/s: 16732 rss: 621Mb L: 540/4082 MS: 2 InsertRepeatedBytes-EraseBytes-
#3180167	REDUCE cov: 1788 ft: 8192 corp: 1724/499Kb lim: 4096 exec/s: 16737 rss: 621Mb L: 826/4082 MS: 1 EraseBytes-
#3186348	REDUCE cov: 1788 ft: 8192 corp: 1724/499Kb lim: 4096 exec/s: 16770 rss: 621Mb L: 45/4082 MS: 1 EraseBytes-
#3190114	REDUCE cov: 1788 ft: 8192 corp: 1724/499Kb lim: 4096 exec/s: 16790 rss: 621Mb L: 117/4082 MS: 1 EraseBytes-
#3192076	REDUCE cov: 1788 ft: 8192 corp: 1724/499Kb lim: 4096 exec/s: 16712 rss: 621Mb L: 58/4082 MS: 2 InsertByte-EraseBytes-
#3200197	REDUCE cov: 1788 ft: 8192 corp: 1724/499Kb lim: 4096 exec/s: 16754 rss: 621Mb L: 2599/4082 MS: 1 EraseBytes-
#3203905	REDUCE cov: 1788 ft: 8192 corp: 1724/499Kb lim: 4096 exec/s: 16774 rss: 621Mb L: 415/4082 MS: 3 CopyPart-ChangeASCIIInt-EraseBytes-
#3208022	REDUCE cov: 1788 ft: 8192 corp: 1724/499Kb lim: 4096 exec/s: 16708 rss: 621Mb L: 10/4082 MS: 2 InsertByte-EraseBytes-
#3208468	REDUCE cov: 1788 ft: 8192 corp: 1724/499Kb lim: 4096 exec/s: 16710 rss: 621Mb L: 115/4082 MS: 1 EraseBytes-
#3208994	REDUCE cov: 1788 ft: 8192 corp: 1724/499Kb lim: 4096 exec/s: 16713 rss: 621Mb L: 1135/4082 MS: 1 EraseBytes-
#3209410	REDUCE cov: 1788 ft: 8192 corp: 1724/499Kb lim: 4096 exec/s: 16715 rss: 621Mb L: 38/4082 MS: 1 EraseBytes-
#3213631	REDUCE cov: 1788 ft: 8192 corp: 1724/499Kb lim: 4096 exec/s: 16737 rss: 621Mb L: 27/4082 MS: 1 EraseBytes-
#3220067	REDUCE cov: 1788 ft: 8192 corp: 1724/499Kb lim: 4096 exec/s: 16771 rss: 621Mb L: 144/4082 MS: 1 EraseBytes-
#3233218	REDUCE cov: 1788 ft: 8192 corp: 1724/499Kb lim: 4096 exec/s: 16752 rss: 621Mb L: 257/4082 MS: 1 EraseBytes-
#3234734	REDUCE cov: 1789 ft: 8193 corp: 1725/499Kb lim: 4096 exec/s: 16760 rss: 621Mb L: 5/4082 MS: 1 EraseBytes-
#3238170	REDUCE cov: 1789 ft: 8193 corp: 1725/499Kb lim: 4096 exec/s: 16691 rss: 621Mb L: 746/4082 MS: 1 EraseBytes-
#3239916	REDUCE cov: 1789 ft: 8193 corp: 1725/499Kb lim: 4096 exec/s: 16700 rss: 621Mb L: 240/4082 MS: 1 EraseBytes-
#3240677	REDUCE cov: 1789 ft: 8193 corp: 1725/499Kb lim: 4096 exec/s: 16704 rss: 621Mb L: 39/4082 MS: 1 EraseBytes-
#3241564	REDUCE cov: 1789 ft: 8193 corp: 1725/499Kb lim: 4096 exec/s: 16709 rss: 621Mb L: 362/4082 MS: 2 InsertByte-EraseBytes-
#3254825	REDUCE cov: 1789 ft: 8193 corp: 1725/499Kb lim: 4096 exec/s: 16691 rss: 621Mb L: 22/4082 MS: 1 EraseBytes-
#3257001	REDUCE cov: 1789 ft: 8193 corp: 1725/499Kb lim: 4096 exec/s: 16702 rss: 621Mb L: 121/4082 MS: 1 EraseBytes-
#3257797	REDUCE cov: 1789 ft: 8193 corp: 1725/499Kb lim: 4096 exec/s: 16706 rss: 621Mb L: 680/4082 MS: 1 EraseBytes-
#3261253	REDUCE cov: 1789 ft: 8193 corp: 1725/499Kb lim: 4096 exec/s: 16724 rss: 621Mb L: 8/4082 MS: 1 EraseBytes-
#3268266	NEW    cov: 1790 ft: 8194 corp: 1726/499Kb lim: 4096 exec/s: 16760 rss: 621Mb L: 4/4082 MS: 3 CopyPart-ChangeByte-EraseBytes-
#3276732	REDUCE cov: 1790 ft: 8194 corp: 1726/499Kb lim: 4096 exec/s: 16718 rss: 621Mb L: 251/4082 MS: 1 EraseBytes-
#3277554	REDUCE cov: 1790 ft: 8194 corp: 1726/499Kb lim: 4096 exec/s: 16722 rss: 621Mb L: 146/4082 MS: 2 InsertByte-EraseBytes-
#3277810	REDUCE cov: 1790 ft: 8194 corp: 1726/499Kb lim: 4096 exec/s: 16723 rss: 621Mb L: 504/4082 MS: 1 EraseBytes-
#3286536	REDUCE cov: 1790 ft: 8194 corp: 1726/499Kb lim: 4096 exec/s: 16682 rss: 621Mb L: 25/4082 MS: 1 EraseBytes-
#3292103	REDUCE cov: 1790 ft: 8194 corp: 1726/499Kb lim: 4096 exec/s: 16711 rss: 621Mb L: 107/4082 MS: 2 ChangeByte-EraseBytes-
#3299794	REDUCE cov: 1790 ft: 8194 corp: 1726/499Kb lim: 4096 exec/s: 16665 rss: 621Mb L: 265/4082 MS: 1 EraseBytes-
#3301250	REDUCE cov: 1790 ft: 8194 corp: 1726/499Kb lim: 4096 exec/s: 16672 rss: 621Mb L: 18/4082 MS: 1 EraseBytes-
#3302616	REDUCE cov: 1790 ft: 8194 corp: 1726/499Kb lim: 4096 exec/s: 16679 rss: 621Mb L: 141/4082 MS: 1 EraseBytes-
#3305717	REDUCE cov: 1790 ft: 8194 corp: 1726/499Kb lim: 4096 exec/s: 16695 rss: 621Mb L: 19/4082 MS: 1 EraseBytes-
#3310021	REDUCE cov: 1790 ft: 8194 corp: 1726/499Kb lim: 4096 exec/s: 16717 rss: 621Mb L: 2086/4082 MS: 4 ShuffleBytes-ShuffleBytes-PersAutoDict-EraseBytes- DE: "]\357\277\275\357\277\275"-
#3315552	REDUCE cov: 1790 ft: 8194 corp: 1726/499Kb lim: 4096 exec/s: 16661 rss: 621Mb L: 238/4082 MS: 1 EraseBytes-
#3318604	REDUCE cov: 1790 ft: 8194 corp: 1726/499Kb lim: 4096 exec/s: 16676 rss: 621Mb L: 144/4082 MS: 2 InsertByte-EraseBytes-
#3323165	REDUCE cov: 1790 ft: 8194 corp: 1726/499Kb lim: 4096 exec/s: 16699 rss: 621Mb L: 61/4082 MS: 1 EraseBytes-
#3332391	REDUCE cov: 1790 ft: 8194 corp: 1726/499Kb lim: 4096 exec/s: 16661 rss: 621Mb L: 390/4082 MS: 1 EraseBytes-
#3334952	REDUCE cov: 1790 ft: 8194 corp: 1726/499Kb lim: 4096 exec/s: 16674 rss: 621Mb L: 358/4082 MS: 1 EraseBytes-
#3335323	REDUCE cov: 1790 ft: 8194 corp: 1726/499Kb lim: 4096 exec/s: 16676 rss: 621Mb L: 889/4082 MS: 1 EraseBytes-
#3347709	REDUCE cov: 1790 ft: 8194 corp: 1726/499Kb lim: 4096 exec/s: 16655 rss: 621Mb L: 34/4082 MS: 1 EraseBytes-
#3352460	REDUCE cov: 1790 ft: 8194 corp: 1726/499Kb lim: 4096 exec/s: 16678 rss: 621Mb L: 805/4082 MS: 1 EraseBytes-
#3355502	REDUCE cov: 1790 ft: 8194 corp: 1726/499Kb lim: 4096 exec/s: 16694 rss: 621Mb L: 438/4082 MS: 2 ChangeASCIIInt-EraseBytes-
#3356956	REDUCE cov: 1790 ft: 8194 corp: 1726/499Kb lim: 4096 exec/s: 16701 rss: 621Mb L: 20/4082 MS: 4 CopyPart-EraseBytes-ChangeByte-CopyPart-
#3363020	REDUCE cov: 1790 ft: 8194 corp: 1726/499Kb lim: 4096 exec/s: 16648 rss: 621Mb L: 78/4082 MS: 4 ChangeBit-ChangeBit-ChangeBit-EraseBytes-
#3366563	REDUCE cov: 1790 ft: 8194 corp: 1726/499Kb lim: 4096 exec/s: 16666 rss: 621Mb L: 51/4082 MS: 3 ChangeByte-ChangeBit-EraseBytes-
#3374839	REDUCE cov: 1790 ft: 8194 corp: 1726/499Kb lim: 4096 exec/s: 16707 rss: 621Mb L: 141/4082 MS: 1 EraseBytes-
#3383181	REDUCE cov: 1790 ft: 8194 corp: 1726/499Kb lim: 4096 exec/s: 16665 rss: 621Mb L: 141/4082 MS: 2 ChangeASCIIInt-EraseBytes-
#3383507	REDUCE cov: 1790 ft: 8194 corp: 1726/499Kb lim: 4096 exec/s: 16667 rss: 621Mb L: 304/4082 MS: 1 EraseBytes-
#3384538	REDUCE cov: 1790 ft: 8194 corp: 1726/499Kb lim: 4096 exec/s: 16672 rss: 621Mb L: 319/4082 MS: 1 EraseBytes-
#3386849	REDUCE cov: 1790 ft: 8194 corp: 1726/499Kb lim: 4096 exec/s: 16683 rss: 621Mb L: 409/4082 MS: 1 EraseBytes-
#3388350	REDUCE cov: 1790 ft: 8194 corp: 1726/499Kb lim: 4096 exec/s: 16691 rss: 621Mb L: 21/4082 MS: 1 EraseBytes-
#3395496	REDUCE cov: 1790 ft: 8194 corp: 1726/499Kb lim: 4096 exec/s: 16644 rss: 621Mb L: 306/4082 MS: 1 EraseBytes-
#3396167	REDUCE cov: 1790 ft: 8194 corp: 1726/499Kb lim: 4096 exec/s: 16647 rss: 621Mb L: 239/4082 MS: 1 EraseBytes-
#3405848	REDUCE cov: 1790 ft: 8194 corp: 1726/499Kb lim: 4096 exec/s: 16695 rss: 621Mb L: 32/4082 MS: 1 EraseBytes-
#3410174	REDUCE cov: 1790 ft: 8194 corp: 1726/499Kb lim: 4096 exec/s: 16634 rss: 621Mb L: 214/4082 MS: 1 EraseBytes-
#3419851	REDUCE cov: 1790 ft: 8194 corp: 1726/499Kb lim: 4096 exec/s: 16682 rss: 621Mb L: 145/4082 MS: 2 EraseBytes-InsertByte-
#3420732	REDUCE cov: 1790 ft: 8194 corp: 1726/499Kb lim: 4096 exec/s: 16686 rss: 621Mb L: 1087/4082 MS: 1 EraseBytes-
#3421469	REDUCE cov: 1790 ft: 8194 corp: 1726/499Kb lim: 4096 exec/s: 16690 rss: 621Mb L: 14/4082 MS: 2 InsertByte-EraseBytes-
#3424515	REDUCE cov: 1790 ft: 8194 corp: 1726/499Kb lim: 4096 exec/s: 16623 rss: 621Mb L: 183/4082 MS: 1 EraseBytes-
#3433341	REDUCE cov: 1790 ft: 8194 corp: 1726/499Kb lim: 4096 exec/s: 16666 rss: 621Mb L: 70/4082 MS: 1 EraseBytes-
#3437819	REDUCE cov: 1790 ft: 8194 corp: 1726/498Kb lim: 4096 exec/s: 16688 rss: 621Mb L: 45/4082 MS: 3 ChangeASCIIInt-ChangeASCIIInt-EraseBytes-
#3438265	REDUCE cov: 1790 ft: 8194 corp: 1726/498Kb lim: 4096 exec/s: 16690 rss: 621Mb L: 41/4082 MS: 1 EraseBytes-
#3445518	REDUCE cov: 1790 ft: 8194 corp: 1726/498Kb lim: 4096 exec/s: 16645 rss: 621Mb L: 999/4082 MS: 3 ChangeBit-ChangeASCIIInt-EraseBytes-
#3449786	REDUCE cov: 1790 ft: 8194 corp: 1726/498Kb lim: 4096 exec/s: 16665 rss: 621Mb L: 1134/4082 MS: 3 CopyPart-ShuffleBytes-EraseBytes-
#3451357	REDUCE cov: 1790 ft: 8194 corp: 1726/498Kb lim: 4096 exec/s: 16673 rss: 621Mb L: 2878/4082 MS: 1 EraseBytes-
#3453608	REDUCE cov: 1790 ft: 8194 corp: 1726/498Kb lim: 4096 exec/s: 16684 rss: 621Mb L: 3749/4082 MS: 1 EraseBytes-
#3454512	REDUCE cov: 1790 ft: 8194 corp: 1726/498Kb lim: 4096 exec/s: 16688 rss: 621Mb L: 86/4082 MS: 4 CopyPart-ChangeByte-EraseBytes-CopyPart-
#3459083	REDUCE cov: 1790 ft: 8194 corp: 1726/498Kb lim: 4096 exec/s: 16630 rss: 621Mb L: 119/4082 MS: 1 EraseBytes-
#3463149	REDUCE cov: 1790 ft: 8194 corp: 1726/498Kb lim: 4096 exec/s: 16649 rss: 621Mb L: 627/4082 MS: 1 EraseBytes-
#3467140	REDUCE cov: 1790 ft: 8194 corp: 1726/498Kb lim: 4096 exec/s: 16668 rss: 621Mb L: 20/4082 MS: 1 EraseBytes-
#3467546	REDUCE cov: 1790 ft: 8194 corp: 1726/498Kb lim: 4096 exec/s: 16670 rss: 621Mb L: 55/4082 MS: 1 EraseBytes-
#3483524	REDUCE cov: 1790 ft: 8194 corp: 1726/498Kb lim: 4096 exec/s: 16667 rss: 621Mb L: 83/4082 MS: 3 ShuffleBytes-ChangeByte-EraseBytes-
#3488276	REDUCE cov: 1790 ft: 8194 corp: 1726/498Kb lim: 4096 exec/s: 16610 rss: 621Mb L: 246/4082 MS: 2 ChangeByte-EraseBytes-
#3491572	REDUCE cov: 1790 ft: 8194 corp: 1726/498Kb lim: 4096 exec/s: 16626 rss: 621Mb L: 249/4082 MS: 1 EraseBytes-
#3499515	REDUCE cov: 1790 ft: 8194 corp: 1726/498Kb lim: 4096 exec/s: 16664 rss: 621Mb L: 82/4082 MS: 3 ChangeBit-InsertByte-EraseBytes-
#3500721	REDUCE cov: 1790 ft: 8194 corp: 1726/498Kb lim: 4096 exec/s: 16670 rss: 621Mb L: 379/4082 MS: 1 EraseBytes-
#3504882	REDUCE cov: 1790 ft: 8194 corp: 1726/498Kb lim: 4096 exec/s: 16610 rss: 621Mb L: 607/4082 MS: 1 EraseBytes-
#3510283	REDUCE cov: 1790 ft: 8194 corp: 1726/498Kb lim: 4096 exec/s: 16636 rss: 621Mb L: 188/4082 MS: 1 EraseBytes-
#3515974	REDUCE cov: 1790 ft: 8194 corp: 1726/498Kb lim: 4096 exec/s: 16663 rss: 621Mb L: 65/4082 MS: 1 EraseBytes-
#3521090	REDUCE cov: 1790 ft: 8194 corp: 1726/498Kb lim: 4096 exec/s: 16608 rss: 621Mb L: 31/4082 MS: 1 EraseBytes-
#3526746	REDUCE cov: 1790 ft: 8194 corp: 1726/498Kb lim: 4096 exec/s: 16635 rss: 621Mb L: 140/4082 MS: 1 EraseBytes-
#3532703	REDUCE cov: 1790 ft: 8194 corp: 1726/498Kb lim: 4096 exec/s: 16585 rss: 621Mb L: 2912/4082 MS: 2 ShuffleBytes-EraseBytes-
#3540359	REDUCE cov: 1790 ft: 8194 corp: 1726/498Kb lim: 4096 exec/s: 16621 rss: 621Mb L: 286/4082 MS: 1 EraseBytes-
#3550260	REDUCE cov: 1790 ft: 8194 corp: 1726/498Kb lim: 4096 exec/s: 16590 rss: 621Mb L: 61/4082 MS: 1 EraseBytes-
#3556086	REDUCE cov: 1790 ft: 8194 corp: 1726/498Kb lim: 4096 exec/s: 16617 rss: 621Mb L: 388/4082 MS: 1 EraseBytes-
#3562967	REDUCE cov: 1790 ft: 8194 corp: 1726/498Kb lim: 4096 exec/s: 16571 rss: 621Mb L: 2902/4082 MS: 1 EraseBytes-
#3570558	REDUCE cov: 1790 ft: 8194 corp: 1726/498Kb lim: 4096 exec/s: 16607 rss: 621Mb L: 56/4082 MS: 1 EraseBytes-
#3571905	REDUCE cov: 1790 ft: 8194 corp: 1726/498Kb lim: 4096 exec/s: 16613 rss: 621Mb L: 370/4082 MS: 2 ChangeBit-EraseBytes-
#3576771	REDUCE cov: 1790 ft: 8194 corp: 1726/498Kb lim: 4096 exec/s: 16636 rss: 621Mb L: 318/4082 MS: 1 EraseBytes-
#3577817	REDUCE cov: 1790 ft: 8194 corp: 1726/498Kb lim: 4096 exec/s: 16641 rss: 621Mb L: 2284/4082 MS: 1 EraseBytes-
#3580328	REDUCE cov: 1790 ft: 8194 corp: 1726/498Kb lim: 4096 exec/s: 16575 rss: 621Mb L: 438/4082 MS: 1 EraseBytes-
#3582654	REDUCE cov: 1790 ft: 8194 corp: 1726/498Kb lim: 4096 exec/s: 16586 rss: 621Mb L: 85/4082 MS: 1 EraseBytes-
#3588335	REDUCE cov: 1790 ft: 8194 corp: 1726/498Kb lim: 4096 exec/s: 16612 rss: 621Mb L: 31/4082 MS: 1 EraseBytes-
#3588341	REDUCE cov: 1790 ft: 8194 corp: 1726/498Kb lim: 4096 exec/s: 16612 rss: 621Mb L: 1212/4082 MS: 1 EraseBytes-
#3589653	REDUCE cov: 1790 ft: 8194 corp: 1726/498Kb lim: 4096 exec/s: 16618 rss: 621Mb L: 202/4082 MS: 2 PersAutoDict-EraseBytes- DE: "# \357\277\275\357\277"-
#3600504	REDUCE cov: 1790 ft: 8194 corp: 1726/498Kb lim: 4096 exec/s: 16592 rss: 621Mb L: 942/4082 MS: 1 EraseBytes-
#3601293	REDUCE cov: 1790 ft: 8194 corp: 1726/498Kb lim: 4096 exec/s: 16595 rss: 621Mb L: 2365/4082 MS: 4 InsertByte-ChangeASCIIInt-ChangeBit-EraseBytes-
#3604201	REDUCE cov: 1790 ft: 8194 corp: 1726/498Kb lim: 4096 exec/s: 16609 rss: 621Mb L: 308/4082 MS: 3 InsertRepeatedBytes-ChangeByte-EraseBytes-
	NEW_FUNC[1/1]: 0x55c2366dfc90  (/home/ther12k/Workspace/Learning/velqu/fuzz/target/x86_64-unknown-linux-gnu/release/codec_encoders+0x8f2c90) (BuildId: 7f1bd4205997484a7a9dbd99954136ed2afd02fc)
#3607681	NEW    cov: 1793 ft: 8197 corp: 1727/502Kb lim: 4096 exec/s: 16625 rss: 621Mb L: 3839/4082 MS: 5 EraseBytes-CopyPart-ChangeBit-InsertRepeatedBytes-InsertByte-
#3621647	REDUCE cov: 1793 ft: 8197 corp: 1727/502Kb lim: 4096 exec/s: 16613 rss: 621Mb L: 1096/4082 MS: 1 EraseBytes-
#3623689	REDUCE cov: 1793 ft: 8197 corp: 1727/502Kb lim: 4096 exec/s: 16546 rss: 621Mb L: 148/4082 MS: 2 CMP-EraseBytes- DE: "\377\377\377\377\377\377\377\017"-
#3628001	REDUCE cov: 1793 ft: 8197 corp: 1727/502Kb lim: 4096 exec/s: 16566 rss: 621Mb L: 16/4082 MS: 2 ChangeASCIIInt-EraseBytes-
#3632669	REDUCE cov: 1793 ft: 8197 corp: 1727/502Kb lim: 4096 exec/s: 16587 rss: 621Mb L: 61/4082 MS: 3 ShuffleBytes-CopyPart-EraseBytes-
#3639975	REDUCE cov: 1793 ft: 8197 corp: 1727/502Kb lim: 4096 exec/s: 16545 rss: 621Mb L: 855/4082 MS: 1 EraseBytes-
#3644786	REDUCE cov: 1793 ft: 8197 corp: 1727/502Kb lim: 4096 exec/s: 16567 rss: 621Mb L: 317/4082 MS: 1 EraseBytes-
#3646572	REDUCE cov: 1793 ft: 8197 corp: 1727/502Kb lim: 4096 exec/s: 16575 rss: 621Mb L: 825/4082 MS: 1 EraseBytes-
#3662351	REDUCE cov: 1793 ft: 8197 corp: 1727/502Kb lim: 4096 exec/s: 16571 rss: 621Mb L: 66/4082 MS: 4 ShuffleBytes-EraseBytes-CopyPart-CopyPart-
#3670577	REDUCE cov: 1793 ft: 8197 corp: 1727/502Kb lim: 4096 exec/s: 16534 rss: 621Mb L: 283/4082 MS: 1 EraseBytes-
#3681763	REDUCE cov: 1793 ft: 8197 corp: 1727/502Kb lim: 4096 exec/s: 16584 rss: 621Mb L: 35/4082 MS: 1 EraseBytes-
#3684289	REDUCE cov: 1793 ft: 8197 corp: 1727/502Kb lim: 4096 exec/s: 16595 rss: 621Mb L: 761/4082 MS: 1 EraseBytes-
#3688575	REDUCE cov: 1793 ft: 8197 corp: 1727/502Kb lim: 4096 exec/s: 16540 rss: 621Mb L: 222/4082 MS: 1 EraseBytes-
#3689278	REDUCE cov: 1793 ft: 8197 corp: 1727/502Kb lim: 4096 exec/s: 16543 rss: 621Mb L: 239/4082 MS: 3 EraseBytes-PersAutoDict-CopyPart- DE: "#&\357\277\275 "-
#3692729	REDUCE cov: 1793 ft: 8197 corp: 1727/502Kb lim: 4096 exec/s: 16559 rss: 621Mb L: 123/4082 MS: 1 EraseBytes-
#3714070	REDUCE cov: 1793 ft: 8197 corp: 1727/502Kb lim: 4096 exec/s: 16580 rss: 621Mb L: 109/4082 MS: 1 EraseBytes-
#3724686	REDUCE cov: 1793 ft: 8197 corp: 1727/502Kb lim: 4096 exec/s: 16554 rss: 621Mb L: 178/4082 MS: 1 EraseBytes-
#3729827	REDUCE cov: 1793 ft: 8197 corp: 1727/502Kb lim: 4096 exec/s: 16577 rss: 621Mb L: 244/4082 MS: 1 EraseBytes-
#3735578	REDUCE cov: 1793 ft: 8197 corp: 1727/502Kb lim: 4096 exec/s: 16529 rss: 621Mb L: 1546/4082 MS: 1 EraseBytes-
#3754349	REDUCE cov: 1793 ft: 8197 corp: 1727/502Kb lim: 4096 exec/s: 16538 rss: 621Mb L: 100/4082 MS: 1 EraseBytes-
#3756476	REDUCE cov: 1793 ft: 8197 corp: 1727/502Kb lim: 4096 exec/s: 16548 rss: 621Mb L: 40/4082 MS: 2 ShuffleBytes-EraseBytes-
#3756872	REDUCE cov: 1793 ft: 8197 corp: 1727/502Kb lim: 4096 exec/s: 16550 rss: 621Mb L: 74/4082 MS: 1 EraseBytes-
#3757333	REDUCE cov: 1793 ft: 8197 corp: 1727/502Kb lim: 4096 exec/s: 16552 rss: 621Mb L: 131/4082 MS: 1 EraseBytes-
#3760089	REDUCE cov: 1793 ft: 8197 corp: 1727/502Kb lim: 4096 exec/s: 16564 rss: 621Mb L: 120/4082 MS: 1 EraseBytes-
#3768575	REDUCE cov: 1793 ft: 8197 corp: 1727/502Kb lim: 4096 exec/s: 16528 rss: 621Mb L: 261/4082 MS: 1 EraseBytes-
#3771516	REDUCE cov: 1793 ft: 8197 corp: 1727/502Kb lim: 4096 exec/s: 16541 rss: 621Mb L: 68/4082 MS: 1 EraseBytes-
#3773636	REDUCE cov: 1793 ft: 8197 corp: 1727/502Kb lim: 4096 exec/s: 16551 rss: 621Mb L: 2183/4082 MS: 5 ShuffleBytes-ChangeASCIIInt-ChangeASCIIInt-ChangeASCIIInt-EraseBytes-
#3782337	REDUCE cov: 1793 ft: 8197 corp: 1727/502Kb lim: 4096 exec/s: 16516 rss: 621Mb L: 256/4082 MS: 1 EraseBytes-
#3782853	REDUCE cov: 1793 ft: 8197 corp: 1727/502Kb lim: 4096 exec/s: 16519 rss: 621Mb L: 96/4082 MS: 1 EraseBytes-
#3793349	REDUCE cov: 1793 ft: 8197 corp: 1727/501Kb lim: 4096 exec/s: 16492 rss: 621Mb L: 2178/4082 MS: 1 EraseBytes-
#3800936	REDUCE cov: 1793 ft: 8197 corp: 1727/501Kb lim: 4096 exec/s: 16525 rss: 621Mb L: 3256/4082 MS: 2 EraseBytes-CopyPart-
#3801583	REDUCE cov: 1793 ft: 8197 corp: 1727/501Kb lim: 4096 exec/s: 16528 rss: 621Mb L: 15/4082 MS: 2 InsertRepeatedBytes-EraseBytes-
#3810984	REDUCE cov: 1793 ft: 8197 corp: 1727/501Kb lim: 4096 exec/s: 16497 rss: 621Mb L: 60/4082 MS: 1 EraseBytes-
#3811345	REDUCE cov: 1793 ft: 8197 corp: 1727/501Kb lim: 4096 exec/s: 16499 rss: 621Mb L: 58/4082 MS: 1 EraseBytes-
#3812126	REDUCE cov: 1793 ft: 8198 corp: 1728/501Kb lim: 4096 exec/s: 16502 rss: 621Mb L: 40/4082 MS: 1 ChangeASCIIInt-
#3812297	REDUCE cov: 1793 ft: 8198 corp: 1728/501Kb lim: 4096 exec/s: 16503 rss: 621Mb L: 163/4082 MS: 1 EraseBytes-
#3814388	REDUCE cov: 1793 ft: 8198 corp: 1728/501Kb lim: 4096 exec/s: 16512 rss: 621Mb L: 283/4082 MS: 1 EraseBytes-
#3824755	REDUCE cov: 1793 ft: 8198 corp: 1728/501Kb lim: 4096 exec/s: 16486 rss: 621Mb L: 298/4082 MS: 1 EraseBytes-
#3825591	REDUCE cov: 1793 ft: 8198 corp: 1728/501Kb lim: 4096 exec/s: 16489 rss: 621Mb L: 3601/4082 MS: 1 EraseBytes-
#3826578	REDUCE cov: 1793 ft: 8198 corp: 1728/501Kb lim: 4096 exec/s: 16493 rss: 621Mb L: 297/4082 MS: 2 ChangeASCIIInt-EraseBytes-
#3827149	REDUCE cov: 1793 ft: 8198 corp: 1728/501Kb lim: 4096 exec/s: 16496 rss: 621Mb L: 99/4082 MS: 1 EraseBytes-
#3828586	REDUCE cov: 1793 ft: 8198 corp: 1728/501Kb lim: 4096 exec/s: 16502 rss: 621Mb L: 128/4082 MS: 2 InsertByte-EraseBytes-
#3833072	REDUCE cov: 1793 ft: 8198 corp: 1728/501Kb lim: 4096 exec/s: 16521 rss: 621Mb L: 299/4082 MS: 1 EraseBytes-
#3833563	REDUCE cov: 1793 ft: 8198 corp: 1728/501Kb lim: 4096 exec/s: 16523 rss: 621Mb L: 467/4082 MS: 1 EraseBytes-
#3838914	REDUCE cov: 1793 ft: 8198 corp: 1728/501Kb lim: 4096 exec/s: 16476 rss: 621Mb L: 59/4082 MS: 1 EraseBytes-
#3842832	REDUCE cov: 1793 ft: 8198 corp: 1728/501Kb lim: 4096 exec/s: 16492 rss: 621Mb L: 238/4082 MS: 3 InsertByte-EraseBytes-CopyPart-
#3843563	REDUCE cov: 1793 ft: 8198 corp: 1728/501Kb lim: 4096 exec/s: 16495 rss: 621Mb L: 65/4082 MS: 1 EraseBytes-
#3844079	REDUCE cov: 1793 ft: 8198 corp: 1728/501Kb lim: 4096 exec/s: 16498 rss: 621Mb L: 65/4082 MS: 1 EraseBytes-
#3852509	REDUCE cov: 1793 ft: 8198 corp: 1728/501Kb lim: 4096 exec/s: 16534 rss: 621Mb L: 2263/4082 MS: 5 PersAutoDict-ChangeByte-ChangeByte-InsertByte-EraseBytes- DE: "# \357\277\275 "-
#3855290	REDUCE cov: 1793 ft: 8198 corp: 1728/501Kb lim: 4096 exec/s: 16475 rss: 621Mb L: 2495/4082 MS: 1 EraseBytes-
#3864777	REDUCE cov: 1793 ft: 8198 corp: 1728/501Kb lim: 4096 exec/s: 16516 rss: 621Mb L: 3760/4082 MS: 2 PersAutoDict-EraseBytes- DE: "-\357\277\275"-
#3865313	REDUCE cov: 1793 ft: 8198 corp: 1728/501Kb lim: 4096 exec/s: 16518 rss: 621Mb L: 3367/4082 MS: 1 EraseBytes-
#3869179	REDUCE cov: 1793 ft: 8198 corp: 1728/500Kb lim: 4096 exec/s: 16464 rss: 621Mb L: 1202/4082 MS: 1 EraseBytes-
#3875315	REDUCE cov: 1793 ft: 8198 corp: 1728/500Kb lim: 4096 exec/s: 16490 rss: 621Mb L: 1278/4082 MS: 1 EraseBytes-
#3875592	REDUCE cov: 1793 ft: 8198 corp: 1728/500Kb lim: 4096 exec/s: 16491 rss: 621Mb L: 9/4082 MS: 2 EraseBytes-InsertByte-
#3879563	REDUCE cov: 1793 ft: 8198 corp: 1728/500Kb lim: 4096 exec/s: 16508 rss: 621Mb L: 824/4082 MS: 1 EraseBytes-
#3882755	REDUCE cov: 1793 ft: 8198 corp: 1728/500Kb lim: 4096 exec/s: 16522 rss: 621Mb L: 38/4082 MS: 2 CopyPart-EraseBytes-
#3890097	REDUCE cov: 1793 ft: 8198 corp: 1728/500Kb lim: 4096 exec/s: 16483 rss: 621Mb L: 76/4082 MS: 2 PersAutoDict-EraseBytes- DE: "#&\357\277\275 "-
#3893159	REDUCE cov: 1793 ft: 8198 corp: 1728/500Kb lim: 4096 exec/s: 16496 rss: 621Mb L: 287/4082 MS: 2 ChangeBit-EraseBytes-
#3899326	REDUCE cov: 1793 ft: 8198 corp: 1728/500Kb lim: 4096 exec/s: 16522 rss: 621Mb L: 198/4082 MS: 2 CopyPart-EraseBytes-
#3900777	REDUCE cov: 1793 ft: 8198 corp: 1728/500Kb lim: 4096 exec/s: 16458 rss: 621Mb L: 194/4082 MS: 1 EraseBytes-
#3905408	REDUCE cov: 1793 ft: 8198 corp: 1728/500Kb lim: 4096 exec/s: 16478 rss: 621Mb L: 405/4082 MS: 1 EraseBytes-
#3908885	REDUCE cov: 1793 ft: 8198 corp: 1728/500Kb lim: 4096 exec/s: 16493 rss: 621Mb L: 50/4082 MS: 2 ChangeASCIIInt-EraseBytes-
#3908971	REDUCE cov: 1793 ft: 8198 corp: 1728/500Kb lim: 4096 exec/s: 16493 rss: 621Mb L: 491/4082 MS: 1 EraseBytes-
#3914237	REDUCE cov: 1793 ft: 8198 corp: 1728/500Kb lim: 4096 exec/s: 16515 rss: 621Mb L: 142/4082 MS: 1 EraseBytes-
#3921528	REDUCE cov: 1793 ft: 8198 corp: 1728/500Kb lim: 4096 exec/s: 16477 rss: 621Mb L: 32/4082 MS: 1 EraseBytes-
#3922704	REDUCE cov: 1793 ft: 8198 corp: 1728/500Kb lim: 4096 exec/s: 16481 rss: 621Mb L: 338/4082 MS: 1 EraseBytes-
#3946232	REDUCE cov: 1793 ft: 8198 corp: 1728/500Kb lim: 4096 exec/s: 16442 rss: 621Mb L: 98/4082 MS: 3 CrossOver-PersAutoDict-EraseBytes- DE: "errors"-
#3975513	REDUCE cov: 1793 ft: 8198 corp: 1728/500Kb lim: 4096 exec/s: 16495 rss: 621Mb L: 853/4082 MS: 1 EraseBytes-
#3977961	REDUCE cov: 1793 ft: 8198 corp: 1728/500Kb lim: 4096 exec/s: 16437 rss: 621Mb L: 53/4082 MS: 3 ChangeBit-EraseBytes-CMP- DE: "\376\377\377\377"-
#3984884	REDUCE cov: 1793 ft: 8198 corp: 1728/500Kb lim: 4096 exec/s: 16466 rss: 621Mb L: 2629/4082 MS: 3 ShuffleBytes-ShuffleBytes-EraseBytes-
#4001845	REDUCE cov: 1793 ft: 8198 corp: 1728/500Kb lim: 4096 exec/s: 16468 rss: 621Mb L: 102/4082 MS: 1 EraseBytes-
#4001851	REDUCE cov: 1793 ft: 8198 corp: 1728/500Kb lim: 4096 exec/s: 16468 rss: 621Mb L: 509/4082 MS: 1 EraseBytes-
#4011185	REDUCE cov: 1793 ft: 8198 corp: 1728/500Kb lim: 4096 exec/s: 16439 rss: 621Mb L: 730/4082 MS: 4 CopyPart-ChangeByte-CopyPart-EraseBytes-
#4012906	REDUCE cov: 1793 ft: 8198 corp: 1728/500Kb lim: 4096 exec/s: 16446 rss: 621Mb L: 83/4082 MS: 1 EraseBytes-
#4021872	REDUCE cov: 1793 ft: 8198 corp: 1728/500Kb lim: 4096 exec/s: 16415 rss: 621Mb L: 21/4082 MS: 1 EraseBytes-
#4025045	REDUCE cov: 1793 ft: 8198 corp: 1728/500Kb lim: 4096 exec/s: 16428 rss: 621Mb L: 184/4082 MS: 3 CopyPart-CrossOver-EraseBytes-
#4038122	REDUCE cov: 1793 ft: 8198 corp: 1728/500Kb lim: 4096 exec/s: 16415 rss: 621Mb L: 428/4082 MS: 2 InsertByte-EraseBytes-
#4039188	REDUCE cov: 1793 ft: 8198 corp: 1728/500Kb lim: 4096 exec/s: 16419 rss: 621Mb L: 2822/4082 MS: 1 EraseBytes-
#4042970	REDUCE cov: 1793 ft: 8198 corp: 1728/500Kb lim: 4096 exec/s: 16434 rss: 621Mb L: 52/4082 MS: 2 ChangeASCIIInt-EraseBytes-
#4043331	REDUCE cov: 1793 ft: 8198 corp: 1728/500Kb lim: 4096 exec/s: 16436 rss: 621Mb L: 2792/4082 MS: 1 EraseBytes-
#4048547	REDUCE cov: 1793 ft: 8198 corp: 1728/500Kb lim: 4096 exec/s: 16457 rss: 621Mb L: 2532/4082 MS: 1 EraseBytes-
#4049558	REDUCE cov: 1793 ft: 8198 corp: 1728/500Kb lim: 4096 exec/s: 16461 rss: 621Mb L: 100/4082 MS: 1 EraseBytes-
#4050750	REDUCE cov: 1793 ft: 8198 corp: 1728/500Kb lim: 4096 exec/s: 16466 rss: 621Mb L: 62/4082 MS: 2 EraseBytes-ChangeBit-
#4062186	REDUCE cov: 1793 ft: 8198 corp: 1728/500Kb lim: 4096 exec/s: 16446 rss: 621Mb L: 2165/4082 MS: 1 EraseBytes-
#4065112	REDUCE cov: 1793 ft: 8198 corp: 1728/500Kb lim: 4096 exec/s: 16457 rss: 621Mb L: 3723/4082 MS: 1 EraseBytes-
#4070593	REDUCE cov: 1793 ft: 8198 corp: 1728/500Kb lim: 4096 exec/s: 16413 rss: 621Mb L: 54/4082 MS: 1 EraseBytes-
#4074500	REDUCE cov: 1793 ft: 8198 corp: 1728/500Kb lim: 4096 exec/s: 16429 rss: 621Mb L: 179/4082 MS: 2 ChangeASCIIInt-EraseBytes-
#4080277	REDUCE cov: 1793 ft: 8198 corp: 1728/500Kb lim: 4096 exec/s: 16452 rss: 621Mb L: 89/4082 MS: 2 EraseBytes-CopyPart-
#4086638	REDUCE cov: 1793 ft: 8198 corp: 1728/500Kb lim: 4096 exec/s: 16412 rss: 621Mb L: 13/4082 MS: 1 EraseBytes-
#4095880	REDUCE cov: 1793 ft: 8198 corp: 1728/499Kb lim: 4096 exec/s: 16449 rss: 621Mb L: 720/4082 MS: 2 ChangeBit-EraseBytes-
#4105091	REDUCE cov: 1793 ft: 8198 corp: 1728/499Kb lim: 4096 exec/s: 16420 rss: 621Mb L: 2103/4082 MS: 1 EraseBytes-
#4105337	REDUCE cov: 1793 ft: 8198 corp: 1728/499Kb lim: 4096 exec/s: 16421 rss: 621Mb L: 58/4082 MS: 1 EraseBytes-
#4116928	REDUCE cov: 1793 ft: 8198 corp: 1728/499Kb lim: 4096 exec/s: 16402 rss: 621Mb L: 184/4082 MS: 1 EraseBytes-
#4120020	REDUCE cov: 1793 ft: 8198 corp: 1728/499Kb lim: 4096 exec/s: 16414 rss: 621Mb L: 742/4082 MS: 2 ChangeASCIIInt-EraseBytes-
#4126258	REDUCE cov: 1793 ft: 8198 corp: 1728/499Kb lim: 4096 exec/s: 16439 rss: 621Mb L: 167/4082 MS: 3 CopyPart-PersAutoDict-EraseBytes- DE: "]\357\277\275\357\277\275"-
#4128835	REDUCE cov: 1793 ft: 8198 corp: 1728/499Kb lim: 4096 exec/s: 16384 rss: 621Mb L: 1520/4082 MS: 2 PersAutoDict-EraseBytes- DE: "code"-
#4130347	REDUCE cov: 1793 ft: 8198 corp: 1728/499Kb lim: 4096 exec/s: 16390 rss: 621Mb L: 21/4082 MS: 2 CopyPart-EraseBytes-
#4138177	REDUCE cov: 1793 ft: 8198 corp: 1728/499Kb lim: 4096 exec/s: 16421 rss: 621Mb L: 369/4082 MS: 5 ChangeByte-ChangeASCIIInt-ChangeASCIIInt-ShuffleBytes-EraseBytes-
#4145088	REDUCE cov: 1793 ft: 8198 corp: 1728/499Kb lim: 4096 exec/s: 16383 rss: 621Mb L: 539/4082 MS: 1 EraseBytes-
#4146204	REDUCE cov: 1793 ft: 8198 corp: 1728/499Kb lim: 4096 exec/s: 16388 rss: 621Mb L: 58/4082 MS: 1 EraseBytes-
#4148155	REDUCE cov: 1793 ft: 8198 corp: 1728/499Kb lim: 4096 exec/s: 16395 rss: 621Mb L: 1091/4082 MS: 1 EraseBytes-
#4151891	REDUCE cov: 1793 ft: 8198 corp: 1728/499Kb lim: 4096 exec/s: 16410 rss: 621Mb L: 16/4082 MS: 1 EraseBytes-
#4160492	REDUCE cov: 1793 ft: 8198 corp: 1728/499Kb lim: 4096 exec/s: 16379 rss: 621Mb L: 59/4082 MS: 1 EraseBytes-
#4165148	REDUCE cov: 1793 ft: 8198 corp: 1728/499Kb lim: 4096 exec/s: 16398 rss: 621Mb L: 1672/4082 MS: 1 EraseBytes-
#4171471	REDUCE cov: 1793 ft: 8198 corp: 1728/499Kb lim: 4096 exec/s: 16423 rss: 621Mb L: 117/4082 MS: 3 CopyPart-CopyPart-EraseBytes-
#4182392	REDUCE cov: 1793 ft: 8198 corp: 1728/499Kb lim: 4096 exec/s: 16401 rss: 621Mb L: 74/4082 MS: 1 EraseBytes-
#4188398	REDUCE cov: 1793 ft: 8198 corp: 1728/499Kb lim: 4096 exec/s: 16360 rss: 621Mb L: 28/4082 MS: 1 EraseBytes-
#4190884	REDUCE cov: 1793 ft: 8198 corp: 1728/499Kb lim: 4096 exec/s: 16370 rss: 621Mb L: 136/4082 MS: 1 EraseBytes-
#4194304	pulse  cov: 1793 ft: 8198 corp: 1728/499Kb lim: 4096 exec/s: 16384 rss: 621Mb
#4206316	REDUCE cov: 1793 ft: 8198 corp: 1728/499Kb lim: 4096 exec/s: 16366 rss: 621Mb L: 343/4082 MS: 2 EraseBytes-CopyPart-
#4212322	REDUCE cov: 1793 ft: 8198 corp: 1728/499Kb lim: 4096 exec/s: 16390 rss: 621Mb L: 681/4082 MS: 1 EraseBytes-
#4230251	REDUCE cov: 1793 ft: 8198 corp: 1728/499Kb lim: 4096 exec/s: 16396 rss: 621Mb L: 72/4082 MS: 4 CopyPart-InsertRepeatedBytes-EraseBytes-EraseBytes-
#4239872	REDUCE cov: 1793 ft: 8198 corp: 1728/499Kb lim: 4096 exec/s: 16370 rss: 621Mb L: 49/4082 MS: 1 EraseBytes-
#4245554	REDUCE cov: 1793 ft: 8198 corp: 1728/499Kb lim: 4096 exec/s: 16392 rss: 621Mb L: 34/4082 MS: 2 ShuffleBytes-EraseBytes-
#4249559	REDUCE cov: 1793 ft: 8198 corp: 1728/499Kb lim: 4096 exec/s: 16407 rss: 621Mb L: 734/4082 MS: 5 EraseBytes-ChangeBinInt-ChangeBinInt-ChangeByte-CopyPart-
#4267731	REDUCE cov: 1793 ft: 8198 corp: 1728/499Kb lim: 4096 exec/s: 16351 rss: 621Mb L: 1510/4082 MS: 2 ShuffleBytes-EraseBytes-
#4271732	REDUCE cov: 1793 ft: 8198 corp: 1728/499Kb lim: 4096 exec/s: 16366 rss: 621Mb L: 1211/4082 MS: 1 CrossOver-
#4271949	REDUCE cov: 1793 ft: 8198 corp: 1728/499Kb lim: 4096 exec/s: 16367 rss: 621Mb L: 115/4082 MS: 2 ChangeBit-EraseBytes-
#4274312	REDUCE cov: 1793 ft: 8198 corp: 1728/499Kb lim: 4096 exec/s: 16376 rss: 621Mb L: 594/4082 MS: 3 CopyPart-ChangeBinInt-EraseBytes-
#4297974	REDUCE cov: 1793 ft: 8198 corp: 1728/499Kb lim: 4096 exec/s: 16342 rss: 621Mb L: 85/4082 MS: 2 ChangeBit-EraseBytes-
#4298345	REDUCE cov: 1793 ft: 8198 corp: 1728/499Kb lim: 4096 exec/s: 16343 rss: 621Mb L: 49/4082 MS: 1 EraseBytes-
#4314646	REDUCE cov: 1793 ft: 8198 corp: 1728/499Kb lim: 4096 exec/s: 16343 rss: 621Mb L: 300/4082 MS: 1 EraseBytes-
#4316827	REDUCE cov: 1793 ft: 8198 corp: 1728/499Kb lim: 4096 exec/s: 16351 rss: 621Mb L: 57/4082 MS: 1 EraseBytes-
#4321864	REDUCE cov: 1793 ft: 8198 corp: 1728/499Kb lim: 4096 exec/s: 16370 rss: 621Mb L: 704/4082 MS: 2 ChangeByte-EraseBytes-
#4327018	REDUCE cov: 1793 ft: 8198 corp: 1728/499Kb lim: 4096 exec/s: 16390 rss: 621Mb L: 560/4082 MS: 4 ChangeASCIIInt-ShuffleBytes-EraseBytes-CopyPart-
#4330784	REDUCE cov: 1793 ft: 8198 corp: 1728/499Kb lim: 4096 exec/s: 16342 rss: 621Mb L: 212/4082 MS: 1 EraseBytes-
#4342861	REDUCE cov: 1793 ft: 8198 corp: 1728/499Kb lim: 4096 exec/s: 16388 rss: 621Mb L: 200/4082 MS: 2 ChangeBit-EraseBytes-
#4344212	REDUCE cov: 1793 ft: 8198 corp: 1728/499Kb lim: 4096 exec/s: 16331 rss: 621Mb L: 435/4082 MS: 1 EraseBytes-
#4348348	REDUCE cov: 1793 ft: 8198 corp: 1728/499Kb lim: 4096 exec/s: 16347 rss: 621Mb L: 3298/4082 MS: 1 EraseBytes-
#4364479	REDUCE cov: 1793 ft: 8198 corp: 1728/499Kb lim: 4096 exec/s: 16346 rss: 621Mb L: 49/4082 MS: 1 EraseBytes-
#4378730	REDUCE cov: 1793 ft: 8198 corp: 1728/499Kb lim: 4096 exec/s: 16338 rss: 621Mb L: 60/4082 MS: 1 EraseBytes-
#4394951	REDUCE cov: 1793 ft: 8198 corp: 1728/499Kb lim: 4096 exec/s: 16338 rss: 621Mb L: 1529/4082 MS: 1 EraseBytes-
#4403332	REDUCE cov: 1793 ft: 8198 corp: 1728/499Kb lim: 4096 exec/s: 16308 rss: 621Mb L: 1085/4082 MS: 1 EraseBytes-
#4404098	REDUCE cov: 1793 ft: 8198 corp: 1728/499Kb lim: 4096 exec/s: 16311 rss: 621Mb L: 218/4082 MS: 1 EraseBytes-
#4408699	REDUCE cov: 1793 ft: 8198 corp: 1728/499Kb lim: 4096 exec/s: 16328 rss: 621Mb L: 36/4082 MS: 1 EraseBytes-
#4414411	REDUCE cov: 1793 ft: 8198 corp: 1728/499Kb lim: 4096 exec/s: 16349 rss: 621Mb L: 488/4082 MS: 2 ChangeASCIIInt-EraseBytes-
#4420867	REDUCE cov: 1793 ft: 8198 corp: 1728/499Kb lim: 4096 exec/s: 16313 rss: 621Mb L: 21/4082 MS: 1 EraseBytes-
#4423718	REDUCE cov: 1793 ft: 8198 corp: 1728/499Kb lim: 4096 exec/s: 16323 rss: 621Mb L: 639/4082 MS: 1 EraseBytes-
#4429374	REDUCE cov: 1793 ft: 8198 corp: 1728/499Kb lim: 4096 exec/s: 16344 rss: 621Mb L: 415/4082 MS: 1 EraseBytes-
#4431035	REDUCE cov: 1793 ft: 8198 corp: 1728/499Kb lim: 4096 exec/s: 16350 rss: 621Mb L: 200/4082 MS: 1 EraseBytes-
#4448876	REDUCE cov: 1793 ft: 8198 corp: 1728/499Kb lim: 4096 exec/s: 16356 rss: 621Mb L: 24/4082 MS: 1 EraseBytes-
#4457017	REDUCE cov: 1793 ft: 8198 corp: 1728/499Kb lim: 4096 exec/s: 16326 rss: 621Mb L: 368/4082 MS: 1 EraseBytes-
#4490488	REDUCE cov: 1793 ft: 8198 corp: 1728/499Kb lim: 4096 exec/s: 16329 rss: 621Mb L: 156/4082 MS: 1 EraseBytes-
#4495199	REDUCE cov: 1793 ft: 8198 corp: 1728/499Kb lim: 4096 exec/s: 16346 rss: 621Mb L: 1484/4082 MS: 1 EraseBytes-
#4526655	REDUCE cov: 1793 ft: 8198 corp: 1728/499Kb lim: 4096 exec/s: 16341 rss: 621Mb L: 282/4082 MS: 1 EraseBytes-
#4527356	REDUCE cov: 1793 ft: 8198 corp: 1728/499Kb lim: 4096 exec/s: 16285 rss: 621Mb L: 140/4082 MS: 1 EraseBytes-
#4547332	REDUCE cov: 1793 ft: 8198 corp: 1728/499Kb lim: 4096 exec/s: 16298 rss: 621Mb L: 197/4082 MS: 1 EraseBytes-
#4554728	REDUCE cov: 1793 ft: 8199 corp: 1729/499Kb lim: 4096 exec/s: 16325 rss: 621Mb L: 439/4082 MS: 1 InsertByte-
#4564834	REDUCE cov: 1793 ft: 8199 corp: 1729/499Kb lim: 4096 exec/s: 16302 rss: 621Mb L: 143/4082 MS: 1 EraseBytes-
#4567660	REDUCE cov: 1793 ft: 8199 corp: 1729/499Kb lim: 4096 exec/s: 16313 rss: 621Mb L: 108/4082 MS: 1 EraseBytes-
#4567766	REDUCE cov: 1793 ft: 8199 corp: 1729/499Kb lim: 4096 exec/s: 16313 rss: 621Mb L: 789/4082 MS: 1 EraseBytes-
#4568767	REDUCE cov: 1793 ft: 8199 corp: 1729/499Kb lim: 4096 exec/s: 16317 rss: 621Mb L: 56/4082 MS: 1 EraseBytes-
#4572758	REDUCE cov: 1793 ft: 8199 corp: 1729/499Kb lim: 4096 exec/s: 16331 rss: 621Mb L: 90/4082 MS: 1 EraseBytes-
#4582684	REDUCE cov: 1793 ft: 8199 corp: 1729/499Kb lim: 4096 exec/s: 16308 rss: 621Mb L: 52/4082 MS: 1 EraseBytes-
#4582862	REDUCE cov: 1793 ft: 8199 corp: 1729/499Kb lim: 4096 exec/s: 16309 rss: 621Mb L: 103/4082 MS: 3 EraseBytes-PersAutoDict-CopyPart- DE: "\357\277\275nce"-
#4587412	REDUCE cov: 1793 ft: 8199 corp: 1729/499Kb lim: 4096 exec/s: 16325 rss: 621Mb L: 236/4082 MS: 5 InsertByte-CopyPart-EraseBytes-InsertByte-InsertRepeatedBytes-
#4607483	REDUCE cov: 1793 ft: 8199 corp: 1729/499Kb lim: 4096 exec/s: 16280 rss: 621Mb L: 59/4082 MS: 1 EraseBytes-
#4622214	REDUCE cov: 1793 ft: 8199 corp: 1729/499Kb lim: 4096 exec/s: 16275 rss: 621Mb L: 255/4082 MS: 1 EraseBytes-
#4622651	REDUCE cov: 1793 ft: 8199 corp: 1729/499Kb lim: 4096 exec/s: 16276 rss: 621Mb L: 68/4082 MS: 2 ChangeByte-EraseBytes-
#4639478	REDUCE cov: 1793 ft: 8199 corp: 1729/499Kb lim: 4096 exec/s: 16278 rss: 621Mb L: 92/4082 MS: 2 EraseBytes-CMP- DE: "\357\277\275 \357\277\275 "-
#4645758	REDUCE cov: 1793 ft: 8199 corp: 1729/498Kb lim: 4096 exec/s: 16300 rss: 621Mb L: 1869/4082 MS: 5 EraseBytes-PersAutoDict-EraseBytes-ChangeByte-ChangeBit- DE: "-\357\277\275"-
#4647705	REDUCE cov: 1793 ft: 8199 corp: 1729/497Kb lim: 4096 exec/s: 16307 rss: 621Mb L: 1768/4082 MS: 2 PersAutoDict-EraseBytes- DE: ",1.0"-
#4654518	REDUCE cov: 1793 ft: 8199 corp: 1729/497Kb lim: 4096 exec/s: 16274 rss: 621Mb L: 2604/4082 MS: 3 ShuffleBytes-CopyPart-EraseBytes-
#4655469	REDUCE cov: 1793 ft: 8199 corp: 1729/497Kb lim: 4096 exec/s: 16277 rss: 621Mb L: 65/4082 MS: 1 EraseBytes-
#4657105	REDUCE cov: 1793 ft: 8199 corp: 1729/497Kb lim: 4096 exec/s: 16283 rss: 621Mb L: 511/4082 MS: 1 EraseBytes-
#4664461	REDUCE cov: 1793 ft: 8199 corp: 1729/497Kb lim: 4096 exec/s: 16309 rss: 621Mb L: 2170/4082 MS: 1 EraseBytes-
#4665627	REDUCE cov: 1793 ft: 8199 corp: 1729/497Kb lim: 4096 exec/s: 16256 rss: 621Mb L: 186/4082 MS: 1 EraseBytes-
#4674093	REDUCE cov: 1793 ft: 8199 corp: 1729/497Kb lim: 4096 exec/s: 16286 rss: 621Mb L: 357/4082 MS: 1 EraseBytes-
#4677594	REDUCE cov: 1793 ft: 8199 corp: 1729/497Kb lim: 4096 exec/s: 16298 rss: 621Mb L: 35/4082 MS: 1 EraseBytes-
#4682390	REDUCE cov: 1793 ft: 8199 corp: 1729/497Kb lim: 4096 exec/s: 16258 rss: 621Mb L: 282/4082 MS: 1 EraseBytes-
#4685887	REDUCE cov: 1793 ft: 8199 corp: 1729/497Kb lim: 4096 exec/s: 16270 rss: 621Mb L: 2614/4082 MS: 2 EraseBytes-InsertByte-
#4690052	REDUCE cov: 1793 ft: 8199 corp: 1729/497Kb lim: 4096 exec/s: 16284 rss: 621Mb L: 505/4082 MS: 5 ChangeASCIIInt-ChangeASCIIInt-ChangeBinInt-EraseBytes-CopyPart-
#4691543	REDUCE cov: 1793 ft: 8199 corp: 1729/497Kb lim: 4096 exec/s: 16290 rss: 621Mb L: 141/4082 MS: 1 EraseBytes-
#4694820	REDUCE cov: 1793 ft: 8199 corp: 1729/497Kb lim: 4096 exec/s: 16245 rss: 621Mb L: 826/4082 MS: 2 PersAutoDict-EraseBytes- DE: "#&\357\277"-
#4699041	REDUCE cov: 1793 ft: 8199 corp: 1729/497Kb lim: 4096 exec/s: 16259 rss: 621Mb L: 2522/4082 MS: 1 EraseBytes-
#4700867	REDUCE cov: 1793 ft: 8199 corp: 1729/497Kb lim: 4096 exec/s: 16265 rss: 621Mb L: 73/4082 MS: 1 EraseBytes-
#4703318	REDUCE cov: 1793 ft: 8199 corp: 1729/497Kb lim: 4096 exec/s: 16274 rss: 621Mb L: 48/4082 MS: 1 EraseBytes-
#4707825	REDUCE cov: 1793 ft: 8199 corp: 1729/497Kb lim: 4096 exec/s: 16290 rss: 621Mb L: 342/4082 MS: 2 CopyPart-EraseBytes-
#4709011	REDUCE cov: 1793 ft: 8199 corp: 1729/497Kb lim: 4096 exec/s: 16294 rss: 621Mb L: 3539/4082 MS: 1 EraseBytes-
#4727057	REDUCE cov: 1793 ft: 8199 corp: 1729/497Kb lim: 4096 exec/s: 16244 rss: 621Mb L: 44/4082 MS: 1 EraseBytes-
#4733123	REDUCE cov: 1793 ft: 8199 corp: 1729/497Kb lim: 4096 exec/s: 16265 rss: 621Mb L: 23/4082 MS: 1 EraseBytes-
#4733329	REDUCE cov: 1793 ft: 8199 corp: 1729/497Kb lim: 4096 exec/s: 16265 rss: 621Mb L: 1612/4082 MS: 1 EraseBytes-
#4736640	REDUCE cov: 1793 ft: 8199 corp: 1729/497Kb lim: 4096 exec/s: 16277 rss: 621Mb L: 54/4082 MS: 1 EraseBytes-
#4737941	REDUCE cov: 1793 ft: 8199 corp: 1729/497Kb lim: 4096 exec/s: 16281 rss: 621Mb L: 788/4082 MS: 1 EraseBytes-
#4739529	REDUCE cov: 1793 ft: 8199 corp: 1729/497Kb lim: 4096 exec/s: 16287 rss: 621Mb L: 370/4082 MS: 3 ChangeByte-EraseBytes-InsertByte-
#4747396	REDUCE cov: 1793 ft: 8199 corp: 1729/497Kb lim: 4096 exec/s: 16258 rss: 621Mb L: 31/4082 MS: 2 ChangeBinInt-EraseBytes-
#4747523	REDUCE cov: 1793 ft: 8199 corp: 1729/497Kb lim: 4096 exec/s: 16258 rss: 621Mb L: 882/4082 MS: 2 ShuffleBytes-EraseBytes-
#4747994	REDUCE cov: 1793 ft: 8199 corp: 1729/497Kb lim: 4096 exec/s: 16260 rss: 621Mb L: 383/4082 MS: 1 EraseBytes-
#4751550	REDUCE cov: 1793 ft: 8199 corp: 1729/497Kb lim: 4096 exec/s: 16272 rss: 621Mb L: 48/4082 MS: 1 EraseBytes-
#4753821	REDUCE cov: 1793 ft: 8199 corp: 1729/497Kb lim: 4096 exec/s: 16224 rss: 621Mb L: 2031/4082 MS: 1 EraseBytes-
#4756728	REDUCE cov: 1793 ft: 8199 corp: 1729/497Kb lim: 4096 exec/s: 16234 rss: 621Mb L: 18/4082 MS: 2 ChangeByte-EraseBytes-
#4757350	REDUCE cov: 1793 ft: 8199 corp: 1729/497Kb lim: 4096 exec/s: 16236 rss: 621Mb L: 422/4082 MS: 2 InsertByte-EraseBytes-
#4759861	REDUCE cov: 1793 ft: 8199 corp: 1729/497Kb lim: 4096 exec/s: 16245 rss: 621Mb L: 2166/4082 MS: 1 EraseBytes-
#4771152	REDUCE cov: 1793 ft: 8199 corp: 1729/497Kb lim: 4096 exec/s: 16228 rss: 621Mb L: 2756/4082 MS: 1 CrossOver-
#4771828	REDUCE cov: 1793 ft: 8199 corp: 1729/497Kb lim: 4096 exec/s: 16230 rss: 621Mb L: 71/4082 MS: 1 EraseBytes-
#4772949	REDUCE cov: 1793 ft: 8199 corp: 1729/497Kb lim: 4096 exec/s: 16234 rss: 621Mb L: 185/4082 MS: 1 EraseBytes-
#4773875	REDUCE cov: 1793 ft: 8199 corp: 1729/497Kb lim: 4096 exec/s: 16237 rss: 621Mb L: 3627/4082 MS: 1 EraseBytes-
#4774376	REDUCE cov: 1793 ft: 8199 corp: 1729/497Kb lim: 4096 exec/s: 16239 rss: 621Mb L: 128/4082 MS: 1 EraseBytes-
#4783177	REDUCE cov: 1793 ft: 8199 corp: 1729/497Kb lim: 4096 exec/s: 16214 rss: 621Mb L: 33/4082 MS: 1 EraseBytes-
#4783658	REDUCE cov: 1793 ft: 8199 corp: 1729/497Kb lim: 4096 exec/s: 16215 rss: 621Mb L: 540/4082 MS: 1 EraseBytes-
#4787379	REDUCE cov: 1793 ft: 8199 corp: 1729/497Kb lim: 4096 exec/s: 16228 rss: 621Mb L: 550/4082 MS: 1 EraseBytes-
#4789105	REDUCE cov: 1793 ft: 8199 corp: 1729/497Kb lim: 4096 exec/s: 16234 rss: 621Mb L: 1993/4082 MS: 1 EraseBytes-
#4792421	REDUCE cov: 1793 ft: 8199 corp: 1729/497Kb lim: 4096 exec/s: 16245 rss: 621Mb L: 724/4082 MS: 1 EraseBytes-
#4793942	REDUCE cov: 1793 ft: 8199 corp: 1729/497Kb lim: 4096 exec/s: 16250 rss: 621Mb L: 150/4082 MS: 1 EraseBytes-
#4794193	REDUCE cov: 1793 ft: 8199 corp: 1729/497Kb lim: 4096 exec/s: 16251 rss: 621Mb L: 39/4082 MS: 1 EraseBytes-
#4797049	REDUCE cov: 1793 ft: 8200 corp: 1730/497Kb lim: 4096 exec/s: 16261 rss: 621Mb L: 512/4082 MS: 1 CopyPart-
#4799351	REDUCE cov: 1793 ft: 8200 corp: 1730/497Kb lim: 4096 exec/s: 16214 rss: 621Mb L: 723/4082 MS: 2 ShuffleBytes-EraseBytes-
#4801837	REDUCE cov: 1793 ft: 8200 corp: 1730/497Kb lim: 4096 exec/s: 16222 rss: 621Mb L: 2065/4082 MS: 1 EraseBytes-
#4804918	REDUCE cov: 1793 ft: 8200 corp: 1730/497Kb lim: 4096 exec/s: 16232 rss: 621Mb L: 206/4082 MS: 1 EraseBytes-
#4807024	REDUCE cov: 1793 ft: 8200 corp: 1730/497Kb lim: 4096 exec/s: 16239 rss: 621Mb L: 20/4082 MS: 1 EraseBytes-
#4827198	REDUCE cov: 1793 ft: 8200 corp: 1730/497Kb lim: 4096 exec/s: 16253 rss: 621Mb L: 45/4082 MS: 4 CMP-InsertByte-ChangeByte-EraseBytes- DE: "\000\000\000\000"-
#4849539	REDUCE cov: 1793 ft: 8200 corp: 1730/497Kb lim: 4096 exec/s: 16219 rss: 621Mb L: 31/4082 MS: 1 EraseBytes-
#4850491	REDUCE cov: 1793 ft: 8200 corp: 1730/497Kb lim: 4096 exec/s: 16222 rss: 621Mb L: 162/4082 MS: 2 PersAutoDict-EraseBytes- DE: "-\357\277\275"-
#4851487	REDUCE cov: 1793 ft: 8200 corp: 1730/497Kb lim: 4096 exec/s: 16225 rss: 621Mb L: 9/4082 MS: 1 EraseBytes-
#4852569	REDUCE cov: 1793 ft: 8200 corp: 1730/497Kb lim: 4096 exec/s: 16229 rss: 621Mb L: 38/4082 MS: 2 ChangeByte-EraseBytes-
#4856479	REDUCE cov: 1793 ft: 8200 corp: 1730/497Kb lim: 4096 exec/s: 16242 rss: 621Mb L: 992/4082 MS: 5 PersAutoDict-EraseBytes-CrossOver-CrossOver-CopyPart- DE: "0\377\377\377"-
#4858270	REDUCE cov: 1793 ft: 8200 corp: 1730/497Kb lim: 4096 exec/s: 16194 rss: 621Mb L: 77/4082 MS: 1 EraseBytes-
#4860820	REDUCE cov: 1793 ft: 8201 corp: 1731/498Kb lim: 4096 exec/s: 16202 rss: 621Mb L: 1292/4082 MS: 5 CrossOver-CopyPart-ShuffleBytes-InsertRepeatedBytes-CopyPart-
#4868238	REDUCE cov: 1793 ft: 8201 corp: 1731/498Kb lim: 4096 exec/s: 16227 rss: 621Mb L: 258/4082 MS: 3 ChangeASCIIInt-ChangeASCIIInt-EraseBytes-
#4869579	REDUCE cov: 1793 ft: 8201 corp: 1731/498Kb lim: 4096 exec/s: 16231 rss: 621Mb L: 283/4082 MS: 1 EraseBytes-
#4877445	REDUCE cov: 1793 ft: 8201 corp: 1731/498Kb lim: 4096 exec/s: 16204 rss: 621Mb L: 58/4082 MS: 1 EraseBytes-
#4878661	REDUCE cov: 1793 ft: 8201 corp: 1731/498Kb lim: 4096 exec/s: 16208 rss: 621Mb L: 1179/4082 MS: 1 EraseBytes-
#4879102	REDUCE cov: 1793 ft: 8201 corp: 1731/498Kb lim: 4096 exec/s: 16209 rss: 621Mb L: 1041/4082 MS: 1 EraseBytes-
#4879393	REDUCE cov: 1793 ft: 8201 corp: 1731/498Kb lim: 4096 exec/s: 16210 rss: 621Mb L: 177/4082 MS: 1 EraseBytes-
#4880589	REDUCE cov: 1793 ft: 8201 corp: 1731/498Kb lim: 4096 exec/s: 16214 rss: 621Mb L: 63/4082 MS: 1 EraseBytes-
#4886185	REDUCE cov: 1793 ft: 8201 corp: 1731/498Kb lim: 4096 exec/s: 16179 rss: 621Mb L: 1048/4082 MS: 1 EraseBytes-
#4886831	REDUCE cov: 1793 ft: 8201 corp: 1731/498Kb lim: 4096 exec/s: 16181 rss: 621Mb L: 35/4082 MS: 1 EraseBytes-
#4888584	REDUCE cov: 1793 ft: 8201 corp: 1731/498Kb lim: 4096 exec/s: 16187 rss: 621Mb L: 257/4082 MS: 3 ChangeBinInt-ShuffleBytes-EraseBytes-
#4888746	REDUCE cov: 1793 ft: 8201 corp: 1731/498Kb lim: 4096 exec/s: 16187 rss: 621Mb L: 329/4082 MS: 2 CMP-EraseBytes- DE: "\357\277\275 "-
#4891343	REDUCE cov: 1793 ft: 8201 corp: 1731/498Kb lim: 4096 exec/s: 16196 rss: 621Mb L: 598/4082 MS: 2 CopyPart-EraseBytes-
#4891779	REDUCE cov: 1793 ft: 8201 corp: 1731/498Kb lim: 4096 exec/s: 16197 rss: 621Mb L: 905/4082 MS: 1 EraseBytes-
#4892395	REDUCE cov: 1793 ft: 8201 corp: 1731/498Kb lim: 4096 exec/s: 16199 rss: 621Mb L: 3042/4082 MS: 1 EraseBytes-
#4904541	REDUCE cov: 1793 ft: 8201 corp: 1731/498Kb lim: 4096 exec/s: 16186 rss: 621Mb L: 3286/4082 MS: 1 EraseBytes-
#4907222	REDUCE cov: 1793 ft: 8201 corp: 1731/498Kb lim: 4096 exec/s: 16195 rss: 621Mb L: 27/4082 MS: 1 EraseBytes-
#4917015	REDUCE cov: 1793 ft: 8201 corp: 1731/498Kb lim: 4096 exec/s: 16174 rss: 621Mb L: 784/4082 MS: 3 ChangeBit-ChangeByte-EraseBytes-
#4919728	REDUCE cov: 1793 ft: 8201 corp: 1731/497Kb lim: 4096 exec/s: 16183 rss: 621Mb L: 601/4082 MS: 3 ShuffleBytes-InsertRepeatedBytes-EraseBytes-
#4924399	REDUCE cov: 1793 ft: 8201 corp: 1731/497Kb lim: 4096 exec/s: 16198 rss: 621Mb L: 46/4082 MS: 1 EraseBytes-
#4926140	REDUCE cov: 1793 ft: 8201 corp: 1731/497Kb lim: 4096 exec/s: 16204 rss: 621Mb L: 304/4082 MS: 1 EraseBytes-
#4942148	REDUCE cov: 1793 ft: 8201 corp: 1731/497Kb lim: 4096 exec/s: 16203 rss: 621Mb L: 1799/4082 MS: 3 ChangeASCIIInt-EraseBytes-CopyPart-
#4948904	REDUCE cov: 1793 ft: 8201 corp: 1731/497Kb lim: 4096 exec/s: 16172 rss: 621Mb L: 472/4082 MS: 1 EraseBytes-
#4950620	REDUCE cov: 1793 ft: 8201 corp: 1731/497Kb lim: 4096 exec/s: 16178 rss: 621Mb L: 202/4082 MS: 1 EraseBytes-
#4959877	REDUCE cov: 1793 ft: 8201 corp: 1731/497Kb lim: 4096 exec/s: 16155 rss: 621Mb L: 133/4082 MS: 2 ChangeBinInt-EraseBytes-
#4961663	REDUCE cov: 1793 ft: 8201 corp: 1731/497Kb lim: 4096 exec/s: 16161 rss: 621Mb L: 2507/4082 MS: 1 EraseBytes-
#4962084	REDUCE cov: 1793 ft: 8201 corp: 1731/497Kb lim: 4096 exec/s: 16163 rss: 621Mb L: 9/4082 MS: 1 EraseBytes-
#4970214	REDUCE cov: 1793 ft: 8201 corp: 1731/497Kb lim: 4096 exec/s: 16189 rss: 621Mb L: 403/4082 MS: 5 CopyPart-CMP-ChangeBinInt-ChangeBinInt-EraseBytes- DE: "\377\377\377\377\377\377\001\330"-
#4973085	REDUCE cov: 1793 ft: 8201 corp: 1731/497Kb lim: 4096 exec/s: 16198 rss: 621Mb L: 59/4082 MS: 1 EraseBytes-
#4973761	REDUCE cov: 1793 ft: 8201 corp: 1731/497Kb lim: 4096 exec/s: 16201 rss: 621Mb L: 25/4082 MS: 1 EraseBytes-
#4975062	REDUCE cov: 1793 ft: 8201 corp: 1731/497Kb lim: 4096 exec/s: 16152 rss: 621Mb L: 1952/4082 MS: 1 EraseBytes-
#4978458	REDUCE cov: 1793 ft: 8201 corp: 1731/497Kb lim: 4096 exec/s: 16163 rss: 621Mb L: 2836/4082 MS: 1 EraseBytes-
#4979159	REDUCE cov: 1793 ft: 8201 corp: 1731/497Kb lim: 4096 exec/s: 16166 rss: 621Mb L: 52/4082 MS: 1 EraseBytes-
#4994515	REDUCE cov: 1793 ft: 8201 corp: 1731/497Kb lim: 4096 exec/s: 16163 rss: 621Mb L: 189/4082 MS: 1 EraseBytes-
#5004191	REDUCE cov: 1793 ft: 8201 corp: 1731/497Kb lim: 4096 exec/s: 16142 rss: 621Mb L: 62/4082 MS: 1 EraseBytes-
#5004337	REDUCE cov: 1793 ft: 8201 corp: 1731/497Kb lim: 4096 exec/s: 16143 rss: 621Mb L: 99/4082 MS: 1 EraseBytes-
#5006460	REDUCE cov: 1793 ft: 8201 corp: 1731/497Kb lim: 4096 exec/s: 16149 rss: 621Mb L: 232/4082 MS: 3 CrossOver-EraseBytes-EraseBytes-
#5009956	REDUCE cov: 1793 ft: 8201 corp: 1731/497Kb lim: 4096 exec/s: 16161 rss: 621Mb L: 45/4082 MS: 1 EraseBytes-
#5018463	REDUCE cov: 1793 ft: 8201 corp: 1731/497Kb lim: 4096 exec/s: 16136 rss: 621Mb L: 1868/4082 MS: 2 ChangeASCIIInt-EraseBytes-
#5029895	REDUCE cov: 1793 ft: 8201 corp: 1731/497Kb lim: 4096 exec/s: 16173 rss: 621Mb L: 90/4082 MS: 2 ChangeByte-EraseBytes-
#5030516	REDUCE cov: 1793 ft: 8201 corp: 1731/497Kb lim: 4096 exec/s: 16175 rss: 621Mb L: 37/4082 MS: 1 EraseBytes-
#5034832	REDUCE cov: 1793 ft: 8201 corp: 1731/497Kb lim: 4096 exec/s: 16137 rss: 621Mb L: 280/4082 MS: 1 EraseBytes-
#5036524	REDUCE cov: 1793 ft: 8201 corp: 1731/496Kb lim: 4096 exec/s: 16142 rss: 621Mb L: 1675/4082 MS: 2 ChangeASCIIInt-EraseBytes-
#5037760	REDUCE cov: 1793 ft: 8201 corp: 1731/496Kb lim: 4096 exec/s: 16146 rss: 621Mb L: 3000/4082 MS: 1 EraseBytes-
#5039741	REDUCE cov: 1793 ft: 8201 corp: 1731/496Kb lim: 4096 exec/s: 16153 rss: 621Mb L: 383/4082 MS: 1 EraseBytes-
#5044077	REDUCE cov: 1793 ft: 8201 corp: 1731/496Kb lim: 4096 exec/s: 16166 rss: 621Mb L: 327/4082 MS: 1 EraseBytes-
#5044720	REDUCE cov: 1793 ft: 8201 corp: 1731/496Kb lim: 4096 exec/s: 16168 rss: 621Mb L: 37/4082 MS: 3 ChangeByte-CrossOver-EraseBytes-
#5049451	REDUCE cov: 1793 ft: 8201 corp: 1731/496Kb lim: 4096 exec/s: 16132 rss: 621Mb L: 55/4082 MS: 1 EraseBytes-
#5051647	REDUCE cov: 1793 ft: 8201 corp: 1731/496Kb lim: 4096 exec/s: 16139 rss: 621Mb L: 1649/4082 MS: 1 EraseBytes-
#5057669	REDUCE cov: 1793 ft: 8201 corp: 1731/496Kb lim: 4096 exec/s: 16158 rss: 621Mb L: 6/4082 MS: 2 PersAutoDict-EraseBytes- DE: "\377\377\376\312"-
#5060795	REDUCE cov: 1793 ft: 8201 corp: 1731/496Kb lim: 4096 exec/s: 16168 rss: 621Mb L: 1487/4082 MS: 1 EraseBytes-
#5061139	REDUCE cov: 1793 ft: 8201 corp: 1731/496Kb lim: 4096 exec/s: 16118 rss: 621Mb L: 127/4082 MS: 4 ChangeByte-PersAutoDict-InsertByte-EraseBytes- DE: "\000\000\000\000"-
#5068241	REDUCE cov: 1793 ft: 8201 corp: 1731/496Kb lim: 4096 exec/s: 16140 rss: 621Mb L: 243/4082 MS: 2 ChangeASCIIInt-EraseBytes-
#5069887	REDUCE cov: 1793 ft: 8201 corp: 1731/496Kb lim: 4096 exec/s: 16146 rss: 621Mb L: 3424/4082 MS: 1 EraseBytes-
#5087824	REDUCE cov: 1793 ft: 8201 corp: 1731/496Kb lim: 4096 exec/s: 16151 rss: 621Mb L: 1029/4082 MS: 2 ShuffleBytes-EraseBytes-
#5088795	REDUCE cov: 1793 ft: 8201 corp: 1731/496Kb lim: 4096 exec/s: 16154 rss: 621Mb L: 58/4082 MS: 1 EraseBytes-
#5091536	REDUCE cov: 1793 ft: 8201 corp: 1731/496Kb lim: 4096 exec/s: 16112 rss: 621Mb L: 30/4082 MS: 1 EraseBytes-
#5093197	REDUCE cov: 1793 ft: 8201 corp: 1731/496Kb lim: 4096 exec/s: 16117 rss: 621Mb L: 33/4082 MS: 1 EraseBytes-
#5102066	REDUCE cov: 1793 ft: 8201 corp: 1731/496Kb lim: 4096 exec/s: 16145 rss: 621Mb L: 2003/4082 MS: 4 InsertRepeatedBytes-PersAutoDict-CopyPart-EraseBytes- DE: "\357\277\275 \357\277\275 "-
#5104547	REDUCE cov: 1793 ft: 8201 corp: 1731/496Kb lim: 4096 exec/s: 16153 rss: 621Mb L: 1935/4082 MS: 1 EraseBytes-
#5114758	REDUCE cov: 1793 ft: 8201 corp: 1731/496Kb lim: 4096 exec/s: 16134 rss: 621Mb L: 129/4082 MS: 1 EraseBytes-
#5117249	REDUCE cov: 1793 ft: 8201 corp: 1731/496Kb lim: 4096 exec/s: 16142 rss: 621Mb L: 3832/4082 MS: 1 EraseBytes-
#5119860	REDUCE cov: 1793 ft: 8201 corp: 1731/496Kb lim: 4096 exec/s: 16150 rss: 621Mb L: 2490/4082 MS: 1 EraseBytes-
#5134311	REDUCE cov: 1793 ft: 8201 corp: 1731/496Kb lim: 4096 exec/s: 16145 rss: 621Mb L: 158/4082 MS: 1 EraseBytes-
#5136592	REDUCE cov: 1793 ft: 8201 corp: 1731/496Kb lim: 4096 exec/s: 16102 rss: 621Mb L: 197/4082 MS: 1 EraseBytes-
#5141120	REDUCE cov: 1793 ft: 8201 corp: 1731/496Kb lim: 4096 exec/s: 16116 rss: 621Mb L: 15/4082 MS: 3 CopyPart-CrossOver-EraseBytes-
#5144421	REDUCE cov: 1793 ft: 8201 corp: 1731/496Kb lim: 4096 exec/s: 16126 rss: 621Mb L: 181/4082 MS: 1 EraseBytes-
#5158193	REDUCE cov: 1793 ft: 8201 corp: 1731/496Kb lim: 4096 exec/s: 16119 rss: 621Mb L: 53/4082 MS: 2 ChangeBinInt-EraseBytes-
#5161969	REDUCE cov: 1793 ft: 8201 corp: 1731/496Kb lim: 4096 exec/s: 16131 rss: 621Mb L: 52/4082 MS: 1 EraseBytes-
#5162820	REDUCE cov: 1793 ft: 8201 corp: 1731/496Kb lim: 4096 exec/s: 16133 rss: 621Mb L: 920/4082 MS: 1 EraseBytes-
#5164621	REDUCE cov: 1793 ft: 8201 corp: 1731/496Kb lim: 4096 exec/s: 16139 rss: 621Mb L: 292/4082 MS: 1 EraseBytes-
#5168847	REDUCE cov: 1793 ft: 8201 corp: 1731/496Kb lim: 4096 exec/s: 16102 rss: 621Mb L: 21/4082 MS: 1 EraseBytes-
#5169059	REDUCE cov: 1793 ft: 8201 corp: 1731/496Kb lim: 4096 exec/s: 16102 rss: 621Mb L: 254/4082 MS: 2 ChangeBit-EraseBytes-
#5171111	REDUCE cov: 1793 ft: 8201 corp: 1731/496Kb lim: 4096 exec/s: 16109 rss: 621Mb L: 196/4082 MS: 2 ChangeASCIIInt-EraseBytes-
#5173712	REDUCE cov: 1793 ft: 8201 corp: 1731/496Kb lim: 4096 exec/s: 16117 rss: 621Mb L: 677/4082 MS: 1 EraseBytes-
#5176424	REDUCE cov: 1793 ft: 8201 corp: 1731/496Kb lim: 4096 exec/s: 16125 rss: 621Mb L: 123/4082 MS: 2 CopyPart-EraseBytes-
#5190545	REDUCE cov: 1793 ft: 8201 corp: 1731/496Kb lim: 4096 exec/s: 16119 rss: 621Mb L: 510/4082 MS: 1 EraseBytes-
#5195222	REDUCE cov: 1793 ft: 8201 corp: 1731/496Kb lim: 4096 exec/s: 16134 rss: 621Mb L: 1762/4082 MS: 2 CopyPart-EraseBytes-
#5195353	REDUCE cov: 1793 ft: 8201 corp: 1731/496Kb lim: 4096 exec/s: 16134 rss: 621Mb L: 60/4082 MS: 1 EraseBytes-
#5196234	REDUCE cov: 1793 ft: 8201 corp: 1731/496Kb lim: 4096 exec/s: 16087 rss: 621Mb L: 99/4082 MS: 1 EraseBytes-
#5196305	REDUCE cov: 1793 ft: 8201 corp: 1731/496Kb lim: 4096 exec/s: 16087 rss: 621Mb L: 310/4082 MS: 1 EraseBytes-
#5207206	REDUCE cov: 1793 ft: 8201 corp: 1731/496Kb lim: 4096 exec/s: 16121 rss: 621Mb L: 24/4082 MS: 1 EraseBytes-
#5209637	REDUCE cov: 1793 ft: 8201 corp: 1731/496Kb lim: 4096 exec/s: 16128 rss: 621Mb L: 19/4082 MS: 1 EraseBytes-
#5218168	REDUCE cov: 1793 ft: 8201 corp: 1731/496Kb lim: 4096 exec/s: 16105 rss: 621Mb L: 365/4082 MS: 1 EraseBytes-
#5219654	REDUCE cov: 1793 ft: 8201 corp: 1731/496Kb lim: 4096 exec/s: 16110 rss: 621Mb L: 153/4082 MS: 1 EraseBytes-
#5222031	REDUCE cov: 1793 ft: 8201 corp: 1731/496Kb lim: 4096 exec/s: 16117 rss: 621Mb L: 532/4082 MS: 2 InsertByte-EraseBytes-
#5228237	REDUCE cov: 1793 ft: 8201 corp: 1731/496Kb lim: 4096 exec/s: 16086 rss: 621Mb L: 371/4082 MS: 1 EraseBytes-
#5229628	REDUCE cov: 1793 ft: 8201 corp: 1731/496Kb lim: 4096 exec/s: 16091 rss: 621Mb L: 656/4082 MS: 1 EraseBytes-
#5231899	REDUCE cov: 1793 ft: 8201 corp: 1731/496Kb lim: 4096 exec/s: 16098 rss: 621Mb L: 950/4082 MS: 1 EraseBytes-
#5235749	REDUCE cov: 1793 ft: 8201 corp: 1731/496Kb lim: 4096 exec/s: 16109 rss: 621Mb L: 279/4082 MS: 5 ChangeBit-PersAutoDict-ChangeByte-ChangeByte-EraseBytes- DE: "\357\277\275 "-
#5248350	REDUCE cov: 1793 ft: 8201 corp: 1731/496Kb lim: 4096 exec/s: 16099 rss: 621Mb L: 127/4082 MS: 1 EraseBytes-
#5254016	REDUCE cov: 1793 ft: 8201 corp: 1731/496Kb lim: 4096 exec/s: 16067 rss: 621Mb L: 51/4082 MS: 1 EraseBytes-
#5260423	REDUCE cov: 1793 ft: 8201 corp: 1731/496Kb lim: 4096 exec/s: 16086 rss: 621Mb L: 2994/4082 MS: 2 ShuffleBytes-EraseBytes-
#5264829	REDUCE cov: 1793 ft: 8201 corp: 1731/496Kb lim: 4096 exec/s: 16100 rss: 621Mb L: 136/4082 MS: 1 EraseBytes-
#5271580	REDUCE cov: 1793 ft: 8201 corp: 1731/496Kb lim: 4096 exec/s: 16071 rss: 621Mb L: 50/4082 MS: 1 EraseBytes-
#5271756	REDUCE cov: 1793 ft: 8201 corp: 1731/496Kb lim: 4096 exec/s: 16072 rss: 621Mb L: 24/4082 MS: 1 EraseBytes-
#5281402	REDUCE cov: 1793 ft: 8201 corp: 1731/496Kb lim: 4096 exec/s: 16101 rss: 621Mb L: 198/4082 MS: 1 EraseBytes-
#5281514	REDUCE cov: 1793 ft: 8201 corp: 1731/496Kb lim: 4096 exec/s: 16102 rss: 621Mb L: 717/4082 MS: 2 ChangeASCIIInt-EraseBytes-
#5289065	REDUCE cov: 1793 ft: 8201 corp: 1731/496Kb lim: 4096 exec/s: 16076 rss: 621Mb L: 349/4082 MS: 1 EraseBytes-
#5303947	REDUCE cov: 1793 ft: 8201 corp: 1731/496Kb lim: 4096 exec/s: 16072 rss: 621Mb L: 872/4082 MS: 2 ChangeBinInt-EraseBytes-
#5304749	REDUCE cov: 1793 ft: 8201 corp: 1731/496Kb lim: 4096 exec/s: 16074 rss: 621Mb L: 1188/4082 MS: 2 EraseBytes-CopyPart-
#5309250	REDUCE cov: 1793 ft: 8201 corp: 1731/496Kb lim: 4096 exec/s: 16088 rss: 621Mb L: 126/4082 MS: 1 EraseBytes-
#5331501	REDUCE cov: 1793 ft: 8201 corp: 1731/496Kb lim: 4096 exec/s: 16058 rss: 621Mb L: 14/4082 MS: 1 EraseBytes-
#5333314	REDUCE cov: 1793 ft: 8201 corp: 1731/496Kb lim: 4096 exec/s: 16064 rss: 621Mb L: 2481/4082 MS: 3 ChangeByte-EraseBytes-CopyPart-
#5335997	REDUCE cov: 1793 ft: 8201 corp: 1731/495Kb lim: 4096 exec/s: 16072 rss: 621Mb L: 1450/4082 MS: 3 CopyPart-PersAutoDict-EraseBytes- DE: "5\001\000\000"-
#5360249	REDUCE cov: 1793 ft: 8201 corp: 1731/495Kb lim: 4096 exec/s: 16048 rss: 621Mb L: 839/4082 MS: 2 ChangeASCIIInt-EraseBytes-
#5360806	REDUCE cov: 1793 ft: 8201 corp: 1731/495Kb lim: 4096 exec/s: 16050 rss: 621Mb L: 11/4082 MS: 2 CopyPart-EraseBytes-
#5361073	REDUCE cov: 1793 ft: 8201 corp: 1731/495Kb lim: 4096 exec/s: 16051 rss: 621Mb L: 336/4082 MS: 2 ChangeASCIIInt-EraseBytes-
#5362669	REDUCE cov: 1793 ft: 8201 corp: 1731/495Kb lim: 4096 exec/s: 16055 rss: 621Mb L: 1005/4082 MS: 1 EraseBytes-
#5362875	REDUCE cov: 1793 ft: 8201 corp: 1731/495Kb lim: 4096 exec/s: 16056 rss: 621Mb L: 3875/4082 MS: 1 EraseBytes-
#5367301	REDUCE cov: 1793 ft: 8201 corp: 1731/495Kb lim: 4096 exec/s: 16069 rss: 621Mb L: 71/4082 MS: 1 EraseBytes-
#5367632	REDUCE cov: 1793 ft: 8201 corp: 1731/495Kb lim: 4096 exec/s: 16070 rss: 621Mb L: 48/4082 MS: 1 EraseBytes-
#5368960	REDUCE cov: 1793 ft: 8201 corp: 1731/495Kb lim: 4096 exec/s: 16026 rss: 621Mb L: 1322/4082 MS: 3 EraseBytes-ChangeBit-ChangeByte-
#5372127	REDUCE cov: 1793 ft: 8201 corp: 1731/495Kb lim: 4096 exec/s: 16036 rss: 621Mb L: 2725/4082 MS: 2 ChangeASCIIInt-EraseBytes-
#5380198	REDUCE cov: 1793 ft: 8201 corp: 1731/495Kb lim: 4096 exec/s: 16060 rss: 621Mb L: 32/4082 MS: 1 EraseBytes-
#5392729	REDUCE cov: 1793 ft: 8201 corp: 1731/495Kb lim: 4096 exec/s: 16049 rss: 621Mb L: 23/4082 MS: 1 EraseBytes-
#5399686	REDUCE cov: 1793 ft: 8201 corp: 1731/495Kb lim: 4096 exec/s: 16022 rss: 621Mb L: 322/4082 MS: 2 ChangeASCIIInt-EraseBytes-
#5400883	REDUCE cov: 1793 ft: 8201 corp: 1731/495Kb lim: 4096 exec/s: 16026 rss: 621Mb L: 2685/4082 MS: 2 EraseBytes-ChangeBinInt-
#5402645	REDUCE cov: 1793 ft: 8201 corp: 1731/495Kb lim: 4096 exec/s: 16031 rss: 621Mb L: 821/4082 MS: 2 ChangeASCIIInt-EraseBytes-
#5407767	REDUCE cov: 1793 ft: 8201 corp: 1731/495Kb lim: 4096 exec/s: 16046 rss: 621Mb L: 671/4082 MS: 2 ShuffleBytes-EraseBytes-
#5409629	REDUCE cov: 1793 ft: 8201 corp: 1731/495Kb lim: 4096 exec/s: 16052 rss: 621Mb L: 43/4082 MS: 2 ChangeASCIIInt-EraseBytes-
#5413905	REDUCE cov: 1793 ft: 8201 corp: 1731/495Kb lim: 4096 exec/s: 16017 rss: 621Mb L: 920/4082 MS: 1 EraseBytes-
#5414206	REDUCE cov: 1793 ft: 8201 corp: 1731/495Kb lim: 4096 exec/s: 16018 rss: 621Mb L: 658/4082 MS: 1 EraseBytes-
#5423747	REDUCE cov: 1793 ft: 8201 corp: 1731/495Kb lim: 4096 exec/s: 16046 rss: 621Mb L: 99/4082 MS: 1 EraseBytes-
#5428975	REDUCE cov: 1793 ft: 8201 corp: 1731/495Kb lim: 4096 exec/s: 16014 rss: 621Mb L: 83/4082 MS: 3 ChangeByte-EraseBytes-CrossOver-
#5429876	REDUCE cov: 1793 ft: 8201 corp: 1731/495Kb lim: 4096 exec/s: 16017 rss: 621Mb L: 47/4082 MS: 1 EraseBytes-
#5432247	REDUCE cov: 1793 ft: 8201 corp: 1731/495Kb lim: 4096 exec/s: 16024 rss: 621Mb L: 70/4082 MS: 1 EraseBytes-
#5436578	REDUCE cov: 1793 ft: 8201 corp: 1731/495Kb lim: 4096 exec/s: 16037 rss: 621Mb L: 91/4082 MS: 1 EraseBytes-
#5436834	REDUCE cov: 1793 ft: 8201 corp: 1731/495Kb lim: 4096 exec/s: 16037 rss: 621Mb L: 402/4082 MS: 1 EraseBytes-
#5437365	REDUCE cov: 1793 ft: 8201 corp: 1731/495Kb lim: 4096 exec/s: 16039 rss: 621Mb L: 1776/4082 MS: 1 EraseBytes-
#5455031	REDUCE cov: 1793 ft: 8201 corp: 1731/495Kb lim: 4096 exec/s: 16044 rss: 621Mb L: 164/4082 MS: 1 EraseBytes-
#5460143	REDUCE cov: 1793 ft: 8201 corp: 1731/495Kb lim: 4096 exec/s: 16012 rss: 621Mb L: 69/4082 MS: 2 ChangeASCIIInt-EraseBytes-
#5461236	REDUCE cov: 1793 ft: 8201 corp: 1731/494Kb lim: 4096 exec/s: 16015 rss: 621Mb L: 1732/4082 MS: 3 ShuffleBytes-ChangeByte-EraseBytes-
#5478637	REDUCE cov: 1793 ft: 8201 corp: 1731/494Kb lim: 4096 exec/s: 16019 rss: 621Mb L: 115/4082 MS: 1 EraseBytes-
#5481134	REDUCE cov: 1793 ft: 8201 corp: 1731/494Kb lim: 4096 exec/s: 16026 rss: 621Mb L: 2669/4082 MS: 2 EraseBytes-CopyPart-
#5490556	REDUCE cov: 1793 ft: 8201 corp: 1731/494Kb lim: 4096 exec/s: 16007 rss: 621Mb L: 1658/4082 MS: 2 CopyPart-EraseBytes-
#5497892	REDUCE cov: 1793 ft: 8201 corp: 1731/494Kb lim: 4096 exec/s: 16028 rss: 621Mb L: 146/4082 MS: 1 EraseBytes-
#5498863	REDUCE cov: 1793 ft: 8201 corp: 1731/494Kb lim: 4096 exec/s: 15985 rss: 621Mb L: 246/4082 MS: 1 EraseBytes-
#5503915	REDUCE cov: 1793 ft: 8201 corp: 1731/494Kb lim: 4096 exec/s: 15999 rss: 621Mb L: 87/4082 MS: 2 CopyPart-EraseBytes-
#5508945	REDUCE cov: 1793 ft: 8201 corp: 1731/494Kb lim: 4096 exec/s: 16014 rss: 621Mb L: 191/4082 MS: 5 ChangeBit-PersAutoDict-CMP-CopyPart-EraseBytes- DE: "\000\000\000\000\000\000\000\000"-"\377\001XS"-
#5516921	REDUCE cov: 1793 ft: 8201 corp: 1731/494Kb lim: 4096 exec/s: 15991 rss: 621Mb L: 70/4082 MS: 1 EraseBytes-
#5519157	REDUCE cov: 1793 ft: 8201 corp: 1731/494Kb lim: 4096 exec/s: 15997 rss: 621Mb L: 90/4082 MS: 1 EraseBytes-
#5520594	REDUCE cov: 1793 ft: 8201 corp: 1731/494Kb lim: 4096 exec/s: 16001 rss: 621Mb L: 276/4082 MS: 2 ChangeByte-EraseBytes-
#5528635	REDUCE cov: 1793 ft: 8201 corp: 1731/494Kb lim: 4096 exec/s: 15978 rss: 621Mb L: 269/4082 MS: 1 EraseBytes-
#5529466	REDUCE cov: 1793 ft: 8201 corp: 1731/494Kb lim: 4096 exec/s: 15981 rss: 621Mb L: 1415/4082 MS: 1 EraseBytes-
#5531842	REDUCE cov: 1793 ft: 8201 corp: 1731/494Kb lim: 4096 exec/s: 15987 rss: 621Mb L: 170/4082 MS: 1 EraseBytes-
#5536811	REDUCE cov: 1793 ft: 8201 corp: 1731/494Kb lim: 4096 exec/s: 16002 rss: 621Mb L: 1449/4082 MS: 4 EraseBytes-ShuffleBytes-ShuffleBytes-CopyPart-
#5538747	REDUCE cov: 1793 ft: 8201 corp: 1731/494Kb lim: 4096 exec/s: 16007 rss: 621Mb L: 61/4082 MS: 1 EraseBytes-
#5552626	REDUCE cov: 1793 ft: 8201 corp: 1731/494Kb lim: 4096 exec/s: 16001 rss: 621Mb L: 40/4082 MS: 4 PersAutoDict-EraseBytes-CopyPart-EraseBytes- DE: "\357\277\275\357\277\275\357"-
#5569287	REDUCE cov: 1793 ft: 8201 corp: 1731/494Kb lim: 4096 exec/s: 16003 rss: 621Mb L: 558/4082 MS: 1 EraseBytes-
#5576514	REDUCE cov: 1793 ft: 8201 corp: 1731/494Kb lim: 4096 exec/s: 15978 rss: 621Mb L: 295/4082 MS: 2 ChangeBit-EraseBytes-
#5581336	REDUCE cov: 1793 ft: 8201 corp: 1731/494Kb lim: 4096 exec/s: 15992 rss: 621Mb L: 161/4082 MS: 2 InsertByte-EraseBytes-
#5582779	NEW    cov: 1794 ft: 8202 corp: 1732/494Kb lim: 4096 exec/s: 15996 rss: 621Mb L: 218/4082 MS: 3 CrossOver-CMP-CrossOver- DE: "\377\377\377\377\377\377\377\377"-
#5590360	REDUCE cov: 1794 ft: 8202 corp: 1732/494Kb lim: 4096 exec/s: 15972 rss: 621Mb L: 49/4082 MS: 1 EraseBytes-
#5598051	REDUCE cov: 1794 ft: 8202 corp: 1732/494Kb lim: 4096 exec/s: 15948 rss: 621Mb L: 95/4082 MS: 1 EraseBytes-
#5598757	REDUCE cov: 1794 ft: 8202 corp: 1732/494Kb lim: 4096 exec/s: 15950 rss: 621Mb L: 1475/4082 MS: 1 EraseBytes-
#5599313	REDUCE cov: 1794 ft: 8202 corp: 1732/494Kb lim: 4096 exec/s: 15952 rss: 621Mb L: 98/4082 MS: 1 EraseBytes-
#5601459	NEW    cov: 1795 ft: 8203 corp: 1733/494Kb lim: 4096 exec/s: 15958 rss: 621Mb L: 219/4082 MS: 1 InsertByte-
#5609620	REDUCE cov: 1795 ft: 8203 corp: 1733/494Kb lim: 4096 exec/s: 15936 rss: 621Mb L: 3863/4082 MS: 1 EraseBytes-
#5610822	REDUCE cov: 1795 ft: 8203 corp: 1733/494Kb lim: 4096 exec/s: 15894 rss: 621Mb L: 1471/4082 MS: 2 ChangeByte-EraseBytes-
#5616350	REDUCE cov: 1795 ft: 8203 corp: 1733/494Kb lim: 4096 exec/s: 15910 rss: 621Mb L: 1506/4082 MS: 3 ChangeASCIIInt-ChangeBit-EraseBytes-
#5618747	REDUCE cov: 1795 ft: 8203 corp: 1733/494Kb lim: 4096 exec/s: 15917 rss: 621Mb L: 1503/4082 MS: 1 EraseBytes-
#5618917	REDUCE cov: 1795 ft: 8203 corp: 1733/494Kb lim: 4096 exec/s: 15917 rss: 621Mb L: 1470/4082 MS: 5 EraseBytes-InsertByte-CopyPart-ChangeASCIIInt-ChangeBit-
#5623278	REDUCE cov: 1795 ft: 8203 corp: 1733/494Kb lim: 4096 exec/s: 15884 rss: 621Mb L: 1017/4082 MS: 1 EraseBytes-
#5626820	REDUCE cov: 1795 ft: 8203 corp: 1733/494Kb lim: 4096 exec/s: 15894 rss: 621Mb L: 57/4082 MS: 1 EraseBytes-
#5631391	REDUCE cov: 1795 ft: 8203 corp: 1733/494Kb lim: 4096 exec/s: 15863 rss: 621Mb L: 412/4082 MS: 1 EraseBytes-
#5633602	REDUCE cov: 1795 ft: 8203 corp: 1733/494Kb lim: 4096 exec/s: 15869 rss: 621Mb L: 277/4082 MS: 1 EraseBytes-
#5635068	REDUCE cov: 1795 ft: 8203 corp: 1733/494Kb lim: 4096 exec/s: 15828 rss: 621Mb L: 55/4082 MS: 1 EraseBytes-
#5635424	REDUCE cov: 1795 ft: 8203 corp: 1733/494Kb lim: 4096 exec/s: 15829 rss: 621Mb L: 2168/4082 MS: 1 EraseBytes-
#5639602	REDUCE cov: 1795 ft: 8203 corp: 1733/494Kb lim: 4096 exec/s: 15841 rss: 621Mb L: 719/4082 MS: 3 ChangeBit-CopyPart-EraseBytes-
#5641101	REDUCE cov: 1795 ft: 8203 corp: 1733/494Kb lim: 4096 exec/s: 15845 rss: 621Mb L: 138/4082 MS: 4 EraseBytes-ShuffleBytes-ShuffleBytes-ChangeBit-
#5643537	REDUCE cov: 1795 ft: 8203 corp: 1733/494Kb lim: 4096 exec/s: 15808 rss: 621Mb L: 373/4082 MS: 1 EraseBytes-
#5646263	REDUCE cov: 1795 ft: 8203 corp: 1733/494Kb lim: 4096 exec/s: 15815 rss: 621Mb L: 58/4082 MS: 1 EraseBytes-
#5646825	NEW    cov: 1796 ft: 8204 corp: 1734/494Kb lim: 4096 exec/s: 15817 rss: 621Mb L: 218/4082 MS: 2 ChangeBit-CopyPart-
#5652981	REDUCE cov: 1796 ft: 8204 corp: 1734/494Kb lim: 4096 exec/s: 15790 rss: 621Mb L: 29/4082 MS: 1 EraseBytes-
#5661482	REDUCE cov: 1796 ft: 8204 corp: 1734/494Kb lim: 4096 exec/s: 15770 rss: 621Mb L: 2261/4082 MS: 1 EraseBytes-
#5661603	REDUCE cov: 1796 ft: 8204 corp: 1734/494Kb lim: 4096 exec/s: 15770 rss: 621Mb L: 1469/4082 MS: 1 EraseBytes-
#5661865	REDUCE cov: 1796 ft: 8204 corp: 1734/494Kb lim: 4096 exec/s: 15771 rss: 621Mb L: 57/4082 MS: 2 InsertByte-EraseBytes-
#5663276	NEW    cov: 1796 ft: 8205 corp: 1735/494Kb lim: 4096 exec/s: 15775 rss: 621Mb L: 219/4082 MS: 1 ChangeByte-
#5667579	REDUCE cov: 1796 ft: 8205 corp: 1735/494Kb lim: 4096 exec/s: 15743 rss: 621Mb L: 2457/4082 MS: 2 CopyPart-EraseBytes-
#5672515	REDUCE cov: 1796 ft: 8205 corp: 1735/494Kb lim: 4096 exec/s: 15756 rss: 621Mb L: 884/4082 MS: 1 EraseBytes-
#5675911	REDUCE cov: 1796 ft: 8205 corp: 1735/494Kb lim: 4096 exec/s: 15722 rss: 621Mb L: 615/4082 MS: 1 EraseBytes-
#5679387	REDUCE cov: 1796 ft: 8205 corp: 1735/494Kb lim: 4096 exec/s: 15732 rss: 621Mb L: 76/4082 MS: 1 EraseBytes-
#5679503	REDUCE cov: 1796 ft: 8205 corp: 1735/494Kb lim: 4096 exec/s: 15732 rss: 621Mb L: 52/4082 MS: 1 EraseBytes-
#5683019	REDUCE cov: 1796 ft: 8205 corp: 1735/494Kb lim: 4096 exec/s: 15698 rss: 621Mb L: 69/4082 MS: 1 EraseBytes-
#5685066	REDUCE cov: 1796 ft: 8205 corp: 1735/494Kb lim: 4096 exec/s: 15704 rss: 621Mb L: 2358/4082 MS: 2 ChangeByte-EraseBytes-
#5685898	REDUCE cov: 1796 ft: 8205 corp: 1735/494Kb lim: 4096 exec/s: 15706 rss: 621Mb L: 1753/4082 MS: 2 ChangeBit-EraseBytes-
#5687719	REDUCE cov: 1796 ft: 8205 corp: 1735/494Kb lim: 4096 exec/s: 15711 rss: 621Mb L: 59/4082 MS: 1 EraseBytes-
#5692492	REDUCE cov: 1796 ft: 8205 corp: 1735/494Kb lim: 4096 exec/s: 15681 rss: 621Mb L: 2226/4082 MS: 3 ChangeASCIIInt-ChangeASCIIInt-EraseBytes-
#5695599	REDUCE cov: 1796 ft: 8205 corp: 1735/494Kb lim: 4096 exec/s: 15690 rss: 621Mb L: 2530/4082 MS: 2 PersAutoDict-EraseBytes- DE: "\377\377\377\377\377\377\377\377"-
#5705750	REDUCE cov: 1796 ft: 8205 corp: 1735/494Kb lim: 4096 exec/s: 15675 rss: 621Mb L: 3823/4082 MS: 1 EraseBytes-
#5706366	REDUCE cov: 1796 ft: 8205 corp: 1735/494Kb lim: 4096 exec/s: 15676 rss: 621Mb L: 392/4082 MS: 1 EraseBytes-
#5709465	REDUCE cov: 1796 ft: 8205 corp: 1735/494Kb lim: 4096 exec/s: 15642 rss: 621Mb L: 1465/4082 MS: 4 ChangeByte-ChangeASCIIInt-ChangeBit-EraseBytes-
#5713672	REDUCE cov: 1796 ft: 8205 corp: 1735/494Kb lim: 4096 exec/s: 15653 rss: 621Mb L: 3762/4082 MS: 2 ChangeByte-EraseBytes-
#5715134	REDUCE cov: 1796 ft: 8205 corp: 1735/494Kb lim: 4096 exec/s: 15615 rss: 621Mb L: 895/4082 MS: 2 CopyPart-EraseBytes-
#5722808	REDUCE cov: 1796 ft: 8205 corp: 1735/494Kb lim: 4096 exec/s: 15593 rss: 621Mb L: 790/4082 MS: 3 ChangeBit-ChangeASCIIInt-EraseBytes-
#5726839	REDUCE cov: 1796 ft: 8205 corp: 1735/494Kb lim: 4096 exec/s: 15604 rss: 621Mb L: 67/4082 MS: 1 EraseBytes-
#5729231	REDUCE cov: 1796 ft: 8205 corp: 1735/494Kb lim: 4096 exec/s: 15610 rss: 621Mb L: 360/4082 MS: 2 PersAutoDict-EraseBytes- DE: "# \357\277\275 "-
#5729554	REDUCE cov: 1796 ft: 8205 corp: 1735/493Kb lim: 4096 exec/s: 15611 rss: 621Mb L: 3175/4082 MS: 3 ChangeBinInt-EraseBytes-ChangeASCIIInt-
#5734985	REDUCE cov: 1796 ft: 8205 corp: 1735/493Kb lim: 4096 exec/s: 15584 rss: 621Mb L: 88/4082 MS: 1 EraseBytes-
#5736987	REDUCE cov: 1796 ft: 8205 corp: 1735/493Kb lim: 4096 exec/s: 15589 rss: 621Mb L: 2345/4082 MS: 2 EraseBytes-ChangeASCIIInt-
#5746593	REDUCE cov: 1796 ft: 8205 corp: 1735/493Kb lim: 4096 exec/s: 15573 rss: 621Mb L: 37/4082 MS: 1 EraseBytes-
#5753689	REDUCE cov: 1796 ft: 8205 corp: 1735/493Kb lim: 4096 exec/s: 15550 rss: 621Mb L: 162/4082 MS: 1 EraseBytes-
#5753700	REDUCE cov: 1796 ft: 8205 corp: 1735/493Kb lim: 4096 exec/s: 15550 rss: 621Mb L: 2794/4082 MS: 1 EraseBytes-
#5758972	REDUCE cov: 1796 ft: 8205 corp: 1735/493Kb lim: 4096 exec/s: 15522 rss: 621Mb L: 2766/4082 MS: 2 ShuffleBytes-EraseBytes-
#5767619	REDUCE cov: 1796 ft: 8205 corp: 1735/493Kb lim: 4096 exec/s: 15504 rss: 621Mb L: 152/4082 MS: 1 EraseBytes-
#5772251	REDUCE cov: 1796 ft: 8205 corp: 1735/493Kb lim: 4096 exec/s: 15475 rss: 621Mb L: 946/4082 MS: 2 ShuffleBytes-EraseBytes-
#5774342	REDUCE cov: 1796 ft: 8205 corp: 1735/493Kb lim: 4096 exec/s: 15480 rss: 621Mb L: 2143/4082 MS: 1 EraseBytes-
#5778134	REDUCE cov: 1796 ft: 8205 corp: 1735/493Kb lim: 4096 exec/s: 15490 rss: 621Mb L: 2257/4082 MS: 2 EraseBytes-ChangeByte-
#5784390	REDUCE cov: 1796 ft: 8205 corp: 1735/493Kb lim: 4096 exec/s: 15466 rss: 621Mb L: 2216/4082 MS: 1 EraseBytes-
#5785403	REDUCE cov: 1796 ft: 8205 corp: 1735/493Kb lim: 4096 exec/s: 15468 rss: 621Mb L: 826/4082 MS: 3 EraseBytes-ShuffleBytes-InsertRepeatedBytes-
#5792635	REDUCE cov: 1796 ft: 8205 corp: 1735/493Kb lim: 4096 exec/s: 15447 rss: 621Mb L: 3112/4082 MS: 1 EraseBytes-
#5797416	REDUCE cov: 1796 ft: 8205 corp: 1735/493Kb lim: 4096 exec/s: 15418 rss: 621Mb L: 386/4082 MS: 1 EraseBytes-
#5799209	REDUCE cov: 1796 ft: 8205 corp: 1735/493Kb lim: 4096 exec/s: 15423 rss: 621Mb L: 2152/4082 MS: 3 ChangeByte-CrossOver-EraseBytes-
#5800189	REDUCE cov: 1796 ft: 8205 corp: 1735/493Kb lim: 4096 exec/s: 15426 rss: 621Mb L: 1424/4082 MS: 4 ShuffleBytes-InsertByte-PersAutoDict-EraseBytes- DE: "# \357\277\275 "-
#5807707	REDUCE cov: 1796 ft: 8205 corp: 1735/493Kb lim: 4096 exec/s: 15405 rss: 621Mb L: 504/4082 MS: 3 ChangeByte-ChangeByte-EraseBytes-
#5807743	REDUCE cov: 1796 ft: 8205 corp: 1735/493Kb lim: 4096 exec/s: 15405 rss: 621Mb L: 3758/4082 MS: 1 EraseBytes-
#5817219	REDUCE cov: 1796 ft: 8205 corp: 1735/493Kb lim: 4096 exec/s: 15389 rss: 621Mb L: 303/4082 MS: 1 EraseBytes-
#5822740	REDUCE cov: 1796 ft: 8205 corp: 1735/493Kb lim: 4096 exec/s: 15363 rss: 621Mb L: 949/4082 MS: 1 EraseBytes-
#5825391	REDUCE cov: 1796 ft: 8205 corp: 1735/493Kb lim: 4096 exec/s: 15370 rss: 621Mb L: 355/4082 MS: 1 EraseBytes-
#5826617	REDUCE cov: 1796 ft: 8205 corp: 1735/493Kb lim: 4096 exec/s: 15373 rss: 621Mb L: 2079/4082 MS: 1 EraseBytes-
#5827633	REDUCE cov: 1796 ft: 8205 corp: 1735/493Kb lim: 4096 exec/s: 15376 rss: 621Mb L: 54/4082 MS: 1 EraseBytes-
#5843904	REDUCE cov: 1796 ft: 8205 corp: 1735/493Kb lim: 4096 exec/s: 15338 rss: 621Mb L: 3285/4082 MS: 1 EraseBytes-
#5845369	REDUCE cov: 1796 ft: 8205 corp: 1735/493Kb lim: 4096 exec/s: 15342 rss: 621Mb L: 2439/4082 MS: 5 ShuffleBytes-InsertByte-ChangeASCIIInt-ChangeByte-EraseBytes-
#5847412	REDUCE cov: 1796 ft: 8205 corp: 1735/493Kb lim: 4096 exec/s: 15307 rss: 621Mb L: 3593/4082 MS: 3 ShuffleBytes-ChangeASCIIInt-EraseBytes-
#5848817	REDUCE cov: 1796 ft: 8205 corp: 1735/493Kb lim: 4096 exec/s: 15311 rss: 621Mb L: 527/4082 MS: 5 ChangeASCIIInt-ChangeASCIIInt-ChangeASCIIInt-ChangeBit-EraseBytes-
#5848870	REDUCE cov: 1796 ft: 8205 corp: 1735/493Kb lim: 4096 exec/s: 15311 rss: 621Mb L: 1272/4082 MS: 3 EraseBytes-InsertRepeatedBytes-ShuffleBytes-
#5854758	REDUCE cov: 1796 ft: 8205 corp: 1735/493Kb lim: 4096 exec/s: 15286 rss: 621Mb L: 353/4082 MS: 3 ChangeASCIIInt-ChangeByte-EraseBytes-
#5856900	REDUCE cov: 1796 ft: 8205 corp: 1735/492Kb lim: 4096 exec/s: 15292 rss: 621Mb L: 14/4082 MS: 2 ShuffleBytes-EraseBytes-
#5857771	REDUCE cov: 1796 ft: 8205 corp: 1735/492Kb lim: 4096 exec/s: 15294 rss: 621Mb L: 5/4082 MS: 1 EraseBytes-
#5860682	REDUCE cov: 1796 ft: 8205 corp: 1735/492Kb lim: 4096 exec/s: 15302 rss: 621Mb L: 1118/4082 MS: 1 EraseBytes-
#5861238	REDUCE cov: 1796 ft: 8205 corp: 1735/492Kb lim: 4096 exec/s: 15303 rss: 621Mb L: 1967/4082 MS: 1 EraseBytes-
#5863899	REDUCE cov: 1796 ft: 8205 corp: 1735/492Kb lim: 4096 exec/s: 15270 rss: 621Mb L: 171/4082 MS: 1 EraseBytes-
#5865850	REDUCE cov: 1796 ft: 8205 corp: 1735/492Kb lim: 4096 exec/s: 15275 rss: 621Mb L: 2149/4082 MS: 1 EraseBytes-
#5867471	REDUCE cov: 1796 ft: 8205 corp: 1735/492Kb lim: 4096 exec/s: 15279 rss: 621Mb L: 146/4082 MS: 1 EraseBytes-
#5881327	REDUCE cov: 1796 ft: 8205 corp: 1735/492Kb lim: 4096 exec/s: 15236 rss: 621Mb L: 349/4082 MS: 1 EraseBytes-
#5888233	REDUCE cov: 1796 ft: 8205 corp: 1735/492Kb lim: 4096 exec/s: 15215 rss: 621Mb L: 22/4082 MS: 1 EraseBytes-
#5889479	REDUCE cov: 1796 ft: 8205 corp: 1735/492Kb lim: 4096 exec/s: 15218 rss: 621Mb L: 2350/4082 MS: 1 EraseBytes-
#5889735	REDUCE cov: 1796 ft: 8205 corp: 1735/492Kb lim: 4096 exec/s: 15218 rss: 621Mb L: 3006/4082 MS: 1 EraseBytes-
#5893118	REDUCE cov: 1796 ft: 8205 corp: 1735/492Kb lim: 4096 exec/s: 15227 rss: 621Mb L: 350/4082 MS: 3 ChangeBit-ChangeBit-EraseBytes-
#5895979	REDUCE cov: 1796 ft: 8205 corp: 1735/492Kb lim: 4096 exec/s: 15195 rss: 621Mb L: 508/4082 MS: 1 EraseBytes-
#5896635	REDUCE cov: 1796 ft: 8205 corp: 1735/492Kb lim: 4096 exec/s: 15197 rss: 621Mb L: 904/4082 MS: 1 EraseBytes-
#5896866	REDUCE cov: 1796 ft: 8205 corp: 1735/492Kb lim: 4096 exec/s: 15198 rss: 621Mb L: 3260/4082 MS: 1 EraseBytes-
#5899182	REDUCE cov: 1796 ft: 8205 corp: 1735/492Kb lim: 4096 exec/s: 15204 rss: 621Mb L: 3566/4082 MS: 1 EraseBytes-
#5902004	REDUCE cov: 1796 ft: 8205 corp: 1735/492Kb lim: 4096 exec/s: 15211 rss: 621Mb L: 639/4082 MS: 2 PersAutoDict-EraseBytes- DE: "\357\277\275 "-
#5904515	REDUCE cov: 1796 ft: 8205 corp: 1735/492Kb lim: 4096 exec/s: 15178 rss: 621Mb L: 608/4082 MS: 1 EraseBytes-
#5905596	REDUCE cov: 1796 ft: 8205 corp: 1735/492Kb lim: 4096 exec/s: 15181 rss: 621Mb L: 116/4082 MS: 1 EraseBytes-
#5906462	REDUCE cov: 1796 ft: 8205 corp: 1735/492Kb lim: 4096 exec/s: 15183 rss: 621Mb L: 289/4082 MS: 1 EraseBytes-
#5907474	REDUCE cov: 1796 ft: 8205 corp: 1735/492Kb lim: 4096 exec/s: 15186 rss: 621Mb L: 2125/4082 MS: 2 ChangeBit-EraseBytes-
#5909560	REDUCE cov: 1796 ft: 8205 corp: 1735/492Kb lim: 4096 exec/s: 15191 rss: 621Mb L: 80/4082 MS: 1 EraseBytes-
#5914883	REDUCE cov: 1796 ft: 8205 corp: 1735/492Kb lim: 4096 exec/s: 15166 rss: 621Mb L: 2334/4082 MS: 2 ChangeASCIIInt-EraseBytes-
#5915305	REDUCE cov: 1796 ft: 8205 corp: 1735/492Kb lim: 4096 exec/s: 15167 rss: 621Mb L: 95/4082 MS: 2 ChangeByte-EraseBytes-
#5915771	REDUCE cov: 1796 ft: 8205 corp: 1735/492Kb lim: 4096 exec/s: 15168 rss: 621Mb L: 2708/4082 MS: 1 EraseBytes-
#5916752	REDUCE cov: 1796 ft: 8205 corp: 1735/492Kb lim: 4096 exec/s: 15171 rss: 621Mb L: 349/4082 MS: 1 EraseBytes-
#5917969	REDUCE cov: 1796 ft: 8205 corp: 1735/492Kb lim: 4096 exec/s: 15174 rss: 621Mb L: 2067/4082 MS: 2 EraseBytes-ChangeASCIIInt-
#5920443	REDUCE cov: 1796 ft: 8205 corp: 1735/492Kb lim: 4096 exec/s: 15180 rss: 621Mb L: 607/4082 MS: 3 ChangeASCIIInt-ChangeASCIIInt-EraseBytes-
#5931882	REDUCE cov: 1796 ft: 8205 corp: 1735/492Kb lim: 4096 exec/s: 15132 rss: 621Mb L: 281/4082 MS: 4 CopyPart-ShuffleBytes-ChangeBit-EraseBytes-
#5936743	REDUCE cov: 1796 ft: 8205 corp: 1735/492Kb lim: 4096 exec/s: 15144 rss: 621Mb L: 195/4082 MS: 1 EraseBytes-
#5938734	REDUCE cov: 1796 ft: 8205 corp: 1735/492Kb lim: 4096 exec/s: 15111 rss: 621Mb L: 65/4082 MS: 1 EraseBytes-
#5952920	REDUCE cov: 1796 ft: 8205 corp: 1735/492Kb lim: 4096 exec/s: 15108 rss: 621Mb L: 604/4082 MS: 1 EraseBytes-
#5954278	REDUCE cov: 1796 ft: 8205 corp: 1735/492Kb lim: 4096 exec/s: 15112 rss: 621Mb L: 84/4082 MS: 3 ChangeByte-InsertByte-EraseBytes-
#5963854	REDUCE cov: 1796 ft: 8205 corp: 1735/492Kb lim: 4096 exec/s: 15098 rss: 621Mb L: 271/4082 MS: 1 EraseBytes-
#5973685	REDUCE cov: 1796 ft: 8205 corp: 1735/492Kb lim: 4096 exec/s: 15047 rss: 621Mb L: 43/4082 MS: 1 EraseBytes-
#5975611	REDUCE cov: 1796 ft: 8205 corp: 1735/492Kb lim: 4096 exec/s: 15051 rss: 621Mb L: 1694/4082 MS: 1 EraseBytes-
#5977667	REDUCE cov: 1796 ft: 8205 corp: 1735/492Kb lim: 4096 exec/s: 15057 rss: 621Mb L: 20/4082 MS: 1 EraseBytes-
#5984214	REDUCE cov: 1796 ft: 8205 corp: 1735/492Kb lim: 4096 exec/s: 15035 rss: 621Mb L: 137/4082 MS: 2 ShuffleBytes-EraseBytes-
#5984680	REDUCE cov: 1796 ft: 8205 corp: 1735/492Kb lim: 4096 exec/s: 15036 rss: 621Mb L: 28/4082 MS: 1 EraseBytes-
#5986197	REDUCE cov: 1796 ft: 8205 corp: 1735/492Kb lim: 4096 exec/s: 15040 rss: 621Mb L: 339/4082 MS: 2 ChangeASCIIInt-EraseBytes-
#5987103	REDUCE cov: 1796 ft: 8205 corp: 1735/492Kb lim: 4096 exec/s: 15042 rss: 621Mb L: 107/4082 MS: 1 EraseBytes-
#5992636	REDUCE cov: 1796 ft: 8205 corp: 1735/492Kb lim: 4096 exec/s: 15019 rss: 621Mb L: 323/4082 MS: 3 ChangeASCIIInt-CrossOver-EraseBytes-
#5997262	REDUCE cov: 1796 ft: 8205 corp: 1735/492Kb lim: 4096 exec/s: 15030 rss: 621Mb L: 3236/4082 MS: 1 EraseBytes-
#5998719	REDUCE cov: 1796 ft: 8205 corp: 1735/492Kb lim: 4096 exec/s: 14996 rss: 621Mb L: 143/4082 MS: 2 ChangeByte-EraseBytes-
#5999690	REDUCE cov: 1796 ft: 8205 corp: 1735/492Kb lim: 4096 exec/s: 14999 rss: 621Mb L: 425/4082 MS: 1 EraseBytes-
#6002011	REDUCE cov: 1796 ft: 8205 corp: 1735/492Kb lim: 4096 exec/s: 15005 rss: 621Mb L: 301/4082 MS: 1 EraseBytes-
#6015132	REDUCE cov: 1796 ft: 8205 corp: 1735/492Kb lim: 4096 exec/s: 14963 rss: 621Mb L: 167/4082 MS: 1 EraseBytes-
#6015464	REDUCE cov: 1796 ft: 8205 corp: 1735/492Kb lim: 4096 exec/s: 14963 rss: 621Mb L: 23/4082 MS: 2 ShuffleBytes-EraseBytes-
#6016860	REDUCE cov: 1796 ft: 8205 corp: 1735/492Kb lim: 4096 exec/s: 14967 rss: 621Mb L: 114/4082 MS: 1 EraseBytes-
#6018881	REDUCE cov: 1796 ft: 8205 corp: 1735/492Kb lim: 4096 exec/s: 14972 rss: 621Mb L: 95/4082 MS: 1 EraseBytes-
#6021672	REDUCE cov: 1796 ft: 8205 corp: 1735/492Kb lim: 4096 exec/s: 14979 rss: 621Mb L: 43/4082 MS: 1 EraseBytes-
#6023093	REDUCE cov: 1796 ft: 8205 corp: 1735/492Kb lim: 4096 exec/s: 14945 rss: 621Mb L: 348/4082 MS: 1 EraseBytes-
#6028309	REDUCE cov: 1796 ft: 8205 corp: 1735/492Kb lim: 4096 exec/s: 14958 rss: 621Mb L: 2026/4082 MS: 1 EraseBytes-
#6038846	REDUCE cov: 1796 ft: 8205 corp: 1735/492Kb lim: 4096 exec/s: 14947 rss: 621Mb L: 2057/4082 MS: 2 ChangeBit-CrossOver-
#6050277	REDUCE cov: 1796 ft: 8205 corp: 1735/492Kb lim: 4096 exec/s: 14902 rss: 621Mb L: 602/4082 MS: 1 EraseBytes-
#6051169	REDUCE cov: 1796 ft: 8205 corp: 1735/492Kb lim: 4096 exec/s: 14904 rss: 621Mb L: 229/4082 MS: 2 ChangeASCIIInt-EraseBytes-
#6051171	REDUCE cov: 1796 ft: 8205 corp: 1735/491Kb lim: 4096 exec/s: 14904 rss: 621Mb L: 3777/4082 MS: 2 PersAutoDict-EraseBytes- DE: "\357\277\275 "-
#6051443	REDUCE cov: 1796 ft: 8205 corp: 1735/491Kb lim: 4096 exec/s: 14905 rss: 621Mb L: 1950/4082 MS: 2 ChangeBit-EraseBytes-
#6054699	REDUCE cov: 1796 ft: 8205 corp: 1735/491Kb lim: 4096 exec/s: 14913 rss: 621Mb L: 2222/4082 MS: 1 EraseBytes-
#6055302	REDUCE cov: 1796 ft: 8205 corp: 1735/491Kb lim: 4096 exec/s: 14914 rss: 621Mb L: 3538/4082 MS: 3 InsertRepeatedBytes-ChangeASCIIInt-EraseBytes-
#6060983	REDUCE cov: 1796 ft: 8205 corp: 1735/491Kb lim: 4096 exec/s: 14891 rss: 621Mb L: 2654/4082 MS: 1 EraseBytes-
#6063548	REDUCE cov: 1796 ft: 8205 corp: 1735/491Kb lim: 4096 exec/s: 14898 rss: 621Mb L: 2079/4082 MS: 5 PersAutoDict-ShuffleBytes-CMP-PersAutoDict-EraseBytes- DE: "5\001\000\000"-"1\357\277\275"-"# \357\277\275 "-
#6065721	REDUCE cov: 1796 ft: 8205 corp: 1735/491Kb lim: 4096 exec/s: 14866 rss: 621Mb L: 1005/4082 MS: 3 ShuffleBytes-InsertByte-EraseBytes-
#6066357	REDUCE cov: 1796 ft: 8205 corp: 1735/491Kb lim: 4096 exec/s: 14868 rss: 621Mb L: 135/4082 MS: 1 EraseBytes-
#6074071	REDUCE cov: 1796 ft: 8205 corp: 1735/491Kb lim: 4096 exec/s: 14851 rss: 621Mb L: 1940/4082 MS: 4 EraseBytes-ChangeBit-InsertByte-ShuffleBytes-
#6077268	REDUCE cov: 1796 ft: 8205 corp: 1735/491Kb lim: 4096 exec/s: 14858 rss: 621Mb L: 3515/4082 MS: 2 ChangeBit-EraseBytes-
#6078944	REDUCE cov: 1796 ft: 8205 corp: 1735/491Kb lim: 4096 exec/s: 14862 rss: 621Mb L: 1860/4082 MS: 1 EraseBytes-
#6087191	REDUCE cov: 1796 ft: 8205 corp: 1735/491Kb lim: 4096 exec/s: 14846 rss: 621Mb L: 3719/4082 MS: 1 EraseBytes-
#6087977	REDUCE cov: 1796 ft: 8205 corp: 1735/491Kb lim: 4096 exec/s: 14848 rss: 621Mb L: 52/4082 MS: 1 EraseBytes-
#6098180	REDUCE cov: 1796 ft: 8205 corp: 1735/491Kb lim: 4096 exec/s: 14801 rss: 621Mb L: 3664/4082 MS: 3 InsertByte-ChangeBit-EraseBytes-
#6100607	REDUCE cov: 1796 ft: 8205 corp: 1735/491Kb lim: 4096 exec/s: 14807 rss: 621Mb L: 22/4082 MS: 1 EraseBytes-
#6108873	REDUCE cov: 1796 ft: 8205 corp: 1735/491Kb lim: 4096 exec/s: 14791 rss: 621Mb L: 2202/4082 MS: 1 EraseBytes-
#6111522	REDUCE cov: 1796 ft: 8205 corp: 1735/491Kb lim: 4096 exec/s: 14797 rss: 621Mb L: 49/4082 MS: 4 InsertByte-ChangeBinInt-EraseBytes-InsertRepeatedBytes-
#6113483	REDUCE cov: 1796 ft: 8205 corp: 1735/491Kb lim: 4096 exec/s: 14802 rss: 621Mb L: 648/4082 MS: 1 EraseBytes-
#6115536	REDUCE cov: 1796 ft: 8205 corp: 1735/491Kb lim: 4096 exec/s: 14771 rss: 621Mb L: 236/4082 MS: 3 InsertByte-ChangeBinInt-EraseBytes-
#6116577	REDUCE cov: 1796 ft: 8205 corp: 1735/491Kb lim: 4096 exec/s: 14774 rss: 621Mb L: 647/4082 MS: 1 EraseBytes-
#6117308	REDUCE cov: 1796 ft: 8205 corp: 1735/491Kb lim: 4096 exec/s: 14776 rss: 621Mb L: 824/4082 MS: 1 EraseBytes-
#6120781	REDUCE cov: 1796 ft: 8205 corp: 1735/491Kb lim: 4096 exec/s: 14784 rss: 621Mb L: 2200/4082 MS: 2 ChangeBit-EraseBytes-
#6127088	REDUCE cov: 1796 ft: 8205 corp: 1735/491Kb lim: 4096 exec/s: 14764 rss: 621Mb L: 3216/4082 MS: 2 ShuffleBytes-EraseBytes-
#6127924	REDUCE cov: 1796 ft: 8205 corp: 1735/491Kb lim: 4096 exec/s: 14766 rss: 621Mb L: 1093/4082 MS: 1 EraseBytes-
#6131850	REDUCE cov: 1796 ft: 8205 corp: 1735/491Kb lim: 4096 exec/s: 14740 rss: 621Mb L: 858/4082 MS: 1 EraseBytes-
#6133016	REDUCE cov: 1796 ft: 8205 corp: 1735/491Kb lim: 4096 exec/s: 14742 rss: 621Mb L: 336/4082 MS: 1 EraseBytes-
#6136943	REDUCE cov: 1796 ft: 8205 corp: 1735/491Kb lim: 4096 exec/s: 14752 rss: 621Mb L: 2199/4082 MS: 2 PersAutoDict-EraseBytes- DE: "# \357\277\275 "-
#6141325	REDUCE cov: 1796 ft: 8205 corp: 1735/491Kb lim: 4096 exec/s: 14727 rss: 621Mb L: 1785/4082 MS: 2 EraseBytes-PersAutoDict- DE: "0\377\377\377"-
#6142031	REDUCE cov: 1796 ft: 8205 corp: 1735/491Kb lim: 4096 exec/s: 14729 rss: 621Mb L: 81/4082 MS: 1 EraseBytes-
#6144542	REDUCE cov: 1796 ft: 8205 corp: 1735/491Kb lim: 4096 exec/s: 14735 rss: 621Mb L: 1749/4082 MS: 1 EraseBytes-
#6144788	REDUCE cov: 1796 ft: 8205 corp: 1735/491Kb lim: 4096 exec/s: 14735 rss: 621Mb L: 144/4082 MS: 1 EraseBytes-
#6151391	REDUCE cov: 1796 ft: 8205 corp: 1735/491Kb lim: 4096 exec/s: 14716 rss: 621Mb L: 322/4082 MS: 3 CopyPart-InsertByte-EraseBytes-
#6151692	REDUCE cov: 1796 ft: 8205 corp: 1735/491Kb lim: 4096 exec/s: 14716 rss: 621Mb L: 142/4082 MS: 1 EraseBytes-
#6152603	REDUCE cov: 1796 ft: 8205 corp: 1735/491Kb lim: 4096 exec/s: 14719 rss: 621Mb L: 162/4082 MS: 1 EraseBytes-
#6159760	REDUCE cov: 1796 ft: 8205 corp: 1735/490Kb lim: 4096 exec/s: 14701 rss: 621Mb L: 3738/4082 MS: 1 EraseBytes-
#6162446	REDUCE cov: 1796 ft: 8205 corp: 1735/490Kb lim: 4096 exec/s: 14707 rss: 621Mb L: 819/4082 MS: 1 EraseBytes-
#6180183	REDUCE cov: 1796 ft: 8205 corp: 1735/490Kb lim: 4096 exec/s: 14679 rss: 621Mb L: 107/4082 MS: 2 ChangeASCIIInt-EraseBytes-
#6180633	REDUCE cov: 1796 ft: 8205 corp: 1735/490Kb lim: 4096 exec/s: 14680 rss: 621Mb L: 1288/4082 MS: 5 ChangeByte-InsertRepeatedBytes-ChangeByte-CMP-EraseBytes- DE: "\357\277\275#\357\277\275"-
#6187389	REDUCE cov: 1796 ft: 8205 corp: 1735/490Kb lim: 4096 exec/s: 14662 rss: 621Mb L: 1073/4082 MS: 1 EraseBytes-
#6189661	REDUCE cov: 1796 ft: 8205 corp: 1735/490Kb lim: 4096 exec/s: 14667 rss: 621Mb L: 768/4082 MS: 2 ShuffleBytes-EraseBytes-
#6191312	REDUCE cov: 1796 ft: 8205 corp: 1735/490Kb lim: 4096 exec/s: 14636 rss: 621Mb L: 1676/4082 MS: 1 EraseBytes-
#6194018	REDUCE cov: 1796 ft: 8205 corp: 1735/490Kb lim: 4096 exec/s: 14643 rss: 621Mb L: 51/4082 MS: 1 EraseBytes-
#6206734	REDUCE cov: 1796 ft: 8205 corp: 1735/490Kb lim: 4096 exec/s: 14638 rss: 621Mb L: 1653/4082 MS: 1 EraseBytes-
#6208446	REDUCE cov: 1796 ft: 8205 corp: 1735/490Kb lim: 4096 exec/s: 14608 rss: 621Mb L: 187/4082 MS: 2 ChangeASCIIInt-EraseBytes-
#6209797	REDUCE cov: 1796 ft: 8205 corp: 1735/490Kb lim: 4096 exec/s: 14611 rss: 621Mb L: 64/4082 MS: 1 EraseBytes-
#6211408	REDUCE cov: 1797 ft: 8206 corp: 1736/491Kb lim: 4096 exec/s: 14615 rss: 621Mb L: 696/4082 MS: 1 InsertRepeatedBytes-
#6213399	REDUCE cov: 1797 ft: 8206 corp: 1736/491Kb lim: 4096 exec/s: 14619 rss: 621Mb L: 2152/4082 MS: 1 EraseBytes-
#6215562	REDUCE cov: 1797 ft: 8206 corp: 1736/491Kb lim: 4096 exec/s: 14624 rss: 621Mb L: 77/4082 MS: 3 ChangeBit-CopyPart-EraseBytes-
#6220728	REDUCE cov: 1797 ft: 8206 corp: 1736/491Kb lim: 4096 exec/s: 14602 rss: 621Mb L: 1062/4082 MS: 1 EraseBytes-
#6224374	REDUCE cov: 1797 ft: 8206 corp: 1736/491Kb lim: 4096 exec/s: 14576 rss: 621Mb L: 1382/4082 MS: 1 EraseBytes-
#6228435	REDUCE cov: 1797 ft: 8206 corp: 1736/491Kb lim: 4096 exec/s: 14586 rss: 621Mb L: 2986/4082 MS: 1 EraseBytes-
#6233206	REDUCE cov: 1797 ft: 8206 corp: 1736/491Kb lim: 4096 exec/s: 14563 rss: 621Mb L: 594/4082 MS: 1 EraseBytes-
#6243298	REDUCE cov: 1797 ft: 8206 corp: 1736/491Kb lim: 4096 exec/s: 14553 rss: 621Mb L: 78/4082 MS: 2 ShuffleBytes-EraseBytes-
#6247390	REDUCE cov: 1797 ft: 8206 corp: 1736/491Kb lim: 4096 exec/s: 14562 rss: 621Mb L: 3214/4082 MS: 2 ChangeBinInt-EraseBytes-
#6251865	REDUCE cov: 1797 ft: 8206 corp: 1736/491Kb lim: 4096 exec/s: 14539 rss: 621Mb L: 2636/4082 MS: 5 InsertByte-ChangeBit-CMP-ChangeBit-EraseBytes- DE: "# \357\277\275 #"-
#6258646	REDUCE cov: 1797 ft: 8206 corp: 1736/491Kb lim: 4096 exec/s: 14521 rss: 621Mb L: 293/4082 MS: 1 EraseBytes-
#6259907	REDUCE cov: 1797 ft: 8206 corp: 1736/491Kb lim: 4096 exec/s: 14524 rss: 621Mb L: 1636/4082 MS: 1 EraseBytes-
#6266184	REDUCE cov: 1797 ft: 8206 corp: 1736/491Kb lim: 4096 exec/s: 14505 rss: 621Mb L: 2630/4082 MS: 2 ChangeBit-EraseBytes-
#6269955	REDUCE cov: 1797 ft: 8206 corp: 1736/491Kb lim: 4096 exec/s: 14513 rss: 621Mb L: 602/4082 MS: 1 EraseBytes-
#6270210	REDUCE cov: 1797 ft: 8206 corp: 1736/491Kb lim: 4096 exec/s: 14514 rss: 621Mb L: 132/4082 MS: 5 CMP-EraseBytes-ShuffleBytes-ShuffleBytes-CopyPart- DE: "\357\277\275\357\277\275\357"-
#6272681	REDUCE cov: 1797 ft: 8206 corp: 1736/491Kb lim: 4096 exec/s: 14486 rss: 621Mb L: 3511/4082 MS: 1 EraseBytes-
#6272813	REDUCE cov: 1797 ft: 8206 corp: 1736/491Kb lim: 4096 exec/s: 14486 rss: 621Mb L: 1599/4082 MS: 2 EraseBytes-InsertByte-
#6277624	REDUCE cov: 1797 ft: 8206 corp: 1736/491Kb lim: 4096 exec/s: 14497 rss: 621Mb L: 3633/4082 MS: 1 EraseBytes-
#6280532	REDUCE cov: 1797 ft: 8206 corp: 1736/491Kb lim: 4096 exec/s: 14471 rss: 621Mb L: 19/4082 MS: 3 ShuffleBytes-CMP-EraseBytes- DE: "\334\301}\246\256\017\000\000"-
#6280921	REDUCE cov: 1797 ft: 8206 corp: 1736/491Kb lim: 4096 exec/s: 14472 rss: 621Mb L: 51/4082 MS: 4 PersAutoDict-CMP-EraseBytes-ChangeBinInt- DE: "\377\377\377\377\377\377\377\377"-"!\000\000\000\000\000\000\000"-
#6286237	REDUCE cov: 1797 ft: 8206 corp: 1736/491Kb lim: 4096 exec/s: 14484 rss: 621Mb L: 633/4082 MS: 1 EraseBytes-
#6286994	REDUCE cov: 1797 ft: 8206 corp: 1736/491Kb lim: 4096 exec/s: 14486 rss: 621Mb L: 3212/4082 MS: 2 CMP-EraseBytes- DE: "0\377\377\377"-
#6287806	REDUCE cov: 1797 ft: 8206 corp: 1736/491Kb lim: 4096 exec/s: 14488 rss: 621Mb L: 1587/4082 MS: 2 ChangeByte-EraseBytes-
#6290037	REDUCE cov: 1797 ft: 8206 corp: 1736/490Kb lim: 4096 exec/s: 14459 rss: 621Mb L: 590/4082 MS: 1 EraseBytes-
#6299033	REDUCE cov: 1797 ft: 8206 corp: 1736/490Kb lim: 4096 exec/s: 14447 rss: 621Mb L: 202/4082 MS: 1 EraseBytes-
#6300134	REDUCE cov: 1797 ft: 8206 corp: 1736/490Kb lim: 4096 exec/s: 14449 rss: 621Mb L: 593/4082 MS: 1 EraseBytes-
#6300855	REDUCE cov: 1797 ft: 8206 corp: 1736/490Kb lim: 4096 exec/s: 14451 rss: 621Mb L: 2989/4082 MS: 1 EraseBytes-
#6304353	REDUCE cov: 1797 ft: 8206 corp: 1736/490Kb lim: 4096 exec/s: 14459 rss: 621Mb L: 2934/4082 MS: 3 ChangeBinInt-EraseBytes-InsertByte-
#6304924	REDUCE cov: 1797 ft: 8206 corp: 1736/490Kb lim: 4096 exec/s: 14460 rss: 621Mb L: 2138/4082 MS: 1 EraseBytes-
#6308577	REDUCE cov: 1797 ft: 8206 corp: 1736/490Kb lim: 4096 exec/s: 14436 rss: 621Mb L: 1362/4082 MS: 3 InsertByte-ShuffleBytes-EraseBytes-
#6309938	REDUCE cov: 1797 ft: 8206 corp: 1736/490Kb lim: 4096 exec/s: 14439 rss: 621Mb L: 607/4082 MS: 1 EraseBytes-
#6310039	REDUCE cov: 1797 ft: 8206 corp: 1736/490Kb lim: 4096 exec/s: 14439 rss: 621Mb L: 48/4082 MS: 1 EraseBytes-
#6310891	REDUCE cov: 1797 ft: 8206 corp: 1736/490Kb lim: 4096 exec/s: 14441 rss: 621Mb L: 139/4082 MS: 2 ShuffleBytes-EraseBytes-
#6323737	REDUCE cov: 1797 ft: 8206 corp: 1736/490Kb lim: 4096 exec/s: 14404 rss: 621Mb L: 50/4082 MS: 1 EraseBytes-
#6328418	REDUCE cov: 1797 ft: 8206 corp: 1736/490Kb lim: 4096 exec/s: 14415 rss: 621Mb L: 2526/4082 MS: 1 EraseBytes-
#6328654	REDUCE cov: 1797 ft: 8206 corp: 1736/490Kb lim: 4096 exec/s: 14416 rss: 621Mb L: 3209/4082 MS: 1 EraseBytes-
#6331725	REDUCE cov: 1797 ft: 8206 corp: 1736/490Kb lim: 4096 exec/s: 14390 rss: 621Mb L: 1217/4082 MS: 1 EraseBytes-
#6334847	REDUCE cov: 1797 ft: 8206 corp: 1736/490Kb lim: 4096 exec/s: 14397 rss: 621Mb L: 46/4082 MS: 2 ShuffleBytes-EraseBytes-
#6340973	REDUCE cov: 1797 ft: 8206 corp: 1736/490Kb lim: 4096 exec/s: 14378 rss: 621Mb L: 1061/4082 MS: 1 EraseBytes-
#6343784	REDUCE cov: 1797 ft: 8206 corp: 1736/490Kb lim: 4096 exec/s: 14384 rss: 621Mb L: 590/4082 MS: 1 EraseBytes-
#6345556	REDUCE cov: 1797 ft: 8206 corp: 1736/490Kb lim: 4096 exec/s: 14389 rss: 621Mb L: 17/4082 MS: 2 EraseBytes-CopyPart-
#6348207	REDUCE cov: 1797 ft: 8206 corp: 1736/490Kb lim: 4096 exec/s: 14362 rss: 621Mb L: 587/4082 MS: 1 EraseBytes-
#6349633	REDUCE cov: 1797 ft: 8206 corp: 1736/490Kb lim: 4096 exec/s: 14365 rss: 621Mb L: 777/4082 MS: 1 EraseBytes-
#6352782	REDUCE cov: 1797 ft: 8206 corp: 1736/490Kb lim: 4096 exec/s: 14372 rss: 621Mb L: 3757/4082 MS: 4 ChangeBinInt-InsertByte-ChangeASCIIInt-EraseBytes-
#6354859	REDUCE cov: 1797 ft: 8206 corp: 1736/490Kb lim: 4096 exec/s: 14377 rss: 621Mb L: 94/4082 MS: 2 ChangeBinInt-EraseBytes-
#6367268	REDUCE cov: 1797 ft: 8206 corp: 1736/490Kb lim: 4096 exec/s: 14340 rss: 621Mb L: 69/4082 MS: 3 EraseBytes-CopyPart-CopyPart-
#6371785	REDUCE cov: 1797 ft: 8206 corp: 1736/490Kb lim: 4096 exec/s: 14318 rss: 621Mb L: 860/4082 MS: 2 CrossOver-EraseBytes-
#6371886	REDUCE cov: 1797 ft: 8206 corp: 1736/490Kb lim: 4096 exec/s: 14318 rss: 621Mb L: 136/4082 MS: 1 EraseBytes-
#6373217	REDUCE cov: 1797 ft: 8206 corp: 1736/490Kb lim: 4096 exec/s: 14321 rss: 621Mb L: 153/4082 MS: 1 EraseBytes-
#6383150	REDUCE cov: 1797 ft: 8206 corp: 1736/490Kb lim: 4096 exec/s: 14311 rss: 621Mb L: 555/4082 MS: 3 CopyPart-InsertByte-EraseBytes-
#6385071	REDUCE cov: 1797 ft: 8206 corp: 1736/490Kb lim: 4096 exec/s: 14316 rss: 621Mb L: 31/4082 MS: 1 EraseBytes-
#6387428	REDUCE cov: 1797 ft: 8206 corp: 1736/490Kb lim: 4096 exec/s: 14321 rss: 621Mb L: 47/4082 MS: 2 ShuffleBytes-EraseBytes-
#6392839	REDUCE cov: 1797 ft: 8206 corp: 1736/490Kb lim: 4096 exec/s: 14301 rss: 621Mb L: 2622/4082 MS: 1 EraseBytes-
#6403135	REDUCE cov: 1797 ft: 8206 corp: 1736/490Kb lim: 4096 exec/s: 14292 rss: 621Mb L: 134/4082 MS: 1 EraseBytes-
#6403871	REDUCE cov: 1797 ft: 8206 corp: 1736/490Kb lim: 4096 exec/s: 14294 rss: 621Mb L: 1207/4082 MS: 1 EraseBytes-
#6409237	REDUCE cov: 1797 ft: 8206 corp: 1736/490Kb lim: 4096 exec/s: 14274 rss: 621Mb L: 320/4082 MS: 1 EraseBytes-
#6410378	REDUCE cov: 1797 ft: 8206 corp: 1736/490Kb lim: 4096 exec/s: 14277 rss: 621Mb L: 52/4082 MS: 1 EraseBytes-
#6411569	REDUCE cov: 1797 ft: 8206 corp: 1736/490Kb lim: 4096 exec/s: 14279 rss: 621Mb L: 64/4082 MS: 1 EraseBytes-
#6412785	REDUCE cov: 1797 ft: 8206 corp: 1736/490Kb lim: 4096 exec/s: 14282 rss: 621Mb L: 156/4082 MS: 1 EraseBytes-
#6414821	REDUCE cov: 1797 ft: 8206 corp: 1736/490Kb lim: 4096 exec/s: 14255 rss: 621Mb L: 55/4082 MS: 1 EraseBytes-
#6414888	REDUCE cov: 1797 ft: 8206 corp: 1736/490Kb lim: 4096 exec/s: 14255 rss: 621Mb L: 195/4082 MS: 2 InsertByte-EraseBytes-
#6422384	REDUCE cov: 1797 ft: 8206 corp: 1736/490Kb lim: 4096 exec/s: 14240 rss: 621Mb L: 294/4082 MS: 1 EraseBytes-
#6426230	REDUCE cov: 1797 ft: 8206 corp: 1736/490Kb lim: 4096 exec/s: 14248 rss: 621Mb L: 155/4082 MS: 1 EraseBytes-
#6431071	REDUCE cov: 1797 ft: 8206 corp: 1736/490Kb lim: 4096 exec/s: 14228 rss: 621Mb L: 347/4082 MS: 1 EraseBytes-
#6433884	REDUCE cov: 1797 ft: 8206 corp: 1736/490Kb lim: 4096 exec/s: 14234 rss: 621Mb L: 796/4082 MS: 3 ChangeASCIIInt-ChangeASCIIInt-EraseBytes-
#6439170	REDUCE cov: 1797 ft: 8206 corp: 1736/490Kb lim: 4096 exec/s: 14214 rss: 621Mb L: 480/4082 MS: 1 EraseBytes-
#6439704	REDUCE cov: 1797 ft: 8206 corp: 1736/490Kb lim: 4096 exec/s: 14215 rss: 621Mb L: 876/4082 MS: 4 InsertRepeatedBytes-InsertByte-EraseBytes-CrossOver-
#6440891	REDUCE cov: 1797 ft: 8206 corp: 1736/490Kb lim: 4096 exec/s: 14218 rss: 621Mb L: 46/4082 MS: 2 CrossOver-EraseBytes-
#6441077	REDUCE cov: 1797 ft: 8206 corp: 1736/490Kb lim: 4096 exec/s: 14218 rss: 621Mb L: 2090/4082 MS: 1 EraseBytes-
#6441983	REDUCE cov: 1797 ft: 8206 corp: 1736/490Kb lim: 4096 exec/s: 14220 rss: 621Mb L: 830/4082 MS: 1 EraseBytes-
#6448279	REDUCE cov: 1797 ft: 8206 corp: 1736/490Kb lim: 4096 exec/s: 14203 rss: 621Mb L: 1582/4082 MS: 1 EraseBytes-
#6462710	REDUCE cov: 1797 ft: 8206 corp: 1736/490Kb lim: 4096 exec/s: 14172 rss: 621Mb L: 44/4082 MS: 1 EraseBytes-
#6463726	REDUCE cov: 1797 ft: 8206 corp: 1736/490Kb lim: 4096 exec/s: 14174 rss: 621Mb L: 112/4082 MS: 1 EraseBytes-
#6463837	REDUCE cov: 1797 ft: 8206 corp: 1736/490Kb lim: 4096 exec/s: 14175 rss: 621Mb L: 11/4082 MS: 1 EraseBytes-
#6466155	REDUCE cov: 1797 ft: 8206 corp: 1736/490Kb lim: 4096 exec/s: 14180 rss: 621Mb L: 24/4082 MS: 2 ChangeASCIIInt-EraseBytes-
#6466871	NEW    cov: 1798 ft: 8207 corp: 1737/490Kb lim: 4096 exec/s: 14181 rss: 621Mb L: 10/4082 MS: 1 PersAutoDict- DE: "errors"-
#6468482	REDUCE cov: 1798 ft: 8207 corp: 1737/490Kb lim: 4096 exec/s: 14185 rss: 621Mb L: 34/4082 MS: 1 EraseBytes-
#6480763	REDUCE cov: 1798 ft: 8207 corp: 1737/490Kb lim: 4096 exec/s: 14150 rss: 621Mb L: 3198/4082 MS: 1 EraseBytes-
#6481611	REDUCE cov: 1798 ft: 8207 corp: 1737/490Kb lim: 4096 exec/s: 14151 rss: 621Mb L: 1331/4082 MS: 3 ChangeBit-ChangeBit-EraseBytes-
#6481988	REDUCE cov: 1798 ft: 8207 corp: 1737/490Kb lim: 4096 exec/s: 14152 rss: 621Mb L: 875/4082 MS: 2 InsertByte-EraseBytes-
#6482929	REDUCE cov: 1798 ft: 8207 corp: 1737/490Kb lim: 4096 exec/s: 14154 rss: 621Mb L: 1314/4082 MS: 1 EraseBytes-
#6484756	REDUCE cov: 1798 ft: 8207 corp: 1737/490Kb lim: 4096 exec/s: 14128 rss: 621Mb L: 817/4082 MS: 2 InsertByte-EraseBytes-
#6486578	REDUCE cov: 1798 ft: 8207 corp: 1737/490Kb lim: 4096 exec/s: 14131 rss: 621Mb L: 806/4082 MS: 2 ShuffleBytes-EraseBytes-
#6488833	REDUCE cov: 1798 ft: 8207 corp: 1737/490Kb lim: 4096 exec/s: 14136 rss: 621Mb L: 1486/4082 MS: 3 InsertByte-ChangeByte-EraseBytes-
#6489770	REDUCE cov: 1798 ft: 8207 corp: 1737/489Kb lim: 4096 exec/s: 14138 rss: 621Mb L: 2408/4082 MS: 2 ChangeBinInt-EraseBytes-
#6493861	REDUCE cov: 1798 ft: 8207 corp: 1737/489Kb lim: 4096 exec/s: 14117 rss: 621Mb L: 38/4082 MS: 1 EraseBytes-
#6494367	REDUCE cov: 1798 ft: 8207 corp: 1737/489Kb lim: 4096 exec/s: 14118 rss: 621Mb L: 751/4082 MS: 1 EraseBytes-
#6508393	REDUCE cov: 1798 ft: 8211 corp: 1738/493Kb lim: 4096 exec/s: 14087 rss: 621Mb L: 4015/4082 MS: 4 ChangeBit-CopyPart-ChangeBit-CopyPart-
#6513426	REDUCE cov: 1798 ft: 8211 corp: 1738/493Kb lim: 4096 exec/s: 14098 rss: 621Mb L: 200/4082 MS: 3 CrossOver-ShuffleBytes-EraseBytes-
#6517308	REDUCE cov: 1798 ft: 8211 corp: 1738/493Kb lim: 4096 exec/s: 14076 rss: 621Mb L: 1030/4082 MS: 2 CopyPart-EraseBytes-
#6522214	REDUCE cov: 1798 ft: 8211 corp: 1738/493Kb lim: 4096 exec/s: 14056 rss: 621Mb L: 1182/4082 MS: 1 EraseBytes-
#6522655	REDUCE cov: 1798 ft: 8211 corp: 1738/493Kb lim: 4096 exec/s: 14057 rss: 621Mb L: 346/4082 MS: 1 EraseBytes-
#6524006	REDUCE cov: 1798 ft: 8211 corp: 1738/493Kb lim: 4096 exec/s: 14060 rss: 621Mb L: 177/4082 MS: 1 EraseBytes-
#6524357	REDUCE cov: 1798 ft: 8211 corp: 1738/493Kb lim: 4096 exec/s: 14061 rss: 621Mb L: 573/4082 MS: 1 EraseBytes-
#6528413	REDUCE cov: 1798 ft: 8211 corp: 1738/493Kb lim: 4096 exec/s: 14069 rss: 621Mb L: 3578/4082 MS: 1 EraseBytes-
#6529530	REDUCE cov: 1798 ft: 8211 corp: 1738/493Kb lim: 4096 exec/s: 14042 rss: 621Mb L: 1566/4082 MS: 2 ChangeBinInt-EraseBytes-
#6530717	REDUCE cov: 1798 ft: 8211 corp: 1738/493Kb lim: 4096 exec/s: 14044 rss: 621Mb L: 49/4082 MS: 2 ChangeBit-EraseBytes-
#6543489	REDUCE cov: 1798 ft: 8211 corp: 1738/493Kb lim: 4096 exec/s: 14041 rss: 621Mb L: 3556/4082 MS: 2 CMP-EraseBytes- DE: "\377\377\377\377"-
#6547350	REDUCE cov: 1798 ft: 8211 corp: 1738/493Kb lim: 4096 exec/s: 14020 rss: 621Mb L: 313/4082 MS: 1 EraseBytes-
#6556997	REDUCE cov: 1798 ft: 8211 corp: 1738/493Kb lim: 4096 exec/s: 14010 rss: 621Mb L: 75/4082 MS: 1 EraseBytes-
#6557258	REDUCE cov: 1798 ft: 8211 corp: 1738/493Kb lim: 4096 exec/s: 14011 rss: 621Mb L: 212/4082 MS: 1 EraseBytes-
#6562479	REDUCE cov: 1798 ft: 8211 corp: 1738/493Kb lim: 4096 exec/s: 13992 rss: 621Mb L: 118/4082 MS: 1 EraseBytes-
#6566105	REDUCE cov: 1798 ft: 8211 corp: 1738/493Kb lim: 4096 exec/s: 13970 rss: 621Mb L: 3711/4082 MS: 1 EraseBytes-
#6566142	REDUCE cov: 1798 ft: 8211 corp: 1738/493Kb lim: 4096 exec/s: 13970 rss: 621Mb L: 3477/4082 MS: 2 ShuffleBytes-EraseBytes-
#6571624	REDUCE cov: 1798 ft: 8211 corp: 1738/493Kb lim: 4096 exec/s: 13982 rss: 621Mb L: 32/4082 MS: 2 CrossOver-EraseBytes-
#6576510	REDUCE cov: 1798 ft: 8211 corp: 1738/493Kb lim: 4096 exec/s: 13962 rss: 621Mb L: 1296/4082 MS: 1 EraseBytes-
#6578922	REDUCE cov: 1798 ft: 8211 corp: 1738/493Kb lim: 4096 exec/s: 13967 rss: 621Mb L: 48/4082 MS: 2 CopyPart-EraseBytes-
#6579368	REDUCE cov: 1798 ft: 8211 corp: 1738/493Kb lim: 4096 exec/s: 13968 rss: 621Mb L: 115/4082 MS: 1 EraseBytes-
#6581759	REDUCE cov: 1798 ft: 8211 corp: 1738/493Kb lim: 4096 exec/s: 13944 rss: 621Mb L: 734/4082 MS: 1 EraseBytes-
#6583051	REDUCE cov: 1798 ft: 8211 corp: 1738/493Kb lim: 4096 exec/s: 13947 rss: 621Mb L: 2333/4082 MS: 2 EraseBytes-CopyPart-
#6585277	REDUCE cov: 1798 ft: 8211 corp: 1738/493Kb lim: 4096 exec/s: 13951 rss: 621Mb L: 332/4082 MS: 1 EraseBytes-
#6587938	REDUCE cov: 1798 ft: 8211 corp: 1738/493Kb lim: 4096 exec/s: 13927 rss: 621Mb L: 1293/4082 MS: 1 EraseBytes-
#6590236	REDUCE cov: 1798 ft: 8211 corp: 1738/493Kb lim: 4096 exec/s: 13932 rss: 621Mb L: 2885/4082 MS: 3 ChangeBit-ChangeASCIIInt-EraseBytes-
#6590702	REDUCE cov: 1798 ft: 8211 corp: 1738/493Kb lim: 4096 exec/s: 13933 rss: 621Mb L: 67/4082 MS: 1 EraseBytes-
#6592356	REDUCE cov: 1798 ft: 8211 corp: 1738/493Kb lim: 4096 exec/s: 13937 rss: 621Mb L: 2139/4082 MS: 4 EraseBytes-ChangeByte-ChangeASCIIInt-CopyPart-
#6592552	REDUCE cov: 1798 ft: 8211 corp: 1738/493Kb lim: 4096 exec/s: 13937 rss: 621Mb L: 253/4082 MS: 1 EraseBytes-
#6592887	REDUCE cov: 1798 ft: 8211 corp: 1738/493Kb lim: 4096 exec/s: 13938 rss: 621Mb L: 3189/4082 MS: 5 InsertByte-InsertByte-CopyPart-ChangeASCIIInt-EraseBytes-
#6599569	REDUCE cov: 1798 ft: 8211 corp: 1738/493Kb lim: 4096 exec/s: 13923 rss: 621Mb L: 312/4082 MS: 1 EraseBytes-
#6600835	REDUCE cov: 1798 ft: 8211 corp: 1738/493Kb lim: 4096 exec/s: 13925 rss: 621Mb L: 146/4082 MS: 1 EraseBytes-
#6602111	REDUCE cov: 1798 ft: 8211 corp: 1738/493Kb lim: 4096 exec/s: 13899 rss: 621Mb L: 3463/4082 MS: 1 EraseBytes-
#6602917	NEW    cov: 1798 ft: 8212 corp: 1739/496Kb lim: 4096 exec/s: 13900 rss: 621Mb L: 4037/4082 MS: 1 CopyPart-
#6605873	REDUCE cov: 1798 ft: 8212 corp: 1739/496Kb lim: 4096 exec/s: 13907 rss: 621Mb L: 337/4082 MS: 1 EraseBytes-
#6612032	REDUCE cov: 1798 ft: 8212 corp: 1739/496Kb lim: 4096 exec/s: 13890 rss: 621Mb L: 2941/4082 MS: 4 EraseBytes-CopyPart-ChangeBinInt-ChangeByte-
#6618278	REDUCE cov: 1798 ft: 8212 corp: 1739/496Kb lim: 4096 exec/s: 13874 rss: 621Mb L: 279/4082 MS: 1 EraseBytes-
#6628834	REDUCE cov: 1798 ft: 8212 corp: 1739/496Kb lim: 4096 exec/s: 13867 rss: 621Mb L: 1565/4082 MS: 1 EraseBytes-
#6636860	REDUCE cov: 1798 ft: 8212 corp: 1739/496Kb lim: 4096 exec/s: 13855 rss: 621Mb L: 551/4082 MS: 1 EraseBytes-
#6653696	REDUCE cov: 1798 ft: 8212 corp: 1739/496Kb lim: 4096 exec/s: 13804 rss: 621Mb L: 571/4082 MS: 1 EraseBytes-
#6658733	REDUCE cov: 1798 ft: 8212 corp: 1739/496Kb lim: 4096 exec/s: 13814 rss: 621Mb L: 1093/4082 MS: 2 EraseBytes-InsertByte-
#6661514	REDUCE cov: 1798 ft: 8212 corp: 1739/496Kb lim: 4096 exec/s: 13791 rss: 621Mb L: 1381/4082 MS: 1 EraseBytes-
#6663435	REDUCE cov: 1798 ft: 8212 corp: 1739/496Kb lim: 4096 exec/s: 13795 rss: 621Mb L: 1084/4082 MS: 1 EraseBytes-
#6664692	REDUCE cov: 1798 ft: 8212 corp: 1739/496Kb lim: 4096 exec/s: 13798 rss: 621Mb L: 3915/4082 MS: 2 InsertByte-EraseBytes-
#6665478	REDUCE cov: 1798 ft: 8212 corp: 1739/496Kb lim: 4096 exec/s: 13800 rss: 621Mb L: 2896/4082 MS: 1 EraseBytes-
#6665914	REDUCE cov: 1798 ft: 8212 corp: 1739/496Kb lim: 4096 exec/s: 13801 rss: 621Mb L: 541/4082 MS: 1 EraseBytes-
#6672961	REDUCE cov: 1798 ft: 8212 corp: 1739/496Kb lim: 4096 exec/s: 13787 rss: 621Mb L: 126/4082 MS: 1 EraseBytes-
#6678327	REDUCE cov: 1798 ft: 8212 corp: 1739/496Kb lim: 4096 exec/s: 13769 rss: 621Mb L: 2134/4082 MS: 1 EraseBytes-
#6693118	REDUCE cov: 1798 ft: 8212 corp: 1739/496Kb lim: 4096 exec/s: 13743 rss: 621Mb L: 816/4082 MS: 1 EraseBytes-
#6696211	REDUCE cov: 1798 ft: 8212 corp: 1739/496Kb lim: 4096 exec/s: 13749 rss: 621Mb L: 133/4082 MS: 3 ChangeBit-ChangeByte-EraseBytes-
#6696599	REDUCE cov: 1798 ft: 8212 corp: 1739/496Kb lim: 4096 exec/s: 13750 rss: 621Mb L: 1929/4082 MS: 3 EraseBytes-CopyPart-CopyPart-
#6700991	REDUCE cov: 1798 ft: 8212 corp: 1739/496Kb lim: 4096 exec/s: 13731 rss: 621Mb L: 176/4082 MS: 1 EraseBytes-
#6701057	REDUCE cov: 1798 ft: 8212 corp: 1739/496Kb lim: 4096 exec/s: 13731 rss: 621Mb L: 1282/4082 MS: 1 EraseBytes-
#6717558	REDUCE cov: 1798 ft: 8212 corp: 1739/496Kb lim: 4096 exec/s: 13709 rss: 621Mb L: 260/4082 MS: 1 EraseBytes-
#6718159	REDUCE cov: 1798 ft: 8212 corp: 1739/496Kb lim: 4096 exec/s: 13710 rss: 621Mb L: 108/4082 MS: 1 EraseBytes-
#6721350	REDUCE cov: 1798 ft: 8212 corp: 1739/496Kb lim: 4096 exec/s: 13689 rss: 621Mb L: 175/4082 MS: 1 EraseBytes-
#6721926	REDUCE cov: 1798 ft: 8212 corp: 1739/496Kb lim: 4096 exec/s: 13690 rss: 621Mb L: 230/4082 MS: 1 EraseBytes-
#6724858	REDUCE cov: 1798 ft: 8212 corp: 1739/496Kb lim: 4096 exec/s: 13696 rss: 621Mb L: 565/4082 MS: 1 EraseBytes-
#6726519	REDUCE cov: 1798 ft: 8212 corp: 1739/496Kb lim: 4096 exec/s: 13699 rss: 621Mb L: 112/4082 MS: 1 EraseBytes-
#6731445	REDUCE cov: 1798 ft: 8212 corp: 1739/496Kb lim: 4096 exec/s: 13681 rss: 621Mb L: 2136/4082 MS: 1 EraseBytes-
#6733518	REDUCE cov: 1798 ft: 8212 corp: 1739/496Kb lim: 4096 exec/s: 13686 rss: 621Mb L: 3701/4082 MS: 3 ChangeByte-EraseBytes-CopyPart-
#6734594	REDUCE cov: 1798 ft: 8212 corp: 1739/496Kb lim: 4096 exec/s: 13688 rss: 621Mb L: 3458/4082 MS: 1 EraseBytes-
#6738320	REDUCE cov: 1798 ft: 8212 corp: 1739/496Kb lim: 4096 exec/s: 13667 rss: 621Mb L: 1911/4082 MS: 1 EraseBytes-
#6739121	REDUCE cov: 1798 ft: 8212 corp: 1739/496Kb lim: 4096 exec/s: 13669 rss: 621Mb L: 2019/4082 MS: 1 EraseBytes-
#6743182	REDUCE cov: 1798 ft: 8212 corp: 1739/496Kb lim: 4096 exec/s: 13650 rss: 621Mb L: 2332/4082 MS: 1 EraseBytes-
#6744188	REDUCE cov: 1798 ft: 8212 corp: 1739/496Kb lim: 4096 exec/s: 13652 rss: 621Mb L: 27/4082 MS: 1 EraseBytes-
#6744739	REDUCE cov: 1798 ft: 8212 corp: 1739/496Kb lim: 4096 exec/s: 13653 rss: 621Mb L: 82/4082 MS: 1 EraseBytes-
#6745180	REDUCE cov: 1798 ft: 8212 corp: 1739/496Kb lim: 4096 exec/s: 13654 rss: 621Mb L: 321/4082 MS: 1 EraseBytes-
#6748916	NEW    cov: 1798 ft: 8214 corp: 1740/499Kb lim: 4096 exec/s: 13661 rss: 621Mb L: 3633/4082 MS: 1 EraseBytes-
#6752267	REDUCE cov: 1798 ft: 8214 corp: 1740/499Kb lim: 4096 exec/s: 13640 rss: 621Mb L: 107/4082 MS: 1 EraseBytes-
#6755369	REDUCE cov: 1798 ft: 8214 corp: 1740/499Kb lim: 4096 exec/s: 13647 rss: 621Mb L: 2601/4082 MS: 2 InsertByte-EraseBytes-
#6756728	REDUCE cov: 1798 ft: 8214 corp: 1740/499Kb lim: 4096 exec/s: 13622 rss: 621Mb L: 829/4082 MS: 4 EraseBytes-ChangeASCIIInt-ChangeByte-CopyPart-
#6759064	REDUCE cov: 1798 ft: 8214 corp: 1740/499Kb lim: 4096 exec/s: 13627 rss: 621Mb L: 1254/4082 MS: 1 EraseBytes-
#6761990	REDUCE cov: 1798 ft: 8214 corp: 1740/499Kb lim: 4096 exec/s: 13633 rss: 621Mb L: 2210/4082 MS: 1 EraseBytes-
#6762841	REDUCE cov: 1798 ft: 8214 corp: 1740/499Kb lim: 4096 exec/s: 13634 rss: 621Mb L: 801/4082 MS: 1 EraseBytes-
#6767282	REDUCE cov: 1798 ft: 8214 corp: 1740/499Kb lim: 4096 exec/s: 13616 rss: 621Mb L: 3654/4082 MS: 1 EraseBytes-
#6768643	REDUCE cov: 1798 ft: 8214 corp: 1740/499Kb lim: 4096 exec/s: 13619 rss: 621Mb L: 1471/4082 MS: 1 EraseBytes-
#6776930	REDUCE cov: 1798 ft: 8214 corp: 1740/499Kb lim: 4096 exec/s: 13608 rss: 621Mb L: 1081/4082 MS: 2 ChangeBinInt-EraseBytes-
#6787156	REDUCE cov: 1798 ft: 8214 corp: 1740/499Kb lim: 4096 exec/s: 13574 rss: 621Mb L: 155/4082 MS: 1 EraseBytes-
#6787657	REDUCE cov: 1798 ft: 8214 corp: 1740/499Kb lim: 4096 exec/s: 13575 rss: 621Mb L: 50/4082 MS: 1 EraseBytes-
#6792019	REDUCE cov: 1798 ft: 8214 corp: 1740/499Kb lim: 4096 exec/s: 13556 rss: 621Mb L: 284/4082 MS: 2 ChangeBit-EraseBytes-
#6792300	REDUCE cov: 1798 ft: 8214 corp: 1740/499Kb lim: 4096 exec/s: 13557 rss: 621Mb L: 2218/4082 MS: 1 EraseBytes-
#6794566	REDUCE cov: 1798 ft: 8214 corp: 1740/499Kb lim: 4096 exec/s: 13562 rss: 621Mb L: 116/4082 MS: 1 EraseBytes-
#6796212	REDUCE cov: 1798 ft: 8214 corp: 1740/499Kb lim: 4096 exec/s: 13565 rss: 621Mb L: 132/4082 MS: 1 EraseBytes-
#6803837	REDUCE cov: 1798 ft: 8214 corp: 1740/499Kb lim: 4096 exec/s: 13553 rss: 621Mb L: 3646/4082 MS: 5 ChangeASCIIInt-ChangeASCIIInt-InsertByte-ShuffleBytes-EraseBytes-
#6804368	REDUCE cov: 1798 ft: 8214 corp: 1740/499Kb lim: 4096 exec/s: 13554 rss: 621Mb L: 1562/4082 MS: 1 EraseBytes-
#6804644	REDUCE cov: 1798 ft: 8214 corp: 1740/499Kb lim: 4096 exec/s: 13555 rss: 621Mb L: 49/4082 MS: 1 EraseBytes-
#6807789	REDUCE cov: 1798 ft: 8214 corp: 1740/498Kb lim: 4096 exec/s: 13534 rss: 621Mb L: 3868/4082 MS: 5 ChangeBinInt-ShuffleBytes-ShuffleBytes-ChangeBit-EraseBytes-
#6815051	REDUCE cov: 1798 ft: 8214 corp: 1740/498Kb lim: 4096 exec/s: 13521 rss: 621Mb L: 33/4082 MS: 2 EraseBytes-CopyPart-
#6816042	REDUCE cov: 1798 ft: 8214 corp: 1740/498Kb lim: 4096 exec/s: 13523 rss: 621Mb L: 3481/4082 MS: 1 EraseBytes-
#6816168	REDUCE cov: 1798 ft: 8214 corp: 1740/498Kb lim: 4096 exec/s: 13524 rss: 621Mb L: 94/4082 MS: 1 EraseBytes-
#6828489	REDUCE cov: 1798 ft: 8214 corp: 1740/498Kb lim: 4096 exec/s: 13495 rss: 621Mb L: 266/4082 MS: 1 EraseBytes-
#6832543	REDUCE cov: 1798 ft: 8214 corp: 1740/498Kb lim: 4096 exec/s: 13503 rss: 621Mb L: 3401/4082 MS: 4 ShuffleBytes-ChangeByte-EraseBytes-CopyPart-
#6833134	REDUCE cov: 1798 ft: 8214 corp: 1740/498Kb lim: 4096 exec/s: 13504 rss: 621Mb L: 1075/4082 MS: 1 EraseBytes-
#6834090	REDUCE cov: 1798 ft: 8216 corp: 1741/502Kb lim: 4096 exec/s: 13506 rss: 621Mb L: 3781/4082 MS: 1 CopyPart-
#6835571	REDUCE cov: 1798 ft: 8216 corp: 1741/502Kb lim: 4096 exec/s: 13482 rss: 621Mb L: 170/4082 MS: 1 EraseBytes-
#6842493	REDUCE cov: 1798 ft: 8216 corp: 1741/502Kb lim: 4096 exec/s: 13469 rss: 621Mb L: 2369/4082 MS: 2 CrossOver-EraseBytes-
#6843454	REDUCE cov: 1798 ft: 8216 corp: 1741/502Kb lim: 4096 exec/s: 13471 rss: 621Mb L: 169/4082 MS: 1 EraseBytes-
#6844041	REDUCE cov: 1798 ft: 8216 corp: 1741/502Kb lim: 4096 exec/s: 13472 rss: 621Mb L: 3305/4082 MS: 2 ShuffleBytes-EraseBytes-
#6845084	REDUCE cov: 1798 ft: 8216 corp: 1741/502Kb lim: 4096 exec/s: 13474 rss: 621Mb L: 1409/4082 MS: 3 EraseBytes-InsertByte-CopyPart-
#6845920	REDUCE cov: 1798 ft: 8216 corp: 1741/502Kb lim: 4096 exec/s: 13476 rss: 621Mb L: 1402/4082 MS: 1 EraseBytes-
#6846106	REDUCE cov: 1798 ft: 8216 corp: 1741/502Kb lim: 4096 exec/s: 13476 rss: 621Mb L: 291/4082 MS: 1 EraseBytes-
#6850891	REDUCE cov: 1798 ft: 8216 corp: 1741/502Kb lim: 4096 exec/s: 13459 rss: 621Mb L: 2000/4082 MS: 2 ChangeByte-EraseBytes-
#6859822	REDUCE cov: 1798 ft: 8216 corp: 1741/502Kb lim: 4096 exec/s: 13450 rss: 621Mb L: 104/4082 MS: 1 EraseBytes-
#6861929	REDUCE cov: 1798 ft: 8216 corp: 1741/502Kb lim: 4096 exec/s: 13454 rss: 621Mb L: 131/4082 MS: 1 EraseBytes-
#6863025	REDUCE cov: 1798 ft: 8216 corp: 1741/502Kb lim: 4096 exec/s: 13456 rss: 621Mb L: 130/4082 MS: 1 EraseBytes-
#6869872	REDUCE cov: 1798 ft: 8216 corp: 1741/502Kb lim: 4096 exec/s: 13443 rss: 621Mb L: 726/4082 MS: 2 ShuffleBytes-EraseBytes-
#6869908	REDUCE cov: 1798 ft: 8216 corp: 1741/502Kb lim: 4096 exec/s: 13444 rss: 621Mb L: 3300/4082 MS: 1 EraseBytes-
#6871784	REDUCE cov: 1798 ft: 8216 corp: 1741/502Kb lim: 4096 exec/s: 13421 rss: 621Mb L: 127/4082 MS: 1 EraseBytes-
#6872035	REDUCE cov: 1798 ft: 8216 corp: 1741/502Kb lim: 4096 exec/s: 13421 rss: 621Mb L: 1239/4082 MS: 1 EraseBytes-
#6879298	REDUCE cov: 1798 ft: 8216 corp: 1741/502Kb lim: 4096 exec/s: 13409 rss: 621Mb L: 725/4082 MS: 1 EraseBytes-
#6880544	REDUCE cov: 1798 ft: 8216 corp: 1741/502Kb lim: 4096 exec/s: 13412 rss: 621Mb L: 320/4082 MS: 1 EraseBytes-
#6881841	REDUCE cov: 1798 ft: 8216 corp: 1741/502Kb lim: 4096 exec/s: 13414 rss: 621Mb L: 67/4082 MS: 2 InsertByte-EraseBytes-
#6898353	REDUCE cov: 1798 ft: 8216 corp: 1741/502Kb lim: 4096 exec/s: 13394 rss: 621Mb L: 4065/4065 MS: 1 EraseBytes-
#6901564	REDUCE cov: 1798 ft: 8216 corp: 1741/502Kb lim: 4096 exec/s: 13375 rss: 621Mb L: 134/4065 MS: 1 EraseBytes-
#6906945	REDUCE cov: 1798 ft: 8216 corp: 1741/501Kb lim: 4096 exec/s: 13385 rss: 621Mb L: 1628/4065 MS: 1 EraseBytes-
#6908061	REDUCE cov: 1798 ft: 8216 corp: 1741/501Kb lim: 4096 exec/s: 13361 rss: 621Mb L: 314/4065 MS: 1 EraseBytes-
#6909202	REDUCE cov: 1798 ft: 8216 corp: 1741/501Kb lim: 4096 exec/s: 13364 rss: 621Mb L: 718/4065 MS: 1 EraseBytes-
#6917020	REDUCE cov: 1798 ft: 8216 corp: 1741/501Kb lim: 4096 exec/s: 13353 rss: 621Mb L: 1193/4065 MS: 3 InsertByte-ChangeByte-EraseBytes-
#6918943	REDUCE cov: 1798 ft: 8216 corp: 1741/501Kb lim: 4096 exec/s: 13357 rss: 621Mb L: 561/4065 MS: 3 ChangeASCIIInt-ChangeASCIIInt-EraseBytes-
#6919254	REDUCE cov: 1798 ft: 8216 corp: 1741/501Kb lim: 4096 exec/s: 13357 rss: 621Mb L: 1077/4065 MS: 1 EraseBytes-
#6926442	REDUCE cov: 1798 ft: 8216 corp: 1741/501Kb lim: 4096 exec/s: 13345 rss: 621Mb L: 1025/4065 MS: 3 ChangeASCIIInt-CopyPart-EraseBytes-
#6927498	REDUCE cov: 1798 ft: 8216 corp: 1741/501Kb lim: 4096 exec/s: 13347 rss: 621Mb L: 3424/4065 MS: 1 EraseBytes-
#6928000	REDUCE cov: 1798 ft: 8216 corp: 1741/501Kb lim: 4096 exec/s: 13348 rss: 621Mb L: 167/4065 MS: 2 ChangeASCIIInt-EraseBytes-
#6929671	REDUCE cov: 1798 ft: 8216 corp: 1741/501Kb lim: 4096 exec/s: 13351 rss: 621Mb L: 94/4065 MS: 1 EraseBytes-
#6934178	REDUCE cov: 1798 ft: 8217 corp: 1742/505Kb lim: 4096 exec/s: 13334 rss: 621Mb L: 4009/4065 MS: 2 ChangeASCIIInt-CrossOver-
#6934294	REDUCE cov: 1798 ft: 8217 corp: 1742/505Kb lim: 4096 exec/s: 13335 rss: 621Mb L: 3399/4065 MS: 1 EraseBytes-
#6934331	REDUCE cov: 1798 ft: 8217 corp: 1742/505Kb lim: 4096 exec/s: 13335 rss: 621Mb L: 1053/4065 MS: 2 ChangeBit-EraseBytes-
#6935547	REDUCE cov: 1798 ft: 8217 corp: 1742/505Kb lim: 4096 exec/s: 13337 rss: 621Mb L: 1042/4065 MS: 1 EraseBytes-
#6939163	REDUCE cov: 1798 ft: 8217 corp: 1742/505Kb lim: 4096 exec/s: 13318 rss: 621Mb L: 21/4065 MS: 4 EraseBytes-ChangeBinInt-ShuffleBytes-ChangeByte-
#6943389	REDUCE cov: 1798 ft: 8217 corp: 1742/505Kb lim: 4096 exec/s: 13327 rss: 621Mb L: 93/4065 MS: 1 EraseBytes-
#6944238	REDUCE cov: 1798 ft: 8217 corp: 1742/505Kb lim: 4096 exec/s: 13328 rss: 621Mb L: 1068/4065 MS: 3 ChangeASCIIInt-CopyPart-EraseBytes-
#6946034	REDUCE cov: 1798 ft: 8217 corp: 1742/505Kb lim: 4096 exec/s: 13306 rss: 621Mb L: 1128/4065 MS: 1 EraseBytes-
#6951197	REDUCE cov: 1798 ft: 8217 corp: 1742/505Kb lim: 4096 exec/s: 13316 rss: 621Mb L: 4053/4053 MS: 3 CMP-ChangeByte-EraseBytes- DE: "\357\277\275 \357\277\275 "-
#6954361	REDUCE cov: 1798 ft: 8217 corp: 1742/504Kb lim: 4096 exec/s: 13297 rss: 621Mb L: 3446/4053 MS: 4 ChangeBit-CMP-InsertRepeatedBytes-EraseBytes- DE: "k\357\277\275"-
#6976384	REDUCE cov: 1798 ft: 8217 corp: 1742/504Kb lim: 4096 exec/s: 13263 rss: 621Mb L: 714/4053 MS: 3 CopyPart-ChangeASCIIInt-EraseBytes-
#6976470	REDUCE cov: 1798 ft: 8217 corp: 1742/504Kb lim: 4096 exec/s: 13263 rss: 621Mb L: 2592/4053 MS: 1 EraseBytes-
#6982956	REDUCE cov: 1798 ft: 8217 corp: 1742/504Kb lim: 4096 exec/s: 13250 rss: 621Mb L: 126/4053 MS: 1 EraseBytes-
#6984039	REDUCE cov: 1798 ft: 8217 corp: 1742/504Kb lim: 4096 exec/s: 13252 rss: 621Mb L: 2909/4053 MS: 3 ShuffleBytes-ChangeBit-EraseBytes-
#6992425	REDUCE cov: 1798 ft: 8217 corp: 1742/504Kb lim: 4096 exec/s: 13243 rss: 621Mb L: 1270/4053 MS: 1 EraseBytes-
#6993577	REDUCE cov: 1798 ft: 8217 corp: 1742/504Kb lim: 4096 exec/s: 13245 rss: 621Mb L: 629/4053 MS: 2 CrossOver-EraseBytes-
#6998593	REDUCE cov: 1798 ft: 8217 corp: 1742/504Kb lim: 4096 exec/s: 13229 rss: 621Mb L: 70/4053 MS: 1 EraseBytes-
#7000616	REDUCE cov: 1798 ft: 8217 corp: 1742/504Kb lim: 4096 exec/s: 13233 rss: 621Mb L: 1378/4053 MS: 3 CMP-PersAutoDict-EraseBytes- DE: "# \357\277\275 "-"1\357\277\275"-
#7001837	REDUCE cov: 1798 ft: 8217 corp: 1742/504Kb lim: 4096 exec/s: 13211 rss: 621Mb L: 101/4053 MS: 1 EraseBytes-
#7008898	REDUCE cov: 1798 ft: 8217 corp: 1742/504Kb lim: 4096 exec/s: 13224 rss: 621Mb L: 2893/4053 MS: 1 EraseBytes-
#7023115	REDUCE cov: 1798 ft: 8217 corp: 1742/504Kb lim: 4096 exec/s: 13201 rss: 621Mb L: 635/4053 MS: 2 InsertByte-EraseBytes-
#7031712	REDUCE cov: 1798 ft: 8217 corp: 1742/504Kb lim: 4096 exec/s: 13168 rss: 621Mb L: 2926/4053 MS: 2 ShuffleBytes-EraseBytes-
#7040628	REDUCE cov: 1798 ft: 8217 corp: 1742/504Kb lim: 4096 exec/s: 13160 rss: 621Mb L: 3163/4053 MS: 1 EraseBytes-
#7041299	REDUCE cov: 1798 ft: 8217 corp: 1742/504Kb lim: 4096 exec/s: 13161 rss: 621Mb L: 42/4053 MS: 1 EraseBytes-
#7041405	REDUCE cov: 1798 ft: 8217 corp: 1742/504Kb lim: 4096 exec/s: 13161 rss: 621Mb L: 536/4053 MS: 1 EraseBytes-
#7042672	REDUCE cov: 1798 ft: 8217 corp: 1742/504Kb lim: 4096 exec/s: 13163 rss: 621Mb L: 2583/4053 MS: 2 ShuffleBytes-EraseBytes-
#7044618	REDUCE cov: 1798 ft: 8217 corp: 1742/504Kb lim: 4096 exec/s: 13167 rss: 621Mb L: 3285/4053 MS: 1 EraseBytes-
#7046950	REDUCE cov: 1798 ft: 8217 corp: 1742/504Kb lim: 4096 exec/s: 13147 rss: 621Mb L: 1376/4053 MS: 2 InsertByte-EraseBytes-
#7047852	REDUCE cov: 1798 ft: 8217 corp: 1742/504Kb lim: 4096 exec/s: 13148 rss: 621Mb L: 907/4053 MS: 2 ShuffleBytes-EraseBytes-
#7052043	REDUCE cov: 1798 ft: 8217 corp: 1742/504Kb lim: 4096 exec/s: 13156 rss: 621Mb L: 100/4053 MS: 1 EraseBytes-
#7052504	REDUCE cov: 1798 ft: 8217 corp: 1742/504Kb lim: 4096 exec/s: 13133 rss: 621Mb L: 1871/4053 MS: 1 EraseBytes-
#7056482	REDUCE cov: 1798 ft: 8217 corp: 1742/504Kb lim: 4096 exec/s: 13116 rss: 621Mb L: 761/4053 MS: 3 ChangeByte-InsertByte-EraseBytes-
#7066983	REDUCE cov: 1798 ft: 8217 corp: 1742/504Kb lim: 4096 exec/s: 13111 rss: 621Mb L: 98/4053 MS: 1 EraseBytes-
#7067096	REDUCE cov: 1798 ft: 8217 corp: 1742/504Kb lim: 4096 exec/s: 13111 rss: 621Mb L: 9/4053 MS: 2 ChangeBit-EraseBytes-
#7070432	REDUCE cov: 1798 ft: 8217 corp: 1742/504Kb lim: 4096 exec/s: 13117 rss: 621Mb L: 69/4053 MS: 1 EraseBytes-
#7073783	REDUCE cov: 1798 ft: 8217 corp: 1742/504Kb lim: 4096 exec/s: 13099 rss: 621Mb L: 2874/4053 MS: 1 EraseBytes-
#7083294	REDUCE cov: 1798 ft: 8217 corp: 1742/504Kb lim: 4096 exec/s: 13092 rss: 621Mb L: 7/4053 MS: 1 EraseBytes-
#7085146	REDUCE cov: 1798 ft: 8217 corp: 1742/504Kb lim: 4096 exec/s: 13096 rss: 621Mb L: 2580/4053 MS: 2 ChangeBinInt-EraseBytes-
#7085762	REDUCE cov: 1798 ft: 8217 corp: 1742/504Kb lim: 4096 exec/s: 13073 rss: 621Mb L: 715/4053 MS: 1 EraseBytes-
#7086295	REDUCE cov: 1798 ft: 8217 corp: 1742/504Kb lim: 4096 exec/s: 13074 rss: 621Mb L: 296/4053 MS: 3 ChangeByte-ChangeASCIIInt-EraseBytes-
#7087699	REDUCE cov: 1798 ft: 8217 corp: 1742/504Kb lim: 4096 exec/s: 13076 rss: 621Mb L: 3625/4053 MS: 4 EraseBytes-ChangeBinInt-ChangeASCIIInt-CopyPart-
#7093828	REDUCE cov: 1798 ft: 8231 corp: 1743/507Kb lim: 4096 exec/s: 13064 rss: 621Mb L: 3436/4053 MS: 4 CopyPart-PersAutoDict-ShuffleBytes-CrossOver- DE: ",1.0"-
#7097289	REDUCE cov: 1798 ft: 8231 corp: 1743/507Kb lim: 4096 exec/s: 13070 rss: 621Mb L: 61/4053 MS: 1 EraseBytes-
#7100110	REDUCE cov: 1798 ft: 8231 corp: 1743/507Kb lim: 4096 exec/s: 13051 rss: 621Mb L: 1558/4053 MS: 1 EraseBytes-
#7104966	REDUCE cov: 1798 ft: 8231 corp: 1743/507Kb lim: 4096 exec/s: 13060 rss: 621Mb L: 1137/4053 MS: 1 EraseBytes-
#7107001	REDUCE cov: 1798 ft: 8231 corp: 1743/507Kb lim: 4096 exec/s: 13064 rss: 621Mb L: 42/4053 MS: 5 InsertRepeatedBytes-ChangeByte-EraseBytes-InsertByte-EraseBytes-
#7108663	REDUCE cov: 1798 ft: 8231 corp: 1743/507Kb lim: 4096 exec/s: 13043 rss: 621Mb L: 295/4053 MS: 2 InsertByte-EraseBytes-
#7110160	REDUCE cov: 1798 ft: 8231 corp: 1743/507Kb lim: 4096 exec/s: 13046 rss: 621Mb L: 2975/4053 MS: 2 ChangeASCIIInt-EraseBytes-
#7113947	REDUCE cov: 1798 ft: 8231 corp: 1743/507Kb lim: 4096 exec/s: 13053 rss: 621Mb L: 1347/4053 MS: 2 ChangeBit-EraseBytes-
#7119803	REDUCE cov: 1798 ft: 8231 corp: 1743/507Kb lim: 4096 exec/s: 13039 rss: 621Mb L: 3645/4053 MS: 1 EraseBytes-
#7121669	REDUCE cov: 1798 ft: 8240 corp: 1744/511Kb lim: 4096 exec/s: 13043 rss: 621Mb L: 4029/4053 MS: 1 CopyPart-
#7126337	REDUCE cov: 1798 ft: 8240 corp: 1744/511Kb lim: 4096 exec/s: 13028 rss: 621Mb L: 1053/4053 MS: 3 EraseBytes-ChangeASCIIInt-InsertByte-
#7133938	REDUCE cov: 1798 ft: 8240 corp: 1744/511Kb lim: 4096 exec/s: 13018 rss: 621Mb L: 3398/4053 MS: 1 EraseBytes-
#7139359	REDUCE cov: 1798 ft: 8240 corp: 1744/511Kb lim: 4096 exec/s: 13004 rss: 621Mb L: 290/4053 MS: 1 EraseBytes-
#7139820	REDUCE cov: 1798 ft: 8240 corp: 1744/511Kb lim: 4096 exec/s: 13005 rss: 621Mb L: 57/4053 MS: 1 EraseBytes-
#7143953	REDUCE cov: 1798 ft: 8240 corp: 1744/511Kb lim: 4096 exec/s: 13012 rss: 621Mb L: 12/4053 MS: 3 InsertByte-InsertByte-EraseBytes-
#7160679	REDUCE cov: 1798 ft: 8240 corp: 1744/511Kb lim: 4096 exec/s: 12995 rss: 621Mb L: 500/4053 MS: 1 EraseBytes-
#7164115	REDUCE cov: 1798 ft: 8240 corp: 1744/511Kb lim: 4096 exec/s: 12978 rss: 621Mb L: 496/4053 MS: 1 EraseBytes-
#7170127	REDUCE cov: 1798 ft: 8240 corp: 1744/511Kb lim: 4096 exec/s: 12965 rss: 621Mb L: 59/4053 MS: 1 EraseBytes-
#7171763	REDUCE cov: 1798 ft: 8240 corp: 1744/511Kb lim: 4096 exec/s: 12968 rss: 621Mb L: 43/4053 MS: 1 EraseBytes-
#7177525	REDUCE cov: 1798 ft: 8240 corp: 1744/511Kb lim: 4096 exec/s: 12955 rss: 621Mb L: 3272/4053 MS: 1 EraseBytes-
#7179612	REDUCE cov: 1805 ft: 8247 corp: 1745/511Kb lim: 4096 exec/s: 12959 rss: 621Mb L: 5/4053 MS: 2 ChangeBit-EraseBytes-
#7181603	REDUCE cov: 1805 ft: 8247 corp: 1745/511Kb lim: 4096 exec/s: 12963 rss: 621Mb L: 156/4053 MS: 1 EraseBytes-
#7188899	REDUCE cov: 1805 ft: 8247 corp: 1745/511Kb lim: 4096 exec/s: 12952 rss: 621Mb L: 1502/4053 MS: 1 EraseBytes-
#7190625	REDUCE cov: 1805 ft: 8247 corp: 1745/511Kb lim: 4096 exec/s: 12956 rss: 621Mb L: 3373/4053 MS: 1 EraseBytes-
#7199438	REDUCE cov: 1805 ft: 8247 corp: 1745/511Kb lim: 4096 exec/s: 12948 rss: 621Mb L: 3327/4053 MS: 3 ChangeByte-ShuffleBytes-EraseBytes-
#7205890	REDUCE cov: 1805 ft: 8247 corp: 1745/511Kb lim: 4096 exec/s: 12936 rss: 621Mb L: 84/4053 MS: 1 EraseBytes-
#7209536	REDUCE cov: 1805 ft: 8247 corp: 1745/511Kb lim: 4096 exec/s: 12920 rss: 621Mb L: 193/4053 MS: 1 EraseBytes-
#7211772	REDUCE cov: 1805 ft: 8247 corp: 1745/511Kb lim: 4096 exec/s: 12924 rss: 621Mb L: 41/4053 MS: 1 EraseBytes-
#7217373	REDUCE cov: 1805 ft: 8247 corp: 1745/511Kb lim: 4096 exec/s: 12911 rss: 621Mb L: 147/4053 MS: 1 EraseBytes-
#7224981	REDUCE cov: 1805 ft: 8247 corp: 1745/511Kb lim: 4096 exec/s: 12901 rss: 621Mb L: 852/4053 MS: 3 InsertByte-ChangeASCIIInt-EraseBytes-
#7237362	REDUCE cov: 1805 ft: 8247 corp: 1745/511Kb lim: 4096 exec/s: 12900 rss: 621Mb L: 1866/4053 MS: 1 EraseBytes-
#7240818	REDUCE cov: 1805 ft: 8247 corp: 1745/511Kb lim: 4096 exec/s: 12906 rss: 621Mb L: 552/4053 MS: 1 EraseBytes-
#7243674	REDUCE cov: 1805 ft: 8247 corp: 1745/511Kb lim: 4096 exec/s: 12889 rss: 621Mb L: 46/4053 MS: 1 EraseBytes-
#7245855	REDUCE cov: 1805 ft: 8247 corp: 1745/511Kb lim: 4096 exec/s: 12892 rss: 621Mb L: 1943/4053 MS: 1 EraseBytes-
#7251269	REDUCE cov: 1805 ft: 8247 corp: 1745/511Kb lim: 4096 exec/s: 12879 rss: 621Mb L: 48/4053 MS: 4 ChangeBit-EraseBytes-ChangeByte-CopyPart-
#7252596	REDUCE cov: 1805 ft: 8247 corp: 1745/511Kb lim: 4096 exec/s: 12882 rss: 621Mb L: 138/4053 MS: 2 CopyPart-EraseBytes-
#7258402	REDUCE cov: 1805 ft: 8247 corp: 1745/511Kb lim: 4096 exec/s: 12869 rss: 621Mb L: 53/4053 MS: 1 EraseBytes-
#7258973	REDUCE cov: 1805 ft: 8247 corp: 1745/511Kb lim: 4096 exec/s: 12870 rss: 621Mb L: 3285/4053 MS: 1 EraseBytes-
#7260741	REDUCE cov: 1805 ft: 8247 corp: 1745/511Kb lim: 4096 exec/s: 12873 rss: 621Mb L: 277/4053 MS: 3 ChangeASCIIInt-ShuffleBytes-EraseBytes-
#7265493	REDUCE cov: 1805 ft: 8247 corp: 1745/511Kb lim: 4096 exec/s: 12859 rss: 621Mb L: 251/4053 MS: 2 ChangeBinInt-EraseBytes-
#7267514	REDUCE cov: 1805 ft: 8247 corp: 1745/511Kb lim: 4096 exec/s: 12862 rss: 621Mb L: 1037/4053 MS: 1 EraseBytes-
#7272601	REDUCE cov: 1805 ft: 8247 corp: 1745/510Kb lim: 4096 exec/s: 12871 rss: 621Mb L: 3117/4053 MS: 2 CMP-EraseBytes- DE: "#&\357\277"-
#7277042	REDUCE cov: 1805 ft: 8247 corp: 1745/510Kb lim: 4096 exec/s: 12856 rss: 621Mb L: 68/4053 MS: 1 EraseBytes-
#7278788	REDUCE cov: 1805 ft: 8247 corp: 1745/510Kb lim: 4096 exec/s: 12860 rss: 621Mb L: 550/4053 MS: 1 EraseBytes-
#7296789	REDUCE cov: 1805 ft: 8247 corp: 1745/510Kb lim: 4096 exec/s: 12846 rss: 621Mb L: 42/4053 MS: 1 EraseBytes-
#7305366	REDUCE cov: 1805 ft: 8247 corp: 1745/510Kb lim: 4096 exec/s: 12838 rss: 621Mb L: 185/4053 MS: 2 ChangeBit-EraseBytes-
#7307137	NEW    cov: 1805 ft: 8249 corp: 1746/514Kb lim: 4096 exec/s: 12819 rss: 621Mb L: 3765/4053 MS: 1 EraseBytes-
#7308903	REDUCE cov: 1805 ft: 8249 corp: 1746/514Kb lim: 4096 exec/s: 12822 rss: 621Mb L: 1845/4053 MS: 1 EraseBytes-
#7315006	REDUCE cov: 1805 ft: 8249 corp: 1746/514Kb lim: 4096 exec/s: 12810 rss: 621Mb L: 2124/4053 MS: 3 ShuffleBytes-EraseBytes-CopyPart-
#7323897	REDUCE cov: 1805 ft: 8249 corp: 1746/514Kb lim: 4096 exec/s: 12804 rss: 621Mb L: 52/4053 MS: 1 EraseBytes-
#7328254	REDUCE cov: 1805 ft: 8249 corp: 1746/514Kb lim: 4096 exec/s: 12811 rss: 621Mb L: 3218/4053 MS: 2 CopyPart-EraseBytes-
#7329131	REDUCE cov: 1805 ft: 8249 corp: 1746/514Kb lim: 4096 exec/s: 12790 rss: 621Mb L: 447/4053 MS: 2 ChangeBit-EraseBytes-
#7341937	REDUCE cov: 1805 ft: 8249 corp: 1746/514Kb lim: 4096 exec/s: 12790 rss: 621Mb L: 26/4053 MS: 1 EraseBytes-
#7343493	REDUCE cov: 1805 ft: 8249 corp: 1746/514Kb lim: 4096 exec/s: 12771 rss: 621Mb L: 317/4053 MS: 1 EraseBytes-
#7344385	REDUCE cov: 1805 ft: 8249 corp: 1746/513Kb lim: 4096 exec/s: 12772 rss: 621Mb L: 990/4053 MS: 2 EraseBytes-InsertRepeatedBytes-
#7347166	REDUCE cov: 1805 ft: 8249 corp: 1746/513Kb lim: 4096 exec/s: 12777 rss: 621Mb L: 2061/4053 MS: 1 EraseBytes-
#7353223	REDUCE cov: 1805 ft: 8249 corp: 1746/513Kb lim: 4096 exec/s: 12766 rss: 621Mb L: 1828/4053 MS: 2 CopyPart-EraseBytes-
#7353444	REDUCE cov: 1805 ft: 8249 corp: 1746/513Kb lim: 4096 exec/s: 12766 rss: 621Mb L: 72/4053 MS: 1 EraseBytes-
#7357055	REDUCE cov: 1805 ft: 8249 corp: 1746/513Kb lim: 4096 exec/s: 12772 rss: 621Mb L: 1506/4053 MS: 1 EraseBytes-
#7360596	REDUCE cov: 1805 ft: 8249 corp: 1746/513Kb lim: 4096 exec/s: 12756 rss: 621Mb L: 130/4053 MS: 1 EraseBytes-
#7364062	REDUCE cov: 1805 ft: 8249 corp: 1746/513Kb lim: 4096 exec/s: 12762 rss: 621Mb L: 125/4053 MS: 1 EraseBytes-
#7364829	REDUCE cov: 1805 ft: 8249 corp: 1746/513Kb lim: 4096 exec/s: 12764 rss: 621Mb L: 3257/4053 MS: 2 ShuffleBytes-EraseBytes-
#7366725	REDUCE cov: 1805 ft: 8249 corp: 1746/513Kb lim: 4096 exec/s: 12745 rss: 621Mb L: 2907/4053 MS: 1 EraseBytes-
#7370411	REDUCE cov: 1805 ft: 8249 corp: 1746/513Kb lim: 4096 exec/s: 12751 rss: 621Mb L: 1813/4053 MS: 1 EraseBytes-
#7370427	REDUCE cov: 1805 ft: 8249 corp: 1746/513Kb lim: 4096 exec/s: 12751 rss: 621Mb L: 1613/4053 MS: 1 EraseBytes-
#7371349	REDUCE cov: 1805 ft: 8249 corp: 1746/513Kb lim: 4096 exec/s: 12753 rss: 621Mb L: 3237/4053 MS: 2 ChangeASCIIInt-EraseBytes-
#7373136	REDUCE cov: 1805 ft: 8249 corp: 1746/513Kb lim: 4096 exec/s: 12734 rss: 621Mb L: 315/4053 MS: 2 ChangeASCIIInt-EraseBytes-
#7374632	REDUCE cov: 1805 ft: 8249 corp: 1746/513Kb lim: 4096 exec/s: 12736 rss: 621Mb L: 1345/4053 MS: 1 EraseBytes-
#7380769	REDUCE cov: 1805 ft: 8249 corp: 1746/513Kb lim: 4096 exec/s: 12725 rss: 621Mb L: 590/4053 MS: 1 EraseBytes-
#7383855	REDUCE cov: 1805 ft: 8249 corp: 1746/513Kb lim: 4096 exec/s: 12730 rss: 621Mb L: 691/4053 MS: 1 EraseBytes-
#7383862	REDUCE cov: 1805 ft: 8249 corp: 1746/513Kb lim: 4096 exec/s: 12730 rss: 621Mb L: 1554/4053 MS: 2 ChangeBit-EraseBytes-
#7386363	REDUCE cov: 1805 ft: 8249 corp: 1746/513Kb lim: 4096 exec/s: 12735 rss: 621Mb L: 912/4053 MS: 1 EraseBytes-
#7396719	REDUCE cov: 1805 ft: 8249 corp: 1746/513Kb lim: 4096 exec/s: 12709 rss: 621Mb L: 1072/4053 MS: 1 EraseBytes-
#7397215	REDUCE cov: 1805 ft: 8249 corp: 1746/513Kb lim: 4096 exec/s: 12709 rss: 621Mb L: 124/4053 MS: 1 EraseBytes-
#7398266	REDUCE cov: 1805 ft: 8249 corp: 1746/513Kb lim: 4096 exec/s: 12711 rss: 621Mb L: 1121/4053 MS: 1 EraseBytes-
#7403782	REDUCE cov: 1805 ft: 8249 corp: 1746/513Kb lim: 4096 exec/s: 12699 rss: 621Mb L: 301/4053 MS: 1 EraseBytes-
#7405503	NEW    cov: 1805 ft: 8250 corp: 1747/517Kb lim: 4096 exec/s: 12702 rss: 621Mb L: 4029/4053 MS: 1 CrossOver-
#7407080	REDUCE cov: 1805 ft: 8250 corp: 1747/517Kb lim: 4096 exec/s: 12705 rss: 621Mb L: 40/4053 MS: 2 CrossOver-EraseBytes-
#7409296	REDUCE cov: 1805 ft: 8250 corp: 1747/517Kb lim: 4096 exec/s: 12687 rss: 621Mb L: 1119/4053 MS: 1 EraseBytes-
#7412617	REDUCE cov: 1805 ft: 8250 corp: 1747/517Kb lim: 4096 exec/s: 12692 rss: 621Mb L: 3211/4053 MS: 1 EraseBytes-
#7423879	REDUCE cov: 1805 ft: 8250 corp: 1747/517Kb lim: 4096 exec/s: 12668 rss: 621Mb L: 122/4053 MS: 1 EraseBytes-
#7427935	REDUCE cov: 1805 ft: 8250 corp: 1747/517Kb lim: 4096 exec/s: 12675 rss: 621Mb L: 68/4053 MS: 1 EraseBytes-
#7428187	REDUCE cov: 1805 ft: 8250 corp: 1747/517Kb lim: 4096 exec/s: 12676 rss: 621Mb L: 275/4053 MS: 2 ChangeASCIIInt-EraseBytes-
#7437893	REDUCE cov: 1805 ft: 8250 corp: 1747/517Kb lim: 4096 exec/s: 12671 rss: 621Mb L: 46/4053 MS: 1 EraseBytes-
#7437994	REDUCE cov: 1805 ft: 8250 corp: 1747/517Kb lim: 4096 exec/s: 12671 rss: 621Mb L: 1116/4053 MS: 1 EraseBytes-
#7438650	REDUCE cov: 1805 ft: 8250 corp: 1747/517Kb lim: 4096 exec/s: 12650 rss: 621Mb L: 120/4053 MS: 1 EraseBytes-
#7439792	REDUCE cov: 1805 ft: 8250 corp: 1747/517Kb lim: 4096 exec/s: 12652 rss: 621Mb L: 3679/4053 MS: 2 ChangeASCIIInt-EraseBytes-
#7442673	REDUCE cov: 1805 ft: 8250 corp: 1747/516Kb lim: 4096 exec/s: 12657 rss: 621Mb L: 1233/4053 MS: 1 EraseBytes-
#7450834	REDUCE cov: 1805 ft: 8250 corp: 1747/516Kb lim: 4096 exec/s: 12649 rss: 621Mb L: 1322/4053 MS: 1 EraseBytes-
#7455270	REDUCE cov: 1805 ft: 8250 corp: 1747/516Kb lim: 4096 exec/s: 12636 rss: 621Mb L: 142/4053 MS: 1 EraseBytes-
#7455676	REDUCE cov: 1805 ft: 8250 corp: 1747/516Kb lim: 4096 exec/s: 12636 rss: 621Mb L: 2567/4053 MS: 1 EraseBytes-
#7455832	REDUCE cov: 1805 ft: 8250 corp: 1747/516Kb lim: 4096 exec/s: 12637 rss: 621Mb L: 724/4053 MS: 1 EraseBytes-
#7462898	REDUCE cov: 1805 ft: 8250 corp: 1747/516Kb lim: 4096 exec/s: 12627 rss: 621Mb L: 794/4053 MS: 1 EraseBytes-
#7464654	REDUCE cov: 1805 ft: 8250 corp: 1747/516Kb lim: 4096 exec/s: 12630 rss: 621Mb L: 3896/4053 MS: 1 EraseBytes-
#7469306	REDUCE cov: 1805 ft: 8250 corp: 1747/516Kb lim: 4096 exec/s: 12617 rss: 621Mb L: 19/4053 MS: 2 CopyPart-EraseBytes-
#7475917	REDUCE cov: 1805 ft: 8250 corp: 1747/516Kb lim: 4096 exec/s: 12606 rss: 621Mb L: 107/4053 MS: 1 EraseBytes-
#7479359	REDUCE cov: 1805 ft: 8250 corp: 1747/516Kb lim: 4096 exec/s: 12612 rss: 621Mb L: 1439/4053 MS: 2 InsertByte-EraseBytes-
#7480745	REDUCE cov: 1805 ft: 8250 corp: 1747/516Kb lim: 4096 exec/s: 12615 rss: 621Mb L: 2559/4053 MS: 1 EraseBytes-
#7484706	REDUCE cov: 1805 ft: 8250 corp: 1747/516Kb lim: 4096 exec/s: 12600 rss: 621Mb L: 704/4053 MS: 1 EraseBytes-
#7484747	REDUCE cov: 1805 ft: 8250 corp: 1747/516Kb lim: 4096 exec/s: 12600 rss: 621Mb L: 45/4053 MS: 1 EraseBytes-
#7486528	REDUCE cov: 1805 ft: 8250 corp: 1747/516Kb lim: 4096 exec/s: 12603 rss: 621Mb L: 118/4053 MS: 1 EraseBytes-
#7487829	REDUCE cov: 1805 ft: 8250 corp: 1747/516Kb lim: 4096 exec/s: 12605 rss: 621Mb L: 5/4053 MS: 1 EraseBytes-
#7488022	REDUCE cov: 1805 ft: 8250 corp: 1747/516Kb lim: 4096 exec/s: 12606 rss: 621Mb L: 2923/4053 MS: 3 ShuffleBytes-ChangeBit-EraseBytes-
#7490265	REDUCE cov: 1805 ft: 8250 corp: 1747/516Kb lim: 4096 exec/s: 12588 rss: 621Mb L: 2557/4053 MS: 3 ChangeASCIIInt-InsertByte-EraseBytes-
#7491546	REDUCE cov: 1805 ft: 8250 corp: 1747/516Kb lim: 4096 exec/s: 12590 rss: 621Mb L: 17/4053 MS: 1 EraseBytes-
#7492402	REDUCE cov: 1805 ft: 8250 corp: 1747/516Kb lim: 4096 exec/s: 12592 rss: 621Mb L: 312/4053 MS: 1 EraseBytes-
#7492575	REDUCE cov: 1805 ft: 8250 corp: 1747/516Kb lim: 4096 exec/s: 12592 rss: 621Mb L: 53/4053 MS: 3 ChangeByte-ChangeByte-EraseBytes-
#7495823	REDUCE cov: 1805 ft: 8250 corp: 1747/516Kb lim: 4096 exec/s: 12598 rss: 621Mb L: 302/4053 MS: 3 ChangeASCIIInt-ChangeByte-EraseBytes-
#7501357	REDUCE cov: 1805 ft: 8250 corp: 1747/516Kb lim: 4096 exec/s: 12586 rss: 621Mb L: 1806/4053 MS: 4 ChangeBit-CopyPart-ShuffleBytes-EraseBytes-
#7510968	REDUCE cov: 1805 ft: 8250 corp: 1747/516Kb lim: 4096 exec/s: 12560 rss: 621Mb L: 1758/4053 MS: 1 EraseBytes-
#7518679	REDUCE cov: 1805 ft: 8250 corp: 1747/516Kb lim: 4096 exec/s: 12552 rss: 621Mb L: 1274/4053 MS: 5 ShuffleBytes-PersAutoDict-InsertByte-CopyPart-EraseBytes- DE: "\357\277\275\357\277\275\357"-
#7519155	REDUCE cov: 1805 ft: 8250 corp: 1747/516Kb lim: 4096 exec/s: 12552 rss: 621Mb L: 2849/4053 MS: 1 EraseBytes-
#7520097	REDUCE cov: 1805 ft: 8250 corp: 1747/516Kb lim: 4096 exec/s: 12554 rss: 621Mb L: 988/4053 MS: 2 EraseBytes-ChangeBinInt-
#7528458	REDUCE cov: 1805 ft: 8250 corp: 1747/516Kb lim: 4096 exec/s: 12547 rss: 621Mb L: 710/4053 MS: 1 EraseBytes-
#7530009	REDUCE cov: 1805 ft: 8250 corp: 1747/516Kb lim: 4096 exec/s: 12550 rss: 621Mb L: 161/4053 MS: 1 EraseBytes-
#7536910	REDUCE cov: 1805 ft: 8250 corp: 1747/516Kb lim: 4096 exec/s: 12540 rss: 621Mb L: 1207/4053 MS: 1 EraseBytes-
#7539741	REDUCE cov: 1805 ft: 8250 corp: 1747/516Kb lim: 4096 exec/s: 12545 rss: 621Mb L: 3517/4053 MS: 1 EraseBytes-
#7540953	REDUCE cov: 1805 ft: 8250 corp: 1747/516Kb lim: 4096 exec/s: 12526 rss: 621Mb L: 3208/4053 MS: 2 ShuffleBytes-EraseBytes-
#7546549	REDUCE cov: 1805 ft: 8250 corp: 1747/516Kb lim: 4096 exec/s: 12535 rss: 621Mb L: 279/4053 MS: 1 EraseBytes-
#7550550	REDUCE cov: 1805 ft: 8250 corp: 1747/516Kb lim: 4096 exec/s: 12521 rss: 621Mb L: 42/4053 MS: 1 EraseBytes-
#7551386	REDUCE cov: 1805 ft: 8250 corp: 1747/516Kb lim: 4096 exec/s: 12523 rss: 621Mb L: 3129/4053 MS: 1 EraseBytes-
#7555772	REDUCE cov: 1805 ft: 8250 corp: 1747/516Kb lim: 4096 exec/s: 12509 rss: 621Mb L: 702/4053 MS: 1 EraseBytes-
#7561544	REDUCE cov: 1805 ft: 8250 corp: 1747/516Kb lim: 4096 exec/s: 12519 rss: 621Mb L: 2385/4053 MS: 2 ChangeASCIIInt-EraseBytes-
#7568140	REDUCE cov: 1805 ft: 8250 corp: 1747/516Kb lim: 4096 exec/s: 12509 rss: 621Mb L: 1182/4053 MS: 1 EraseBytes-
#7580746	REDUCE cov: 1805 ft: 8250 corp: 1747/515Kb lim: 4096 exec/s: 12488 rss: 621Mb L: 1566/4053 MS: 1 EraseBytes-
#7582002	REDUCE cov: 1805 ft: 8250 corp: 1747/515Kb lim: 4096 exec/s: 12490 rss: 621Mb L: 1414/4053 MS: 1 EraseBytes-
#7585465	REDUCE cov: 1805 ft: 8250 corp: 1747/515Kb lim: 4096 exec/s: 12476 rss: 621Mb L: 568/4053 MS: 3 CMP-CrossOver-EraseBytes- DE: "\357\277\275 \357\277\275 "-
#7588226	REDUCE cov: 1805 ft: 8250 corp: 1747/515Kb lim: 4096 exec/s: 12480 rss: 621Mb L: 286/4053 MS: 1 EraseBytes-
#7588512	REDUCE cov: 1805 ft: 8250 corp: 1747/515Kb lim: 4096 exec/s: 12481 rss: 621Mb L: 539/4053 MS: 1 EraseBytes-
#7590258	REDUCE cov: 1805 ft: 8250 corp: 1747/515Kb lim: 4096 exec/s: 12483 rss: 621Mb L: 981/4053 MS: 1 EraseBytes-
#7602474	REDUCE cov: 1805 ft: 8250 corp: 1747/515Kb lim: 4096 exec/s: 12463 rss: 621Mb L: 2552/4053 MS: 1 EraseBytes-
#7603805	REDUCE cov: 1805 ft: 8250 corp: 1747/515Kb lim: 4096 exec/s: 12465 rss: 621Mb L: 1029/4053 MS: 1 EraseBytes-
#7605351	REDUCE cov: 1805 ft: 8250 corp: 1747/515Kb lim: 4096 exec/s: 12467 rss: 621Mb L: 134/4053 MS: 1 EraseBytes-
#7606053	REDUCE cov: 1805 ft: 8250 corp: 1747/515Kb lim: 4096 exec/s: 12448 rss: 621Mb L: 1463/4053 MS: 2 CopyPart-EraseBytes-
#7606339	REDUCE cov: 1805 ft: 8250 corp: 1747/515Kb lim: 4096 exec/s: 12449 rss: 621Mb L: 1427/4053 MS: 1 EraseBytes-
#7608796	REDUCE cov: 1805 ft: 8250 corp: 1747/515Kb lim: 4096 exec/s: 12453 rss: 621Mb L: 116/4053 MS: 1 EraseBytes-
#7608983	REDUCE cov: 1805 ft: 8250 corp: 1747/515Kb lim: 4096 exec/s: 12453 rss: 621Mb L: 1224/4053 MS: 2 ChangeASCIIInt-EraseBytes-
#7613784	REDUCE cov: 1805 ft: 8250 corp: 1747/515Kb lim: 4096 exec/s: 12440 rss: 621Mb L: 97/4053 MS: 1 EraseBytes-
#7624481	REDUCE cov: 1805 ft: 8250 corp: 1747/515Kb lim: 4096 exec/s: 12437 rss: 621Mb L: 1141/4053 MS: 1 EraseBytes-
#7626702	REDUCE cov: 1805 ft: 8250 corp: 1747/515Kb lim: 4096 exec/s: 12441 rss: 621Mb L: 1746/4053 MS: 1 EraseBytes-
#7631603	REDUCE cov: 1805 ft: 8250 corp: 1747/515Kb lim: 4096 exec/s: 12429 rss: 621Mb L: 69/4053 MS: 1 EraseBytes-
#7638744	REDUCE cov: 1805 ft: 8250 corp: 1747/515Kb lim: 4096 exec/s: 12420 rss: 621Mb L: 75/4053 MS: 1 EraseBytes-
#7643990	REDUCE cov: 1805 ft: 8250 corp: 1747/515Kb lim: 4096 exec/s: 12409 rss: 621Mb L: 1113/4053 MS: 1 EraseBytes-
#7653211	REDUCE cov: 1805 ft: 8250 corp: 1747/515Kb lim: 4096 exec/s: 12403 rss: 621Mb L: 3764/4053 MS: 1 EraseBytes-
#7655927	REDUCE cov: 1805 ft: 8250 corp: 1747/515Kb lim: 4096 exec/s: 12408 rss: 621Mb L: 115/4053 MS: 1 EraseBytes-
#7657113	REDUCE cov: 1805 ft: 8250 corp: 1747/515Kb lim: 4096 exec/s: 12390 rss: 621Mb L: 2029/4053 MS: 1 EraseBytes-
#7659019	REDUCE cov: 1805 ft: 8250 corp: 1747/515Kb lim: 4096 exec/s: 12393 rss: 621Mb L: 184/4053 MS: 1 EraseBytes-
#7667225	REDUCE cov: 1805 ft: 8250 corp: 1747/515Kb lim: 4096 exec/s: 12386 rss: 621Mb L: 804/4053 MS: 1 EraseBytes-
#7669821	REDUCE cov: 1805 ft: 8250 corp: 1747/515Kb lim: 4096 exec/s: 12390 rss: 621Mb L: 634/4053 MS: 1 EraseBytes-
#7670282	REDUCE cov: 1805 ft: 8250 corp: 1747/515Kb lim: 4096 exec/s: 12391 rss: 621Mb L: 700/4053 MS: 1 EraseBytes-
#7684390	REDUCE cov: 1805 ft: 8250 corp: 1747/515Kb lim: 4096 exec/s: 12374 rss: 621Mb L: 907/4053 MS: 3 ChangeASCIIInt-InsertByte-EraseBytes-
#7686306	REDUCE cov: 1805 ft: 8250 corp: 1747/515Kb lim: 4096 exec/s: 12357 rss: 621Mb L: 980/4053 MS: 1 EraseBytes-
#7690848	REDUCE cov: 1805 ft: 8250 corp: 1747/515Kb lim: 4096 exec/s: 12364 rss: 621Mb L: 530/4053 MS: 2 ChangeASCIIInt-EraseBytes-
#7692890	REDUCE cov: 1805 ft: 8250 corp: 1747/515Kb lim: 4096 exec/s: 12348 rss: 621Mb L: 526/4053 MS: 2 CMP-EraseBytes- DE: "\377\377\377\373"-
#7702033	REDUCE cov: 1805 ft: 8250 corp: 1747/515Kb lim: 4096 exec/s: 12343 rss: 621Mb L: 41/4053 MS: 2 InsertByte-EraseBytes-
#7702100	REDUCE cov: 1805 ft: 8250 corp: 1747/515Kb lim: 4096 exec/s: 12343 rss: 621Mb L: 63/4053 MS: 2 ChangeASCIIInt-EraseBytes-
#7703108	REDUCE cov: 1806 ft: 8251 corp: 1748/515Kb lim: 4096 exec/s: 12344 rss: 621Mb L: 35/4053 MS: 3 ShuffleBytes-EraseBytes-CMP- DE: "status"-
#7707666	REDUCE cov: 1806 ft: 8251 corp: 1748/515Kb lim: 4096 exec/s: 12332 rss: 621Mb L: 994/4053 MS: 2 ChangeBit-EraseBytes-
#7716412	REDUCE cov: 1806 ft: 8251 corp: 1748/515Kb lim: 4096 exec/s: 12326 rss: 621Mb L: 81/4053 MS: 1 EraseBytes-
#7720173	REDUCE cov: 1806 ft: 8251 corp: 1748/515Kb lim: 4096 exec/s: 12332 rss: 621Mb L: 1090/4053 MS: 1 EraseBytes-
#7725209	REDUCE cov: 1806 ft: 8251 corp: 1748/515Kb lim: 4096 exec/s: 12320 rss: 621Mb L: 2449/4053 MS: 1 EraseBytes-
#7730688	REDUCE cov: 1806 ft: 8251 corp: 1748/515Kb lim: 4096 exec/s: 12310 rss: 621Mb L: 152/4053 MS: 4 EraseBytes-CMP-ShuffleBytes-EraseBytes- DE: "message"-
#7734744	REDUCE cov: 1806 ft: 8251 corp: 1748/515Kb lim: 4096 exec/s: 12316 rss: 621Mb L: 531/4053 MS: 1 EraseBytes-
#7736936	REDUCE cov: 1806 ft: 8251 corp: 1748/515Kb lim: 4096 exec/s: 12300 rss: 621Mb L: 957/4053 MS: 2 InsertRepeatedBytes-EraseBytes-
#7742366	REDUCE cov: 1806 ft: 8251 corp: 1748/515Kb lim: 4096 exec/s: 12309 rss: 621Mb L: 46/4053 MS: 5 ChangeBit-ChangeBit-CopyPart-EraseBytes-CopyPart-
#7743268	REDUCE cov: 1806 ft: 8251 corp: 1748/515Kb lim: 4096 exec/s: 12290 rss: 621Mb L: 1191/4053 MS: 2 ChangeBinInt-EraseBytes-
#7745174	REDUCE cov: 1806 ft: 8251 corp: 1748/515Kb lim: 4096 exec/s: 12293 rss: 621Mb L: 2545/4053 MS: 1 EraseBytes-
#7750855	REDUCE cov: 1806 ft: 8251 corp: 1748/515Kb lim: 4096 exec/s: 12283 rss: 621Mb L: 3115/4053 MS: 1 EraseBytes-
#7752541	REDUCE cov: 1806 ft: 8251 corp: 1748/515Kb lim: 4096 exec/s: 12286 rss: 621Mb L: 839/4053 MS: 1 EraseBytes-
#7754079	REDUCE cov: 1806 ft: 8251 corp: 1748/515Kb lim: 4096 exec/s: 12288 rss: 621Mb L: 1172/4053 MS: 3 ChangeASCIIInt-ChangeByte-EraseBytes-
#7755360	REDUCE cov: 1806 ft: 8251 corp: 1748/515Kb lim: 4096 exec/s: 12290 rss: 621Mb L: 1156/4053 MS: 1 EraseBytes-
#7756079	REDUCE cov: 1806 ft: 8251 corp: 1748/515Kb lim: 4096 exec/s: 12291 rss: 621Mb L: 582/4053 MS: 4 CopyPart-ShuffleBytes-CopyPart-EraseBytes-
#7765095	REDUCE cov: 1806 ft: 8251 corp: 1748/515Kb lim: 4096 exec/s: 12267 rss: 621Mb L: 38/4053 MS: 1 EraseBytes-
#7766471	REDUCE cov: 1806 ft: 8251 corp: 1748/515Kb lim: 4096 exec/s: 12269 rss: 621Mb L: 2485/4053 MS: 1 EraseBytes-
#7773987	REDUCE cov: 1806 ft: 8251 corp: 1748/515Kb lim: 4096 exec/s: 12261 rss: 621Mb L: 1074/4053 MS: 1 EraseBytes-
#7776179	REDUCE cov: 1806 ft: 8251 corp: 1748/515Kb lim: 4096 exec/s: 12265 rss: 621Mb L: 1382/4053 MS: 2 ChangeByte-EraseBytes-
#7776980	REDUCE cov: 1806 ft: 8251 corp: 1748/515Kb lim: 4096 exec/s: 12266 rss: 621Mb L: 2449/4053 MS: 1 EraseBytes-
#7785542	REDUCE cov: 1806 ft: 8251 corp: 1748/514Kb lim: 4096 exec/s: 12260 rss: 621Mb L: 207/4053 MS: 1 EraseBytes-
#7795664	REDUCE cov: 1806 ft: 8251 corp: 1748/514Kb lim: 4096 exec/s: 12238 rss: 621Mb L: 271/4053 MS: 2 ShuffleBytes-EraseBytes-
#7800081	REDUCE cov: 1806 ft: 8251 corp: 1748/514Kb lim: 4096 exec/s: 12225 rss: 621Mb L: 303/4053 MS: 2 ChangeASCIIInt-EraseBytes-
#7807933	REDUCE cov: 1806 ft: 8251 corp: 1748/514Kb lim: 4096 exec/s: 12218 rss: 621Mb L: 2369/4053 MS: 2 ChangeBit-EraseBytes-
#7812669	REDUCE cov: 1806 ft: 8251 corp: 1748/514Kb lim: 4096 exec/s: 12226 rss: 621Mb L: 266/4053 MS: 1 EraseBytes-
#7813832	REDUCE cov: 1806 ft: 8251 corp: 1748/514Kb lim: 4096 exec/s: 12228 rss: 621Mb L: 1152/4053 MS: 3 ChangeBinInt-ChangeASCIIInt-EraseBytes-
#7822729	REDUCE cov: 1806 ft: 8251 corp: 1748/514Kb lim: 4096 exec/s: 12203 rss: 621Mb L: 696/4053 MS: 1 EraseBytes-
#7831716	REDUCE cov: 1806 ft: 8251 corp: 1748/514Kb lim: 4096 exec/s: 12198 rss: 621Mb L: 21/4053 MS: 2 ChangeBit-EraseBytes-
#7836812	REDUCE cov: 1806 ft: 8251 corp: 1748/514Kb lim: 4096 exec/s: 12187 rss: 621Mb L: 1019/4053 MS: 1 EraseBytes-
#7837143	REDUCE cov: 1806 ft: 8251 corp: 1748/514Kb lim: 4096 exec/s: 12188 rss: 621Mb L: 345/4053 MS: 1 EraseBytes-
#7842854	REDUCE cov: 1806 ft: 8251 corp: 1748/514Kb lim: 4096 exec/s: 12197 rss: 621Mb L: 1501/4053 MS: 1 EraseBytes-
#7843895	REDUCE cov: 1806 ft: 8251 corp: 1748/514Kb lim: 4096 exec/s: 12179 rss: 621Mb L: 1058/4053 MS: 1 EraseBytes-
#7856286	REDUCE cov: 1806 ft: 8251 corp: 1748/514Kb lim: 4096 exec/s: 12180 rss: 621Mb L: 3192/4053 MS: 1 EraseBytes-
#7859378	REDUCE cov: 1806 ft: 8251 corp: 1748/514Kb lim: 4096 exec/s: 12166 rss: 621Mb L: 3107/4053 MS: 2 ChangeASCIIInt-EraseBytes-
#7860117	REDUCE cov: 1806 ft: 8251 corp: 1748/514Kb lim: 4096 exec/s: 12167 rss: 621Mb L: 2147/4053 MS: 4 ChangeASCIIInt-ChangeASCIIInt-EraseBytes-CopyPart-
#7865648	REDUCE cov: 1806 ft: 8251 corp: 1748/514Kb lim: 4096 exec/s: 12157 rss: 621Mb L: 3579/4053 MS: 1 EraseBytes-
#7869990	REDUCE cov: 1806 ft: 8251 corp: 1748/514Kb lim: 4096 exec/s: 12163 rss: 621Mb L: 41/4053 MS: 2 ShuffleBytes-EraseBytes-
#7891992	REDUCE cov: 1806 ft: 8251 corp: 1748/514Kb lim: 4096 exec/s: 12141 rss: 621Mb L: 1124/4053 MS: 2 ChangeByte-EraseBytes-
#7923124	REDUCE cov: 1806 ft: 8251 corp: 1748/514Kb lim: 4096 exec/s: 12114 rss: 621Mb L: 121/4053 MS: 2 ChangeASCIIInt-EraseBytes-
#7927720	REDUCE cov: 1806 ft: 8251 corp: 1748/514Kb lim: 4096 exec/s: 12103 rss: 621Mb L: 45/4053 MS: 1 EraseBytes-
#7933756	REDUCE cov: 1806 ft: 8251 corp: 1748/514Kb lim: 4096 exec/s: 12094 rss: 621Mb L: 605/4053 MS: 1 EraseBytes-
#7943562	REDUCE cov: 1806 ft: 8251 corp: 1748/514Kb lim: 4096 exec/s: 12090 rss: 621Mb L: 3558/4053 MS: 1 EraseBytes-
#7945148	REDUCE cov: 1806 ft: 8251 corp: 1748/514Kb lim: 4096 exec/s: 12093 rss: 621Mb L: 68/4053 MS: 1 EraseBytes-
#7954449	REDUCE cov: 1806 ft: 8251 corp: 1748/514Kb lim: 4096 exec/s: 12070 rss: 621Mb L: 1018/4053 MS: 1 EraseBytes-
#7957935	REDUCE cov: 1806 ft: 8251 corp: 1748/514Kb lim: 4096 exec/s: 12075 rss: 621Mb L: 298/4053 MS: 1 EraseBytes-
#7959011	REDUCE cov: 1806 ft: 8251 corp: 1748/514Kb lim: 4096 exec/s: 12077 rss: 621Mb L: 822/4053 MS: 1 EraseBytes-
#7966052	REDUCE cov: 1806 ft: 8251 corp: 1748/514Kb lim: 4096 exec/s: 12069 rss: 621Mb L: 1008/4053 MS: 1 EraseBytes-
#7968053	REDUCE cov: 1806 ft: 8251 corp: 1748/514Kb lim: 4096 exec/s: 12054 rss: 621Mb L: 53/4053 MS: 1 EraseBytes-
#7973772	REDUCE cov: 1806 ft: 8251 corp: 1748/514Kb lim: 4096 exec/s: 12063 rss: 621Mb L: 2850/4053 MS: 4 ShuffleBytes-InsertRepeatedBytes-ChangeASCIIInt-EraseBytes-
#7974013	REDUCE cov: 1806 ft: 8251 corp: 1748/514Kb lim: 4096 exec/s: 12063 rss: 621Mb L: 96/4053 MS: 1 EraseBytes-
#7979770	REDUCE cov: 1806 ft: 8251 corp: 1748/514Kb lim: 4096 exec/s: 12054 rss: 621Mb L: 2013/4053 MS: 2 EraseBytes-PersAutoDict- DE: "0\377\377\377"-
#7979892	REDUCE cov: 1806 ft: 8251 corp: 1748/514Kb lim: 4096 exec/s: 12054 rss: 621Mb L: 259/4053 MS: 2 InsertByte-EraseBytes-
#7981283	REDUCE cov: 1806 ft: 8251 corp: 1748/514Kb lim: 4096 exec/s: 12056 rss: 621Mb L: 160/4053 MS: 1 EraseBytes-
#7984074	REDUCE cov: 1806 ft: 8251 corp: 1748/514Kb lim: 4096 exec/s: 12042 rss: 621Mb L: 676/4053 MS: 1 EraseBytes-
#7986386	REDUCE cov: 1806 ft: 8251 corp: 1748/514Kb lim: 4096 exec/s: 12045 rss: 621Mb L: 300/4053 MS: 2 ChangeByte-EraseBytes-
#7987167	REDUCE cov: 1806 ft: 8251 corp: 1748/514Kb lim: 4096 exec/s: 12047 rss: 621Mb L: 788/4053 MS: 1 EraseBytes-
#7987944	REDUCE cov: 1806 ft: 8251 corp: 1748/514Kb lim: 4096 exec/s: 12048 rss: 621Mb L: 712/4053 MS: 2 CopyPart-EraseBytes-
#7988295	REDUCE cov: 1806 ft: 8251 corp: 1748/514Kb lim: 4096 exec/s: 12048 rss: 621Mb L: 1170/4053 MS: 1 EraseBytes-
#7996062	REDUCE cov: 1806 ft: 8251 corp: 1748/514Kb lim: 4096 exec/s: 12042 rss: 621Mb L: 661/4053 MS: 2 ChangeASCIIInt-EraseBytes-
#8010518	REDUCE cov: 1806 ft: 8251 corp: 1748/514Kb lim: 4096 exec/s: 12027 rss: 621Mb L: 40/4053 MS: 1 EraseBytes-
#8012811	REDUCE cov: 1806 ft: 8251 corp: 1748/514Kb lim: 4096 exec/s: 12013 rss: 621Mb L: 773/4053 MS: 3 ChangeASCIIInt-EraseBytes-CopyPart-
#8013287	REDUCE cov: 1806 ft: 8251 corp: 1748/514Kb lim: 4096 exec/s: 12013 rss: 621Mb L: 361/4053 MS: 1 EraseBytes-
#8015543	REDUCE cov: 1806 ft: 8251 corp: 1748/514Kb lim: 4096 exec/s: 12017 rss: 621Mb L: 635/4053 MS: 1 EraseBytes-
#8021175	REDUCE cov: 1806 ft: 8251 corp: 1748/514Kb lim: 4096 exec/s: 12007 rss: 621Mb L: 1481/4053 MS: 2 ChangeBit-EraseBytes-
#8023721	REDUCE cov: 1806 ft: 8251 corp: 1748/514Kb lim: 4096 exec/s: 12011 rss: 621Mb L: 581/4053 MS: 1 EraseBytes-
#8024008	REDUCE cov: 1806 ft: 8251 corp: 1748/514Kb lim: 4096 exec/s: 12011 rss: 621Mb L: 49/4053 MS: 2 ChangeASCIIInt-EraseBytes-
#8027809	REDUCE cov: 1806 ft: 8251 corp: 1748/514Kb lim: 4096 exec/s: 11999 rss: 621Mb L: 2340/4053 MS: 1 EraseBytes-
#8031281	REDUCE cov: 1806 ft: 8251 corp: 1748/514Kb lim: 4096 exec/s: 12004 rss: 621Mb L: 32/4053 MS: 2 ChangeBinInt-EraseBytes-
#8031367	REDUCE cov: 1806 ft: 8251 corp: 1748/514Kb lim: 4096 exec/s: 12005 rss: 621Mb L: 315/4053 MS: 1 EraseBytes-
#8033069	REDUCE cov: 1806 ft: 8251 corp: 1748/514Kb lim: 4096 exec/s: 12007 rss: 621Mb L: 24/4053 MS: 2 ChangeByte-EraseBytes-
#8038331	REDUCE cov: 1806 ft: 8251 corp: 1748/514Kb lim: 4096 exec/s: 11997 rss: 621Mb L: 3179/4053 MS: 2 InsertByte-EraseBytes-
#8051397	REDUCE cov: 1806 ft: 8251 corp: 1748/514Kb lim: 4096 exec/s: 11981 rss: 621Mb L: 1477/4053 MS: 1 EraseBytes-
#8052733	REDUCE cov: 1806 ft: 8251 corp: 1748/514Kb lim: 4096 exec/s: 11983 rss: 621Mb L: 1006/4053 MS: 1 EraseBytes-
#8052784	REDUCE cov: 1806 ft: 8251 corp: 1748/514Kb lim: 4096 exec/s: 11983 rss: 621Mb L: 42/4053 MS: 1 EraseBytes-
#8052926	REDUCE cov: 1806 ft: 8251 corp: 1748/514Kb lim: 4096 exec/s: 11983 rss: 621Mb L: 2832/4053 MS: 2 ChangeASCIIInt-EraseBytes-
#8055267	REDUCE cov: 1806 ft: 8251 corp: 1748/514Kb lim: 4096 exec/s: 11987 rss: 621Mb L: 266/4053 MS: 1 EraseBytes-
#8056933	REDUCE cov: 1806 ft: 8251 corp: 1748/514Kb lim: 4096 exec/s: 11971 rss: 621Mb L: 112/4053 MS: 1 EraseBytes-
#8057164	REDUCE cov: 1806 ft: 8251 corp: 1748/514Kb lim: 4096 exec/s: 11972 rss: 621Mb L: 1065/4053 MS: 1 EraseBytes-
#8059981	REDUCE cov: 1806 ft: 8251 corp: 1748/514Kb lim: 4096 exec/s: 11976 rss: 621Mb L: 659/4053 MS: 2 ChangeBinInt-EraseBytes-
#8064437	REDUCE cov: 1806 ft: 8251 corp: 1748/514Kb lim: 4096 exec/s: 11965 rss: 621Mb L: 1988/4053 MS: 1 EraseBytes-
#8069435	REDUCE cov: 1806 ft: 8251 corp: 1748/514Kb lim: 4096 exec/s: 11972 rss: 621Mb L: 937/4053 MS: 3 ChangeASCIIInt-ShuffleBytes-EraseBytes-
#8070458	REDUCE cov: 1806 ft: 8251 corp: 1748/514Kb lim: 4096 exec/s: 11956 rss: 621Mb L: 2804/4053 MS: 3 CopyPart-InsertByte-EraseBytes-
#8074722	REDUCE cov: 1806 ft: 8251 corp: 1748/514Kb lim: 4096 exec/s: 11962 rss: 621Mb L: 1087/4053 MS: 4 ChangeBit-ChangeASCIIInt-InsertByte-EraseBytes-
#8076884	REDUCE cov: 1806 ft: 8251 corp: 1748/514Kb lim: 4096 exec/s: 11965 rss: 621Mb L: 93/4053 MS: 2 ChangeASCIIInt-EraseBytes-
#8083427	REDUCE cov: 1806 ft: 8251 corp: 1748/514Kb lim: 4096 exec/s: 11957 rss: 621Mb L: 56/4053 MS: 3 CopyPart-ChangeBit-EraseBytes-
#8083838	REDUCE cov: 1806 ft: 8251 corp: 1748/514Kb lim: 4096 exec/s: 11958 rss: 621Mb L: 1378/4053 MS: 1 EraseBytes-
#8087299	REDUCE cov: 1806 ft: 8251 corp: 1748/514Kb lim: 4096 exec/s: 11945 rss: 621Mb L: 279/4053 MS: 1 EraseBytes-
#8090400	REDUCE cov: 1806 ft: 8251 corp: 1748/514Kb lim: 4096 exec/s: 11950 rss: 621Mb L: 158/4053 MS: 1 EraseBytes-
#8091131	REDUCE cov: 1806 ft: 8251 corp: 1748/514Kb lim: 4096 exec/s: 11951 rss: 621Mb L: 43/4053 MS: 1 EraseBytes-
#8092258	REDUCE cov: 1806 ft: 8251 corp: 1748/514Kb lim: 4096 exec/s: 11953 rss: 621Mb L: 80/4053 MS: 2 ShuffleBytes-EraseBytes-
#8093787	REDUCE cov: 1806 ft: 8251 corp: 1748/513Kb lim: 4096 exec/s: 11937 rss: 621Mb L: 2085/4053 MS: 4 EraseBytes-ChangeASCIIInt-ShuffleBytes-CopyPart-
#8094468	REDUCE cov: 1806 ft: 8251 corp: 1748/513Kb lim: 4096 exec/s: 11938 rss: 621Mb L: 1390/4053 MS: 1 EraseBytes-
#8107889	REDUCE cov: 1806 ft: 8251 corp: 1748/513Kb lim: 4096 exec/s: 11923 rss: 621Mb L: 81/4053 MS: 1 EraseBytes-
#8114835	REDUCE cov: 1806 ft: 8251 corp: 1748/513Kb lim: 4096 exec/s: 11916 rss: 621Mb L: 1448/4053 MS: 1 EraseBytes-
#8130111	REDUCE cov: 1806 ft: 8251 corp: 1748/513Kb lim: 4096 exec/s: 11920 rss: 621Mb L: 578/4053 MS: 1 EraseBytes-
#8133287	REDUCE cov: 1806 ft: 8251 corp: 1748/513Kb lim: 4096 exec/s: 11908 rss: 621Mb L: 2152/4053 MS: 1 EraseBytes-
#8137308	REDUCE cov: 1806 ft: 8251 corp: 1748/513Kb lim: 4096 exec/s: 11914 rss: 621Mb L: 27/4053 MS: 1 EraseBytes-
#8137399	REDUCE cov: 1806 ft: 8251 corp: 1748/513Kb lim: 4096 exec/s: 11896 rss: 621Mb L: 3370/4053 MS: 1 EraseBytes-
#8140050	REDUCE cov: 1806 ft: 8251 corp: 1748/513Kb lim: 4096 exec/s: 11900 rss: 621Mb L: 114/4053 MS: 1 EraseBytes-
#8146471	REDUCE cov: 1806 ft: 8251 corp: 1748/513Kb lim: 4096 exec/s: 11892 rss: 621Mb L: 210/4053 MS: 1 EraseBytes-
#8147422	REDUCE cov: 1806 ft: 8251 corp: 1748/513Kb lim: 4096 exec/s: 11894 rss: 621Mb L: 31/4053 MS: 1 EraseBytes-
#8152263	REDUCE cov: 1806 ft: 8251 corp: 1748/513Kb lim: 4096 exec/s: 11883 rss: 621Mb L: 484/4053 MS: 1 EraseBytes-
#8154129	REDUCE cov: 1806 ft: 8251 corp: 1748/513Kb lim: 4096 exec/s: 11886 rss: 621Mb L: 1053/4053 MS: 1 EraseBytes-
#8155360	REDUCE cov: 1806 ft: 8251 corp: 1748/513Kb lim: 4096 exec/s: 11888 rss: 621Mb L: 926/4053 MS: 1 EraseBytes-
#8158722	REDUCE cov: 1806 ft: 8251 corp: 1748/513Kb lim: 4096 exec/s: 11893 rss: 621Mb L: 253/4053 MS: 2 ChangeASCIIInt-EraseBytes-
#8176529	REDUCE cov: 1806 ft: 8251 corp: 1748/513Kb lim: 4096 exec/s: 11867 rss: 621Mb L: 1392/4053 MS: 2 CopyPart-EraseBytes-
#8179161	REDUCE cov: 1806 ft: 8251 corp: 1748/513Kb lim: 4096 exec/s: 11871 rss: 621Mb L: 780/4053 MS: 2 ChangeASCIIInt-EraseBytes-
#8182577	REDUCE cov: 1806 ft: 8251 corp: 1748/513Kb lim: 4096 exec/s: 11858 rss: 621Mb L: 2002/4053 MS: 1 EraseBytes-
#8194858	REDUCE cov: 1806 ft: 8251 corp: 1748/513Kb lim: 4096 exec/s: 11859 rss: 621Mb L: 779/4053 MS: 1 EraseBytes-
#8199145	REDUCE cov: 1806 ft: 8251 corp: 1748/513Kb lim: 4096 exec/s: 11848 rss: 621Mb L: 3772/4053 MS: 1 EraseBytes-
#8205301	REDUCE cov: 1806 ft: 8251 corp: 1748/513Kb lim: 4096 exec/s: 11840 rss: 621Mb L: 3137/4053 MS: 1 EraseBytes-
#8205678	REDUCE cov: 1806 ft: 8251 corp: 1748/513Kb lim: 4096 exec/s: 11840 rss: 621Mb L: 628/4053 MS: 2 ShuffleBytes-EraseBytes-
#8205679	REDUCE cov: 1806 ft: 8251 corp: 1748/513Kb lim: 4096 exec/s: 11840 rss: 621Mb L: 22/4053 MS: 1 EraseBytes-
#8206400	REDUCE cov: 1806 ft: 8251 corp: 1748/513Kb lim: 4096 exec/s: 11841 rss: 621Mb L: 515/4053 MS: 1 EraseBytes-
#8217893	REDUCE cov: 1806 ft: 8251 corp: 1748/513Kb lim: 4096 exec/s: 11841 rss: 621Mb L: 56/4053 MS: 3 ChangeBit-ChangeASCIIInt-EraseBytes-
#8218006	REDUCE cov: 1806 ft: 8251 corp: 1748/513Kb lim: 4096 exec/s: 11841 rss: 621Mb L: 154/4053 MS: 3 InsertByte-ChangeASCIIInt-EraseBytes-
#8219807	REDUCE cov: 1806 ft: 8251 corp: 1748/513Kb lim: 4096 exec/s: 11827 rss: 621Mb L: 34/4053 MS: 1 EraseBytes-
#8223478	REDUCE cov: 1806 ft: 8251 corp: 1748/513Kb lim: 4096 exec/s: 11832 rss: 621Mb L: 153/4053 MS: 1 EraseBytes-
#8223995	REDUCE cov: 1806 ft: 8251 corp: 1748/513Kb lim: 4096 exec/s: 11833 rss: 621Mb L: 641/4053 MS: 2 EraseBytes-CrossOver-
#8226726	REDUCE cov: 1806 ft: 8251 corp: 1748/513Kb lim: 4096 exec/s: 11820 rss: 621Mb L: 98/4053 MS: 1 EraseBytes-
#8228008	REDUCE cov: 1806 ft: 8251 corp: 1748/513Kb lim: 4096 exec/s: 11821 rss: 621Mb L: 286/4053 MS: 1 EraseBytes-
#8230999	REDUCE cov: 1806 ft: 8251 corp: 1748/513Kb lim: 4096 exec/s: 11826 rss: 621Mb L: 446/4053 MS: 1 EraseBytes-
#8233040	REDUCE cov: 1806 ft: 8251 corp: 1748/513Kb lim: 4096 exec/s: 11812 rss: 621Mb L: 91/4053 MS: 1 EraseBytes-
#8235916	REDUCE cov: 1806 ft: 8251 corp: 1748/513Kb lim: 4096 exec/s: 11816 rss: 621Mb L: 1002/4053 MS: 1 EraseBytes-
#8237027	REDUCE cov: 1806 ft: 8251 corp: 1748/513Kb lim: 4096 exec/s: 11817 rss: 621Mb L: 1966/4053 MS: 1 EraseBytes-
#8247118	REDUCE cov: 1806 ft: 8251 corp: 1748/513Kb lim: 4096 exec/s: 11798 rss: 621Mb L: 118/4053 MS: 1 EraseBytes-
#8247904	REDUCE cov: 1806 ft: 8251 corp: 1748/513Kb lim: 4096 exec/s: 11799 rss: 621Mb L: 30/4053 MS: 1 EraseBytes-
#8254990	REDUCE cov: 1806 ft: 8251 corp: 1748/513Kb lim: 4096 exec/s: 11792 rss: 621Mb L: 482/4053 MS: 1 EraseBytes-
#8260622	REDUCE cov: 1806 ft: 8251 corp: 1748/513Kb lim: 4096 exec/s: 11800 rss: 621Mb L: 89/4053 MS: 2 ShuffleBytes-EraseBytes-
#8263264	REDUCE cov: 1806 ft: 8251 corp: 1748/513Kb lim: 4096 exec/s: 11787 rss: 621Mb L: 32/4053 MS: 2 ChangeByte-EraseBytes-
#8276970	REDUCE cov: 1806 ft: 8251 corp: 1748/513Kb lim: 4096 exec/s: 11773 rss: 621Mb L: 3662/4053 MS: 1 EraseBytes-
#8286012	REDUCE cov: 1806 ft: 8251 corp: 1748/513Kb lim: 4096 exec/s: 11769 rss: 621Mb L: 3095/4053 MS: 2 ChangeASCIIInt-EraseBytes-
#8290208	REDUCE cov: 1806 ft: 8251 corp: 1748/513Kb lim: 4096 exec/s: 11775 rss: 621Mb L: 12/4053 MS: 1 EraseBytes-
#8296175	REDUCE cov: 1806 ft: 8251 corp: 1748/513Kb lim: 4096 exec/s: 11767 rss: 621Mb L: 152/4053 MS: 2 EraseBytes-InsertByte-
#8297896	REDUCE cov: 1806 ft: 8251 corp: 1748/513Kb lim: 4096 exec/s: 11770 rss: 621Mb L: 1079/4053 MS: 1 EraseBytes-
#8304397	REDUCE cov: 1806 ft: 8251 corp: 1748/513Kb lim: 4096 exec/s: 11762 rss: 621Mb L: 113/4053 MS: 1 EraseBytes-
#8305668	REDUCE cov: 1806 ft: 8251 corp: 1748/513Kb lim: 4096 exec/s: 11747 rss: 621Mb L: 478/4053 MS: 1 EraseBytes-
#8318584	REDUCE cov: 1806 ft: 8251 corp: 1748/513Kb lim: 4096 exec/s: 11749 rss: 621Mb L: 147/4053 MS: 1 EraseBytes-
#8322056	REDUCE cov: 1806 ft: 8251 corp: 1748/513Kb lim: 4096 exec/s: 11737 rss: 621Mb L: 1066/4053 MS: 2 ShuffleBytes-EraseBytes-
#8322717	REDUCE cov: 1806 ft: 8251 corp: 1748/513Kb lim: 4096 exec/s: 11738 rss: 621Mb L: 55/4053 MS: 1 EraseBytes-
#8323100	REDUCE cov: 1806 ft: 8251 corp: 1748/513Kb lim: 4096 exec/s: 11739 rss: 621Mb L: 91/4053 MS: 3 ChangeBinInt-ChangeByte-EraseBytes-
#8325836	REDUCE cov: 1806 ft: 8251 corp: 1748/513Kb lim: 4096 exec/s: 11743 rss: 621Mb L: 2944/4053 MS: 1 EraseBytes-
#8327322	REDUCE cov: 1806 ft: 8251 corp: 1748/513Kb lim: 4096 exec/s: 11728 rss: 621Mb L: 625/4053 MS: 1 EraseBytes-
#8339844	REDUCE cov: 1806 ft: 8251 corp: 1748/513Kb lim: 4096 exec/s: 11729 rss: 621Mb L: 68/4053 MS: 2 CopyPart-EraseBytes-
#8343962	REDUCE cov: 1806 ft: 8251 corp: 1748/513Kb lim: 4096 exec/s: 11719 rss: 621Mb L: 1376/4053 MS: 3 ChangeASCIIInt-EraseBytes-ShuffleBytes-
#8344825	REDUCE cov: 1806 ft: 8251 corp: 1748/513Kb lim: 4096 exec/s: 11720 rss: 621Mb L: 1352/4053 MS: 3 ChangeBit-ChangeBit-EraseBytes-
#8348357	REDUCE cov: 1806 ft: 8251 corp: 1748/513Kb lim: 4096 exec/s: 11725 rss: 621Mb L: 3088/4053 MS: 1 EraseBytes-
#8348529	REDUCE cov: 1806 ft: 8251 corp: 1748/513Kb lim: 4096 exec/s: 11725 rss: 621Mb L: 773/4053 MS: 2 CopyPart-EraseBytes-
#8350755	REDUCE cov: 1806 ft: 8251 corp: 1748/513Kb lim: 4096 exec/s: 11712 rss: 621Mb L: 1362/4053 MS: 1 EraseBytes-
#8362391	REDUCE cov: 1806 ft: 8251 corp: 1748/513Kb lim: 4096 exec/s: 11712 rss: 621Mb L: 1351/4053 MS: 1 EraseBytes-
#8370792	REDUCE cov: 1806 ft: 8251 corp: 1748/513Kb lim: 4096 exec/s: 11707 rss: 621Mb L: 696/4053 MS: 1 EraseBytes-
#8374868	REDUCE cov: 1806 ft: 8251 corp: 1748/513Kb lim: 4096 exec/s: 11696 rss: 621Mb L: 341/4053 MS: 1 EraseBytes-
#8375027	REDUCE cov: 1806 ft: 8251 corp: 1748/513Kb lim: 4096 exec/s: 11696 rss: 621Mb L: 1037/4053 MS: 4 ChangeBinInt-ChangeBinInt-ChangeASCIIInt-EraseBytes-
#8381788	REDUCE cov: 1806 ft: 8251 corp: 1748/513Kb lim: 4096 exec/s: 11690 rss: 621Mb L: 86/4053 MS: 1 EraseBytes-
#8383604	REDUCE cov: 1806 ft: 8251 corp: 1748/513Kb lim: 4096 exec/s: 11692 rss: 621Mb L: 2315/4053 MS: 1 EraseBytes-
#8386860	REDUCE cov: 1806 ft: 8251 corp: 1748/513Kb lim: 4096 exec/s: 11680 rss: 621Mb L: 14/4053 MS: 1 EraseBytes-
#8388501	REDUCE cov: 1806 ft: 8251 corp: 1748/513Kb lim: 4096 exec/s: 11683 rss: 621Mb L: 252/4053 MS: 1 EraseBytes-
#8388608	pulse  cov: 1806 ft: 8251 corp: 1748/513Kb lim: 4096 exec/s: 11683 rss: 621Mb
#8389752	REDUCE cov: 1806 ft: 8251 corp: 1748/513Kb lim: 4096 exec/s: 11684 rss: 621Mb L: 417/4053 MS: 1 EraseBytes-
#8391288	REDUCE cov: 1806 ft: 8251 corp: 1748/513Kb lim: 4096 exec/s: 11687 rss: 621Mb L: 759/4053 MS: 1 EraseBytes-
#8391745	REDUCE cov: 1806 ft: 8251 corp: 1748/513Kb lim: 4096 exec/s: 11687 rss: 621Mb L: 580/4053 MS: 2 ChangeASCIIInt-EraseBytes-
#8393866	REDUCE cov: 1806 ft: 8251 corp: 1748/513Kb lim: 4096 exec/s: 11690 rss: 621Mb L: 2869/4053 MS: 1 EraseBytes-
#8398512	REDUCE cov: 1806 ft: 8251 corp: 1748/513Kb lim: 4096 exec/s: 11680 rss: 621Mb L: 23/4053 MS: 1 EraseBytes-
#8413293	REDUCE cov: 1806 ft: 8251 corp: 1748/513Kb lim: 4096 exec/s: 11668 rss: 621Mb L: 84/4053 MS: 1 EraseBytes-
#8414044	REDUCE cov: 1806 ft: 8251 corp: 1748/513Kb lim: 4096 exec/s: 11669 rss: 621Mb L: 579/4053 MS: 1 EraseBytes-
#8414616	REDUCE cov: 1806 ft: 8251 corp: 1748/513Kb lim: 4096 exec/s: 11670 rss: 621Mb L: 2303/4053 MS: 2 CopyPart-EraseBytes-
#8424008	REDUCE cov: 1806 ft: 8251 corp: 1748/513Kb lim: 4096 exec/s: 11667 rss: 621Mb L: 182/4053 MS: 2 ChangeByte-EraseBytes-
#8424319	REDUCE cov: 1806 ft: 8251 corp: 1748/513Kb lim: 4096 exec/s: 11651 rss: 621Mb L: 108/4053 MS: 1 EraseBytes-
#8427211	REDUCE cov: 1806 ft: 8251 corp: 1748/513Kb lim: 4096 exec/s: 11655 rss: 621Mb L: 19/4053 MS: 2 EraseBytes-CopyPart-
#8432287	REDUCE cov: 1806 ft: 8251 corp: 1748/513Kb lim: 4096 exec/s: 11646 rss: 621Mb L: 161/4053 MS: 1 EraseBytes-
#8438078	REDUCE cov: 1806 ft: 8251 corp: 1748/513Kb lim: 4096 exec/s: 11654 rss: 621Mb L: 471/4053 MS: 1 EraseBytes-
#8444749	REDUCE cov: 1806 ft: 8251 corp: 1748/513Kb lim: 4096 exec/s: 11647 rss: 621Mb L: 146/4053 MS: 1 EraseBytes-
#8457385	REDUCE cov: 1806 ft: 8251 corp: 1748/513Kb lim: 4096 exec/s: 11633 rss: 621Mb L: 34/4053 MS: 1 EraseBytes-
#8463926	REDUCE cov: 1806 ft: 8251 corp: 1748/513Kb lim: 4096 exec/s: 11626 rss: 621Mb L: 83/4053 MS: 1 EraseBytes-
#8465177	REDUCE cov: 1806 ft: 8251 corp: 1748/512Kb lim: 4096 exec/s: 11627 rss: 621Mb L: 1330/4053 MS: 1 EraseBytes-
#8465589	REDUCE cov: 1806 ft: 8251 corp: 1748/512Kb lim: 4096 exec/s: 11628 rss: 621Mb L: 4047/4047 MS: 2 ChangeASCIIInt-EraseBytes-
#8481325	REDUCE cov: 1806 ft: 8251 corp: 1748/512Kb lim: 4096 exec/s: 11618 rss: 621Mb L: 1324/4047 MS: 1 EraseBytes-
#8483766	REDUCE cov: 1806 ft: 8251 corp: 1748/512Kb lim: 4096 exec/s: 11621 rss: 621Mb L: 2292/4047 MS: 1 EraseBytes-
#8485472	REDUCE cov: 1806 ft: 8251 corp: 1748/512Kb lim: 4096 exec/s: 11608 rss: 621Mb L: 804/4047 MS: 1 EraseBytes-
#8489868	REDUCE cov: 1806 ft: 8251 corp: 1748/512Kb lim: 4096 exec/s: 11614 rss: 621Mb L: 1039/4047 MS: 1 EraseBytes-
#8498765	REDUCE cov: 1806 ft: 8251 corp: 1748/512Kb lim: 4096 exec/s: 11594 rss: 621Mb L: 2745/4047 MS: 2 ChangeASCIIInt-EraseBytes-
#8503922	REDUCE cov: 1806 ft: 8251 corp: 1748/512Kb lim: 4096 exec/s: 11601 rss: 621Mb L: 2515/4047 MS: 2 CrossOver-EraseBytes-
#8507318	REDUCE cov: 1806 ft: 8251 corp: 1748/512Kb lim: 4096 exec/s: 11590 rss: 621Mb L: 2788/4047 MS: 1 EraseBytes-
#8515485	REDUCE cov: 1806 ft: 8251 corp: 1748/512Kb lim: 4096 exec/s: 11585 rss: 621Mb L: 2417/4047 MS: 2 CopyPart-EraseBytes-
#8516619	REDUCE cov: 1806 ft: 8251 corp: 1748/512Kb lim: 4096 exec/s: 11587 rss: 621Mb L: 737/4047 MS: 4 ChangeASCIIInt-CrossOver-ShuffleBytes-EraseBytes-
#8522150	REDUCE cov: 1806 ft: 8251 corp: 1748/512Kb lim: 4096 exec/s: 11579 rss: 621Mb L: 954/4047 MS: 1 EraseBytes-
#8524357	REDUCE cov: 1806 ft: 8251 corp: 1748/512Kb lim: 4096 exec/s: 11582 rss: 621Mb L: 37/4047 MS: 2 InsertByte-EraseBytes-
#8530673	REDUCE cov: 1806 ft: 8251 corp: 1748/512Kb lim: 4096 exec/s: 11574 rss: 621Mb L: 2731/4047 MS: 1 EraseBytes-
#8530974	REDUCE cov: 1806 ft: 8251 corp: 1748/512Kb lim: 4096 exec/s: 11575 rss: 621Mb L: 1316/4047 MS: 1 EraseBytes-
#8534310	REDUCE cov: 1806 ft: 8251 corp: 1748/512Kb lim: 4096 exec/s: 11564 rss: 621Mb L: 3081/4047 MS: 1 EraseBytes-
#8537852	REDUCE cov: 1806 ft: 8251 corp: 1748/512Kb lim: 4096 exec/s: 11568 rss: 621Mb L: 314/4047 MS: 2 ChangeByte-EraseBytes-
#8541933	REDUCE cov: 1806 ft: 8251 corp: 1748/512Kb lim: 4096 exec/s: 11558 rss: 621Mb L: 1531/4047 MS: 1 EraseBytes-
#8542263	REDUCE cov: 1806 ft: 8251 corp: 1748/512Kb lim: 4096 exec/s: 11559 rss: 621Mb L: 3623/4047 MS: 5 ChangeBit-ChangeBinInt-ChangeByte-EraseBytes-CopyPart-
#8544280	REDUCE cov: 1806 ft: 8251 corp: 1748/512Kb lim: 4096 exec/s: 11561 rss: 621Mb L: 3074/4047 MS: 2 ShuffleBytes-EraseBytes-
#8546511	REDUCE cov: 1806 ft: 8251 corp: 1748/512Kb lim: 4096 exec/s: 11564 rss: 621Mb L: 496/4047 MS: 1 EraseBytes-
#8552527	REDUCE cov: 1806 ft: 8251 corp: 1748/512Kb lim: 4096 exec/s: 11557 rss: 621Mb L: 39/4047 MS: 1 EraseBytes-
#8553930	REDUCE cov: 1806 ft: 8251 corp: 1748/512Kb lim: 4096 exec/s: 11559 rss: 621Mb L: 2842/4047 MS: 3 ChangeASCIIInt-InsertByte-EraseBytes-
#8565251	REDUCE cov: 1806 ft: 8251 corp: 1748/512Kb lim: 4096 exec/s: 11543 rss: 621Mb L: 35/4047 MS: 1 EraseBytes-
#8567347	REDUCE cov: 1806 ft: 8251 corp: 1748/512Kb lim: 4096 exec/s: 11546 rss: 621Mb L: 97/4047 MS: 1 EraseBytes-
#8578633	REDUCE cov: 1806 ft: 8251 corp: 1748/512Kb lim: 4096 exec/s: 11530 rss: 621Mb L: 307/4047 MS: 1 EraseBytes-
#8579059	REDUCE cov: 1806 ft: 8251 corp: 1748/512Kb lim: 4096 exec/s: 11530 rss: 621Mb L: 883/4047 MS: 1 EraseBytes-
#8580571	REDUCE cov: 1806 ft: 8251 corp: 1748/512Kb lim: 4096 exec/s: 11533 rss: 621Mb L: 138/4047 MS: 2 ChangeASCIIInt-EraseBytes-
#8601308	REDUCE cov: 1806 ft: 8251 corp: 1748/512Kb lim: 4096 exec/s: 11514 rss: 621Mb L: 1027/4047 MS: 2 EraseBytes-ChangeASCIIInt-
#8604925	REDUCE cov: 1806 ft: 8251 corp: 1748/512Kb lim: 4096 exec/s: 11519 rss: 621Mb L: 1325/4047 MS: 2 InsertByte-EraseBytes-
#8613291	REDUCE cov: 1806 ft: 8251 corp: 1748/512Kb lim: 4096 exec/s: 11515 rss: 621Mb L: 1312/4047 MS: 1 EraseBytes-
#8623457	REDUCE cov: 1806 ft: 8251 corp: 1748/512Kb lim: 4096 exec/s: 11497 rss: 621Mb L: 223/4047 MS: 1 EraseBytes-
#8626358	REDUCE cov: 1806 ft: 8251 corp: 1748/512Kb lim: 4096 exec/s: 11501 rss: 621Mb L: 1959/4047 MS: 1 EraseBytes-
#8632589	REDUCE cov: 1806 ft: 8251 corp: 1748/511Kb lim: 4096 exec/s: 11494 rss: 621Mb L: 3581/4047 MS: 1 EraseBytes-
#8633726	NEW    cov: 1806 ft: 8258 corp: 1749/515Kb lim: 4096 exec/s: 11496 rss: 621Mb L: 3303/4047 MS: 2 CMP-CrossOver- DE: " \377\377\377\377\377\377\376"-
#8634987	REDUCE cov: 1806 ft: 8258 corp: 1749/515Kb lim: 4096 exec/s: 11497 rss: 621Mb L: 37/4047 MS: 1 EraseBytes-
#8639799	REDUCE cov: 1806 ft: 8258 corp: 1749/515Kb lim: 4096 exec/s: 11489 rss: 621Mb L: 2279/4047 MS: 2 ChangeByte-EraseBytes-
#8655642	REDUCE cov: 1806 ft: 8258 corp: 1749/515Kb lim: 4096 exec/s: 11464 rss: 621Mb L: 101/4047 MS: 3 ShuffleBytes-ChangeASCIIInt-EraseBytes-
#8660810	REDUCE cov: 1806 ft: 8258 corp: 1749/515Kb lim: 4096 exec/s: 11456 rss: 621Mb L: 41/4047 MS: 3 InsertByte-ChangeBinInt-EraseBytes-
#8665081	REDUCE cov: 1806 ft: 8258 corp: 1749/515Kb lim: 4096 exec/s: 11461 rss: 621Mb L: 1484/4047 MS: 1 EraseBytes-
#8667113	REDUCE cov: 1806 ft: 8258 corp: 1749/515Kb lim: 4096 exec/s: 11464 rss: 621Mb L: 2245/4047 MS: 2 ChangeBit-EraseBytes-
#8668032	REDUCE cov: 1806 ft: 8258 corp: 1749/515Kb lim: 4096 exec/s: 11450 rss: 621Mb L: 2244/4047 MS: 4 ChangeBit-ChangeBit-ChangeASCIIInt-EraseBytes-
#8674083	REDUCE cov: 1806 ft: 8258 corp: 1749/515Kb lim: 4096 exec/s: 11458 rss: 621Mb L: 1954/4047 MS: 1 EraseBytes-
#8677224	REDUCE cov: 1806 ft: 8258 corp: 1749/515Kb lim: 4096 exec/s: 11447 rss: 621Mb L: 189/4047 MS: 1 EraseBytes-
#8679735	REDUCE cov: 1806 ft: 8258 corp: 1749/515Kb lim: 4096 exec/s: 11450 rss: 621Mb L: 136/4047 MS: 1 EraseBytes-
#8681792	REDUCE cov: 1806 ft: 8258 corp: 1749/515Kb lim: 4096 exec/s: 11438 rss: 621Mb L: 789/4047 MS: 1 EraseBytes-
#8682634	REDUCE cov: 1806 ft: 8260 corp: 1750/515Kb lim: 4096 exec/s: 11439 rss: 621Mb L: 196/4047 MS: 2 InsertRepeatedBytes-EraseBytes-
#8682762	REDUCE cov: 1806 ft: 8260 corp: 1750/515Kb lim: 4096 exec/s: 11439 rss: 621Mb L: 2151/4047 MS: 3 ChangeASCIIInt-ChangeBinInt-EraseBytes-
#8701325	REDUCE cov: 1806 ft: 8260 corp: 1750/515Kb lim: 4096 exec/s: 11419 rss: 621Mb L: 1963/4047 MS: 3 CopyPart-ChangeASCIIInt-EraseBytes-
#8703778	REDUCE cov: 1806 ft: 8260 corp: 1750/515Kb lim: 4096 exec/s: 11422 rss: 621Mb L: 1085/4047 MS: 3 ChangeBit-EraseBytes-ChangeASCIIInt-
#8710094	REDUCE cov: 1806 ft: 8260 corp: 1750/515Kb lim: 4096 exec/s: 11415 rss: 621Mb L: 3032/4047 MS: 1 EraseBytes-
#8716461	REDUCE cov: 1806 ft: 8260 corp: 1750/515Kb lim: 4096 exec/s: 11408 rss: 621Mb L: 113/4047 MS: 2 ChangeBit-EraseBytes-
#8719707	REDUCE cov: 1806 ft: 8260 corp: 1750/515Kb lim: 4096 exec/s: 11413 rss: 621Mb L: 404/4047 MS: 1 EraseBytes-
#8721353	REDUCE cov: 1806 ft: 8260 corp: 1750/515Kb lim: 4096 exec/s: 11400 rss: 621Mb L: 37/4047 MS: 1 EraseBytes-
#8721464	REDUCE cov: 1806 ft: 8260 corp: 1750/515Kb lim: 4096 exec/s: 11400 rss: 621Mb L: 266/4047 MS: 1 EraseBytes-
#8726806	REDUCE cov: 1806 ft: 8260 corp: 1750/514Kb lim: 4096 exec/s: 11407 rss: 621Mb L: 1280/4047 MS: 2 CopyPart-EraseBytes-
#8727252	REDUCE cov: 1806 ft: 8260 corp: 1750/514Kb lim: 4096 exec/s: 11408 rss: 621Mb L: 2643/4047 MS: 1 EraseBytes-
#8728733	REDUCE cov: 1806 ft: 8260 corp: 1750/514Kb lim: 4096 exec/s: 11395 rss: 621Mb L: 275/4047 MS: 1 EraseBytes-
#8732369	REDUCE cov: 1806 ft: 8260 corp: 1750/514Kb lim: 4096 exec/s: 11399 rss: 621Mb L: 1939/4047 MS: 1 EraseBytes-
#8735211	REDUCE cov: 1806 ft: 8260 corp: 1750/514Kb lim: 4096 exec/s: 11388 rss: 621Mb L: 1775/4047 MS: 2 ChangeASCIIInt-EraseBytes-
#8737172	REDUCE cov: 1806 ft: 8260 corp: 1750/514Kb lim: 4096 exec/s: 11391 rss: 621Mb L: 118/4047 MS: 1 EraseBytes-
#8747718	REDUCE cov: 1806 ft: 8260 corp: 1750/514Kb lim: 4096 exec/s: 11375 rss: 621Mb L: 1223/4047 MS: 1 EraseBytes-
#8750740	REDUCE cov: 1806 ft: 8260 corp: 1750/514Kb lim: 4096 exec/s: 11379 rss: 621Mb L: 245/4047 MS: 2 ChangeBit-EraseBytes-
#8751001	REDUCE cov: 1806 ft: 8260 corp: 1750/514Kb lim: 4096 exec/s: 11379 rss: 621Mb L: 1946/4047 MS: 1 EraseBytes-
#8753247	REDUCE cov: 1806 ft: 8260 corp: 1750/514Kb lim: 4096 exec/s: 11382 rss: 621Mb L: 564/4047 MS: 1 EraseBytes-
#8757043	REDUCE cov: 1806 ft: 8260 corp: 1750/514Kb lim: 4096 exec/s: 11372 rss: 621Mb L: 1178/4047 MS: 1 EraseBytes-
#8758660	REDUCE cov: 1806 ft: 8260 corp: 1750/514Kb lim: 4096 exec/s: 11374 rss: 621Mb L: 2200/4047 MS: 2 ShuffleBytes-EraseBytes-
#8766646	REDUCE cov: 1806 ft: 8260 corp: 1750/514Kb lim: 4096 exec/s: 11370 rss: 621Mb L: 3490/4047 MS: 1 EraseBytes-
#8774484	REDUCE cov: 1806 ft: 8260 corp: 1750/514Kb lim: 4096 exec/s: 11351 rss: 621Mb L: 1834/4047 MS: 3 ChangeByte-ChangeASCIIInt-EraseBytes-
#8780825	REDUCE cov: 1806 ft: 8260 corp: 1750/514Kb lim: 4096 exec/s: 11344 rss: 621Mb L: 1836/4047 MS: 1 EraseBytes-
#8785593	REDUCE cov: 1806 ft: 8260 corp: 1750/514Kb lim: 4096 exec/s: 11350 rss: 621Mb L: 1016/4047 MS: 3 ChangeBinInt-ChangeASCIIInt-EraseBytes-
#8790139	REDUCE cov: 1806 ft: 8260 corp: 1750/514Kb lim: 4096 exec/s: 11342 rss: 621Mb L: 14/4047 MS: 1 EraseBytes-
#8792795	REDUCE cov: 1806 ft: 8260 corp: 1750/514Kb lim: 4096 exec/s: 11345 rss: 621Mb L: 2554/4047 MS: 1 EraseBytes-
#8795231	REDUCE cov: 1806 ft: 8260 corp: 1750/514Kb lim: 4096 exec/s: 11334 rss: 621Mb L: 220/4047 MS: 1 EraseBytes-
#8795772	REDUCE cov: 1806 ft: 8260 corp: 1750/514Kb lim: 4096 exec/s: 11334 rss: 621Mb L: 187/4047 MS: 1 EraseBytes-
#8800929	REDUCE cov: 1806 ft: 8260 corp: 1750/514Kb lim: 4096 exec/s: 11326 rss: 621Mb L: 3080/4047 MS: 2 ChangeBit-EraseBytes-
#8803236	REDUCE cov: 1806 ft: 8260 corp: 1750/514Kb lim: 4096 exec/s: 11329 rss: 621Mb L: 1164/4047 MS: 2 ChangeASCIIInt-EraseBytes-
#8813562	REDUCE cov: 1806 ft: 8260 corp: 1750/514Kb lim: 4096 exec/s: 11328 rss: 621Mb L: 242/4047 MS: 1 EraseBytes-
#8817689	REDUCE cov: 1806 ft: 8260 corp: 1750/514Kb lim: 4096 exec/s: 11319 rss: 621Mb L: 1819/4047 MS: 2 CopyPart-EraseBytes-
#8824015	REDUCE cov: 1806 ft: 8260 corp: 1750/513Kb lim: 4096 exec/s: 11312 rss: 621Mb L: 1765/4047 MS: 1 EraseBytes-
#8827031	REDUCE cov: 1806 ft: 8260 corp: 1750/513Kb lim: 4096 exec/s: 11316 rss: 621Mb L: 244/4047 MS: 1 EraseBytes-
#8827647	REDUCE cov: 1806 ft: 8260 corp: 1750/513Kb lim: 4096 exec/s: 11303 rss: 621Mb L: 239/4047 MS: 1 EraseBytes-
#8828073	REDUCE cov: 1806 ft: 8260 corp: 1750/513Kb lim: 4096 exec/s: 11303 rss: 621Mb L: 63/4047 MS: 1 EraseBytes-
#8829729	REDUCE cov: 1806 ft: 8260 corp: 1750/513Kb lim: 4096 exec/s: 11305 rss: 621Mb L: 185/4047 MS: 1 EraseBytes-
#8844580	REDUCE cov: 1806 ft: 8260 corp: 1750/513Kb lim: 4096 exec/s: 11295 rss: 621Mb L: 160/4047 MS: 1 EraseBytes-
#8844721	REDUCE cov: 1806 ft: 8260 corp: 1750/513Kb lim: 4096 exec/s: 11295 rss: 621Mb L: 19/4047 MS: 1 EraseBytes-
#8847459	REDUCE cov: 1806 ft: 8260 corp: 1750/513Kb lim: 4096 exec/s: 11299 rss: 621Mb L: 28/4047 MS: 3 CMP-ChangeBit-EraseBytes- DE: ",\357\277\275"-
#8848890	REDUCE cov: 1806 ft: 8260 corp: 1750/513Kb lim: 4096 exec/s: 11286 rss: 621Mb L: 732/4047 MS: 1 EraseBytes-
#8850737	REDUCE cov: 1806 ft: 8260 corp: 1750/513Kb lim: 4096 exec/s: 11289 rss: 621Mb L: 1138/4047 MS: 2 ShuffleBytes-EraseBytes-
#8851359	REDUCE cov: 1806 ft: 8260 corp: 1750/513Kb lim: 4096 exec/s: 11289 rss: 621Mb L: 2463/4047 MS: 2 ChangeBinInt-EraseBytes-
#8862922	REDUCE cov: 1806 ft: 8260 corp: 1750/513Kb lim: 4096 exec/s: 11275 rss: 621Mb L: 403/4047 MS: 3 PersAutoDict-ChangeBinInt-EraseBytes- DE: "\357\277\275 "-
#8864994	REDUCE cov: 1806 ft: 8260 corp: 1750/513Kb lim: 4096 exec/s: 11278 rss: 621Mb L: 251/4047 MS: 2 ChangeASCIIInt-EraseBytes-
#8865285	REDUCE cov: 1806 ft: 8260 corp: 1750/513Kb lim: 4096 exec/s: 11278 rss: 621Mb L: 1806/4047 MS: 1 EraseBytes-
#8880266	REDUCE cov: 1806 ft: 8260 corp: 1750/513Kb lim: 4096 exec/s: 11269 rss: 621Mb L: 1697/4047 MS: 1 EraseBytes-
#8882647	REDUCE cov: 1806 ft: 8260 corp: 1750/513Kb lim: 4096 exec/s: 11258 rss: 621Mb L: 157/4047 MS: 1 EraseBytes-
#8890068	REDUCE cov: 1806 ft: 8260 corp: 1750/513Kb lim: 4096 exec/s: 11253 rss: 621Mb L: 614/4047 MS: 1 EraseBytes-
#8894584	REDUCE cov: 1806 ft: 8260 corp: 1750/513Kb lim: 4096 exec/s: 11258 rss: 621Mb L: 2919/4047 MS: 1 EraseBytes-
#8897980	REDUCE cov: 1806 ft: 8260 corp: 1750/513Kb lim: 4096 exec/s: 11249 rss: 621Mb L: 26/4047 MS: 1 EraseBytes-
#8900411	REDUCE cov: 1806 ft: 8260 corp: 1750/513Kb lim: 4096 exec/s: 11252 rss: 621Mb L: 1015/4047 MS: 1 EraseBytes-
#8902902	REDUCE cov: 1806 ft: 8260 corp: 1750/513Kb lim: 4096 exec/s: 11255 rss: 621Mb L: 2991/4047 MS: 1 EraseBytes-
#8907164	REDUCE cov: 1806 ft: 8260 corp: 1750/513Kb lim: 4096 exec/s: 11246 rss: 621Mb L: 206/4047 MS: 2 ChangeASCIIInt-EraseBytes-
#8917548	REDUCE cov: 1806 ft: 8260 corp: 1750/513Kb lim: 4096 exec/s: 11231 rss: 621Mb L: 184/4047 MS: 4 CMP-ShuffleBytes-InsertByte-EraseBytes- DE: "messa"-
#8918924	REDUCE cov: 1806 ft: 8260 corp: 1750/513Kb lim: 4096 exec/s: 11232 rss: 621Mb L: 2840/4047 MS: 1 EraseBytes-
#8919805	REDUCE cov: 1806 ft: 8260 corp: 1750/513Kb lim: 4096 exec/s: 11234 rss: 621Mb L: 155/4047 MS: 1 EraseBytes-
#8920526	REDUCE cov: 1806 ft: 8260 corp: 1750/513Kb lim: 4096 exec/s: 11234 rss: 621Mb L: 2123/4047 MS: 1 EraseBytes-
#8921512	REDUCE cov: 1806 ft: 8260 corp: 1750/513Kb lim: 4096 exec/s: 11236 rss: 621Mb L: 145/4047 MS: 1 EraseBytes-
#8932858	REDUCE cov: 1806 ft: 8260 corp: 1750/513Kb lim: 4096 exec/s: 11222 rss: 621Mb L: 1653/4047 MS: 1 EraseBytes-
#8933124	REDUCE cov: 1806 ft: 8260 corp: 1750/513Kb lim: 4096 exec/s: 11222 rss: 621Mb L: 112/4047 MS: 1 EraseBytes-
#8933295	REDUCE cov: 1806 ft: 8260 corp: 1750/513Kb lim: 4096 exec/s: 11222 rss: 621Mb L: 182/4047 MS: 1 EraseBytes-
#8934156	REDUCE cov: 1806 ft: 8260 corp: 1750/513Kb lim: 4096 exec/s: 11223 rss: 621Mb L: 711/4047 MS: 1 EraseBytes-
#8935110	REDUCE cov: 1806 ft: 8260 corp: 1750/513Kb lim: 4096 exec/s: 11225 rss: 621Mb L: 2045/4047 MS: 4 ChangeBit-ChangeBit-ChangeBit-EraseBytes-
#8935592	REDUCE cov: 1806 ft: 8260 corp: 1750/513Kb lim: 4096 exec/s: 11225 rss: 621Mb L: 1946/4047 MS: 2 EraseBytes-CopyPart-
#8938793	REDUCE cov: 1806 ft: 8260 corp: 1750/513Kb lim: 4096 exec/s: 11215 rss: 621Mb L: 61/4047 MS: 1 EraseBytes-
#8944639	REDUCE cov: 1806 ft: 8260 corp: 1750/513Kb lim: 4096 exec/s: 11208 rss: 621Mb L: 1437/4047 MS: 1 EraseBytes-
#8945701	REDUCE cov: 1806 ft: 8273 corp: 1751/516Kb lim: 4096 exec/s: 11210 rss: 621Mb L: 3452/4047 MS: 2 ShuffleBytes-CrossOver-
#8947010	REDUCE cov: 1806 ft: 8273 corp: 1751/516Kb lim: 4096 exec/s: 11211 rss: 621Mb L: 2994/4047 MS: 4 ChangeASCIIInt-ShuffleBytes-ChangeBinInt-EraseBytes-
#8947056	REDUCE cov: 1806 ft: 8273 corp: 1751/516Kb lim: 4096 exec/s: 11211 rss: 621Mb L: 150/4047 MS: 1 EraseBytes-
#8948962	REDUCE cov: 1806 ft: 8273 corp: 1751/516Kb lim: 4096 exec/s: 11214 rss: 621Mb L: 473/4047 MS: 1 EraseBytes-
#8951022	REDUCE cov: 1806 ft: 8273 corp: 1751/516Kb lim: 4096 exec/s: 11202 rss: 621Mb L: 50/4047 MS: 5 ShuffleBytes-CopyPart-ShuffleBytes-ChangeBit-EraseBytes-
#8952478	REDUCE cov: 1806 ft: 8273 corp: 1751/516Kb lim: 4096 exec/s: 11204 rss: 621Mb L: 1769/4047 MS: 1 EraseBytes-
#8963544	REDUCE cov: 1806 ft: 8273 corp: 1751/516Kb lim: 4096 exec/s: 11204 rss: 621Mb L: 1169/4047 MS: 1 EraseBytes-
#8975962	REDUCE cov: 1806 ft: 8273 corp: 1751/516Kb lim: 4096 exec/s: 11191 rss: 621Mb L: 4036/4037 MS: 3 ChangeBit-EraseBytes-CopyPart-
#8980438	REDUCE cov: 1806 ft: 8273 corp: 1751/516Kb lim: 4096 exec/s: 11183 rss: 621Mb L: 401/4037 MS: 1 EraseBytes-
#8984880	REDUCE cov: 1806 ft: 8273 corp: 1751/516Kb lim: 4096 exec/s: 11189 rss: 621Mb L: 1077/4037 MS: 2 ChangeASCIIInt-EraseBytes-
#8987561	REDUCE cov: 1806 ft: 8273 corp: 1751/516Kb lim: 4096 exec/s: 11178 rss: 621Mb L: 34/4037 MS: 1 EraseBytes-
#8989558	REDUCE cov: 1806 ft: 8273 corp: 1751/516Kb lim: 4096 exec/s: 11181 rss: 621Mb L: 1457/4037 MS: 2 ChangeASCIIInt-EraseBytes-
#8991236	REDUCE cov: 1806 ft: 8273 corp: 1751/516Kb lim: 4096 exec/s: 11183 rss: 621Mb L: 899/4037 MS: 3 ChangeByte-ChangeBinInt-EraseBytes-
#8994402	REDUCE cov: 1806 ft: 8273 corp: 1751/516Kb lim: 4096 exec/s: 11173 rss: 621Mb L: 62/4037 MS: 1 EraseBytes-
#9004331	REDUCE cov: 1806 ft: 8273 corp: 1751/516Kb lim: 4096 exec/s: 11171 rss: 621Mb L: 3124/4037 MS: 4 ChangeBinInt-InsertByte-PersAutoDict-EraseBytes- DE: "#) \357\277\2750"-
#9008552	REDUCE cov: 1806 ft: 8273 corp: 1751/516Kb lim: 4096 exec/s: 11163 rss: 621Mb L: 707/4037 MS: 1 EraseBytes-
#9009980	REDUCE cov: 1806 ft: 8273 corp: 1751/516Kb lim: 4096 exec/s: 11164 rss: 621Mb L: 25/4037 MS: 3 ChangeASCIIInt-ChangeByte-EraseBytes-
#9020031	REDUCE cov: 1806 ft: 8273 corp: 1751/516Kb lim: 4096 exec/s: 11149 rss: 621Mb L: 48/4037 MS: 1 EraseBytes-
#9024913	REDUCE cov: 1806 ft: 8273 corp: 1751/516Kb lim: 4096 exec/s: 11155 rss: 621Mb L: 2908/4037 MS: 2 ChangeASCIIInt-EraseBytes-
#9027969	REDUCE cov: 1806 ft: 8273 corp: 1751/516Kb lim: 4096 exec/s: 11145 rss: 621Mb L: 80/4037 MS: 1 EraseBytes-
#9030431	REDUCE cov: 1806 ft: 8273 corp: 1751/516Kb lim: 4096 exec/s: 11148 rss: 621Mb L: 33/4037 MS: 2 ChangeASCIIInt-EraseBytes-
#9030437	REDUCE cov: 1806 ft: 8273 corp: 1751/516Kb lim: 4096 exec/s: 11148 rss: 621Mb L: 1003/4037 MS: 1 EraseBytes-
#9032273	REDUCE cov: 1806 ft: 8274 corp: 1752/516Kb lim: 4096 exec/s: 11137 rss: 621Mb L: 62/4037 MS: 1 ChangeBinInt-
#9035019	REDUCE cov: 1806 ft: 8274 corp: 1752/516Kb lim: 4096 exec/s: 11140 rss: 621Mb L: 3974/4037 MS: 1 EraseBytes-
#9035624	REDUCE cov: 1806 ft: 8274 corp: 1752/516Kb lim: 4096 exec/s: 11141 rss: 621Mb L: 1996/4037 MS: 5 ChangeBinInt-ChangeASCIIInt-EraseBytes-CMP-CopyPart- DE: "co"-
#9035650	REDUCE cov: 1806 ft: 8274 corp: 1752/516Kb lim: 4096 exec/s: 11141 rss: 621Mb L: 710/4037 MS: 1 EraseBytes-
#9036681	REDUCE cov: 1806 ft: 8274 corp: 1752/516Kb lim: 4096 exec/s: 11142 rss: 621Mb L: 762/4037 MS: 1 EraseBytes-
#9042197	NEW    cov: 1806 ft: 8275 corp: 1753/519Kb lim: 4096 exec/s: 11135 rss: 621Mb L: 3452/4037 MS: 1 ShuffleBytes-
#9047268	REDUCE cov: 1806 ft: 8275 corp: 1753/519Kb lim: 4096 exec/s: 11128 rss: 621Mb L: 234/4037 MS: 1 EraseBytes-
#9051639	REDUCE cov: 1806 ft: 8275 corp: 1753/519Kb lim: 4096 exec/s: 11133 rss: 621Mb L: 1968/4037 MS: 1 EraseBytes-
#9051650	REDUCE cov: 1806 ft: 8275 corp: 1753/519Kb lim: 4096 exec/s: 11133 rss: 621Mb L: 233/4037 MS: 1 EraseBytes-
#9052216	REDUCE cov: 1806 ft: 8275 corp: 1753/519Kb lim: 4096 exec/s: 11134 rss: 621Mb L: 1314/4037 MS: 1 EraseBytes-
#9055047	REDUCE cov: 1806 ft: 8275 corp: 1753/519Kb lim: 4096 exec/s: 11124 rss: 621Mb L: 387/4037 MS: 1 EraseBytes-
#9057417	REDUCE cov: 1806 ft: 8275 corp: 1753/519Kb lim: 4096 exec/s: 11127 rss: 621Mb L: 1002/4037 MS: 4 ShuffleBytes-ChangeBinInt-ShuffleBytes-EraseBytes-
#9058399	REDUCE cov: 1806 ft: 8275 corp: 1753/519Kb lim: 4096 exec/s: 11128 rss: 621Mb L: 117/4037 MS: 2 ChangeByte-EraseBytes-
#9059645	REDUCE cov: 1806 ft: 8275 corp: 1753/519Kb lim: 4096 exec/s: 11129 rss: 621Mb L: 181/4037 MS: 1 EraseBytes-
#9063366	REDUCE cov: 1806 ft: 8275 corp: 1753/519Kb lim: 4096 exec/s: 11120 rss: 621Mb L: 49/4037 MS: 1 EraseBytes-
#9064312	REDUCE cov: 1806 ft: 8275 corp: 1753/519Kb lim: 4096 exec/s: 11121 rss: 621Mb L: 312/4037 MS: 1 EraseBytes-
#9064620	REDUCE cov: 1806 ft: 8275 corp: 1753/519Kb lim: 4096 exec/s: 11122 rss: 621Mb L: 1517/4037 MS: 3 ChangeASCIIInt-ShuffleBytes-EraseBytes-
#9067996	REDUCE cov: 1806 ft: 8275 corp: 1753/519Kb lim: 4096 exec/s: 11112 rss: 621Mb L: 61/4037 MS: 1 EraseBytes-
#9071797	REDUCE cov: 1806 ft: 8275 corp: 1753/519Kb lim: 4096 exec/s: 11117 rss: 621Mb L: 984/4037 MS: 1 EraseBytes-
#9074518	REDUCE cov: 1806 ft: 8275 corp: 1753/519Kb lim: 4096 exec/s: 11107 rss: 621Mb L: 78/4037 MS: 1 EraseBytes-
#9078120	REDUCE cov: 1806 ft: 8275 corp: 1753/519Kb lim: 4096 exec/s: 11111 rss: 621Mb L: 386/4037 MS: 2 InsertByte-EraseBytes-
#9080631	REDUCE cov: 1806 ft: 8275 corp: 1753/519Kb lim: 4096 exec/s: 11101 rss: 621Mb L: 78/4037 MS: 1 EraseBytes-
#9085793	REDUCE cov: 1806 ft: 8275 corp: 1753/519Kb lim: 4096 exec/s: 11107 rss: 621Mb L: 26/4037 MS: 2 ChangeASCIIInt-EraseBytes-
#9095129	REDUCE cov: 1806 ft: 8275 corp: 1753/519Kb lim: 4096 exec/s: 11091 rss: 621Mb L: 272/4037 MS: 1 EraseBytes-
#9096070	REDUCE cov: 1806 ft: 8275 corp: 1753/519Kb lim: 4096 exec/s: 11092 rss: 621Mb L: 17/4037 MS: 1 EraseBytes-
#9098031	REDUCE cov: 1806 ft: 8275 corp: 1753/519Kb lim: 4096 exec/s: 11095 rss: 621Mb L: 178/4037 MS: 1 EraseBytes-
#9098672	REDUCE cov: 1806 ft: 8275 corp: 1753/519Kb lim: 4096 exec/s: 11095 rss: 621Mb L: 149/4037 MS: 1 EraseBytes-
#9103603	REDUCE cov: 1806 ft: 8275 corp: 1753/519Kb lim: 4096 exec/s: 11088 rss: 621Mb L: 15/4037 MS: 1 EraseBytes-
#9106979	REDUCE cov: 1806 ft: 8275 corp: 1753/519Kb lim: 4096 exec/s: 11079 rss: 621Mb L: 3110/4037 MS: 1 EraseBytes-
#9106985	REDUCE cov: 1806 ft: 8275 corp: 1753/519Kb lim: 4096 exec/s: 11079 rss: 621Mb L: 286/4037 MS: 1 EraseBytes-
#9111356	REDUCE cov: 1806 ft: 8275 corp: 1753/519Kb lim: 4096 exec/s: 11084 rss: 621Mb L: 67/4037 MS: 1 EraseBytes-
#9113214	REDUCE cov: 1806 ft: 8275 corp: 1753/519Kb lim: 4096 exec/s: 11073 rss: 621Mb L: 375/4037 MS: 3 ChangeByte-PersAutoDict-EraseBytes- DE: "#&\357\277\275 "-
#9118649	REDUCE cov: 1806 ft: 8275 corp: 1753/518Kb lim: 4096 exec/s: 11079 rss: 621Mb L: 902/4037 MS: 5 ChangeASCIIInt-ShuffleBytes-EraseBytes-ChangeBit-ShuffleBytes-
#9128946	REDUCE cov: 1806 ft: 8275 corp: 1753/518Kb lim: 4096 exec/s: 11065 rss: 621Mb L: 2550/4037 MS: 2 EraseBytes-ShuffleBytes-
#9131274	REDUCE cov: 1806 ft: 8275 corp: 1753/518Kb lim: 4096 exec/s: 11068 rss: 621Mb L: 1401/4037 MS: 3 ChangeBit-ChangeASCIIInt-EraseBytes-
#9132411	REDUCE cov: 1806 ft: 8275 corp: 1753/518Kb lim: 4096 exec/s: 11069 rss: 621Mb L: 237/4037 MS: 2 ChangeASCIIInt-EraseBytes-
#9133473	REDUCE cov: 1806 ft: 8275 corp: 1753/518Kb lim: 4096 exec/s: 11070 rss: 621Mb L: 357/4037 MS: 2 CMP-EraseBytes- DE: "\377\377\377\377\377\377\377`"-
#9133809	REDUCE cov: 1806 ft: 8275 corp: 1753/518Kb lim: 4096 exec/s: 11057 rss: 621Mb L: 20/4037 MS: 1 EraseBytes-
#9137980	REDUCE cov: 1806 ft: 8275 corp: 1753/518Kb lim: 4096 exec/s: 11062 rss: 621Mb L: 74/4037 MS: 1 EraseBytes-
#9142136	REDUCE cov: 1806 ft: 8275 corp: 1753/518Kb lim: 4096 exec/s: 11054 rss: 621Mb L: 2919/4037 MS: 1 EraseBytes-
#9146213	REDUCE cov: 1806 ft: 8275 corp: 1753/518Kb lim: 4096 exec/s: 11059 rss: 621Mb L: 946/4037 MS: 2 ChangeByte-EraseBytes-
#9147409	REDUCE cov: 1806 ft: 8275 corp: 1753/518Kb lim: 4096 exec/s: 11047 rss: 621Mb L: 1113/4037 MS: 1 EraseBytes-
#9151760	REDUCE cov: 1806 ft: 8275 corp: 1753/518Kb lim: 4096 exec/s: 11052 rss: 621Mb L: 3121/4037 MS: 1 EraseBytes-
#9158431	REDUCE cov: 1806 ft: 8275 corp: 1753/518Kb lim: 4096 exec/s: 11047 rss: 621Mb L: 1942/4037 MS: 1 EraseBytes-
#9164217	REDUCE cov: 1806 ft: 8275 corp: 1753/518Kb lim: 4096 exec/s: 11041 rss: 621Mb L: 780/4037 MS: 1 EraseBytes-
#9173680	REDUCE cov: 1806 ft: 8275 corp: 1753/518Kb lim: 4096 exec/s: 11039 rss: 621Mb L: 1963/4037 MS: 3 ChangeBinInt-ChangeByte-EraseBytes-
#9177651	REDUCE cov: 1806 ft: 8275 corp: 1753/518Kb lim: 4096 exec/s: 11030 rss: 621Mb L: 433/4037 MS: 1 EraseBytes-
#9178027	REDUCE cov: 1806 ft: 8275 corp: 1753/518Kb lim: 4096 exec/s: 11031 rss: 621Mb L: 91/4037 MS: 1 EraseBytes-
#9179083	REDUCE cov: 1806 ft: 8275 corp: 1753/518Kb lim: 4096 exec/s: 11032 rss: 621Mb L: 146/4037 MS: 1 EraseBytes-
#9190020	REDUCE cov: 1806 ft: 8275 corp: 1753/518Kb lim: 4096 exec/s: 11019 rss: 621Mb L: 1067/4037 MS: 2 EraseBytes-CopyPart-
#9207056	NEW    cov: 1806 ft: 8281 corp: 1754/521Kb lim: 4096 exec/s: 11013 rss: 621Mb L: 3410/4037 MS: 1 CrossOver-
#9223434	REDUCE cov: 1806 ft: 8281 corp: 1754/521Kb lim: 4096 exec/s: 10993 rss: 621Mb L: 609/4037 MS: 3 EraseBytes-ChangeBit-InsertByte-
#9223925	REDUCE cov: 1806 ft: 8281 corp: 1754/521Kb lim: 4096 exec/s: 10993 rss: 621Mb L: 624/4037 MS: 1 EraseBytes-
#9227751	REDUCE cov: 1806 ft: 8281 corp: 1754/521Kb lim: 4096 exec/s: 10998 rss: 621Mb L: 254/4037 MS: 1 EraseBytes-
#9244702	REDUCE cov: 1806 ft: 8281 corp: 1754/521Kb lim: 4096 exec/s: 10979 rss: 621Mb L: 1071/4037 MS: 1 EraseBytes-
#9258208	REDUCE cov: 1806 ft: 8281 corp: 1754/521Kb lim: 4096 exec/s: 10969 rss: 621Mb L: 1112/4037 MS: 1 EraseBytes-
#9262734	REDUCE cov: 1806 ft: 8281 corp: 1754/521Kb lim: 4096 exec/s: 10961 rss: 621Mb L: 60/4037 MS: 1 EraseBytes-
#9268630	REDUCE cov: 1806 ft: 8281 corp: 1754/521Kb lim: 4096 exec/s: 10968 rss: 621Mb L: 177/4037 MS: 1 EraseBytes-
#9286208	REDUCE cov: 1806 ft: 8281 corp: 1754/521Kb lim: 4096 exec/s: 10950 rss: 621Mb L: 1064/4037 MS: 3 EraseBytes-ShuffleBytes-EraseBytes-
#9289164	REDUCE cov: 1806 ft: 8281 corp: 1754/521Kb lim: 4096 exec/s: 10954 rss: 621Mb L: 221/4037 MS: 1 EraseBytes-
#9289360	REDUCE cov: 1806 ft: 8281 corp: 1754/521Kb lim: 4096 exec/s: 10954 rss: 621Mb L: 703/4037 MS: 1 EraseBytes-
#9299111	REDUCE cov: 1806 ft: 8281 corp: 1754/521Kb lim: 4096 exec/s: 10940 rss: 621Mb L: 109/4037 MS: 1 EraseBytes-
#9302867	REDUCE cov: 1806 ft: 8281 corp: 1754/521Kb lim: 4096 exec/s: 10944 rss: 621Mb L: 846/4037 MS: 1 EraseBytes-
#9310763	REDUCE cov: 1806 ft: 8281 corp: 1754/521Kb lim: 4096 exec/s: 10928 rss: 621Mb L: 59/4037 MS: 1 EraseBytes-
#9314424	REDUCE cov: 1806 ft: 8281 corp: 1754/521Kb lim: 4096 exec/s: 10932 rss: 621Mb L: 1094/4037 MS: 1 EraseBytes-
#9316205	REDUCE cov: 1806 ft: 8281 corp: 1754/521Kb lim: 4096 exec/s: 10934 rss: 621Mb L: 344/4037 MS: 1 EraseBytes-
#9324662	REDUCE cov: 1806 ft: 8281 corp: 1754/521Kb lim: 4096 exec/s: 10918 rss: 621Mb L: 143/4037 MS: 2 ShuffleBytes-EraseBytes-
#9326713	REDUCE cov: 1806 ft: 8281 corp: 1754/521Kb lim: 4096 exec/s: 10921 rss: 621Mb L: 279/4037 MS: 1 EraseBytes-
#9326992	REDUCE cov: 1806 ft: 8281 corp: 1754/521Kb lim: 4096 exec/s: 10921 rss: 621Mb L: 2947/4037 MS: 4 ChangeByte-ChangeByte-InsertByte-EraseBytes-
#9329943	REDUCE cov: 1806 ft: 8281 corp: 1754/521Kb lim: 4096 exec/s: 10924 rss: 621Mb L: 159/4037 MS: 1 EraseBytes-
#9338695	REDUCE cov: 1806 ft: 8281 corp: 1754/521Kb lim: 4096 exec/s: 10909 rss: 621Mb L: 392/4037 MS: 2 ChangeBinInt-EraseBytes-
#9344448	REDUCE cov: 1806 ft: 8281 corp: 1754/521Kb lim: 4096 exec/s: 10903 rss: 621Mb L: 2988/4037 MS: 3 InsertByte-ChangeByte-EraseBytes-
#9345119	REDUCE cov: 1806 ft: 8281 corp: 1754/521Kb lim: 4096 exec/s: 10904 rss: 621Mb L: 623/4037 MS: 1 EraseBytes-
#9352740	REDUCE cov: 1806 ft: 8281 corp: 1754/521Kb lim: 4096 exec/s: 10900 rss: 621Mb L: 925/4037 MS: 1 EraseBytes-
#9355126	REDUCE cov: 1806 ft: 8281 corp: 1754/521Kb lim: 4096 exec/s: 10903 rss: 621Mb L: 108/4037 MS: 1 EraseBytes-
#9356504	REDUCE cov: 1806 ft: 8281 corp: 1754/521Kb lim: 4096 exec/s: 10905 rss: 621Mb L: 182/4037 MS: 3 ShuffleBytes-ChangeByte-EraseBytes-
#9358880	REDUCE cov: 1806 ft: 8281 corp: 1754/520Kb lim: 4096 exec/s: 10895 rss: 621Mb L: 907/4037 MS: 1 EraseBytes-
#9362401	REDUCE cov: 1806 ft: 8282 corp: 1755/521Kb lim: 4096 exec/s: 10899 rss: 621Mb L: 350/4037 MS: 1 PersAutoDict- DE: "errors"-
#9368793	REDUCE cov: 1806 ft: 8282 corp: 1755/521Kb lim: 4096 exec/s: 10893 rss: 621Mb L: 179/4037 MS: 1 EraseBytes-
#9368887	REDUCE cov: 1806 ft: 8282 corp: 1755/521Kb lim: 4096 exec/s: 10894 rss: 621Mb L: 1301/4037 MS: 4 ChangeByte-ShuffleBytes-EraseBytes-PersAutoDict- DE: "\357\277\275\357\277\275\357"-
#9370320	REDUCE cov: 1806 ft: 8282 corp: 1755/521Kb lim: 4096 exec/s: 10883 rss: 621Mb L: 58/4037 MS: 3 ChangeASCIIInt-CopyPart-EraseBytes-
#9374736	REDUCE cov: 1806 ft: 8282 corp: 1755/521Kb lim: 4096 exec/s: 10888 rss: 621Mb L: 157/4037 MS: 1 EraseBytes-
#9391452	REDUCE cov: 1806 ft: 8282 corp: 1755/521Kb lim: 4096 exec/s: 10869 rss: 621Mb L: 73/4037 MS: 1 EraseBytes-
#9391476	REDUCE cov: 1806 ft: 8282 corp: 1755/521Kb lim: 4096 exec/s: 10869 rss: 621Mb L: 2363/4037 MS: 4 ChangeByte-ChangeByte-PersAutoDict-EraseBytes- DE: "\377\377\377\377"-
#9396294	REDUCE cov: 1806 ft: 8282 corp: 1755/521Kb lim: 4096 exec/s: 10875 rss: 621Mb L: 886/4037 MS: 3 ChangeBit-ChangeByte-EraseBytes-
#9396415	REDUCE cov: 1806 ft: 8282 corp: 1755/521Kb lim: 4096 exec/s: 10875 rss: 621Mb L: 22/4037 MS: 1 EraseBytes-
#9398351	REDUCE cov: 1806 ft: 8282 corp: 1755/521Kb lim: 4096 exec/s: 10865 rss: 621Mb L: 2915/4037 MS: 1 EraseBytes-
#9399417	REDUCE cov: 1806 ft: 8282 corp: 1755/521Kb lim: 4096 exec/s: 10866 rss: 621Mb L: 547/4037 MS: 1 EraseBytes-
#9404088	REDUCE cov: 1806 ft: 8282 corp: 1755/521Kb lim: 4096 exec/s: 10859 rss: 621Mb L: 2987/4037 MS: 1 EraseBytes-
#9407464	REDUCE cov: 1806 ft: 8282 corp: 1755/521Kb lim: 4096 exec/s: 10863 rss: 621Mb L: 1167/4037 MS: 1 EraseBytes-
#9408825	REDUCE cov: 1806 ft: 8282 corp: 1755/521Kb lim: 4096 exec/s: 10864 rss: 621Mb L: 1649/4037 MS: 1 EraseBytes-
#9411591	REDUCE cov: 1806 ft: 8282 corp: 1755/521Kb lim: 4096 exec/s: 10855 rss: 621Mb L: 276/4037 MS: 1 EraseBytes-
#9415542	REDUCE cov: 1806 ft: 8282 corp: 1755/521Kb lim: 4096 exec/s: 10859 rss: 621Mb L: 3543/4037 MS: 1 EraseBytes-
#9422963	REDUCE cov: 1806 ft: 8282 corp: 1755/521Kb lim: 4096 exec/s: 10855 rss: 621Mb L: 42/4037 MS: 1 EraseBytes-
#9430104	REDUCE cov: 1806 ft: 8282 corp: 1755/521Kb lim: 4096 exec/s: 10851 rss: 621Mb L: 2578/4037 MS: 1 EraseBytes-
#9431300	REDUCE cov: 1806 ft: 8282 corp: 1755/521Kb lim: 4096 exec/s: 10840 rss: 621Mb L: 1075/4037 MS: 1 EraseBytes-
#9433830	REDUCE cov: 1806 ft: 8282 corp: 1755/521Kb lim: 4096 exec/s: 10843 rss: 621Mb L: 1277/4037 MS: 5 ChangeByte-EraseBytes-ChangeBit-ChangeBit-ChangeBinInt-
#9452181	REDUCE cov: 1806 ft: 8282 corp: 1755/521Kb lim: 4096 exec/s: 10827 rss: 621Mb L: 331/4037 MS: 1 EraseBytes-
#9456967	REDUCE cov: 1806 ft: 8282 corp: 1755/521Kb lim: 4096 exec/s: 10832 rss: 621Mb L: 148/4037 MS: 1 EraseBytes-
#9457893	REDUCE cov: 1806 ft: 8282 corp: 1755/521Kb lim: 4096 exec/s: 10833 rss: 621Mb L: 1047/4037 MS: 1 EraseBytes-
#9468719	REDUCE cov: 1806 ft: 8282 corp: 1755/521Kb lim: 4096 exec/s: 10821 rss: 621Mb L: 465/4037 MS: 1 EraseBytes-
#9469940	REDUCE cov: 1806 ft: 8282 corp: 1755/521Kb lim: 4096 exec/s: 10822 rss: 621Mb L: 2901/4037 MS: 1 EraseBytes-
#9471031	REDUCE cov: 1806 ft: 8282 corp: 1755/521Kb lim: 4096 exec/s: 10824 rss: 621Mb L: 575/4037 MS: 1 EraseBytes-
#9473805	REDUCE cov: 1806 ft: 8282 corp: 1755/521Kb lim: 4096 exec/s: 10814 rss: 621Mb L: 45/4037 MS: 4 ChangeASCIIInt-ShuffleBytes-CopyPart-EraseBytes-
#9476131	REDUCE cov: 1806 ft: 8282 corp: 1755/521Kb lim: 4096 exec/s: 10817 rss: 621Mb L: 69/4037 MS: 1 EraseBytes-
#9479222	REDUCE cov: 1806 ft: 8282 corp: 1755/521Kb lim: 4096 exec/s: 10821 rss: 621Mb L: 141/4037 MS: 1 EraseBytes-
#9483977	REDUCE cov: 1806 ft: 8282 corp: 1755/520Kb lim: 4096 exec/s: 10814 rss: 621Mb L: 551/4037 MS: 5 ChangeBinInt-ChangeByte-EraseBytes-InsertRepeatedBytes-InsertRepeatedBytes-
#9487608	REDUCE cov: 1806 ft: 8282 corp: 1755/520Kb lim: 4096 exec/s: 10805 rss: 621Mb L: 1390/4037 MS: 1 EraseBytes-
#9488040	REDUCE cov: 1806 ft: 8282 corp: 1755/520Kb lim: 4096 exec/s: 10806 rss: 621Mb L: 951/4037 MS: 2 ShuffleBytes-EraseBytes-
#9495946	REDUCE cov: 1806 ft: 8282 corp: 1755/520Kb lim: 4096 exec/s: 10803 rss: 621Mb L: 1286/4037 MS: 1 EraseBytes-
#9497627	REDUCE cov: 1806 ft: 8282 corp: 1755/520Kb lim: 4096 exec/s: 10805 rss: 621Mb L: 3551/4037 MS: 1 EraseBytes-
#9498448	REDUCE cov: 1806 ft: 8282 corp: 1755/520Kb lim: 4096 exec/s: 10805 rss: 621Mb L: 1146/4037 MS: 1 EraseBytes-
#9498594	REDUCE cov: 1806 ft: 8282 corp: 1755/520Kb lim: 4096 exec/s: 10806 rss: 621Mb L: 56/4037 MS: 1 EraseBytes-
#9500530	REDUCE cov: 1806 ft: 8282 corp: 1755/520Kb lim: 4096 exec/s: 10796 rss: 621Mb L: 147/4037 MS: 1 EraseBytes-
#9504191	REDUCE cov: 1806 ft: 8282 corp: 1755/520Kb lim: 4096 exec/s: 10800 rss: 621Mb L: 883/4037 MS: 1 EraseBytes-
#9511077	REDUCE cov: 1806 ft: 8282 corp: 1755/520Kb lim: 4096 exec/s: 10795 rss: 621Mb L: 8/4037 MS: 1 EraseBytes-
#9514269	REDUCE cov: 1806 ft: 8282 corp: 1755/520Kb lim: 4096 exec/s: 10787 rss: 621Mb L: 3112/4037 MS: 2 ChangeByte-EraseBytes-
#9518815	REDUCE cov: 1806 ft: 8282 corp: 1755/520Kb lim: 4096 exec/s: 10792 rss: 621Mb L: 176/4037 MS: 1 EraseBytes-
#9522696	REDUCE cov: 1806 ft: 8282 corp: 1755/520Kb lim: 4096 exec/s: 10784 rss: 621Mb L: 1205/4037 MS: 1 EraseBytes-
#9523997	REDUCE cov: 1806 ft: 8282 corp: 1755/520Kb lim: 4096 exec/s: 10785 rss: 621Mb L: 3137/4037 MS: 1 EraseBytes-
#9524720	REDUCE cov: 1806 ft: 8282 corp: 1755/520Kb lim: 4096 exec/s: 10786 rss: 621Mb L: 97/4037 MS: 3 ChangeASCIIInt-ChangeBit-EraseBytes-
#9530171	REDUCE cov: 1806 ft: 8282 corp: 1755/520Kb lim: 4096 exec/s: 10780 rss: 621Mb L: 1363/4037 MS: 1 EraseBytes-
#9538897	REDUCE cov: 1806 ft: 8282 corp: 1755/520Kb lim: 4096 exec/s: 10778 rss: 621Mb L: 1962/4037 MS: 1 EraseBytes-
#9540273	REDUCE cov: 1806 ft: 8282 corp: 1755/520Kb lim: 4096 exec/s: 10779 rss: 621Mb L: 458/4037 MS: 1 EraseBytes-
#9544589	REDUCE cov: 1806 ft: 8282 corp: 1755/520Kb lim: 4096 exec/s: 10772 rss: 621Mb L: 1057/4037 MS: 1 EraseBytes-
#9546245	REDUCE cov: 1806 ft: 8282 corp: 1755/520Kb lim: 4096 exec/s: 10774 rss: 621Mb L: 48/4037 MS: 1 EraseBytes-
#9546416	REDUCE cov: 1806 ft: 8282 corp: 1755/520Kb lim: 4096 exec/s: 10774 rss: 621Mb L: 1555/4037 MS: 1 EraseBytes-
#9549990	REDUCE cov: 1806 ft: 8282 corp: 1755/520Kb lim: 4096 exec/s: 10766 rss: 621Mb L: 3510/4037 MS: 4 ChangeASCIIInt-CMP-ChangeByte-EraseBytes- DE: "instance"-
#9563366	REDUCE cov: 1806 ft: 8282 corp: 1755/520Kb lim: 4096 exec/s: 10757 rss: 621Mb L: 2977/4037 MS: 1 EraseBytes-
#9566002	REDUCE cov: 1806 ft: 8282 corp: 1755/520Kb lim: 4096 exec/s: 10760 rss: 621Mb L: 832/4037 MS: 1 EraseBytes-
#9567668	REDUCE cov: 1806 ft: 8282 corp: 1755/520Kb lim: 4096 exec/s: 10750 rss: 621Mb L: 140/4037 MS: 1 EraseBytes-
#9578035	REDUCE cov: 1806 ft: 8282 corp: 1755/520Kb lim: 4096 exec/s: 10749 rss: 621Mb L: 237/4037 MS: 2 ShuffleBytes-EraseBytes-
#9594857	REDUCE cov: 1806 ft: 8282 corp: 1755/520Kb lim: 4096 exec/s: 10744 rss: 621Mb L: 2897/4037 MS: 2 ShuffleBytes-EraseBytes-
#9594924	REDUCE cov: 1806 ft: 8282 corp: 1755/520Kb lim: 4096 exec/s: 10744 rss: 621Mb L: 3403/4037 MS: 2 EraseBytes-CMP- DE: "\377\377\377\377\377\377\377\377"-
#9599745	REDUCE cov: 1806 ft: 8282 corp: 1755/520Kb lim: 4096 exec/s: 10737 rss: 621Mb L: 1738/4037 MS: 1 EraseBytes-
#9605511	REDUCE cov: 1806 ft: 8282 corp: 1755/520Kb lim: 4096 exec/s: 10732 rss: 621Mb L: 103/4037 MS: 1 EraseBytes-
#9607887	REDUCE cov: 1806 ft: 8282 corp: 1755/520Kb lim: 4096 exec/s: 10735 rss: 621Mb L: 880/4037 MS: 1 EraseBytes-
#9612730	REDUCE cov: 1806 ft: 8282 corp: 1755/520Kb lim: 4096 exec/s: 10728 rss: 621Mb L: 24/4037 MS: 3 CopyPart-ChangeBinInt-EraseBytes-
#9615701	REDUCE cov: 1806 ft: 8282 corp: 1755/520Kb lim: 4096 exec/s: 10731 rss: 621Mb L: 284/4037 MS: 1 EraseBytes-
#9617612	REDUCE cov: 1806 ft: 8283 corp: 1756/520Kb lim: 4096 exec/s: 10721 rss: 621Mb L: 207/4037 MS: 1 InsertRepeatedBytes-
#9631773	REDUCE cov: 1806 ft: 8283 corp: 1756/520Kb lim: 4096 exec/s: 10713 rss: 621Mb L: 2683/4037 MS: 1 EraseBytes-
#9632754	REDUCE cov: 1806 ft: 8283 corp: 1756/520Kb lim: 4096 exec/s: 10714 rss: 621Mb L: 1006/4037 MS: 1 EraseBytes-
#9633125	REDUCE cov: 1806 ft: 8283 corp: 1756/520Kb lim: 4096 exec/s: 10715 rss: 621Mb L: 758/4037 MS: 1 EraseBytes-
#9635276	REDUCE cov: 1806 ft: 8283 corp: 1756/520Kb lim: 4096 exec/s: 10717 rss: 621Mb L: 499/4037 MS: 1 EraseBytes-
#9641502	REDUCE cov: 1806 ft: 8283 corp: 1756/520Kb lim: 4096 exec/s: 10712 rss: 621Mb L: 461/4037 MS: 1 EraseBytes-
#9642953	REDUCE cov: 1806 ft: 8283 corp: 1756/520Kb lim: 4096 exec/s: 10714 rss: 621Mb L: 477/4037 MS: 1 EraseBytes-
#9644043	DONE   cov: 1806 ft: 8283 corp: 1756/520Kb lim: 4096 exec/s: 10703 rss: 621Mb
###### Recommended dictionary. ######
"#&\357\277" # Uses: 73012
"0\377\377\377" # Uses: 61040
"# \357\277" # Uses: 51798
"-\357\277\275" # Uses: 48889
",\357\277\275" # Uses: 41313
"#) \357\277\2750" # Uses: 36557
"5\001\000\000" # Uses: 34227
"code" # Uses: 32794
"errors" # Uses: 28821
"# \357\277\275 " # Uses: 28295
"# \357\277\275\357\277" # Uses: 26698
"\357\277\275\357\277\275\357" # Uses: 26826
"mes\357\277\275\357" # Uses: 25201
"\000\000\000\000\000\000\000\000" # Uses: 24406
"]\357\277\275\357\277\275" # Uses: 23298
"#&\357\277\275 " # Uses: 23147
"\357\277\275nce" # Uses: 21425
"\377\377\376\312" # Uses: 20838
",1.0" # Uses: 20537
"\377\377\377\377\377\377\377\017" # Uses: 17487
"\376\377\377\377" # Uses: 16179
"\357\277\275 \357\277\275 " # Uses: 13162
"\000\000\000\000" # Uses: 12814
"\357\277\275 " # Uses: 12535
"\377\377\377\377\377\377\001\330" # Uses: 12086
"\377\001XS" # Uses: 10476
"\377\377\377\377\377\377\377\377" # Uses: 9907
"1\357\277\275" # Uses: 8629
"\357\277\275#\357\277\275" # Uses: 8160
"# \357\277\275 #" # Uses: 7868
"\334\301}\246\256\017\000\000" # Uses: 7910
"!\000\000\000\000\000\000\000" # Uses: 7847
"\377\377\377\377" # Uses: 7216
"k\357\277\275" # Uses: 6326
"\377\377\377\373" # Uses: 4433
"status" # Uses: 4461
"message" # Uses: 4303
" \377\377\377\377\377\377\376" # Uses: 2144
"messa" # Uses: 1527
"co" # Uses: 1257
"\377\377\377\377\377\377\377`" # Uses: 1073
"instance" # Uses: 191
###### End of recommended dictionary. ######
Done 9644043 runs in 901 second(s)
stat::number_of_executed_units: 9644043
stat::average_exec_per_sec:     10703
stat::new_units_added:          2238
stat::slowest_unit_time_sec:    0
stat::peak_rss_mb:              621
